cost_id,route_id,vehicle_id,transport_mode,distance_km,base_cost,fuel_cost,driver_cost,toll_cost,handling_cost,transfer_cost,temperature_control_cost,total_cost,cost_per_kg,cost_per_km,fuel_price_index,route_id_raw
C00001,R0027,TRK026,road,410.0,2378.0,833.73,1155.2,311.79,610.91,550.55,0.0,5840.18,4.66,14.24,1.246,R027
C00002,R0006,TRK028,road,200.1,1160.58,416.51,1118.88,155.73,851.68,218.85,0.0,3922.23,1.0,19.6,1.142,R006
C00003,R0082,TRK009,road,445.1,2581.58,877.69,1172.79,390.81,167.48,28.24,1488.93,6707.53,1.84,15.07,1.235,R082
C00004,R0018,TRK047,road,420.5,2438.9,1049.08,1285.99,373.37,557.6,664.94,0.0,6369.87,1.28,15.15,0.944,R018
C00005,R0042,TRK050,local,530.8,4352.56,1497.09,976.09,129.23,351.22,157.84,0.0,7464.03,2.92,14.06,1.143,R042
C00006,R0054,TRK019,road,159.4,924.52,375.24,1388.29,138.56,359.57,314.61,975.66,4476.45,1.13,28.08,1.162,R054
C00007,R0081,TRK040,road,281.8,1634.44,591.92,1007.82,194.34,259.37,118.86,0.0,3806.75,0.84,13.51,1.212,R081
C00008,R0016,TRK036,road,279.2,1619.36,617.23,1301.71,194.07,750.25,663.54,603.08,5749.24,6.86,20.59,0.996,R016
C00009,R0044,TRK014,road,523.2,3034.56,1098.62,1403.64,442.52,889.38,215.08,1035.62,8119.42,1.68,15.52,1.139,R044
C00010,R0027,TRK014,road,269.2,1561.36,544.93,1375.81,206.95,334.54,157.78,0.0,4181.37,1.25,15.53,1.193,R027
C00011,R0026,TRK018,road,253.1,1467.98,632.27,994.24,170.2,757.58,674.48,0.0,4696.75,1.08,18.56,1.106,R026
C00012,R0089,TRK009,rail,383.8,1381.68,350.7,440.59,68.22,268.46,456.49,1584.64,4550.77,14.03,11.86,1.138,R089
C00013,R0039,TRK024,road,123.4,715.72,248.86,1188.37,80.47,686.62,437.76,1278.41,4636.21,9.36,37.57,1.019,R039
C00014,R0080,TRK017,road,538.2,3121.56,1259.68,1296.4,462.3,708.72,419.42,0.0,7268.08,1.65,13.5,1.178,R080
C00015,R0044,TRK029,rail,134.8,485.28,113.58,425.25,23.87,370.4,147.24,592.66,2158.29,0.78,16.01,1.054,R044
C00016,R0030,TRK022,local,430.0,3526.0,1257.03,725.14,115.75,543.43,134.28,1357.66,7659.29,1.62,17.81,1.069,R030
C00017,R0031,TRK028,local,460.9,3779.38,1470.27,1045.17,123.04,612.0,279.27,0.0,7309.12,4.23,15.86,1.194,R031
C00018,R0069,TRK044,road,38.1,220.98,71.56,1004.22,31.91,409.9,623.43,0.0,2361.98,0.53,61.99,1.13,R069
C00019,R0078,TRK003,local,540.7,4433.74,1479.29,877.06,116.29,278.76,95.71,0.0,7280.85,2.16,13.47,1.139,R078
C00020,R0024,TRK006,road,75.3,436.74,183.73,1054.64,48.82,495.28,580.58,220.5,3020.29,0.78,40.11,1.104,R024
C00021,R0098,TRK047,road,70.6,409.48,136.36,1409.51,57.31,375.16,396.6,0.0,2784.42,1.32,39.44,1.238,R098
C00022,R0024,TRK039,road,410.9,2383.22,993.96,1247.4,368.58,457.13,340.42,0.0,5790.71,1.75,14.09,1.073,R024
C00023,R0021,TRK019,local,284.1,2329.62,720.78,758.46,60.64,255.61,290.8,668.68,5084.58,4.33,17.9,1.204,R021
C00024,R0079,TRK005,road,461.3,2675.54,884.53,1049.84,283.51,318.53,107.56,1270.14,6589.65,1.56,14.28,0.957,R079
C00025,R0097,TRK032,local,429.4,3521.08,1159.24,864.99,98.86,503.61,208.62,1317.37,7673.77,1.6,17.87,1.231,R097
C00026,R0035,TRK032,road,113.3,657.14,283.55,1177.69,79.62,432.08,449.34,0.0,3079.41,4.0,27.18,1.007,R035
C00027,R0021,TRK043,road,193.9,1124.62,426.52,1107.75,160.1,459.95,254.53,0.0,3533.46,0.84,18.22,1.21,R021
C00028,R0070,TRK004,road,159.3,923.94,313.21,1415.31,135.46,866.78,214.82,1109.59,4979.11,1.76,31.26,1.104,R070
C00029,R0024,TRK003,road,45.1,261.58,104.54,1198.05,38.05,606.16,450.74,0.0,2659.12,0.56,58.96,1.095,R024
C00030,R0005,TRK001,road,349.2,2025.36,793.97,1395.27,292.01,594.08,640.99,0.0,5741.69,1.23,16.44,1.083,R005
C00031,R0049,TRK035,rail,175.1,630.36,128.87,395.56,21.59,632.59,533.32,1486.12,3828.42,1.6,21.86,0.906,R049
C00032,R0046,TRK033,road,446.0,2586.8,971.56,1311.65,333.82,504.85,574.85,0.0,6283.52,1.57,14.09,0.914,R046
C00033,R0058,TRK017,rail,165.8,596.88,126.68,395.82,24.72,223.29,43.1,0.0,1410.47,0.36,8.51,0.966,R058
C00034,R0044,TRK032,rail,230.6,830.16,196.12,526.6,41.13,423.63,188.29,0.0,2205.93,0.5,9.57,0.912,R044
C00035,R0020,TRK005,road,147.3,854.34,325.77,1243.35,100.89,286.91,243.65,778.63,3833.53,0.89,26.03,1.009,R020
C00036,R0067,TRK026,rail,121.5,437.4,104.0,491.46,17.53,738.35,349.79,192.15,2330.67,1.38,19.18,1.151,R067
C00037,R0020,TRK016,rail,135.7,488.52,106.95,413.69,20.28,184.74,297.81,660.49,2172.48,0.63,16.01,1.155,R020
C00038,R0033,TRK011,road,396.7,2300.86,881.95,1033.5,305.38,787.63,47.91,1207.64,6564.87,2.46,16.55,1.163,R033
C00039,R0069,TRK034,road,316.3,1834.54,740.42,965.39,207.85,329.18,537.68,0.0,4615.05,1.28,14.59,1.232,R069
C00040,R0021,TRK016,rail,236.7,852.12,171.2,485.05,30.97,776.69,506.0,155.93,2977.96,1.05,12.58,1.166,R021
C00041,R0017,TRK028,road,367.5,2131.5,700.84,1413.53,295.01,728.39,98.47,0.0,5367.73,2.29,14.61,1.025,R017
C00042,R0065,TRK011,local,108.1,886.42,278.05,940.41,26.73,680.82,114.76,794.29,3721.48,0.87,34.43,1.21,R065
C00043,R0034,TRK017,road,67.3,390.34,158.1,1003.35,47.0,465.9,153.37,0.0,2218.06,5.94,32.96,1.066,R034
C00044,R0001,TRK012,road,380.5,2206.9,864.26,1422.92,252.4,762.93,142.04,0.0,5651.45,4.36,14.85,0.957,R001
C00045,R0026,TRK031,local,57.3,469.86,177.33,955.17,16.53,309.15,202.23,0.0,2130.28,0.74,37.18,1.038,R026
C00046,R0032,TRK015,road,360.8,2092.64,751.0,1348.03,275.15,397.8,283.58,0.0,5148.21,1.03,14.27,1.021,R032
C00047,R0041,TRK043,road,39.3,227.94,76.61,1249.93,33.18,800.27,319.94,0.0,2707.87,1.21,68.9,1.192,R041
C00048,R0005,TRK040,road,305.2,1770.16,739.71,1232.97,250.19,748.49,432.81,0.0,5174.33,1.41,16.95,0.971,R005
C00049,R0089,TRK018,rail,452.9,1630.44,356.05,507.84,78.29,652.97,48.32,0.0,3273.91,5.12,7.23,0.932,R089
C00050,R0025,TRK031,road,546.1,3167.38,1056.18,1407.07,489.78,459.7,442.54,0.0,7022.66,1.46,12.86,0.958,R025
C00051,R0069,TRK045,road,432.0,2505.6,1089.85,1318.64,349.01,610.93,558.56,0.0,6432.58,2.59,14.89,1.091,R069
C00052,R0098,TRK032,road,129.0,748.2,246.85,1056.83,110.1,472.96,149.08,0.0,2784.01,2.35,21.58,0.966,R098
C00053,R0061,TRK029,road,121.5,704.7,263.3,1325.25,79.42,744.71,596.71,0.0,3714.09,1.81,30.57,1.093,R061
C00054,R0086,TRK045,road,302.2,1752.76,693.73,1419.8,265.03,261.15,699.46,1704.12,6796.05,1.84,22.49,1.151,R086
C00055,R0060,TRK005,road,410.2,2379.16,799.1,1191.06,306.09,258.8,452.34,676.49,6063.04,2.09,14.78,0.944,R060
C00056,R0035,TRK018,rail,381.4,1373.04,339.71,490.45,53.74,853.33,191.6,868.65,4170.51,1.93,10.93,0.915,R035
C00057,R0021,TRK050,road,119.7,694.26,293.4,1179.64,106.24,894.31,420.52,0.0,3588.38,0.75,29.98,1.079,R021
C00058,R0065,TRK049,road,364.0,2111.2,833.49,999.21,240.43,236.16,259.02,657.37,5336.88,1.59,14.66,0.926,R065
C00059,R0044,TRK040,local,189.9,1557.18,505.83,816.87,41.12,877.79,45.51,991.16,4835.46,4.08,25.46,1.156,R044
C00060,R0009,TRK036,road,492.3,2855.34,1164.88,1409.89,423.03,745.91,449.03,164.0,7212.09,2.29,14.65,0.953,R009
C00061,R0015,TRK004,road,224.4,1301.52,562.49,1418.96,190.67,687.86,454.06,0.0,4615.56,1.18,20.57,0.957,R015
C00062,R0058,TRK031,rail,326.2,1174.32,247.5,379.04,41.9,869.82,636.74,0.0,3349.32,0.98,10.27,0.936,R058
C00063,R0044,TRK039,rail,387.3,1394.28,348.85,405.73,58.02,352.28,607.45,0.0,3166.61,0.73,8.18,1.098,R044
C00064,R0074,TRK045,rail,439.9,1583.64,331.53,421.86,60.13,776.98,93.75,1018.94,4286.83,13.32,9.75,1.169,R074
C00065,R0009,TRK009,road,153.6,890.88,298.05,1177.55,107.43,766.83,232.67,0.0,3473.41,1.03,22.61,1.244,R009
C00066,R0049,TRK045,road,523.4,3035.72,1133.77,1049.31,462.7,157.3,577.1,0.0,6415.9,1.99,12.26,0.964,R049
C00067,R0089,TRK014,rail,31.3,112.68,24.91,520.56,4.43,467.07,655.45,0.0,1785.09,1.46,57.03,1.133,R089
C00068,R0062,TRK020,road,438.9,2545.62,1077.31,1082.63,353.95,643.27,645.91,0.0,6348.67,4.85,14.46,1.001,R062
C00069,R0048,TRK032,road,268.1,1554.98,647.29,1208.16,236.68,664.92,441.11,1734.97,6488.12,4.75,24.2,1.104,R048
C00070,R0012,TRK021,rail,508.3,1829.88,463.35,505.68,80.44,198.81,408.66,0.0,3486.83,9.09,6.86,0.976,R012
C00071,R0080,TRK017,road,77.2,447.76,175.6,1401.54,49.41,643.01,277.87,1453.74,4448.94,5.21,57.63,0.958,R080
C00072,R0057,TRK032,rail,267.3,962.28,239.47,372.68,44.99,575.12,593.46,0.0,2787.99,0.81,10.43,1.006,R057
C00073,R0020,TRK002,road,179.1,1038.78,416.19,1429.74,110.37,274.8,170.41,0.0,3440.28,3.97,19.21,1.112,R020
C00074,R0050,TRK009,local,476.4,3906.48,1284.74,751.01,142.35,892.57,147.2,106.45,7230.81,7.57,15.18,1.031,R050
C00075,R0070,TRK011,rail,413.7,1489.32,345.23,518.23,50.9,277.99,401.23,0.0,3082.9,0.66,7.45,1.149,R070
C00076,R0028,TRK013,road,392.4,2275.92,961.78,996.19,236.71,783.26,261.84,0.0,5515.71,1.39,14.06,1.238,R028
C00077,R0042,TRK030,rail,404.3,1455.48,276.29,407.67,70.51,173.69,239.63,1204.53,3827.8,0.89,9.47,0.932,R042
C00078,R0088,TRK014,rail,520.6,1874.16,429.11,477.04,64.71,763.52,16.88,0.0,3625.42,1.64,6.96,0.917,R088
C00079,R0011,TRK031,road,109.4,634.52,213.36,1372.81,70.39,166.74,237.1,0.0,2694.92,0.54,24.63,0.919,R011
C00080,R0085,TRK030,road,199.6,1157.68,480.14,1423.59,126.22,320.09,131.75,0.0,3639.46,3.91,18.23,1.029,R085
C00081,R0066,TRK044,road,520.5,3018.9,1086.78,1222.17,464.71,497.72,237.3,235.09,6762.69,1.79,12.99,1.128,R066
C00082,R0086,TRK031,local,248.1,2034.42,697.86,943.06,68.24,217.93,242.29,0.0,4203.81,1.0,16.94,1.123,R086
C00083,R0078,TRK025,road,412.4,2391.92,803.49,1416.47,310.82,597.48,683.73,278.86,6482.77,2.71,15.72,1.19,R078
C00084,R0042,TRK019,rail,244.7,880.92,223.75,524.33,31.09,701.35,418.97,0.0,2780.4,0.99,11.36,0.926,R042
C00085,R0038,TRK018,road,259.6,1505.68,591.0,1404.79,160.37,282.22,515.26,1156.85,5616.16,5.53,21.63,1.204,R038
C00086,R0005,TRK023,road,247.7,1436.66,552.31,1104.22,168.12,614.23,297.67,209.25,4382.47,1.94,17.69,1.066,R005
C00087,R0065,TRK004,road,255.7,1483.06,589.19,1419.51,218.64,467.81,565.13,402.47,5145.82,1.46,20.12,1.07,R065
C00088,R0082,TRK008,road,141.5,820.7,336.91,1117.01,124.02,189.25,376.93,1406.42,4371.25,1.04,30.89,0.985,R082
C00089,R0055,TRK038,road,71.8,416.44,149.32,1318.31,61.94,883.42,201.25,105.35,3136.04,1.13,43.68,1.236,R055
C00090,R0045,TRK016,road,134.6,780.68,292.85,1236.15,108.99,375.64,432.2,1276.12,4502.63,2.44,33.45,1.23,R045
C00091,R0092,TRK016,road,509.5,2955.1,983.38,1379.15,320.35,565.49,544.04,0.0,6747.51,10.73,13.24,1.155,R092
C00092,R0060,TRK014,road,434.2,2518.36,1098.2,963.87,366.51,815.42,472.01,841.96,7076.32,2.57,16.3,0.991,R060
C00093,R0080,TRK016,rail,317.9,1144.44,236.99,423.95,46.92,221.54,413.12,392.56,2879.52,2.25,9.06,1.145,R080
C00094,R0006,TRK047,rail,269.3,969.48,228.13,410.8,45.05,486.76,359.59,0.0,2499.8,1.95,9.28,0.958,R006
C00095,R0094,TRK023,road,261.4,1516.12,615.66,1350.41,233.53,460.87,666.16,0.0,4842.75,14.0,18.53,1.185,R094
C00096,R0095,TRK023,rail,123.4,444.24,92.39,508.76,20.39,311.68,525.4,654.76,2557.63,5.53,20.73,0.986,R095
C00097,R0076,TRK037,rail,470.5,1693.8,337.34,533.17,76.1,214.16,655.69,0.0,3510.26,1.04,7.46,1.21,R076
C00098,R0097,TRK048,local,171.7,1407.94,434.52,1006.09,36.05,419.06,57.84,0.0,3361.49,1.27,19.58,1.115,R097
C00099,R0100,TRK007,road,226.5,1313.7,518.48,1001.37,185.03,174.97,116.91,0.0,3310.46,1.42,14.62,1.086,R100
C00100,R0010,TRK029,rail,139.4,501.84,108.08,506.68,17.85,815.88,454.95,0.0,2405.29,0.61,17.25,1.206,R010
C00101,R0094,TRK013,local,239.9,1967.18,602.99,723.04,59.5,239.53,80.39,0.0,3672.62,0.92,15.31,1.19,R094
C00102,R0045,TRK032,road,380.8,2208.64,774.84,1434.93,271.8,609.26,330.74,0.0,5630.22,2.08,14.79,1.188,R045
C00103,R0082,TRK033,road,102.5,594.5,205.14,1104.86,72.44,806.57,445.99,1476.79,4706.28,2.54,45.91,0.934,R082
C00104,R0068,TRK033,road,472.3,2739.34,1126.74,1426.43,295.02,783.84,573.96,1241.02,8186.36,3.65,17.33,1.078,R068
C00105,R0012,TRK010,road,127.7,740.66,270.51,1070.49,112.53,558.93,319.22,1637.08,4709.43,1.41,36.88,1.056,R012
C00106,R0044,TRK017,road,497.1,2883.18,941.46,1106.13,358.69,428.2,32.18,0.0,5749.84,2.82,11.57,1.041,R044
C00107,R0022,TRK022,road,173.4,1005.72,428.1,1163.34,146.43,665.22,632.55,404.63,4445.99,1.03,25.64,1.244,R022
C00108,R0045,TRK042,local,278.9,2286.98,715.14,802.8,58.17,181.1,288.58,0.0,4332.77,1.24,15.54,1.11,R045
C00109,R0080,TRK014,road,317.3,1840.34,724.74,1090.63,278.57,273.62,561.61,0.0,4769.52,1.16,15.03,1.084,R080
C00110,R0080,TRK046,local,267.6,2194.32,672.26,839.94,72.75,492.05,298.15,0.0,4569.47,2.24,17.08,0.963,R080
C00111,R0045,TRK015,road,144.6,838.68,324.18,1177.16,114.55,429.42,347.82,0.0,3231.8,0.65,22.35,1.045,R045
C00112,R0008,TRK009,road,168.4,976.72,374.41,1088.02,105.78,332.34,310.13,0.0,3187.4,1.53,18.93,0.936,R008
C00113,R0065,TRK012,road,324.7,1883.26,770.39,1434.8,204.79,674.07,543.34,0.0,5510.65,1.99,16.97,0.931,R065
C00114,R0076,TRK036,rail,538.4,1938.24,431.37,433.31,66.78,617.97,153.46,0.0,3641.11,0.98,6.76,1.167,R076
C00115,R0024,TRK048,road,483.0,2801.4,1169.9,1344.64,292.38,262.93,47.99,0.0,5919.24,2.55,12.26,1.031,R024
C00116,R0095,TRK007,road,485.0,2813.0,1216.1,1001.38,404.17,641.45,223.0,0.0,6299.1,6.56,12.99,1.081,R095
C00117,R0058,TRK027,road,532.0,3085.6,1133.36,985.29,352.66,157.41,376.73,1012.08,7103.13,1.66,13.35,1.243,R058
C00118,R0028,TRK049,road,234.1,1357.78,494.45,1295.91,172.46,206.85,622.62,0.0,4150.07,2.89,17.73,0.979,R028
C00119,R0036,TRK041,road,107.6,624.08,263.98,983.07,76.86,173.92,420.33,348.32,2890.57,0.73,26.86,1.09,R036
C00120,R0098,TRK029,road,530.3,3075.74,1251.32,1183.96,365.83,696.48,10.79,0.0,6584.11,1.53,12.42,0.997,R098
C00121,R0046,TRK003,local,81.5,668.3,197.96,950.04,19.01,259.29,287.1,0.0,2381.7,0.75,29.22,1.134,R046
C00122,R0073,TRK032,road,104.9,608.42,219.52,1355.28,82.9,339.93,358.59,1252.57,4217.21,13.38,40.2,1.178,R073
C00123,R0056,TRK018,road,537.6,3118.08,1256.05,1139.01,373.65,545.7,317.28,724.06,7473.85,4.08,13.9,1.047,R056
C00124,R0075,TRK019,road,221.7,1285.86,552.85,1253.28,194.29,436.16,328.37,0.0,4050.82,12.77,18.27,1.169,R075
C00125,R0048,TRK027,road,82.4,477.92,175.91,1006.61,53.67,625.27,268.8,327.91,2936.1,0.85,35.63,1.22,R048
C00126,R0025,TRK032,rail,257.1,925.56,184.69,513.03,35.33,267.57,207.52,0.0,2133.68,4.0,8.3,1.002,R025
C00127,R0021,TRK024,road,191.0,1107.8,475.5,1134.85,150.42,827.31,422.78,0.0,4118.66,10.62,21.56,0.941,R021
C00128,R0098,TRK044,local,357.9,2934.78,1106.77,839.37,101.35,836.95,93.47,649.65,6562.34,2.77,18.34,1.056,R098
C00129,R0064,TRK046,road,467.6,2712.08,877.38,1023.28,319.43,756.35,437.56,0.0,6126.08,16.58,13.1,1.061,R064
C00130,R0038,TRK020,local,149.2,1223.44,418.44,788.43,36.82,676.66,2.3,1472.44,4618.53,2.41,30.96,1.003,R038
C00131,R0074,TRK008,road,104.1,603.78,203.31,1190.81,67.41,273.74,7.04,0.0,2346.1,0.68,22.54,1.044,R074
C00132,R0065,TRK036,rail,517.4,1862.64,472.06,443.1,70.21,534.62,662.28,1165.67,5210.58,1.45,10.07,1.096,R065
C00133,R0051,TRK021,road,94.4,547.52,189.96,1053.43,78.66,684.98,307.7,0.0,2862.26,0.59,30.32,1.241,R051
C00134,R0009,TRK032,road,357.1,2071.18,810.1,964.86,220.85,160.85,506.08,1409.07,6143.0,2.16,17.2,1.021,R009
C00135,R0042,TRK012,road,536.7,3112.86,1153.47,1069.64,328.18,174.8,649.91,0.0,6488.86,8.01,12.09,1.057,R042
C00136,R0009,TRK017,local,194.9,1598.18,578.27,922.83,46.09,766.41,180.38,0.0,4092.17,1.83,21.0,1.185,R009
C00137,R0063,TRK033,road,323.0,1873.4,645.32,1269.7,272.4,761.6,49.81,1031.66,5903.9,1.23,18.28,1.158,R063
C00138,R0051,TRK017,rail,522.2,1879.92,424.96,529.63,85.32,801.77,385.25,0.0,4106.84,1.37,7.86,1.19,R051
C00139,R0033,TRK019,rail,284.3,1023.48,215.24,449.51,41.8,516.69,250.52,0.0,2497.23,1.02,8.78,1.043,R033
C00140,R0028,TRK022,road,161.0,933.8,324.47,1403.24,144.1,572.79,186.7,0.0,3565.09,0.75,22.14,1.175,R028
C00141,R0048,TRK050,rail,490.3,1765.08,348.46,498.26,69.37,873.39,280.41,1574.18,5409.16,1.09,11.03,1.114,R048
C00142,R0096,TRK023,road,251.3,1457.54,611.99,1025.13,215.99,599.43,541.92,0.0,4452.0,1.13,17.72,0.924,R096
C00143,R0091,TRK049,road,225.4,1307.32,479.92,1119.06,155.81,491.43,596.57,0.0,4150.12,4.81,18.41,1.157,R091
C00144,R0078,TRK048,road,151.5,878.7,305.89,1289.45,129.68,589.19,390.57,0.0,3583.48,1.11,23.65,1.156,R078
C00145,R0004,TRK020,road,130.8,758.64,273.19,1340.0,105.91,212.85,238.17,1597.98,4526.72,1.19,34.61,1.056,R004
C00146,R0071,TRK002,road,301.3,1747.54,633.16,1290.51,186.23,691.94,54.16,1421.92,6025.47,3.2,20.0,0.989,R071
C00147,R0093,TRK031,rail,547.3,1970.28,404.89,366.52,86.1,878.59,185.35,0.0,3891.73,1.8,7.11,0.978,R093
C00148,R0023,TRK002,local,456.9,3746.58,1270.58,820.1,131.15,158.01,103.3,0.0,6229.72,10.21,13.63,0.961,R023
C00149,R0011,TRK031,road,116.0,672.8,246.11,1034.99,79.87,332.92,636.1,0.0,3002.79,2.87,25.89,0.967,R011
C00150,R0069,TRK047,road,239.5,1389.1,566.34,1342.01,156.88,181.82,291.8,344.07,4272.02,4.8,17.84,1.23,R069
C00151,R0049,TRK020,road,460.5,2670.9,944.66,980.21,411.51,753.84,467.33,1769.33,7997.78,3.72,17.37,1.019,R049
C00152,R0044,TRK032,local,51.1,419.02,162.83,833.54,12.7,752.69,4.12,1500.79,3685.7,5.08,72.13,1.052,R044
C00153,R0051,TRK009,road,153.0,887.4,349.55,1390.12,110.83,659.94,536.96,1188.92,5123.72,1.28,33.49,0.903,R051
C00154,R0098,TRK050,local,93.0,762.6,279.66,1033.14,27.26,825.92,161.92,0.0,3090.49,7.88,33.23,1.176,R098
C00155,R0034,TRK001,local,521.4,4275.48,1262.24,1051.1,131.87,621.76,132.27,0.0,7474.72,2.19,14.34,0.926,R034
C00156,R0033,TRK029,road,437.6,2538.08,1014.51,1422.77,279.27,719.21,268.81,1222.74,7465.38,2.69,17.06,0.994,R033
C00157,R0034,TRK028,road,534.3,3098.94,1037.38,1054.96,345.62,257.87,609.05,550.21,6954.02,6.16,13.02,1.042,R034
C00158,R0066,TRK017,road,37.5,217.5,84.57,1075.75,25.84,867.4,517.3,1495.11,4283.47,1.02,114.23,1.077,R066
C00159,R0057,TRK016,road,203.2,1178.56,506.1,1290.9,176.32,278.39,527.27,0.0,3957.54,1.52,19.48,1.196,R057
C00160,R0050,TRK002,road,49.1,284.78,112.6,1193.85,43.3,164.86,616.96,0.0,2416.35,1.33,49.21,1.075,R050
C00161,R0071,TRK025,rail,106.1,381.96,92.69,472.09,18.99,491.28,516.69,0.0,1973.7,4.35,18.6,1.004,R071
C00162,R0032,TRK039,road,491.3,2849.54,1135.94,1229.37,355.57,477.01,185.13,0.0,6232.55,2.99,12.69,1.159,R032
C00163,R0045,TRK044,local,429.2,3519.44,1216.3,934.14,127.8,238.44,35.07,0.0,6071.19,1.89,14.15,1.003,R045
C00164,R0038,TRK035,road,140.3,813.74,334.83,1357.45,88.04,492.85,245.93,533.23,3866.08,5.42,27.56,0.979,R038
C00165,R0047,TRK009,rail,402.4,1448.64,315.51,394.25,57.42,445.1,185.86,0.0,2846.78,1.46,7.07,0.937,R047
C00166,R0095,TRK049,rail,96.8,348.48,71.97,381.37,16.9,432.45,93.02,0.0,1344.19,0.93,13.89,1.031,R095
C00167,R0001,TRK009,road,358.4,2078.72,778.81,1275.12,282.76,553.33,547.89,360.51,5877.16,2.41,16.4,1.182,R001
C00168,R0087,TRK006,road,93.7,543.46,186.28,1037.76,65.25,420.47,189.92,0.0,2443.13,1.18,26.07,0.949,R087
C00169,R0001,TRK016,road,69.0,400.2,137.81,1039.95,58.19,838.6,600.68,0.0,3075.43,1.81,44.57,0.966,R001
C00170,R0048,TRK006,road,508.4,2948.72,987.57,1320.65,372.58,291.1,639.26,1297.51,7857.41,1.96,15.46,1.131,R048
C00171,R0035,TRK031,road,146.1,847.38,313.31,1253.95,116.44,465.95,73.04,0.0,3070.07,0.8,21.01,1.181,R035
C00172,R0020,TRK013,road,263.8,1530.04,608.44,1103.81,226.68,709.62,656.12,1447.5,6282.2,1.66,23.81,1.095,R020
C00173,R0073,TRK043,road,195.2,1132.16,390.09,1128.26,126.26,316.33,678.18,266.29,4037.56,1.29,20.68,1.19,R073
C00174,R0069,TRK024,road,151.2,876.96,313.87,964.83,128.09,717.79,631.69,0.0,3633.23,0.85,24.03,0.959,R069
C00175,R0011,TRK026,road,136.8,793.44,306.94,1401.43,82.39,693.94,368.25,656.0,4302.39,0.88,31.45,1.127,R011
C00176,R0063,TRK040,rail,255.1,918.36,202.23,484.14,32.54,621.73,474.33,0.0,2733.33,0.61,10.71,1.104,R063
C00177,R0092,TRK021,road,49.5,287.1,107.71,1419.08,38.39,215.39,295.24,0.0,2362.91,0.69,47.74,1.003,R092
C00178,R0097,TRK047,road,495.9,2876.22,1131.41,1178.98,367.87,382.58,255.31,0.0,6192.36,2.4,12.49,1.157,R097
C00179,R0071,TRK044,road,224.7,1303.26,421.69,1109.61,159.08,549.99,30.74,0.0,3574.38,0.92,15.91,1.07,R071
C00180,R0079,TRK005,road,518.4,3006.72,1217.16,1009.99,346.43,594.55,457.0,190.82,6822.67,2.55,13.16,1.218,R079
C00181,R0034,TRK040,road,208.3,1208.14,446.48,1103.38,137.97,430.04,269.99,0.0,3596.0,1.67,17.26,1.192,R034
C00182,R0091,TRK016,road,232.8,1350.24,513.25,1404.43,179.12,898.21,469.9,0.0,4815.15,1.89,20.68,1.244,R091
C00183,R0037,TRK010,road,176.8,1025.44,334.37,1142.42,114.24,527.03,245.44,666.38,4055.31,1.01,22.94,1.227,R037
C00184,R0014,TRK031,road,382.1,2216.18,781.78,1041.32,240.19,617.44,175.42,772.17,5844.5,4.09,15.3,1.097,R014
C00185,R0098,TRK050,rail,127.6,459.36,112.3,433.81,17.27,557.0,316.76,0.0,1896.5,1.26,14.86,1.103,R098
C00186,R0094,TRK031,road,518.9,3009.62,987.96,1161.56,364.66,892.52,147.23,0.0,6563.55,2.2,12.65,1.198,R094
C00187,R0070,TRK002,road,458.6,2659.88,996.6,1144.8,313.01,481.71,249.27,0.0,5845.28,2.12,12.75,0.918,R070
C00188,R0062,TRK049,road,208.5,1209.3,505.13,1354.73,146.34,321.21,84.32,0.0,3621.04,1.84,17.37,0.977,R062
C00189,R0079,TRK044,rail,186.7,672.12,142.56,477.28,27.33,371.78,39.94,320.68,2051.7,0.42,10.99,1.238,R079
C00190,R0049,TRK048,road,265.9,1542.22,656.05,1106.78,185.71,499.63,95.91,548.62,4634.92,0.96,17.43,1.062,R049
C00191,R0097,TRK044,road,490.7,2846.06,941.62,1044.22,342.28,548.67,209.31,127.21,6059.36,1.5,12.35,0.955,R097
C00192,R0024,TRK019,road,490.4,2844.32,1231.17,1107.64,439.56,799.88,292.61,502.27,7217.45,2.94,14.72,1.192,R024
C00193,R0037,TRK018,road,134.6,780.68,326.28,1360.46,88.91,708.11,47.61,419.42,3731.47,1.89,27.72,1.14,R037
C00194,R0099,TRK039,rail,459.5,1654.2,351.84,513.08,79.49,827.1,596.68,0.0,4022.4,10.52,8.75,1.247,R099
C00195,R0009,TRK033,road,457.3,2652.34,922.9,1080.7,408.58,767.7,131.16,1335.68,7299.05,1.53,15.96,0.994,R009
C00196,R0057,TRK023,road,89.2,517.36,213.09,1246.03,67.63,428.38,114.24,0.0,2586.73,1.36,29.0,1.154,R057
C00197,R0068,TRK002,road,260.9,1513.22,503.8,1366.63,177.27,644.93,336.36,1120.22,5662.43,2.34,21.7,0.989,R068
C00198,R0097,TRK016,local,285.3,2339.46,903.51,741.9,64.87,399.71,259.49,0.0,4708.94,1.43,16.51,1.212,R097
C00199,R0014,TRK034,road,230.7,1338.06,449.74,1418.31,149.14,248.61,675.07,0.0,4278.93,1.92,18.55,0.943,R014
C00200,R0061,TRK039,road,369.0,2140.2,818.07,1126.11,282.18,263.24,208.45,0.0,4838.25,2.23,13.11,1.172,R061
C00201,R0093,TRK023,local,69.9,573.18,217.45,902.28,15.54,331.1,208.67,0.0,2248.23,0.45,32.16,1.04,R093
C00202,R0051,TRK041,road,184.4,1069.52,357.93,1310.09,116.52,507.51,208.71,0.0,3570.28,10.41,19.36,1.056,R051
C00203,R0099,TRK035,local,385.7,3162.74,930.02,884.94,94.32,832.22,97.3,1344.63,7346.16,2.43,19.05,1.154,R099
C00204,R0070,TRK040,rail,190.1,684.36,171.84,425.98,28.54,720.27,236.63,85.99,2353.6,0.58,12.38,0.906,R070
C00205,R0017,TRK044,rail,50.7,182.52,36.93,466.18,7.03,800.76,98.89,1665.56,3257.87,1.01,64.26,1.131,R017
C00206,R0036,TRK021,local,378.9,3106.98,986.2,840.45,111.01,282.27,11.57,0.0,5338.49,1.19,14.09,1.074,R036
C00207,R0094,TRK040,road,132.3,767.34,261.03,1092.7,117.64,220.57,205.37,1548.27,4212.92,2.0,31.84,0.942,R094
C00208,R0053,TRK029,local,65.4,536.28,200.58,940.7,17.11,541.13,8.82,729.77,2974.39,6.04,45.48,0.985,R053
C00209,R0029,TRK009,local,246.1,2018.02,792.43,906.0,68.55,365.81,44.7,0.0,4195.53,2.45,17.05,1.183,R029
C00210,R0062,TRK047,road,330.8,1918.64,673.41,1166.68,285.78,240.5,83.48,606.13,4974.62,1.94,15.04,0.921,R062
C00211,R0040,TRK006,road,372.6,2161.08,792.9,1222.78,263.12,218.5,8.28,0.0,4666.66,1.01,12.52,1.172,R040
C00212,R0002,TRK028,rail,530.9,1911.24,425.39,390.15,73.4,535.56,392.12,1365.53,5093.38,3.64,9.59,0.939,R002
C00213,R0002,TRK038,road,523.6,3036.88,1071.83,1164.48,462.21,439.42,527.02,0.0,6701.84,2.3,12.8,1.11,R002
C00214,R0061,TRK039,road,416.4,2415.12,821.93,1040.22,366.71,630.75,29.6,1086.1,6390.42,2.85,15.35,1.063,R061
C00215,R0026,TRK042,road,340.6,1975.48,819.97,1301.06,240.36,656.41,596.26,818.92,6408.45,1.33,18.82,1.064,R026
C00216,R0100,TRK030,rail,360.9,1299.24,289.05,441.54,62.44,888.99,611.24,815.39,4407.9,1.32,12.21,1.235,R100
C00217,R0036,TRK042,rail,547.7,1971.72,374.87,377.61,91.8,627.84,577.89,0.0,4021.74,3.22,7.34,1.002,R036
C00218,R0057,TRK019,road,73.1,423.98,154.97,1217.26,49.51,187.94,142.18,1728.15,3903.99,1.34,53.41,1.126,R057
C00219,R0070,TRK026,road,428.7,2486.46,825.09,1192.86,327.01,396.48,481.65,0.0,5709.56,1.29,13.32,1.198,R070
C00220,R0013,TRK006,road,260.0,1508.0,618.05,1157.98,202.43,316.48,283.71,1316.41,5403.05,7.43,20.78,1.196,R013
C00221,R0075,TRK002,local,525.4,4308.28,1258.88,793.94,140.0,835.57,276.35,135.52,7748.55,4.19,14.75,1.162,R075
C00222,R0093,TRK042,rail,374.7,1348.92,330.18,480.65,56.57,516.1,619.7,0.0,3352.11,0.75,8.95,1.042,R093
C00223,R0099,TRK026,road,53.5,310.3,100.32,1375.24,38.85,310.99,8.72,1329.58,3474.0,1.39,64.93,1.106,R099
C00224,R0003,TRK010,road,44.6,258.68,101.91,1105.37,28.84,687.96,142.42,1531.76,3856.95,0.97,86.48,1.004,R003
C00225,R0006,TRK046,local,390.9,3205.38,935.3,1050.97,111.06,390.77,73.68,0.0,5767.17,1.76,14.75,1.191,R006
C00226,R0046,TRK047,rail,531.9,1914.84,434.53,497.7,93.74,316.35,430.57,1767.03,5454.75,15.34,10.26,1.219,R046
C00227,R0098,TRK025,road,397.7,2306.66,999.43,1020.6,300.7,792.49,349.76,0.0,5769.64,1.51,14.51,1.002,R098
C00228,R0084,TRK025,road,219.9,1275.42,500.34,1193.97,186.09,241.76,614.72,0.0,4012.29,1.4,18.25,1.223,R084
C00229,R0093,TRK046,local,120.1,984.82,308.57,976.0,26.68,150.5,210.71,75.35,2732.63,1.3,22.75,0.902,R093
C00230,R0056,TRK029,road,471.0,2731.8,1087.62,1062.4,301.95,248.31,574.21,1581.54,7587.83,15.97,16.11,1.026,R056
C00231,R0012,TRK022,road,75.1,435.58,180.6,1365.12,45.53,641.96,83.6,0.0,2752.4,0.58,36.65,1.07,R012
C00232,R0055,TRK016,road,457.9,2655.82,1073.76,978.43,340.54,779.09,677.02,0.0,6504.66,20.46,14.21,1.097,R055
C00233,R0083,TRK001,road,56.7,328.86,137.08,1250.04,46.81,228.12,195.53,0.0,2186.44,1.72,38.56,1.155,R083
C00234,R0058,TRK038,road,204.9,1188.42,513.51,1276.01,154.9,213.44,623.21,0.0,3969.48,1.53,19.37,0.945,R058
C00235,R0041,TRK035,road,257.0,1490.6,580.73,1065.44,199.13,374.85,379.79,0.0,4090.54,2.98,15.92,1.211,R041
C00236,R0009,TRK033,road,46.8,271.44,107.4,1090.9,41.54,796.08,373.81,1288.69,3969.87,1.32,84.83,0.979,R009
C00237,R0031,TRK025,road,80.7,468.06,162.55,1192.47,63.01,614.55,689.18,0.0,3189.83,2.26,39.53,0.93,R031
C00238,R0027,TRK004,rail,278.3,1001.88,190.91,454.69,37.09,476.74,58.0,0.0,2219.32,1.2,7.97,0.961,R027
C00239,R0048,TRK021,road,130.9,759.22,329.02,1003.33,90.49,150.14,511.23,0.0,2843.44,1.3,21.72,1.192,R048
C00240,R0019,TRK022,road,291.2,1688.96,637.34,1189.42,234.22,836.35,657.64,1419.63,6663.56,13.97,22.88,1.217,R019
C00241,R0075,TRK023,road,487.7,2828.66,1114.1,1419.83,318.02,167.03,652.0,0.0,6499.64,1.9,13.33,1.08,R075
C00242,R0061,TRK037,road,206.5,1197.7,405.89,981.92,184.09,667.15,98.43,1291.16,4826.34,1.05,23.37,0.984,R061
C00243,R0013,TRK004,local,83.1,681.42,230.69,1061.95,18.15,522.2,84.29,264.52,2863.22,0.77,34.46,1.028,R013
C00244,R0015,TRK017,rail,362.7,1305.72,310.15,452.4,45.02,200.84,511.38,0.0,2825.51,3.13,7.79,1.095,R015
C00245,R0032,TRK025,road,436.9,2534.02,890.35,1210.96,364.93,567.73,464.28,0.0,6032.27,1.96,13.81,0.937,R032
C00246,R0012,TRK027,rail,242.8,874.08,210.51,466.69,32.77,882.58,523.13,86.69,3076.45,2.9,12.67,1.201,R012
C00247,R0097,TRK041,road,265.1,1537.58,612.65,1015.01,190.43,896.55,69.18,0.0,4321.41,1.15,16.3,0.968,R097
C00248,R0059,TRK008,road,302.6,1755.08,753.86,1056.68,264.48,299.74,569.17,0.0,4699.01,2.55,15.53,1.074,R059
C00249,R0031,TRK049,road,538.9,3125.62,1285.13,1272.39,450.9,796.84,193.15,1758.92,8882.95,19.27,16.48,1.064,R031
C00250,R0026,TRK012,road,224.6,1302.68,549.32,1128.68,171.78,199.62,625.12,1254.66,5231.85,1.77,23.29,0.952,R026
C00251,R0066,TRK017,road,45.7,265.06,100.58,1298.94,32.99,501.19,110.17,1124.76,3433.69,7.15,75.14,1.231,R066
C00252,R0074,TRK009,road,395.9,2296.22,903.67,1209.01,310.65,718.03,365.02,586.55,6389.15,14.01,16.14,0.969,R074
C00253,R0099,TRK041,road,486.2,2819.96,1103.97,1337.21,406.27,335.36,7.17,0.0,6009.93,17.22,12.36,1.227,R099
C00254,R0043,TRK016,rail,73.2,263.52,53.77,488.58,9.02,588.25,615.88,0.0,2019.01,1.73,27.58,0.923,R043
C00255,R0058,TRK001,road,346.5,2009.7,659.62,1052.74,284.22,305.07,199.84,0.0,4511.18,3.52,13.02,1.038,R058
C00256,R0065,TRK032,road,357.3,2072.34,839.55,1338.35,297.59,692.7,609.89,0.0,5850.42,3.51,16.37,1.107,R065
C00257,R0030,TRK046,rail,138.3,497.88,119.43,517.84,24.12,207.74,65.39,0.0,1432.41,0.31,10.36,1.201,R030
C00258,R0089,TRK028,road,482.9,2800.82,930.2,1193.6,299.16,382.92,30.94,1543.81,7181.44,3.5,14.87,1.002,R089
C00259,R0046,TRK010,road,450.2,2611.16,1031.18,1398.6,335.63,508.47,149.78,1365.06,7399.89,3.43,16.44,0.977,R046
C00260,R0086,TRK003,road,216.7,1256.86,465.66,1019.01,138.57,358.71,285.45,0.0,3524.26,1.54,16.26,1.241,R086
C00261,R0078,TRK023,road,102.7,595.66,243.29,1008.2,69.09,468.84,367.29,0.0,2752.37,0.88,26.8,1.223,R078
C00262,R0038,TRK031,rail,300.1,1080.36,234.87,391.56,52.51,348.52,129.77,119.06,2356.64,0.73,7.85,1.206,R038
C00263,R0035,TRK011,local,381.6,3129.12,951.15,763.57,107.78,564.26,274.33,258.44,6048.66,6.88,15.85,0.938,R035
C00264,R0050,TRK033,road,146.6,850.28,355.22,1237.98,89.11,358.65,76.39,1638.42,4606.04,0.94,31.42,1.054,R050
C00265,R0003,TRK015,road,83.7,485.46,209.28,1122.52,54.79,453.02,177.01,0.0,2502.07,1.34,29.89,1.006,R003
C00266,R0011,TRK008,rail,80.7,290.52,62.37,425.41,11.13,186.85,480.26,0.0,1456.54,1.0,18.05,1.021,R011
C00267,R0075,TRK022,road,230.6,1337.48,572.66,1289.77,145.76,871.53,393.41,0.0,4610.62,1.65,19.99,1.161,R075
C00268,R0001,TRK043,road,178.6,1035.88,341.05,1200.44,119.35,547.48,607.64,0.0,3851.84,1.62,21.57,1.19,R001
C00269,R0012,TRK017,rail,534.4,1923.84,390.73,391.28,68.16,583.7,133.76,96.26,3587.74,2.01,6.71,0.907,R012
C00270,R0045,TRK014,road,150.0,870.0,349.05,1234.17,122.29,605.02,71.58,357.17,3609.27,2.76,24.06,0.935,R045
C00271,R0004,TRK032,road,378.8,2197.04,905.33,1045.01,309.0,611.29,469.02,256.43,5793.12,3.86,15.29,1.065,R004
C00272,R0039,TRK025,road,375.1,2175.58,921.0,1399.62,258.45,299.52,566.25,0.0,5620.41,1.79,14.98,1.021,R039
C00273,R0023,TRK014,rail,484.4,1743.84,440.31,534.95,81.53,601.76,313.66,1593.44,5309.49,2.07,10.96,1.149,R023
C00274,R0045,TRK002,road,343.1,1989.98,812.83,1021.65,283.78,894.43,387.65,0.0,5390.31,1.87,15.71,1.078,R045
C00275,R0063,TRK030,road,452.0,2621.6,1049.48,1047.31,363.3,195.35,129.41,783.46,6189.92,2.37,13.69,1.223,R063
C00276,R0032,TRK022,road,72.9,422.82,180.88,1252.54,52.11,614.69,602.08,0.0,3125.11,0.74,42.87,0.937,R032
C00277,R0044,TRK001,road,237.1,1375.18,498.47,1117.12,145.45,836.02,59.04,0.0,4031.27,10.41,17.0,1.031,R044
C00278,R0043,TRK030,local,317.5,2603.5,892.93,1057.23,71.17,834.32,106.84,0.0,5566.0,1.79,17.53,1.033,R043
C00279,R0076,TRK023,road,492.4,2855.92,1063.02,1374.66,429.89,229.87,681.71,1243.26,7878.33,6.11,16.0,0.978,R076
C00280,R0069,TRK042,road,60.4,350.32,148.83,1103.79,36.93,257.05,442.72,1037.43,3377.06,0.92,55.91,0.963,R069
C00281,R0098,TRK042,road,97.7,566.66,213.96,1218.65,86.62,862.74,221.51,0.0,3170.15,2.31,32.45,1.183,R098
C00282,R0059,TRK050,rail,177.4,638.64,156.54,505.56,24.73,502.59,159.47,0.0,1987.53,0.41,11.2,0.959,R059
C00283,R0044,TRK033,road,151.1,876.38,305.65,1293.12,129.28,462.48,428.26,0.0,3495.18,4.14,23.13,1.143,R044
C00284,R0059,TRK035,road,100.3,581.74,251.62,1241.35,66.34,439.51,494.97,1257.91,4333.44,5.92,43.2,1.146,R059
C00285,R0002,TRK045,road,524.8,3043.84,1302.11,1087.68,460.17,226.18,64.12,1498.45,7682.55,1.91,14.64,0.972,R002
C00286,R0045,TRK027,road,217.1,1259.18,485.08,1234.39,192.08,831.61,672.62,1486.25,6161.21,4.36,28.38,0.965,R045
C00287,R0031,TRK047,road,424.4,2461.52,1011.46,1374.85,261.98,584.07,668.11,0.0,6361.99,2.2,14.99,0.988,R031
C00288,R0065,TRK029,local,267.9,2196.78,790.26,858.4,68.97,160.17,174.0,1320.98,5569.56,1.85,20.79,1.247,R065
C00289,R0001,TRK026,local,241.8,1982.76,675.92,838.68,65.85,339.31,10.42,0.0,3912.94,1.2,16.18,1.031,R001
C00290,R0028,TRK043,road,169.4,982.52,337.88,998.39,115.52,855.82,600.54,0.0,3890.67,4.85,22.97,1.023,R028
C00291,R0006,TRK038,road,387.5,2247.5,739.51,1131.11,294.1,667.3,501.14,1137.09,6717.75,4.07,17.34,1.077,R006
C00292,R0006,TRK050,road,308.8,1791.04,709.31,1430.79,251.92,303.33,687.2,0.0,5173.58,13.98,16.75,1.151,R006
C00293,R0057,TRK009,rail,435.4,1567.44,307.63,474.52,76.2,592.13,156.7,1046.07,4220.69,0.91,9.69,1.014,R057
C00294,R0068,TRK050,road,86.3,500.54,216.48,1093.69,70.99,885.46,90.81,0.0,2857.96,0.88,33.12,0.919,R068
C00295,R0099,TRK021,road,232.4,1347.92,473.74,1258.37,184.79,723.45,177.0,974.69,5139.96,1.08,22.12,0.99,R099
C00296,R0095,TRK027,road,387.1,2245.18,842.98,1129.75,327.42,198.85,516.93,1734.7,6995.81,17.2,18.07,0.908,R095
C00297,R0069,TRK017,road,230.7,1338.06,503.3,1367.76,197.59,831.0,176.08,801.02,5214.8,3.87,22.6,1.029,R069
C00298,R0090,TRK046,road,38.2,221.56,93.63,1042.27,29.0,748.65,391.21,0.0,2526.32,1.35,66.13,1.067,R090
C00299,R0094,TRK038,road,278.8,1617.04,660.88,1130.96,248.5,687.79,281.33,0.0,4626.5,1.65,16.59,1.065,R094
C00300,R0058,TRK025,road,311.0,1803.8,690.08,1258.79,223.44,891.02,193.16,728.23,5788.52,2.55,18.61,1.015,R058
C00301,R0026,TRK034,local,299.7,2457.54,854.61,834.8,68.77,213.24,286.33,0.0,4715.3,0.98,15.73,0.939,R026
C00302,R0068,TRK042,road,370.5,2148.9,771.49,1206.14,333.24,581.24,222.84,0.0,5263.85,1.29,14.21,1.017,R068
C00303,R0065,TRK007,road,65.8,381.64,126.25,1126.74,51.6,849.35,277.93,1758.73,4572.25,1.17,69.49,1.121,R065
C00304,R0042,TRK022,road,200.7,1164.06,408.59,1200.29,127.54,696.97,195.94,0.0,3793.39,1.63,18.9,1.245,R042
C00305,R0071,TRK004,rail,520.7,1874.52,474.67,364.86,81.58,500.45,619.48,0.0,3915.56,6.3,7.52,0.92,R071
C00306,R0027,TRK029,road,326.2,1891.96,769.04,1201.49,225.08,794.78,216.66,1160.96,6259.97,3.88,19.19,0.988,R027
C00307,R0051,TRK049,road,142.1,824.18,275.68,1211.56,106.33,444.63,511.43,0.0,3373.8,0.74,23.74,0.917,R051
C00308,R0037,TRK013,road,407.2,2361.76,782.72,1244.28,311.61,280.51,6.93,0.0,4987.81,5.51,12.25,1.077,R037
C00309,R0079,TRK017,rail,237.7,855.72,212.58,369.93,36.46,857.64,196.73,377.03,2906.09,2.3,12.23,0.936,R079
C00310,R0004,TRK050,rail,57.9,208.44,49.03,388.37,7.88,588.05,576.01,0.0,1817.78,1.69,31.4,1.074,R004
C00311,R0038,TRK041,rail,363.5,1308.6,301.62,373.89,53.42,890.07,534.68,0.0,3462.28,1.99,9.52,0.955,R038
C00312,R0058,TRK043,road,517.6,3002.08,1278.83,1304.66,335.62,198.2,212.38,0.0,6331.77,2.53,12.23,1.101,R058
C00313,R0003,TRK010,rail,525.0,1890.0,396.66,378.92,86.41,304.15,528.32,0.0,3584.46,3.11,6.83,1.036,R003
C00314,R0030,TRK001,rail,187.6,675.36,172.37,369.77,31.3,604.83,676.39,0.0,2530.02,0.79,13.49,1.247,R030
C00315,R0077,TRK002,rail,256.2,922.32,196.35,500.23,41.84,802.47,459.32,1696.13,4618.65,1.01,18.03,1.135,R077
C00316,R0099,TRK009,road,538.0,3120.4,1162.58,1242.14,463.61,833.82,657.4,282.38,7762.32,7.4,14.43,1.05,R099
C00317,R0044,TRK020,local,305.9,2508.38,978.2,989.43,61.74,219.79,152.42,0.0,4909.96,7.83,16.05,1.219,R044
C00318,R0096,TRK039,road,65.6,380.48,143.33,1002.3,56.48,544.83,680.42,570.33,3378.19,4.84,51.5,1.245,R096
C00319,R0090,TRK003,road,295.6,1714.48,707.91,1362.31,191.33,732.06,55.4,560.96,5324.43,2.82,18.01,1.173,R090
C00320,R0007,TRK021,road,531.4,3082.12,1137.09,1290.35,400.19,831.78,330.4,0.0,7071.94,2.53,13.31,1.093,R007
C00321,R0072,TRK028,rail,513.8,1849.68,365.97,472.06,64.61,830.03,481.09,0.0,4063.44,1.18,7.91,1.003,R072
C00322,R0044,TRK046,road,43.8,254.04,91.51,1109.08,29.77,469.53,34.57,0.0,1988.5,2.27,45.4,1.141,R044
C00323,R0003,TRK010,rail,425.9,1533.24,383.24,497.42,76.64,400.0,181.39,0.0,3071.93,2.54,7.21,1.169,R003
C00324,R0015,TRK048,local,520.1,4264.82,1238.61,883.79,121.31,313.54,85.28,0.0,6907.36,4.74,13.28,0.967,R015
C00325,R0088,TRK047,road,162.2,940.76,356.14,1025.23,131.65,658.87,325.04,0.0,3437.69,2.39,21.19,1.087,R088
C00326,R0009,TRK002,road,195.2,1132.16,417.33,1409.45,167.42,205.8,492.05,0.0,3824.21,0.84,19.59,1.109,R009
C00327,R0087,TRK020,local,410.1,3362.82,1304.73,944.89,120.14,762.54,89.62,0.0,6584.75,1.37,16.06,1.119,R087
C00328,R0048,TRK045,road,288.7,1674.46,689.83,1011.24,211.17,544.85,391.54,291.36,4814.44,3.28,16.68,1.019,R048
C00329,R0034,TRK020,road,63.4,367.72,149.46,1170.73,54.64,507.66,567.41,0.0,2817.61,0.63,44.44,1.177,R034
C00330,R0045,TRK012,rail,114.8,413.28,93.12,520.15,14.47,615.11,524.39,0.0,2180.52,1.7,18.99,1.072,R045
C00331,R0007,TRK012,road,400.8,2324.64,813.59,1253.92,322.8,357.88,153.83,0.0,5226.67,1.98,13.04,1.101,R007
C00332,R0055,TRK030,road,494.5,2868.1,951.9,1297.88,305.76,586.21,410.61,0.0,6420.46,3.05,12.98,1.19,R055
C00333,R0030,TRK049,rail,129.2,465.12,90.41,513.0,17.78,685.43,373.98,1282.57,3428.29,1.21,26.53,1.006,R030
C00334,R0029,TRK012,road,97.1,563.18,190.67,1141.23,60.91,418.78,152.0,0.0,2526.76,1.13,26.02,1.186,R029
C00335,R0061,TRK050,road,426.4,2473.12,1059.06,1187.1,349.11,203.88,610.88,92.1,5975.25,2.54,14.01,1.098,R061
C00336,R0060,TRK034,rail,469.4,1689.84,326.11,527.1,64.12,479.99,315.82,0.0,3402.97,3.88,7.25,0.943,R060
C00337,R0089,TRK001,rail,453.3,1631.88,355.84,493.32,57.23,826.35,25.49,0.0,3390.12,1.14,7.48,1.092,R089
C00338,R0100,TRK006,road,313.4,1817.72,759.63,1230.93,253.1,375.75,360.9,0.0,4798.04,3.12,15.31,0.902,R100
C00339,R0066,TRK041,road,457.3,2652.34,1038.67,1316.88,404.27,851.16,430.3,403.85,7097.47,1.5,15.52,0.96,R066
C00340,R0068,TRK005,road,426.5,2473.7,888.38,1047.94,272.34,892.5,568.59,519.03,6662.49,8.17,15.62,1.178,R068
C00341,R0095,TRK009,road,378.2,2193.56,814.22,962.32,325.08,278.78,137.73,0.0,4711.7,1.54,12.46,1.211,R095
C00342,R0062,TRK007,road,372.1,2158.18,824.26,1129.41,262.63,847.32,211.09,0.0,5432.89,3.0,14.6,1.121,R062
C00343,R0017,TRK035,rail,250.7,902.52,192.72,379.11,41.9,385.85,225.1,471.82,2599.02,2.99,10.37,1.245,R017
C00344,R0084,TRK024,road,144.0,835.2,321.03,1393.52,115.66,341.63,286.22,0.0,3293.26,2.29,22.87,1.101,R084
C00345,R0014,TRK017,road,193.1,1119.98,388.44,1200.25,168.95,694.71,44.93,0.0,3617.27,1.3,18.73,1.025,R014
C00346,R0011,TRK007,road,444.9,2580.42,964.85,1084.02,332.46,396.93,229.03,0.0,5587.71,7.06,12.56,1.16,R011
C00347,R0058,TRK040,road,513.6,2978.88,1032.25,1416.15,411.59,525.43,300.22,1342.44,8006.97,2.16,15.59,0.902,R058
C00348,R0046,TRK004,local,342.7,2810.14,1045.27,805.97,87.93,756.23,159.84,0.0,5665.37,1.32,16.53,1.197,R046
C00349,R0037,TRK031,road,219.2,1271.36,541.25,1029.93,153.08,727.49,51.51,1791.56,5566.18,1.18,25.39,1.149,R037
C00350,R0019,TRK042,road,528.2,3063.56,1041.05,1038.17,474.12,345.71,40.86,0.0,6003.46,1.98,11.37,0.965,R019
C00351,R0081,TRK012,road,291.3,1689.54,617.59,1035.7,198.76,525.02,203.2,761.1,5030.91,1.04,17.27,1.097,R081
C00352,R0004,TRK009,road,120.0,696.0,226.76,979.9,89.57,709.53,231.99,0.0,2933.75,0.72,24.45,1.119,R004
C00353,R0034,TRK025,road,384.1,2227.78,726.11,1120.99,302.27,810.7,498.99,0.0,5686.83,17.66,14.81,1.027,R034
C00354,R0082,TRK026,local,270.4,2217.28,833.4,825.43,75.44,592.25,97.97,1.43,4643.21,1.9,17.17,1.194,R082
C00355,R0062,TRK029,road,75.0,435.0,152.82,1173.24,59.55,152.78,42.1,0.0,2015.49,0.41,26.87,1.047,R062
C00356,R0088,TRK038,road,338.2,1961.56,721.73,1257.19,238.31,572.37,203.75,444.47,5399.38,9.6,15.97,0.928,R088
C00357,R0023,TRK048,road,37.1,215.18,76.05,1123.48,23.52,750.26,152.48,0.0,2340.96,1.01,63.1,0.935,R023
C00358,R0045,TRK026,local,54.8,449.36,130.57,1000.84,16.16,216.72,208.91,1049.92,3072.48,1.72,56.07,1.243,R045
C00359,R0081,TRK037,local,332.0,2722.4,806.04,809.14,86.54,817.87,297.2,387.26,5926.46,1.88,17.85,0.96,R081
C00360,R0018,TRK038,rail,154.3,555.48,137.75,536.96,25.94,301.88,532.81,0.0,2090.82,1.99,13.55,1.199,R018
C00361,R0046,TRK046,local,255.7,2096.74,621.19,993.33,69.03,699.68,188.13,1563.39,6231.49,2.11,24.37,1.009,R046
C00362,R0024,TRK029,road,525.1,3045.58,997.49,1111.44,341.36,540.04,413.66,0.0,6449.57,1.3,12.28,0.975,R024
C00363,R0001,TRK007,rail,465.7,1676.52,375.97,417.65,56.23,253.01,227.75,1087.26,4094.39,1.02,8.79,1.137,R001
C00364,R0029,TRK030,road,73.2,424.56,160.3,1190.99,64.65,501.81,525.85,0.0,2868.16,2.91,39.18,1.196,R029
C00365,R0061,TRK018,local,100.9,827.38,323.87,778.73,29.38,782.77,64.23,0.0,2806.36,1.59,27.81,1.178,R061
C00366,R0083,TRK033,road,278.4,1614.72,550.24,1332.53,194.53,170.74,337.28,0.0,4200.04,1.22,15.09,1.226,R083
C00367,R0070,TRK019,rail,386.0,1389.6,286.51,461.01,50.92,861.33,454.58,732.52,4236.47,1.05,10.98,0.906,R070
C00368,R0085,TRK035,road,372.4,2159.92,714.42,1318.12,333.74,324.85,386.58,0.0,5237.63,1.17,14.06,1.024,R085
C00369,R0011,TRK039,rail,324.6,1168.56,289.87,531.06,40.07,471.93,265.45,1728.48,4495.42,1.44,13.85,1.232,R011
C00370,R0070,TRK045,road,210.8,1222.64,407.23,1226.48,186.77,849.48,322.18,0.0,4214.78,0.85,19.99,1.055,R070
C00371,R0021,TRK050,road,301.3,1747.54,624.5,1019.3,253.54,652.11,176.12,0.0,4473.11,5.15,14.85,1.057,R021
C00372,R0077,TRK026,road,513.3,2977.14,1200.4,1392.33,442.41,667.63,687.06,1729.61,9096.59,2.85,17.72,1.084,R077
C00373,R0073,TRK042,rail,336.9,1212.84,240.78,389.99,51.83,865.4,114.75,0.0,2875.59,0.99,8.54,0.938,R073
C00374,R0011,TRK025,rail,349.9,1259.64,260.13,450.3,45.33,826.84,644.38,185.93,3672.55,2.76,10.5,1.239,R011
C00375,R0064,TRK029,road,106.9,620.02,201.83,974.86,77.69,751.43,673.04,0.0,3298.87,1.1,30.86,1.049,R064
C00376,R0021,TRK030,road,185.3,1074.74,396.07,1127.31,152.15,598.27,371.99,0.0,3720.53,1.28,20.08,0.959,R021
C00377,R0038,TRK035,local,390.5,3202.1,1140.05,813.15,115.86,293.41,195.14,488.49,6248.21,1.68,16.0,1.2,R038
C00378,R0096,TRK046,local,336.8,2761.76,818.34,910.52,84.91,492.31,216.62,0.0,5284.44,6.39,15.69,1.206,R096
C00379,R0065,TRK005,road,536.9,3114.02,1111.07,1129.47,455.11,535.23,342.47,1524.77,8212.15,2.16,15.3,0.958,R065
C00380,R0095,TRK026,road,358.9,2081.62,789.58,1438.0,322.62,301.29,51.84,0.0,4984.96,1.95,13.89,1.238,R095
C00381,R0069,TRK048,road,398.6,2311.88,826.47,1351.56,311.69,744.43,381.89,0.0,5927.92,3.88,14.87,1.239,R069
C00382,R0022,TRK019,road,307.4,1782.92,650.18,1274.81,229.38,804.83,515.29,1421.87,6679.28,2.77,21.73,0.996,R022
C00383,R0075,TRK028,local,468.9,3844.98,1120.15,917.31,103.43,892.79,1.12,0.0,6879.78,1.42,14.67,0.903,R075
C00384,R0031,TRK027,road,303.7,1761.46,569.14,974.17,212.73,612.54,697.39,0.0,4827.44,3.37,15.9,0.934,R031
C00385,R0020,TRK010,road,297.8,1727.24,704.47,1384.78,235.97,773.39,207.59,1370.88,6404.32,1.97,21.51,1.069,R020
C00386,R0033,TRK018,road,131.9,765.02,277.16,1393.09,115.38,460.8,487.1,0.0,3498.54,0.72,26.52,1.229,R033
C00387,R0099,TRK013,road,104.0,603.2,214.58,1371.82,70.9,354.43,560.56,0.0,3175.49,1.01,30.53,1.217,R099
C00388,R0099,TRK048,rail,139.8,503.28,123.07,503.35,24.17,861.61,13.89,0.0,2029.36,0.53,14.52,1.003,R099
C00389,R0056,TRK005,road,285.6,1656.48,705.02,1016.38,180.01,349.66,612.19,0.0,4519.74,2.27,15.83,0.923,R056
C00390,R0096,TRK039,rail,502.8,1810.08,400.42,488.99,60.64,395.93,479.37,1222.11,4857.55,3.63,9.66,1.242,R096
C00391,R0040,TRK021,road,314.7,1825.26,602.1,1103.8,193.77,202.56,562.89,1792.23,6282.6,1.63,19.96,1.056,R040
C00392,R0007,TRK050,local,495.3,4061.46,1467.93,785.99,103.12,212.02,150.14,1575.78,8356.44,1.7,16.87,0.962,R007
C00393,R0020,TRK025,road,291.2,1688.96,652.25,1192.88,207.55,186.59,487.97,0.0,4416.2,2.03,15.17,1.159,R020
C00394,R0100,TRK050,road,481.8,2794.44,1041.8,1429.82,323.79,412.5,469.95,227.18,6699.48,1.38,13.91,1.047,R100
C00395,R0087,TRK050,rail,266.9,960.84,190.44,469.66,44.53,251.85,182.0,0.0,2099.33,0.73,7.87,1.187,R087
C00396,R0090,TRK027,rail,101.8,366.48,92.78,404.63,15.21,239.53,159.15,0.0,1277.78,0.55,12.55,1.131,R090
C00397,R0099,TRK006,road,495.8,2875.64,1078.87,1181.68,388.25,277.78,604.2,0.0,6406.42,1.83,12.92,1.044,R099
C00398,R0074,TRK038,road,217.5,1261.5,470.81,1220.94,191.84,700.48,345.29,0.0,4190.85,3.38,19.27,1.063,R074
C00399,R0097,TRK002,road,138.0,800.4,317.08,1099.0,89.35,809.49,399.79,0.0,3515.1,1.45,25.47,1.084,R097
C00400,R0046,TRK003,rail,464.5,1672.2,396.86,471.96,58.21,641.28,640.66,736.91,4618.08,1.63,9.94,0.913,R046
C00401,R0016,TRK009,road,193.9,1124.62,442.6,1391.85,157.67,587.61,211.22,0.0,3915.56,1.38,20.19,0.944,R016
C00402,R0065,TRK043,road,516.3,2994.54,1032.82,1321.47,406.42,224.34,384.89,1426.76,7791.24,5.08,15.09,1.179,R065
C00403,R0041,TRK009,local,277.0,2271.4,711.37,1060.19,67.99,203.74,170.13,0.0,4484.83,7.05,16.19,0.961,R041
C00404,R0033,TRK040,road,120.0,696.0,297.82,1424.48,86.18,834.2,5.82,0.0,3344.5,1.0,27.87,1.102,R033
C00405,R0056,TRK002,rail,412.5,1485.0,297.07,438.18,54.0,390.37,361.47,0.0,3026.1,1.51,7.34,0.974,R056
C00406,R0048,TRK034,road,392.4,2275.92,950.41,1233.07,292.26,526.94,589.01,0.0,5867.62,4.72,14.95,1.1,R048
C00407,R0015,TRK014,road,362.7,2103.66,813.86,1031.27,268.99,285.41,31.31,0.0,4534.49,2.01,12.5,1.024,R015
C00408,R0024,TRK022,road,43.5,252.3,104.78,1226.2,33.5,278.49,480.11,0.0,2375.39,2.7,54.61,1.169,R024
C00409,R0071,TRK011,local,322.3,2642.86,980.24,865.22,96.59,665.37,238.45,0.0,5488.74,17.23,17.03,1.192,R071
C00410,R0069,TRK005,road,256.2,1485.96,556.47,1290.65,169.61,414.87,76.18,898.07,4891.82,8.24,19.09,1.137,R069
C00411,R0029,TRK047,road,494.8,2869.84,1223.86,1370.2,409.09,508.0,586.0,830.19,7797.19,25.71,15.76,0.913,R029
C00412,R0098,TRK048,road,532.3,3087.34,1300.02,1099.18,465.95,397.67,7.59,1353.77,7711.51,10.08,14.49,1.152,R098
C00413,R0041,TRK001,road,329.6,1911.68,821.38,1214.63,261.92,188.3,695.85,1183.13,6276.9,3.64,19.04,0.995,R041
C00414,R0054,TRK035,road,134.7,781.26,271.36,1256.51,119.94,196.75,253.88,0.0,2879.69,0.69,21.38,1.243,R054
C00415,R0077,TRK015,road,342.8,1988.24,786.9,1069.2,263.82,152.09,213.32,977.37,5450.94,1.75,15.9,1.045,R077
C00416,R0099,TRK006,road,79.2,459.36,193.29,1365.18,57.49,515.04,515.27,0.0,3105.62,0.62,39.21,1.119,R099
C00417,R0069,TRK047,road,339.4,1968.52,690.57,973.68,237.38,821.59,483.15,0.0,5174.9,1.39,15.25,1.092,R069
C00418,R0038,TRK007,road,347.3,2014.34,848.12,1192.66,285.81,228.63,29.98,1193.08,5792.61,1.77,16.68,0.932,R038
C00419,R0036,TRK033,rail,49.5,178.2,39.91,460.03,7.95,349.84,472.8,0.0,1508.72,0.35,30.48,1.118,R036
C00420,R0048,TRK033,road,333.3,1933.14,738.83,1088.03,218.78,716.74,104.09,0.0,4799.61,1.73,14.4,0.905,R048
C00421,R0009,TRK022,rail,475.9,1713.24,390.27,436.81,59.7,826.17,114.48,0.0,3540.67,3.19,7.44,1.142,R009
C00422,R0005,TRK020,rail,98.2,353.52,82.6,503.84,17.13,764.35,625.58,0.0,2347.03,0.54,23.9,1.076,R005
C00423,R0004,TRK035,local,172.7,1416.14,519.78,1071.08,38.61,624.88,219.7,0.0,3890.19,0.81,22.53,1.024,R004
C00424,R0075,TRK008,road,513.7,2979.46,1187.8,1158.89,392.36,430.8,322.05,870.93,7342.28,3.08,14.29,0.943,R075
C00425,R0047,TRK016,rail,290.1,1044.36,201.04,394.87,47.48,408.22,287.14,0.0,2383.11,1.46,8.21,1.068,R047
C00426,R0002,TRK023,rail,516.1,1857.96,353.39,485.67,80.92,546.08,75.86,1734.01,5133.89,1.44,9.95,1.202,R002
C00427,R0028,TRK046,rail,448.0,1612.8,330.25,473.38,56.43,797.99,237.37,0.0,3508.22,1.45,7.83,1.106,R028
C00428,R0087,TRK001,road,326.3,1892.54,626.88,1048.26,220.12,777.97,79.37,0.0,4645.14,1.8,14.24,1.133,R087
C00429,R0030,TRK044,local,143.2,1174.24,393.8,1014.97,33.89,510.46,280.81,782.82,4190.99,0.97,29.27,0.932,R030
C00430,R0056,TRK035,road,246.4,1429.12,542.81,1361.77,191.86,422.07,215.2,1586.02,5748.85,1.85,23.33,1.05,R056
C00431,R0039,TRK005,rail,268.6,966.96,226.5,482.68,37.62,512.16,682.34,0.0,2908.26,0.87,10.83,0.919,R039
C00432,R0024,TRK047,road,185.4,1075.32,349.39,1234.14,155.81,164.74,96.57,1294.47,4370.44,1.19,23.57,1.201,R024
C00433,R0003,TRK045,road,310.2,1799.16,626.72,985.16,186.77,880.83,424.31,0.0,4902.95,8.66,15.81,1.048,R003
C00434,R0076,TRK037,rail,528.0,1900.8,428.74,500.97,70.18,438.39,21.29,0.0,3360.37,0.71,6.36,0.974,R076
C00435,R0017,TRK002,road,219.3,1271.94,462.31,1123.84,164.97,204.77,670.84,752.81,4651.48,2.59,21.21,1.136,R017
C00436,R0060,TRK049,road,386.7,2242.86,887.2,1316.95,241.27,306.25,147.77,380.55,5522.87,2.03,14.28,1.096,R060
C00437,R0093,TRK001,road,461.1,2674.38,1060.12,1028.55,288.07,625.33,204.0,0.0,5880.45,1.25,12.75,1.039,R093
C00438,R0092,TRK041,road,375.7,2179.06,878.64,1407.19,312.86,234.27,556.32,330.82,5899.16,1.43,15.7,1.066,R092
C00439,R0098,TRK044,road,111.2,644.96,275.99,1273.7,92.18,309.16,432.24,0.0,3028.23,2.64,27.23,1.029,R098
C00440,R0048,TRK028,local,73.7,604.34,225.03,951.14,21.61,439.11,67.74,331.8,2640.77,6.71,35.83,1.065,R048
C00441,R0008,TRK020,road,198.9,1153.62,496.58,1134.64,143.01,196.32,623.05,0.0,3747.21,1.11,18.84,1.182,R008
C00442,R0063,TRK033,road,473.8,2748.04,1030.52,1229.42,347.16,441.32,491.92,0.0,6288.39,2.02,13.27,1.001,R063
C00443,R0026,TRK031,rail,150.2,540.72,107.3,533.51,19.8,379.11,242.76,0.0,1823.2,1.49,12.14,1.136,R026
C00444,R0078,TRK001,road,295.9,1716.22,579.68,1111.53,181.72,701.6,129.27,1323.8,5743.82,17.93,19.41,1.056,R078
C00445,R0010,TRK016,road,473.2,2744.56,1143.93,1223.93,317.64,189.02,60.24,0.0,5679.32,1.98,12.0,0.933,R010
C00446,R0023,TRK032,road,373.1,2163.98,785.93,1146.34,244.14,525.91,269.56,0.0,5135.86,6.62,13.77,1.058,R023
C00447,R0069,TRK022,road,258.9,1501.62,604.55,1331.26,214.95,298.82,66.41,0.0,4017.62,1.95,15.52,0.984,R069
C00448,R0069,TRK038,rail,485.1,1746.36,445.78,464.44,78.02,416.06,189.1,0.0,3339.75,0.69,6.88,1.149,R069
C00449,R0043,TRK008,road,35.1,203.58,74.9,1090.99,28.59,649.63,596.58,0.0,2644.27,1.14,75.34,1.24,R043
C00450,R0013,TRK007,rail,312.8,1126.08,218.4,533.45,52.07,618.48,649.78,0.0,3198.26,3.0,10.22,1.023,R013
C00451,R0036,TRK029,road,363.5,2108.3,905.51,1047.42,248.99,701.3,204.94,976.77,6193.22,1.25,17.04,1.066,R036
C00452,R0084,TRK040,road,101.9,591.02,231.67,1117.55,67.17,666.39,267.78,0.0,2941.58,1.5,28.87,1.25,R084
C00453,R0019,TRK043,local,55.6,455.92,152.35,874.25,13.43,771.71,198.91,0.0,2466.56,0.51,44.36,1.157,R019
C00454,R0097,TRK017,road,126.3,732.54,294.43,1235.54,96.77,739.58,230.76,0.0,3329.62,0.73,26.36,1.225,R097
C00455,R0099,TRK031,road,241.3,1399.54,567.33,1036.37,190.93,760.16,631.07,0.0,4585.4,10.83,19.0,0.918,R099
C00456,R0031,TRK045,road,440.9,2557.22,1115.3,1234.84,370.46,249.34,632.04,1686.24,7845.44,1.63,17.79,0.929,R031
C00457,R0032,TRK012,road,449.4,2606.52,882.79,1058.47,294.02,863.06,285.76,0.0,5990.61,12.78,13.33,0.905,R032
C00458,R0001,TRK050,rail,334.2,1203.12,256.67,470.78,44.31,160.76,139.56,0.0,2275.2,0.96,6.81,1.127,R001
C00459,R0018,TRK032,local,314.4,2578.08,860.69,1032.39,71.28,866.14,190.43,0.0,5599.01,1.95,17.81,1.005,R018
C00460,R0063,TRK007,rail,528.2,1901.52,416.65,457.85,68.22,841.01,374.98,0.0,4060.23,2.87,7.69,1.126,R063
C00461,R0021,TRK028,road,523.6,3036.88,1210.63,1171.47,355.51,202.55,133.62,0.0,6110.66,5.78,11.67,0.987,R021
C00462,R0022,TRK041,road,467.0,2708.6,1139.18,1425.59,413.83,640.2,249.33,1655.68,8232.41,15.62,17.63,1.194,R022
C00463,R0087,TRK024,local,65.4,536.28,162.37,934.4,15.26,380.0,169.84,1447.2,3645.35,0.75,55.74,1.198,R087
C00464,R0088,TRK026,road,470.3,2727.74,947.59,994.81,341.32,407.0,685.19,0.0,6103.66,1.46,12.98,1.161,R088
C00465,R0035,TRK037,rail,521.2,1876.32,410.81,448.75,91.52,354.45,67.92,1106.88,4356.65,6.31,8.36,0.947,R035
C00466,R0073,TRK041,road,42.8,248.24,90.55,1352.21,33.89,605.54,524.65,0.0,2855.08,0.6,66.71,1.029,R073
C00467,R0065,TRK039,road,399.6,2317.68,914.46,1437.96,328.44,327.64,334.07,672.04,6332.3,1.37,15.85,0.922,R065
C00468,R0047,TRK042,road,526.6,3054.28,1119.58,994.3,446.65,313.01,308.48,0.0,6236.3,1.75,11.84,1.042,R047
C00469,R0019,TRK004,rail,75.5,271.8,67.5,472.13,9.39,169.84,147.36,0.0,1138.02,0.45,15.07,0.957,R019
C00470,R0082,TRK036,road,72.6,421.08,142.33,1176.57,45.24,496.37,368.56,0.0,2650.16,2.38,36.5,1.22,R082
C00471,R0094,TRK017,road,320.0,1856.0,770.07,1281.38,236.95,163.89,26.46,0.0,4334.75,4.26,13.55,1.131,R094
C00472,R0002,TRK026,rail,198.7,715.32,137.12,519.31,31.65,532.35,456.92,0.0,2392.67,1.08,12.04,1.145,R002
C00473,R0082,TRK034,road,393.0,2279.4,956.64,1143.26,325.13,744.81,172.38,1784.54,7406.16,4.83,18.85,1.126,R082
C00474,R0058,TRK028,road,162.1,940.18,353.0,1127.94,117.36,562.17,65.15,0.0,3165.8,1.3,19.53,0.988,R058
C00475,R0069,TRK031,local,334.2,2740.44,891.97,958.51,77.21,170.67,131.52,0.0,4970.32,1.05,14.87,0.914,R069
C00476,R0095,TRK038,road,248.4,1440.72,535.25,1048.87,203.94,726.0,72.95,0.0,4027.73,4.65,16.21,0.91,R095
C00477,R0001,TRK044,local,87.9,720.78,274.76,1060.3,17.79,647.03,17.76,330.84,3069.26,1.15,34.92,1.18,R001
C00478,R0090,TRK044,road,424.0,2459.2,834.45,1422.18,296.83,187.46,461.1,0.0,5661.22,1.25,13.35,1.188,R090
C00479,R0028,TRK024,road,191.6,1111.28,422.27,1111.78,120.21,213.87,568.41,0.0,3547.83,0.89,18.52,1.051,R028
C00480,R0037,TRK005,road,508.8,2951.04,998.31,1199.17,372.52,814.02,269.18,0.0,6604.25,7.42,12.98,1.119,R037
C00481,R0083,TRK046,road,372.4,2159.92,926.03,1341.98,246.31,346.01,650.83,0.0,5671.08,1.24,15.23,1.057,R083
C00482,R0084,TRK043,road,276.9,1606.02,573.89,1365.63,186.43,387.5,209.48,0.0,4328.95,1.37,15.63,1.024,R084
C00483,R0077,TRK031,rail,308.3,1109.88,250.59,505.54,37.13,889.44,505.42,321.87,3619.87,1.06,11.74,0.931,R077
C00484,R0063,TRK007,road,172.9,1002.82,392.2,1307.83,151.62,278.29,369.56,0.0,3502.33,0.96,20.26,1.179,R063
C00485,R0043,TRK009,road,52.3,303.34,129.81,1136.69,46.07,765.65,691.36,0.0,3072.93,0.96,58.76,1.013,R043
C00486,R0062,TRK011,rail,107.3,386.28,89.74,429.69,15.58,754.21,122.78,0.0,1798.28,2.09,16.76,1.195,R062
C00487,R0079,TRK032,road,270.1,1566.58,554.94,1179.53,203.26,354.13,408.02,0.0,4266.45,0.98,15.8,1.198,R079
C00488,R0082,TRK017,road,421.8,2446.44,943.33,1413.54,333.81,813.16,350.38,851.74,7152.4,1.95,16.96,0.974,R082
C00489,R0020,TRK004,road,280.5,1626.9,550.7,1211.75,209.35,273.26,93.51,0.0,3965.46,0.8,14.14,1.184,R020
C00490,R0020,TRK038,road,342.0,1983.6,800.06,981.35,233.91,369.51,536.28,495.83,5400.55,1.29,15.79,0.927,R020
C00491,R0025,TRK031,road,288.1,1670.98,722.66,1278.54,212.45,780.19,184.64,872.53,5721.99,2.48,19.86,1.203,R025
C00492,R0032,TRK046,rail,340.8,1226.88,296.05,434.56,52.75,346.05,526.55,0.0,2882.84,1.92,8.46,1.125,R032
C00493,R0083,TRK040,rail,381.6,1373.76,315.24,419.06,56.98,896.95,366.11,652.32,4080.41,7.95,10.69,1.195,R083
C00494,R0019,TRK019,road,284.2,1648.36,641.67,1431.28,175.35,882.37,69.59,0.0,4848.62,3.5,17.06,1.162,R019
C00495,R0046,TRK015,road,47.5,275.5,89.26,1377.88,40.99,842.28,181.53,851.75,3659.2,5.5,77.04,1.132,R046
C00496,R0038,TRK001,road,410.6,2381.48,850.07,1420.34,353.7,207.63,611.28,0.0,5824.5,1.62,14.19,1.085,R038
C00497,R0012,TRK032,road,300.7,1744.06,716.28,1219.02,245.39,837.16,345.94,0.0,5107.86,1.34,16.99,0.998,R012
C00498,R0086,TRK045,road,342.3,1985.34,827.01,1054.34,238.8,781.6,54.39,1099.41,6040.9,19.16,17.65,0.909,R086
C00499,R0029,TRK036,road,362.1,2100.18,909.97,1016.32,307.12,400.86,689.56,775.7,6199.71,1.34,17.12,0.972,R029
C00500,R0029,TRK033,road,337.6,1958.08,777.24,1154.64,226.75,888.89,574.29,1206.53,6786.41,7.6,20.1,1.174,R029
C00501,R0044,TRK009,road,385.8,2237.64,799.06,1284.73,244.11,503.75,82.13,0.0,5151.43,1.36,13.35,1.072,R044
C00502,R0064,TRK001,road,145.4,843.32,349.58,1313.29,100.17,899.21,521.95,0.0,4027.52,0.96,27.7,1.022,R064
C00503,R0001,TRK042,road,378.9,2197.62,888.55,1202.57,325.19,605.55,239.78,0.0,5459.25,1.84,14.41,1.003,R001
C00504,R0026,TRK015,rail,529.6,1906.56,461.87,500.7,73.98,368.86,87.17,918.22,4317.36,0.95,8.15,0.934,R026
C00505,R0097,TRK035,local,111.3,912.66,282.46,751.48,23.44,336.75,255.71,0.0,2562.5,0.64,23.02,1.204,R097
C00506,R0086,TRK034,local,375.2,3076.64,1163.01,850.54,82.7,889.84,248.56,153.03,6464.32,6.69,17.23,1.01,R086
C00507,R0003,TRK039,road,204.8,1187.84,405.55,1229.11,132.79,402.03,626.15,0.0,3983.47,1.38,19.45,1.032,R003
C00508,R0025,TRK041,rail,336.2,1210.32,255.33,501.02,57.47,159.99,491.6,0.0,2675.74,0.99,7.96,0.947,R025
C00509,R0075,TRK048,road,165.5,959.9,409.71,1389.2,146.17,164.51,387.11,0.0,3456.6,4.09,20.89,1.023,R075
C00510,R0064,TRK046,road,522.1,3028.18,1052.6,1045.85,442.89,395.48,512.91,0.0,6477.9,4.81,12.41,0.906,R064
C00511,R0016,TRK046,road,206.1,1195.38,517.17,1393.83,178.66,427.54,623.72,1546.14,5882.44,2.51,28.54,1.059,R016
C00512,R0021,TRK046,road,314.6,1824.68,673.63,990.66,269.53,868.56,550.05,0.0,5177.11,1.08,16.46,1.153,R021
C00513,R0070,TRK024,road,281.6,1633.28,649.72,1244.93,230.26,693.98,36.94,0.0,4489.11,2.15,15.94,1.171,R070
C00514,R0012,TRK033,road,391.8,2272.44,894.27,1182.85,333.22,887.0,316.66,113.18,5999.61,3.49,15.31,1.027,R012
C00515,R0045,TRK026,road,354.8,2057.84,724.59,1068.61,244.37,150.88,680.59,237.6,5164.48,4.07,14.56,1.061,R045
C00516,R0076,TRK041,road,348.4,2020.72,688.22,1156.12,259.7,411.02,404.52,1642.09,6582.38,1.74,18.89,1.006,R076
C00517,R0059,TRK022,local,350.7,2875.74,1116.92,871.29,79.92,217.79,38.08,0.0,5199.73,2.09,14.83,1.165,R059
C00518,R0033,TRK006,rail,84.6,304.56,70.53,442.49,12.7,808.15,143.05,0.0,1781.47,0.38,21.06,0.903,R033
C00519,R0052,TRK024,road,131.5,762.7,248.52,963.13,87.33,802.02,657.67,0.0,3521.37,1.0,26.78,1.083,R052
C00520,R0025,TRK007,road,210.4,1220.32,491.27,1335.72,170.35,571.87,348.31,0.0,4137.84,0.87,19.67,0.975,R025
C00521,R0061,TRK012,road,324.6,1882.68,805.64,1283.5,239.71,832.52,525.56,1206.38,6776.0,3.59,20.87,1.195,R061
C00522,R0076,TRK015,road,485.5,2815.9,1081.24,1300.78,423.16,759.42,398.85,475.62,7254.97,1.59,14.94,1.237,R076
C00523,R0026,TRK025,road,141.8,822.44,301.34,1412.37,107.83,691.33,323.52,1038.41,4697.25,1.15,33.13,1.225,R026
C00524,R0087,TRK044,rail,334.8,1205.28,274.26,390.19,51.36,623.46,471.23,0.0,3015.77,0.73,9.01,1.06,R087
C00525,R0086,TRK048,road,248.6,1441.88,552.32,1154.7,195.21,394.09,554.34,0.0,4292.54,3.65,17.27,0.924,R086
C00526,R0014,TRK004,rail,32.6,117.36,26.87,418.52,4.32,390.24,666.46,1285.22,2908.99,0.86,89.23,1.025,R014
C00527,R0096,TRK043,road,502.4,2913.92,1253.08,1173.3,305.9,713.03,385.7,0.0,6744.93,3.47,13.43,1.15,R096
C00528,R0074,TRK041,local,245.6,2013.92,687.21,1042.54,65.46,717.01,269.68,0.0,4795.83,2.4,19.53,0.951,R074
C00529,R0045,TRK018,road,337.0,1954.6,834.7,1223.11,243.97,514.23,604.13,0.0,5374.73,2.88,15.95,0.952,R045
C00530,R0091,TRK025,rail,398.1,1433.16,320.54,488.5,55.08,376.18,189.31,1595.74,4458.5,7.77,11.2,1.129,R091
C00531,R0046,TRK040,rail,133.2,479.52,121.17,472.3,20.38,355.69,218.84,0.0,1667.9,0.82,12.52,0.972,R046
C00532,R0023,TRK022,road,523.2,3034.56,1304.44,974.87,369.59,776.9,222.7,0.0,6683.06,4.18,12.77,1.173,R023
C00533,R0008,TRK039,road,279.2,1619.36,615.15,1245.54,171.09,713.83,636.48,0.0,5001.44,1.53,17.91,1.24,R008
C00534,R0091,TRK050,road,356.3,2066.54,870.8,1033.18,294.91,864.07,664.26,1457.31,7251.07,2.97,20.35,0.961,R091
C00535,R0089,TRK050,road,543.0,3149.4,1257.46,1427.43,425.82,587.45,536.77,0.0,7384.33,12.16,13.6,0.908,R089
C00536,R0013,TRK040,road,277.5,1609.5,668.71,1269.89,229.01,468.75,460.74,0.0,4706.61,1.51,16.96,1.22,R013
C00537,R0020,TRK028,road,70.0,406.0,134.78,964.63,47.06,812.65,203.56,0.0,2568.68,0.74,36.7,1.11,R020
C00538,R0053,TRK044,road,302.3,1753.34,687.58,1372.14,218.21,422.52,562.63,0.0,5016.41,5.64,16.59,1.199,R053
C00539,R0067,TRK001,road,484.2,2808.36,1161.3,1110.57,290.87,244.66,317.27,0.0,5933.03,5.89,12.25,0.917,R067
C00540,R0052,TRK015,road,306.0,1774.8,725.81,1189.38,255.05,344.28,127.5,0.0,4416.81,0.96,14.43,1.035,R052
C00541,R0080,TRK023,road,218.0,1264.4,419.45,1224.31,177.95,174.52,480.5,784.29,4525.41,1.05,20.76,1.129,R080
C00542,R0020,TRK025,road,148.3,860.14,278.18,1401.53,103.45,855.11,241.58,1434.57,5174.55,1.74,34.89,0.943,R020
C00543,R0014,TRK011,road,284.2,1648.36,603.98,984.63,192.2,731.16,152.28,617.85,4930.46,2.72,17.35,1.079,R014
C00544,R0008,TRK006,rail,496.2,1786.32,345.11,435.55,67.5,392.98,58.11,0.0,3085.57,1.52,6.22,1.242,R008
C00545,R0084,TRK011,rail,199.6,718.56,172.22,513.23,35.44,601.85,279.23,0.0,2320.53,0.59,11.63,1.201,R084
C00546,R0099,TRK011,road,158.7,920.46,375.49,1225.07,138.38,760.01,555.97,0.0,3975.38,1.49,25.05,1.126,R099
C00547,R0070,TRK039,road,418.1,2424.98,803.29,1421.61,295.58,763.68,655.07,0.0,6364.21,1.45,15.22,1.016,R070
C00548,R0017,TRK025,road,141.2,818.96,320.93,1387.91,94.96,425.31,278.39,0.0,3326.44,0.7,23.56,1.212,R017
C00549,R0093,TRK040,rail,234.7,844.92,166.89,387.83,38.32,762.0,368.09,0.0,2568.04,1.19,10.94,1.04,R093
C00550,R0088,TRK003,local,183.5,1504.7,452.49,1016.52,54.11,160.73,64.76,1176.77,4430.08,1.25,24.14,1.158,R088
C00551,R0054,TRK032,rail,309.4,1113.84,211.91,444.41,41.83,524.57,62.14,0.0,2398.69,0.69,7.75,0.982,R054
C00552,R0004,TRK040,road,153.8,892.04,343.45,1051.37,94.91,158.75,61.15,383.82,2985.49,1.41,19.41,1.05,R004
C00553,R0009,TRK002,road,230.4,1336.32,478.38,1431.93,139.71,852.11,226.37,0.0,4464.82,2.01,19.38,1.217,R009
C00554,R0077,TRK020,road,141.5,820.7,306.79,1058.32,123.17,559.17,451.05,1644.8,4963.99,0.99,35.08,1.249,R077
C00555,R0065,TRK035,local,322.3,2642.86,782.59,997.33,86.2,591.57,291.94,1709.9,7102.4,12.12,22.04,1.219,R065
C00556,R0060,TRK023,rail,48.1,173.16,43.05,495.31,7.73,236.8,410.37,0.0,1366.42,2.54,28.41,0.985,R060
C00557,R0083,TRK029,road,252.2,1462.76,637.28,1035.68,173.37,414.95,570.93,0.0,4294.97,13.55,17.03,1.245,R083
C00558,R0038,TRK049,local,268.4,2200.88,676.1,1019.04,74.33,868.33,207.01,0.0,5045.69,3.23,18.8,1.104,R038
C00559,R0065,TRK020,rail,109.6,394.56,79.79,412.68,17.72,441.33,600.67,635.62,2582.38,1.2,23.56,1.212,R065
C00560,R0020,TRK029,road,155.2,900.16,364.62,1163.64,110.94,651.28,485.52,0.0,3676.17,1.67,23.69,1.028,R020
C00561,R0026,TRK048,road,267.4,1550.92,511.25,1195.33,160.63,699.75,276.96,0.0,4394.83,0.92,16.44,1.154,R026
C00562,R0062,TRK039,rail,102.6,369.36,81.08,485.53,18.09,731.07,194.29,0.0,1879.42,0.55,18.32,1.091,R062
C00563,R0040,TRK016,road,404.1,2343.78,914.8,1287.03,275.45,363.19,370.53,0.0,5554.77,1.27,13.75,0.914,R040
C00564,R0048,TRK016,local,427.6,3506.32,1206.34,1053.6,94.87,834.39,177.5,0.0,6873.02,15.99,16.07,0.975,R048
C00565,R0038,TRK035,local,309.2,2535.44,974.89,905.91,76.29,170.71,183.28,1099.18,5945.71,5.36,19.23,1.196,R038
C00566,R0095,TRK039,rail,499.1,1796.76,386.04,463.19,73.96,189.97,685.62,0.0,3595.54,2.7,7.2,1.22,R095
C00567,R0077,TRK016,road,361.8,2098.44,748.87,1281.69,271.81,695.7,601.68,0.0,5698.2,3.2,15.75,0.997,R077
C00568,R0051,TRK020,road,412.4,2391.92,875.67,1415.34,334.5,391.92,565.05,0.0,5974.41,1.96,14.49,1.212,R051
C00569,R0001,TRK001,local,367.7,3015.14,963.43,890.46,89.23,891.19,287.09,0.0,6136.54,1.81,16.69,1.059,R001
C00570,R0025,TRK003,road,214.2,1242.36,401.06,965.05,166.48,859.12,515.89,1519.82,5669.8,2.6,26.47,1.054,R025
C00571,R0089,TRK026,road,482.0,2795.6,1084.83,1211.28,366.51,513.23,173.35,0.0,6144.8,4.65,12.75,1.122,R089
C00572,R0097,TRK017,local,518.8,4254.16,1640.71,948.09,113.01,872.81,125.43,0.0,7954.21,9.19,15.33,1.085,R097
C00573,R0012,TRK003,rail,300.2,1080.72,228.0,538.95,51.35,517.24,519.84,0.0,2936.09,1.8,9.78,1.044,R012
C00574,R0023,TRK033,road,425.7,2469.06,976.45,1005.51,353.15,273.32,501.42,0.0,5578.91,4.14,13.11,1.182,R023
C00575,R0045,TRK030,road,205.3,1190.74,493.64,1212.61,128.14,155.24,564.03,876.87,4621.27,2.76,22.51,1.13,R045
C00576,R0019,TRK035,road,200.5,1162.9,490.54,966.25,123.09,692.98,350.94,1021.11,4807.8,2.14,23.98,1.207,R019
C00577,R0041,TRK004,road,307.9,1785.82,742.89,1217.78,249.95,611.69,268.28,0.0,4876.4,1.38,15.84,0.969,R041
C00578,R0097,TRK048,road,460.3,2669.74,971.15,1402.69,313.34,260.41,340.87,0.0,5958.21,13.48,12.94,0.925,R097
C00579,R0049,TRK020,road,172.1,998.18,410.77,1158.71,109.0,171.83,519.57,1694.65,5062.72,6.09,29.42,1.219,R049
C00580,R0089,TRK006,road,434.8,2521.84,826.71,1319.74,286.42,753.04,259.52,1043.73,7011.01,1.8,16.12,1.116,R089
C00581,R0100,TRK009,local,363.3,2979.06,919.28,933.27,103.03,656.41,64.52,0.0,5655.56,4.91,15.57,1.109,R100
C00582,R0080,TRK046,local,318.1,2608.42,927.79,892.85,68.99,365.77,94.97,0.0,4958.79,1.14,15.59,0.954,R080
C00583,R0071,TRK009,road,349.3,2025.94,878.88,1394.74,226.69,835.57,202.37,0.0,5564.18,2.53,15.93,1.167,R071
C00584,R0010,TRK015,road,301.8,1750.44,758.24,1207.88,227.0,338.82,575.38,0.0,4857.75,2.44,16.1,1.075,R010
C00585,R0047,TRK020,road,209.6,1215.68,501.88,1090.7,183.81,358.96,642.34,1588.72,5582.11,1.8,26.63,0.985,R047
C00586,R0090,TRK038,road,375.3,2176.74,783.61,1359.55,299.25,347.22,215.79,1268.58,6450.74,1.54,17.19,1.06,R090
C00587,R0088,TRK007,road,322.1,1868.18,770.38,990.33,271.11,841.65,99.92,1290.87,6132.44,1.45,19.04,0.987,R088
C00588,R0058,TRK018,road,33.2,192.56,72.17,1310.19,21.85,422.98,526.09,0.0,2545.84,0.65,76.68,1.168,R058
C00589,R0077,TRK025,local,499.8,4098.36,1435.07,977.47,139.96,306.76,197.82,810.44,7965.87,1.67,15.94,0.978,R077
C00590,R0038,TRK035,local,282.3,2314.86,868.2,1010.84,79.53,803.09,26.08,0.0,5102.6,3.67,18.08,0.961,R038
C00591,R0084,TRK043,road,406.5,2357.7,837.12,1317.45,250.91,243.2,503.3,0.0,5509.69,1.81,13.55,1.172,R084
C00592,R0012,TRK037,local,494.5,4054.9,1533.49,919.48,108.92,176.82,250.79,0.0,7044.4,1.52,14.25,0.941,R012
C00593,R0085,TRK016,local,205.1,1681.82,617.36,898.75,54.72,716.61,299.65,0.0,4268.93,6.07,20.81,1.184,R085
C00594,R0020,TRK050,road,470.5,2728.9,1168.95,963.94,409.41,649.09,135.85,0.0,6056.15,1.4,12.87,0.995,R020
C00595,R0068,TRK003,road,357.6,2074.08,713.46,1157.42,290.61,740.98,224.35,0.0,5200.91,1.12,14.54,1.062,R068
C00596,R0070,TRK027,road,36.3,210.54,90.68,1360.32,31.06,155.66,535.74,1399.04,3783.03,0.82,104.22,0.901,R070
C00597,R0075,TRK026,road,307.8,1785.24,767.73,1348.08,262.81,555.4,111.58,0.0,4830.84,3.45,15.69,1.159,R075
C00598,R0077,TRK022,rail,303.9,1094.04,246.34,426.99,53.76,517.51,522.67,0.0,2861.33,2.11,9.42,0.91,R077
C00599,R0013,TRK045,road,440.2,2553.16,1062.84,1337.02,386.02,699.52,20.22,0.0,6058.77,3.24,13.76,1.138,R013
C00600,R0070,TRK047,road,281.7,1633.86,561.39,1428.7,234.42,830.39,21.75,0.0,4710.51,1.49,16.72,1.231,R070
C00601,R0005,TRK012,road,230.4,1336.32,528.13,978.03,148.45,423.26,230.82,0.0,3645.01,4.31,15.82,1.003,R005
C00602,R0009,TRK036,road,365.9,2122.22,730.12,1206.39,276.68,766.89,391.06,658.78,6152.15,4.56,16.81,1.165,R009
C00603,R0013,TRK040,local,53.7,440.34,155.17,942.56,10.83,293.26,79.3,515.58,2437.03,1.2,45.38,1.105,R013
C00604,R0078,TRK043,road,359.1,2082.78,807.83,1064.68,257.7,365.92,491.16,0.0,5070.07,1.46,14.12,1.147,R078
C00605,R0091,TRK003,road,185.9,1078.22,356.94,1216.09,151.27,359.03,175.47,314.04,3651.06,1.51,19.64,1.044,R091
C00606,R0043,TRK003,road,304.2,1764.36,598.58,1278.34,213.16,523.43,604.91,0.0,4982.78,3.72,16.38,1.202,R043
C00607,R0005,TRK038,road,244.9,1420.42,462.25,1429.32,153.8,609.94,332.38,1260.97,5669.09,1.43,23.15,1.15,R005
C00608,R0073,TRK008,road,53.3,309.14,122.5,1073.18,46.66,539.01,355.58,1300.06,3746.14,1.69,70.28,1.058,R073
C00609,R0066,TRK028,road,544.5,3158.1,1072.56,1013.45,431.44,564.17,310.18,1696.45,8246.35,3.61,15.14,1.164,R066
C00610,R0007,TRK034,road,313.3,1817.14,680.45,1287.97,232.52,445.41,605.94,1322.86,6392.29,2.12,20.4,1.094,R007
C00611,R0026,TRK029,road,148.1,858.98,337.51,1019.65,116.97,633.97,274.6,0.0,3241.67,2.85,21.89,1.154,R026
C00612,R0060,TRK002,local,457.8,3753.96,1267.41,887.0,119.93,606.94,152.36,0.0,6787.59,2.81,14.83,1.204,R060
C00613,R0099,TRK029,road,522.8,3032.24,1107.87,1069.11,354.05,322.91,573.17,0.0,6459.35,4.73,12.36,0.944,R099
C00614,R0058,TRK004,road,535.7,3107.06,1301.31,1062.37,442.04,472.0,526.36,1137.15,8048.29,8.6,15.02,1.103,R058
C00615,R0064,TRK014,road,39.1,226.78,97.41,1159.69,30.88,377.5,19.76,0.0,1912.03,0.87,48.9,1.192,R064
C00616,R0061,TRK020,local,254.0,2082.8,696.41,837.68,68.95,460.54,219.27,893.92,5259.57,9.96,20.71,1.24,R061
C00617,R0066,TRK017,road,500.6,2903.48,1063.11,1074.0,315.98,570.16,615.37,0.0,6542.11,1.93,13.07,0.989,R066
C00618,R0097,TRK019,rail,533.0,1918.8,375.12,423.23,73.47,478.84,6.48,0.0,3275.94,3.36,6.15,1.194,R097
C00619,R0006,TRK045,rail,385.4,1387.44,281.47,509.0,59.32,259.72,639.83,0.0,3136.77,1.13,8.14,1.155,R006
C00620,R0003,TRK041,road,243.9,1414.62,610.71,1105.01,174.47,480.71,5.41,0.0,3790.94,1.11,15.54,0.921,R003
C00621,R0058,TRK021,rail,170.5,613.8,134.53,422.26,25.37,199.91,197.11,0.0,1592.98,0.37,9.34,1.034,R058
C00622,R0060,TRK020,road,155.3,900.74,326.94,1421.0,99.0,162.36,496.74,0.0,3406.79,1.65,21.94,1.243,R060
C00623,R0044,TRK045,road,172.3,999.34,388.95,1112.5,117.27,476.86,429.45,0.0,3524.38,1.01,20.45,1.058,R044
C00624,R0100,TRK024,road,478.1,2772.98,940.42,1080.94,414.43,327.98,162.35,0.0,5699.1,12.22,11.92,1.139,R100
C00625,R0045,TRK011,rail,370.0,1332.0,332.8,456.27,50.4,550.73,479.71,0.0,3201.92,0.78,8.65,1.08,R045
C00626,R0080,TRK028,road,530.8,3078.64,1100.96,1089.72,405.01,424.05,543.92,1118.06,7760.35,14.32,14.62,0.931,R080
C00627,R0075,TRK040,rail,346.8,1248.48,263.91,488.04,44.29,379.24,135.23,91.08,2650.26,0.86,7.64,0.922,R075
C00628,R0030,TRK037,road,361.3,2095.54,743.77,1152.95,256.73,632.07,575.84,0.0,5456.89,6.03,15.1,1.001,R030
C00629,R0043,TRK034,rail,513.8,1849.68,412.95,473.53,62.69,686.84,365.89,0.0,3851.59,10.68,7.5,0.9,R043
C00630,R0054,TRK039,rail,414.3,1491.48,378.03,508.69,65.91,844.59,187.32,0.0,3476.02,2.08,8.39,1.1,R054
C00631,R0053,TRK016,road,209.3,1213.94,428.65,1123.15,183.77,544.28,633.86,0.0,4127.64,2.77,19.72,0.964,R053
C00632,R0014,TRK050,local,239.1,1960.62,584.14,972.42,48.36,599.87,203.75,1731.6,6100.76,2.36,25.52,1.031,R014
C00633,R0016,TRK005,road,247.0,1432.6,472.23,1349.3,203.57,329.14,70.11,249.09,4106.05,2.67,16.62,1.014,R016
C00634,R0044,TRK046,rail,436.4,1571.04,354.44,494.92,66.74,758.58,201.57,0.0,3447.29,0.83,7.9,1.197,R044
C00635,R0080,TRK047,local,513.2,4208.24,1487.04,1040.74,110.36,420.12,54.04,1503.18,8823.71,8.14,17.19,0.908,R080
C00636,R0099,TRK002,road,57.4,332.92,143.57,1334.0,43.16,821.97,52.66,1345.3,4073.58,1.26,70.97,1.114,R099
C00637,R0046,TRK022,local,239.5,1963.9,647.54,1057.69,52.4,308.34,244.5,0.0,4274.37,1.09,17.85,1.015,R046
C00638,R0056,TRK022,road,106.4,617.12,214.77,1010.77,67.47,780.86,690.44,1720.49,5101.92,1.27,47.95,0.949,R056
C00639,R0053,TRK029,road,411.3,2385.54,1006.67,1371.68,312.48,554.97,140.1,0.0,5771.44,2.54,14.03,1.069,R053
C00640,R0063,TRK050,road,510.6,2961.48,1200.82,995.5,364.14,673.83,672.65,0.0,6868.42,3.45,13.45,1.137,R063
C00641,R0053,TRK017,road,316.9,1838.02,680.07,1252.27,193.23,378.62,487.29,0.0,4829.51,1.1,15.24,1.009,R053
C00642,R0015,TRK016,rail,448.5,1614.6,408.69,390.6,73.59,739.19,513.44,0.0,3740.12,1.05,8.34,1.164,R015
C00643,R0066,TRK035,road,129.5,751.1,244.59,1358.8,87.17,564.3,217.13,0.0,3223.09,0.92,24.89,1.205,R066
C00644,R0029,TRK034,local,261.9,2147.58,640.63,1017.8,60.27,210.01,242.85,1129.34,5448.49,11.26,20.8,0.978,R029
C00645,R0100,TRK033,road,457.0,2650.6,1000.53,1418.14,362.48,726.13,152.09,501.96,6811.94,2.44,14.91,0.946,R100
C00646,R0017,TRK036,road,267.9,1553.82,529.09,1218.12,195.06,484.63,629.66,504.35,5114.73,1.77,19.09,1.192,R017
C00647,R0019,TRK049,road,218.2,1265.56,467.04,1157.22,156.64,798.83,321.73,0.0,4167.02,1.51,19.1,1.2,R019
C00648,R0021,TRK004,rail,122.1,439.56,94.12,437.89,18.22,660.31,264.2,0.0,1914.31,1.9,15.68,1.01,R021
C00649,R0081,TRK040,local,282.8,2318.96,899.53,781.14,63.26,781.39,46.32,1149.57,6040.16,4.37,21.36,0.913,R081
C00650,R0066,TRK007,road,445.9,2586.22,877.03,1137.76,277.47,832.12,201.18,1168.76,7080.54,4.43,15.88,0.964,R066
C00651,R0047,TRK048,road,297.0,1722.6,708.49,1350.5,221.75,344.45,667.09,0.0,5014.88,3.89,16.89,1.129,R047
C00652,R0079,TRK005,rail,114.2,411.12,91.56,370.15,19.45,684.67,77.22,276.39,1930.56,1.76,16.91,1.122,R079
C00653,R0038,TRK018,road,312.1,1810.18,599.02,1411.73,265.5,752.88,553.01,0.0,5392.33,3.53,17.28,0.936,R038
C00654,R0013,TRK020,road,201.7,1169.86,414.88,1268.09,141.12,440.29,626.19,0.0,4060.42,1.25,20.13,0.908,R013
C00655,R0090,TRK041,local,339.1,2780.62,841.91,1044.22,68.3,467.22,120.06,1776.41,7098.74,16.59,20.93,1.016,R090
C00656,R0016,TRK002,rail,141.5,509.4,114.46,488.8,19.02,698.37,674.39,714.33,3218.77,1.84,22.75,0.98,R016
C00657,R0036,TRK030,rail,542.4,1952.64,369.97,539.43,66.56,638.8,457.3,0.0,4024.7,0.86,7.42,1.129,R036
C00658,R0010,TRK040,road,305.8,1773.64,602.6,1393.47,269.4,665.83,643.56,811.14,6159.64,2.6,20.14,1.115,R010
C00659,R0089,TRK017,local,443.6,3637.52,1185.1,869.58,100.56,335.2,183.63,0.0,6311.59,1.43,14.23,1.146,R089
C00660,R0055,TRK019,road,439.3,2547.94,1082.93,1203.12,306.33,877.68,84.92,0.0,6102.91,4.11,13.89,1.201,R055
C00661,R0039,TRK003,road,43.4,251.72,102.64,1037.98,37.0,374.14,119.56,0.0,1923.05,0.44,44.31,1.152,R039
C00662,R0062,TRK040,local,96.5,791.3,254.67,815.98,27.52,623.37,279.07,1223.16,4015.07,1.5,41.61,1.056,R062
C00663,R0021,TRK030,road,346.2,2007.96,872.82,1349.57,299.93,658.49,435.49,0.0,5624.26,1.74,16.25,1.132,R021
C00664,R0033,TRK021,road,360.7,2092.06,745.79,1274.59,320.86,366.23,22.09,0.0,4821.62,1.31,13.37,1.048,R033
C00665,R0081,TRK035,road,360.5,2090.9,872.37,1171.92,324.4,287.86,564.4,0.0,5311.87,2.03,14.73,1.062,R081
C00666,R0043,TRK048,rail,455.0,1638.0,375.73,401.12,63.2,500.56,511.89,0.0,3490.5,1.34,7.67,1.027,R043
C00667,R0091,TRK012,road,220.7,1280.06,481.3,1081.69,157.85,770.53,371.47,0.0,4142.91,12.06,18.77,1.106,R091
C00668,R0010,TRK037,road,65.8,381.64,159.72,1355.56,42.7,819.58,499.12,1345.01,4603.32,1.36,69.96,1.097,R010
C00669,R0042,TRK017,road,67.1,389.18,150.86,1035.35,42.26,248.56,359.51,535.34,2761.06,5.71,41.15,1.156,R042
C00670,R0026,TRK006,road,369.4,2142.52,791.62,1416.84,315.44,648.42,347.37,0.0,5662.22,1.38,15.33,1.111,R026
C00671,R0045,TRK043,road,345.1,2001.58,650.48,1237.02,270.61,254.38,486.87,0.0,4900.95,1.38,14.2,0.994,R045
C00672,R0095,TRK030,road,263.1,1525.98,510.63,1075.89,210.89,396.83,192.83,703.3,4616.35,0.99,17.55,1.17,R095
C00673,R0062,TRK048,road,445.6,2584.48,856.68,1009.02,385.72,325.15,690.05,1719.65,7570.75,16.41,16.99,1.069,R062
C00674,R0042,TRK026,road,433.1,2511.98,1019.04,965.53,281.23,272.34,261.41,0.0,5311.52,1.25,12.26,1.224,R042
C00675,R0079,TRK009,road,173.2,1004.56,370.84,1123.88,112.22,629.02,544.01,0.0,3784.53,0.96,21.85,1.248,R079
C00676,R0078,TRK007,road,313.9,1820.62,702.03,1220.01,253.61,392.51,200.23,71.52,4660.54,1.54,14.85,1.003,R078
C00677,R0042,TRK023,rail,546.4,1967.04,464.58,505.69,68.43,741.14,694.59,0.0,4441.47,2.19,8.13,1.024,R042
C00678,R0058,TRK007,rail,229.7,826.92,207.83,396.77,34.57,772.79,476.8,0.0,2715.67,0.84,11.82,1.237,R058
C00679,R0056,TRK026,local,426.0,3493.2,1074.94,1060.03,122.06,223.69,279.8,0.0,6253.72,1.8,14.68,1.219,R056
C00680,R0016,TRK022,rail,310.7,1118.52,242.54,481.92,40.7,835.73,686.49,0.0,3405.91,0.86,10.96,0.977,R016
C00681,R0086,TRK020,local,226.9,1860.58,671.23,737.55,66.94,474.66,76.2,1153.81,5040.97,1.02,22.22,1.034,R086
C00682,R0013,TRK035,local,49.1,402.62,141.43,1068.11,12.69,763.96,47.52,0.0,2436.35,0.92,49.62,1.089,R013
C00683,R0066,TRK026,road,435.2,2524.16,1095.83,1349.16,270.33,568.94,332.29,0.0,6140.71,4.39,14.11,1.2,R066
C00684,R0094,TRK040,road,157.2,911.76,370.01,1093.4,124.79,876.25,379.11,0.0,3755.32,1.67,23.89,1.225,R094
C00685,R0100,TRK025,road,185.1,1073.58,349.1,1183.4,118.07,244.86,137.77,0.0,3106.78,4.05,16.78,1.078,R100
C00686,R0028,TRK001,rail,299.8,1079.28,271.48,476.76,41.65,844.73,129.68,472.12,3315.7,3.83,11.06,1.014,R028
C00687,R0040,TRK027,local,459.1,3764.62,1187.41,742.92,134.85,264.73,284.21,1392.41,7771.15,1.98,16.93,1.047,R040
C00688,R0031,TRK045,local,512.6,4203.32,1300.93,971.98,141.1,356.79,250.1,0.0,7224.22,1.8,14.09,0.925,R031
C00689,R0052,TRK001,road,43.0,249.4,94.05,1372.46,32.37,437.68,57.79,1502.68,3746.42,3.18,87.13,1.227,R052
C00690,R0004,TRK050,road,459.6,2665.68,1097.01,1320.96,372.95,177.34,138.07,671.23,6443.24,3.98,14.02,1.03,R004
C00691,R0005,TRK020,road,170.9,991.22,361.7,1144.02,146.34,528.07,186.84,717.95,4076.15,0.87,23.85,1.147,R005
C00692,R0004,TRK033,road,238.2,1381.56,471.52,1337.48,155.0,284.02,302.6,0.0,3932.18,1.1,16.51,1.002,R004
C00693,R0045,TRK044,local,508.7,4171.34,1576.17,1017.57,136.31,417.76,161.79,628.29,8109.25,1.87,15.94,1.082,R045
C00694,R0008,TRK042,rail,197.7,711.72,139.27,499.31,34.45,234.91,346.67,0.0,1966.32,0.55,9.95,0.908,R008
C00695,R0071,TRK013,road,516.4,2995.12,1290.23,1232.33,366.47,875.78,431.97,302.86,7494.76,2.26,14.51,1.003,R071
C00696,R0071,TRK008,road,185.0,1073.0,403.05,1330.31,113.55,173.54,300.6,215.17,3609.22,0.82,19.51,1.113,R071
C00697,R0029,TRK034,road,411.8,2388.44,931.09,1072.55,251.89,176.85,351.31,0.0,5172.14,1.58,12.56,0.938,R029
C00698,R0004,TRK012,road,393.9,2284.62,745.62,1095.96,266.24,589.67,477.77,1789.82,7249.7,4.23,18.4,1.038,R004
C00699,R0060,TRK034,road,489.8,2840.84,916.7,1078.68,328.75,730.75,530.62,0.0,6426.33,1.94,13.12,0.986,R060
C00700,R0099,TRK022,local,269.4,2209.08,866.22,785.87,72.03,775.34,206.61,1429.81,6344.95,1.36,23.55,1.193,R099
C00701,R0037,TRK016,road,479.3,2779.94,1014.63,1349.46,331.46,627.48,638.59,0.0,6741.56,1.5,14.07,1.196,R037
C00702,R0077,TRK010,road,314.8,1825.84,682.02,995.98,239.13,179.68,236.61,0.0,4159.27,1.12,13.21,0.949,R077
C00703,R0088,TRK014,rail,130.4,469.44,110.57,506.23,23.35,169.52,222.33,346.92,1848.36,1.21,14.17,0.965,R088
C00704,R0084,TRK004,road,464.8,2695.84,924.23,1139.54,374.32,584.79,363.69,0.0,6082.42,5.33,13.09,1.177,R084
C00705,R0019,TRK049,road,84.0,487.2,200.56,1324.72,60.45,894.3,335.41,0.0,3302.63,2.74,39.32,1.185,R019
C00706,R0062,TRK021,road,110.9,643.22,223.22,1271.46,85.56,312.03,74.28,0.0,2609.76,1.01,23.53,1.246,R062
C00707,R0030,TRK045,rail,410.5,1477.8,341.71,468.19,65.42,404.08,667.55,0.0,3424.74,0.72,8.34,1.059,R030
C00708,R0044,TRK024,local,35.1,287.82,89.28,817.34,7.59,218.03,198.28,0.0,1618.34,0.35,46.11,1.045,R044
C00709,R0063,TRK008,local,546.9,4484.58,1717.69,972.65,156.37,732.3,151.61,0.0,8215.2,4.45,15.02,1.024,R063
C00710,R0026,TRK039,road,264.7,1535.26,662.62,1080.16,195.01,893.07,325.32,467.93,5159.36,2.02,19.49,1.206,R026
C00711,R0097,TRK038,road,197.7,1146.66,487.74,966.74,128.55,719.43,36.59,0.0,3485.7,3.42,17.63,0.932,R097
C00712,R0030,TRK035,road,450.0,2610.0,857.79,1095.68,295.22,625.15,534.12,0.0,6017.97,5.01,13.37,1.133,R030
C00713,R0028,TRK047,road,47.3,274.34,112.46,1282.5,42.56,234.98,351.96,0.0,2298.8,4.28,48.6,1.15,R028
C00714,R0025,TRK025,road,269.2,1561.36,545.66,1351.47,219.9,583.71,468.64,0.0,4730.74,3.17,17.57,0.939,R025
C00715,R0056,TRK011,rail,108.4,390.24,86.56,428.53,14.33,698.51,542.53,0.0,2160.7,1.4,19.93,1.119,R056
C00716,R0054,TRK050,road,396.7,2300.86,914.5,1005.16,250.04,803.44,160.01,0.0,5434.01,3.15,13.7,1.095,R054
C00717,R0049,TRK003,local,444.1,3641.62,1363.36,861.19,95.7,701.04,52.33,1567.72,8282.95,5.71,18.65,0.916,R049
C00718,R0001,TRK026,road,284.5,1650.1,618.95,1148.73,223.49,413.04,263.85,0.0,4318.15,0.89,15.18,0.914,R001
C00719,R0009,TRK025,rail,182.9,658.44,139.65,457.57,29.26,669.68,406.95,0.0,2361.55,1.67,12.91,0.951,R009
C00720,R0091,TRK005,road,38.9,225.62,77.44,1288.77,23.94,806.65,481.09,701.26,3604.75,0.79,92.67,0.989,R091
C00721,R0025,TRK042,road,485.6,2816.48,1214.51,1291.95,431.74,262.03,194.02,0.0,6210.73,2.34,12.79,1.115,R025
C00722,R0034,TRK032,road,311.2,1804.96,698.73,1209.91,235.38,221.83,625.95,0.0,4796.77,1.05,15.41,0.975,R034
C00723,R0053,TRK031,rail,482.5,1737.0,408.88,455.8,74.98,555.0,357.32,975.19,4564.17,1.07,9.46,1.006,R053
C00724,R0078,TRK041,road,302.3,1753.34,621.02,1260.85,212.74,546.76,213.51,444.65,5052.87,1.22,16.71,1.058,R078
C00725,R0021,TRK004,road,74.5,432.1,182.6,1352.91,55.4,798.18,104.97,1629.97,4556.12,1.26,61.16,1.14,R021
C00726,R0077,TRK011,road,45.2,262.16,108.77,1011.78,33.65,608.0,655.64,1741.24,4421.24,2.16,97.82,1.162,R077
C00727,R0002,TRK048,local,234.0,1918.8,661.2,843.95,54.98,518.91,20.22,0.0,4018.06,4.41,17.17,1.182,R002
C00728,R0040,TRK031,road,273.9,1588.62,548.39,1357.29,205.65,389.44,193.6,515.35,4798.34,1.01,17.52,0.975,R040
C00729,R0070,TRK029,road,306.5,1777.7,692.59,1408.07,265.71,543.21,38.76,725.69,5451.73,2.05,17.79,1.202,R070
C00730,R0096,TRK050,road,451.3,2617.54,1015.04,1027.15,400.34,879.95,205.0,0.0,6145.02,1.36,13.62,1.038,R096
C00731,R0039,TRK039,road,102.6,595.08,200.96,1064.46,62.7,202.95,217.14,808.8,3152.09,2.75,30.72,1.211,R039
C00732,R0016,TRK039,road,108.0,626.4,256.62,1088.08,93.77,262.79,619.36,0.0,2947.02,5.23,27.29,1.148,R016
C00733,R0046,TRK043,local,449.4,3685.08,1137.49,1008.53,112.78,330.73,257.52,214.06,6746.18,5.86,15.01,1.027,R046
C00734,R0073,TRK022,road,75.2,436.16,155.75,968.44,58.52,444.99,677.31,0.0,2741.17,0.79,36.45,0.964,R073
C00735,R0027,TRK009,road,271.7,1575.86,533.04,1044.67,216.93,770.66,443.48,0.0,4584.64,1.43,16.87,0.913,R027
C00736,R0018,TRK020,road,449.6,2607.68,1135.92,1125.13,277.72,388.21,169.18,0.0,5703.83,1.98,12.69,1.071,R018
C00737,R0035,TRK003,road,355.1,2059.58,707.99,1317.72,236.82,669.92,524.01,0.0,5516.05,6.7,15.53,1.188,R035
C00738,R0093,TRK007,road,139.7,810.26,299.68,1023.69,94.51,692.45,280.11,0.0,3200.7,1.1,22.91,1.202,R093
C00739,R0044,TRK048,local,182.3,1494.86,469.8,1045.84,41.52,266.27,45.38,1365.42,4729.09,0.95,25.94,1.13,R044
C00740,R0048,TRK027,rail,82.8,298.08,69.03,517.88,13.56,782.47,596.14,0.0,2277.16,0.6,27.5,1.072,R048
C00741,R0055,TRK034,rail,158.1,569.16,129.34,446.18,27.8,525.71,514.55,0.0,2212.74,1.34,14.0,1.056,R055
C00742,R0070,TRK026,road,448.9,2603.62,1081.36,1387.93,295.38,663.03,686.17,1753.36,8470.86,3.97,18.87,1.097,R070
C00743,R0058,TRK025,road,81.4,472.12,164.17,1286.82,71.64,478.76,283.55,1680.72,4437.78,1.27,54.52,1.153,R058
C00744,R0009,TRK044,rail,423.9,1526.04,300.92,396.66,67.63,384.01,578.39,0.0,3253.65,10.42,7.68,1.071,R009
C00745,R0061,TRK012,rail,162.1,583.56,111.19,431.44,23.74,775.61,183.61,0.0,2109.16,0.68,13.01,1.005,R061
C00746,R0022,TRK031,rail,444.6,1600.56,399.05,437.82,60.8,581.19,139.95,0.0,3219.38,0.75,7.24,1.185,R022
C00747,R0014,TRK039,road,400.1,2320.58,773.3,993.0,310.02,589.55,377.61,0.0,5364.06,3.53,13.41,1.211,R014
C00748,R0075,TRK028,road,97.4,564.92,237.68,1082.24,80.06,557.1,225.87,0.0,2747.87,1.0,28.21,1.172,R075
C00749,R0009,TRK017,road,542.5,3146.5,1275.73,1024.66,454.29,691.85,169.58,160.98,6923.58,2.32,12.76,0.988,R009
C00750,R0041,TRK013,road,105.9,614.22,203.91,1385.27,69.75,255.41,292.82,0.0,2821.38,2.38,26.64,1.156,R041
C00751,R0099,TRK009,local,56.8,465.76,163.4,723.01,13.31,354.96,136.9,0.0,1857.34,0.38,32.7,1.037,R099
C00752,R0086,TRK038,rail,525.1,1890.36,363.65,382.54,84.81,222.62,685.74,0.0,3629.71,1.0,6.91,1.012,R086
C00753,R0031,TRK049,road,59.9,347.42,148.99,1167.06,40.46,788.13,451.16,0.0,2943.23,3.63,49.14,0.938,R031
C00754,R0052,TRK015,local,215.3,1765.46,657.99,806.56,45.01,294.8,89.07,0.0,3658.89,0.83,16.99,1.012,R052
C00755,R0036,TRK017,rail,437.9,1576.44,361.22,411.14,72.18,617.43,378.01,36.0,3452.41,2.01,7.88,0.997,R036
C00756,R0022,TRK033,rail,48.8,175.68,36.51,539.73,6.91,344.76,304.45,0.0,1408.04,0.71,28.85,1.11,R022
C00757,R0049,TRK049,road,525.5,3047.9,1306.14,1321.13,321.32,642.9,601.75,821.51,8062.65,4.12,15.34,1.078,R049
C00758,R0037,TRK030,road,512.9,2974.82,1153.31,1034.57,316.22,611.2,22.53,1732.24,7844.88,4.7,15.3,0.955,R037
C00759,R0083,TRK005,rail,245.4,883.44,184.98,442.85,37.45,609.2,490.89,388.31,3037.13,6.7,12.38,0.941,R083
C00760,R0049,TRK037,road,483.7,2805.46,1090.17,1237.89,296.29,492.37,83.44,0.0,6005.62,6.83,12.42,1.095,R049
C00761,R0021,TRK008,road,464.4,2693.52,1054.84,1199.62,413.64,310.01,160.94,0.0,5832.56,3.57,12.56,1.118,R021
C00762,R0037,TRK016,rail,485.5,1747.8,368.76,492.3,78.13,360.46,229.8,0.0,3277.25,0.7,6.75,1.149,R037
C00763,R0076,TRK016,local,482.0,3952.4,1325.91,776.13,101.44,326.28,53.36,1527.34,8062.85,4.03,16.73,1.028,R076
C00764,R0045,TRK043,road,181.1,1050.38,344.64,1144.22,118.45,505.97,625.94,198.52,3988.12,1.79,22.02,1.111,R045
C00765,R0033,TRK012,rail,371.3,1336.68,289.29,387.18,56.81,199.72,238.0,0.0,2507.68,0.61,6.75,0.998,R033
C00766,R0027,TRK011,road,302.7,1755.66,717.49,1368.3,189.24,373.04,279.89,285.61,4969.24,1.09,16.42,1.005,R027
C00767,R0041,TRK004,local,400.6,3284.92,954.8,753.76,114.75,584.32,115.74,0.0,5808.29,1.8,14.5,1.233,R041
C00768,R0082,TRK030,road,101.8,590.44,220.32,1247.11,61.87,331.8,500.56,940.92,3893.02,0.79,38.24,1.163,R082
C00769,R0089,TRK042,road,307.2,1781.76,747.77,1082.14,192.84,865.51,487.46,0.0,5157.49,3.29,16.79,1.215,R089
C00770,R0049,TRK003,road,393.8,2284.04,908.28,1138.33,295.94,755.27,641.29,46.18,6069.33,3.42,15.41,0.996,R049
C00771,R0038,TRK047,road,239.4,1388.52,479.17,965.78,214.45,653.66,32.32,0.0,3733.9,4.03,15.6,1.243,R038
C00772,R0100,TRK005,rail,62.4,224.64,53.58,457.58,10.52,150.96,148.25,0.0,1045.54,0.41,16.76,1.21,R100
C00773,R0080,TRK019,road,471.2,2732.96,1176.59,1408.04,417.56,447.67,340.38,0.0,6523.19,2.02,13.84,1.166,R080
C00774,R0098,TRK003,road,321.9,1867.02,777.61,1078.67,262.72,310.91,325.84,560.25,5183.02,3.7,16.1,0.915,R098
C00775,R0020,TRK008,road,436.0,2528.8,836.94,1123.26,320.11,261.71,193.32,481.29,5745.42,10.21,13.18,1.204,R020
C00776,R0057,TRK025,rail,459.1,1652.76,324.64,464.17,77.21,883.75,535.98,0.0,3938.51,1.09,8.58,1.174,R057
C00777,R0046,TRK002,road,355.2,2060.16,795.81,1184.97,235.31,221.83,92.34,0.0,4590.42,1.29,12.92,1.085,R046
C00778,R0087,TRK027,local,80.6,660.92,222.53,1045.61,19.4,696.59,94.56,43.65,2783.26,0.98,34.53,0.942,R087
C00779,R0079,TRK027,road,237.5,1377.5,496.57,1395.63,205.63,428.65,130.99,0.0,4034.97,5.72,16.99,1.069,R079
C00780,R0059,TRK017,road,411.0,2383.8,869.25,988.34,367.95,164.4,532.41,0.0,5306.16,1.47,12.91,1.196,R059
C00781,R0019,TRK010,road,429.4,2490.52,825.62,1214.3,304.21,557.52,37.8,0.0,5429.97,16.04,12.65,1.013,R019
C00782,R0013,TRK047,road,340.1,1972.58,812.56,1068.39,295.73,459.4,58.06,0.0,4666.73,1.24,13.72,0.993,R013
C00783,R0017,TRK034,road,208.4,1208.72,397.55,1313.92,157.35,393.7,218.47,0.0,3689.7,2.34,17.7,0.958,R017
C00784,R0021,TRK033,local,266.9,2188.58,672.76,791.7,53.71,362.3,234.68,0.0,4303.72,1.33,16.12,0.989,R021
C00785,R0067,TRK010,road,246.0,1426.8,532.18,1297.4,173.51,625.38,115.16,0.0,4170.42,1.05,16.95,1.243,R067
C00786,R0020,TRK032,road,235.6,1366.48,537.84,1006.68,164.78,444.78,288.06,637.86,4446.47,2.74,18.87,1.226,R020
C00787,R0005,TRK003,local,117.1,960.22,340.21,897.39,26.65,469.41,41.08,1106.7,3841.67,1.37,32.81,1.138,R005
C00788,R0011,TRK014,local,439.1,3600.62,1136.34,1039.2,107.29,856.6,261.53,0.0,7001.58,1.48,15.95,0.948,R011
C00789,R0018,TRK036,road,76.8,445.44,150.66,1187.96,54.4,865.6,0.33,377.59,3081.98,0.67,40.13,1.046,R018
C00790,R0009,TRK024,road,396.7,2300.86,949.36,1085.71,271.34,690.73,570.94,0.0,5868.93,1.42,14.79,1.09,R009
C00791,R0010,TRK006,road,272.5,1580.5,561.05,1051.64,201.02,315.53,217.24,0.0,3926.98,1.81,14.41,1.132,R010
C00792,R0093,TRK026,rail,140.2,504.72,107.94,532.91,19.33,272.23,666.09,0.0,2103.22,0.68,15.0,0.952,R093
C00793,R0078,TRK028,road,178.6,1035.88,385.96,1268.32,143.65,860.34,88.96,86.12,3869.23,1.54,21.66,1.041,R078
C00794,R0031,TRK005,rail,322.6,1161.36,280.63,398.97,49.78,696.3,4.61,69.74,2661.38,0.58,8.25,1.01,R031
C00795,R0019,TRK027,road,356.7,2068.86,753.41,998.54,267.53,819.07,167.24,0.0,5074.65,1.03,14.23,1.049,R019
C00796,R0059,TRK047,local,189.5,1553.9,525.29,1044.05,46.84,680.27,171.4,1211.03,5232.79,1.14,27.61,1.053,R059
C00797,R0059,TRK010,rail,543.7,1957.32,412.89,400.51,91.27,637.85,62.63,0.0,3562.47,1.49,6.55,1.178,R059
C00798,R0041,TRK039,road,270.6,1569.48,551.87,1014.63,178.26,613.32,592.23,0.0,4519.8,1.62,16.7,0.994,R041
C00799,R0047,TRK017,road,73.4,425.72,169.24,1281.5,62.36,167.62,578.76,1208.74,3893.94,1.21,53.05,1.13,R047
C00800,R0065,TRK027,local,155.6,1275.92,489.42,932.91,31.7,464.86,33.01,746.66,3974.49,4.89,25.54,1.02,R065
C00801,R0098,TRK005,road,504.7,2927.26,1258.18,1331.22,420.33,561.49,258.33,1588.53,8345.34,1.9,16.54,1.021,R098
C00802,R0009,TRK024,road,474.0,2749.2,1060.73,1030.89,295.52,615.78,650.92,1211.03,7614.07,1.65,16.06,0.94,R009
C00803,R0084,TRK019,road,89.4,518.52,214.7,1091.85,65.74,792.13,598.4,0.0,3281.34,0.66,36.7,0.98,R084
C00804,R0098,TRK015,rail,77.3,278.28,69.11,434.35,11.7,452.98,186.49,338.86,1771.77,1.24,22.92,0.983,R098
C00805,R0072,TRK001,local,301.7,2473.94,892.86,935.06,69.01,683.9,123.29,0.0,5178.06,14.79,17.16,1.09,R072
C00806,R0012,TRK006,road,59.2,343.36,124.56,1052.69,39.58,868.43,293.42,0.0,2722.03,2.16,45.98,0.977,R012
C00807,R0097,TRK032,local,321.4,2635.48,774.32,965.14,83.27,289.89,212.32,1231.39,6191.82,1.77,19.27,1.238,R097
C00808,R0005,TRK034,road,458.5,2659.3,941.51,1303.86,368.27,281.44,115.32,0.0,5669.7,2.65,12.37,1.003,R005
C00809,R0041,TRK020,road,547.5,3175.5,1239.39,1290.61,334.7,769.58,362.68,0.0,7172.45,1.69,13.1,1.178,R041
C00810,R0052,TRK031,road,495.4,2873.32,1186.06,998.74,413.96,636.47,2.01,0.0,6110.56,2.5,12.33,1.184,R052
C00811,R0061,TRK005,rail,266.3,958.68,226.45,391.13,35.76,173.65,698.31,0.0,2483.97,2.35,9.33,1.172,R061
C00812,R0017,TRK050,road,95.3,552.74,212.42,1239.86,60.79,753.61,377.78,1046.22,4243.42,2.8,44.53,1.021,R017
C00813,R0005,TRK018,rail,62.4,224.64,56.18,427.39,9.38,721.98,696.26,0.0,2135.85,0.55,34.23,0.976,R005
C00814,R0004,TRK041,road,543.8,3154.04,1062.63,1122.68,394.64,579.77,73.29,1061.11,7448.16,4.39,13.7,1.128,R004
C00815,R0029,TRK025,road,274.2,1590.36,641.09,979.49,220.21,278.89,214.48,0.0,3924.52,5.53,14.31,1.231,R029
C00816,R0083,TRK046,road,347.6,2016.08,847.41,1360.82,220.11,373.53,582.35,0.0,5400.3,3.47,15.54,1.246,R083
C00817,R0085,TRK029,rail,144.9,521.64,126.17,446.57,19.14,833.23,85.78,1429.85,3462.38,1.04,23.89,0.951,R085
C00818,R0020,TRK035,road,131.5,762.7,323.98,1260.59,102.13,465.89,579.71,1670.2,5165.19,5.35,39.28,1.094,R020
C00819,R0061,TRK003,road,238.3,1382.14,600.11,965.6,149.18,589.03,470.52,1121.35,5277.93,1.07,22.15,1.034,R061
C00820,R0067,TRK043,road,286.2,1659.96,548.18,1307.97,178.78,169.06,609.03,0.0,4472.97,1.38,15.63,1.002,R067
C00821,R0007,TRK014,road,443.0,2569.4,1061.18,1273.83,361.78,555.84,553.11,0.0,6375.13,1.89,14.39,0.937,R007
C00822,R0092,TRK038,road,203.8,1182.04,488.09,974.63,145.97,365.81,309.61,0.0,3466.14,0.73,17.01,1.14,R092
C00823,R0033,TRK043,rail,331.7,1194.12,252.51,523.0,48.25,537.33,447.73,189.49,3192.42,1.06,9.62,1.209,R033
C00824,R0087,TRK047,rail,502.7,1809.72,444.38,461.04,89.23,784.82,332.68,1052.83,4974.71,1.83,9.9,1.098,R087
C00825,R0022,TRK002,road,308.8,1791.04,589.96,973.55,187.46,247.09,599.79,0.0,4388.88,0.96,14.21,1.056,R022
C00826,R0091,TRK036,rail,520.1,1872.36,357.23,451.33,75.26,564.33,491.14,1443.19,5254.83,11.48,10.1,0.965,R091
C00827,R0060,TRK018,road,468.5,2717.3,1085.85,1182.73,402.14,621.14,125.69,1059.47,7194.31,1.5,15.36,1.201,R060
C00828,R0061,TRK025,road,471.6,2735.28,882.97,1236.59,334.75,491.49,320.11,1722.05,7723.24,2.25,16.38,0.962,R061
C00829,R0037,TRK046,road,157.4,912.92,343.29,1019.85,133.67,463.55,431.08,0.0,3304.35,0.8,20.99,1.216,R037
C00830,R0024,TRK020,road,233.8,1356.04,453.01,1048.57,160.1,611.48,119.11,18.45,3766.77,1.76,16.11,0.983,R024
C00831,R0085,TRK003,road,137.4,796.92,306.78,1062.28,91.14,586.97,320.16,0.0,3164.25,4.41,23.03,1.003,R085
C00832,R0068,TRK042,road,71.9,417.02,179.63,1155.53,55.71,682.49,290.94,1626.59,4407.91,2.32,61.31,1.061,R068
C00833,R0026,TRK035,road,271.8,1576.44,520.96,1029.2,228.04,433.4,508.81,0.0,4296.85,0.95,15.81,1.218,R026
C00834,R0003,TRK025,road,111.1,644.38,262.1,1233.96,95.22,158.33,472.74,0.0,2866.73,1.69,25.8,1.187,R003
C00835,R0067,TRK033,local,79.4,651.08,235.76,798.37,17.0,626.35,138.45,1450.33,3917.33,7.35,49.34,1.191,R067
C00836,R0052,TRK006,road,409.9,2377.42,970.65,1435.04,266.77,414.98,289.3,474.02,6228.18,1.81,15.19,1.144,R052
C00837,R0031,TRK038,road,157.3,912.34,362.21,1375.41,133.65,376.01,538.53,0.0,3698.15,0.88,23.51,1.213,R031
C00838,R0007,TRK018,road,313.6,1818.88,669.37,1391.24,265.5,626.12,676.46,0.0,5447.58,1.12,17.37,1.232,R007
C00839,R0031,TRK005,rail,528.0,1900.8,372.44,453.11,91.71,398.59,480.45,0.0,3697.1,2.95,7.0,1.037,R031
C00840,R0069,TRK018,rail,232.1,835.56,212.47,492.0,36.05,258.56,421.1,147.67,2403.42,0.62,10.36,1.029,R069
C00841,R0011,TRK026,road,319.1,1850.78,756.02,1060.85,267.28,724.23,176.36,512.91,5348.42,8.08,16.76,1.239,R011
C00842,R0047,TRK035,road,378.8,2197.04,822.88,1200.99,317.47,773.14,191.74,1046.01,6549.27,4.89,17.29,1.07,R047
C00843,R0013,TRK018,road,309.9,1797.42,622.8,1330.35,252.19,672.52,402.78,0.0,5078.06,1.15,16.39,1.027,R013
C00844,R0078,TRK023,road,293.7,1703.46,683.53,1199.94,239.85,156.96,258.31,0.0,4242.06,1.4,14.44,1.198,R078
C00845,R0076,TRK008,local,263.3,2159.06,644.64,1017.03,68.11,866.96,38.8,0.0,4794.59,11.88,18.21,1.069,R076
C00846,R0072,TRK002,rail,339.0,1220.4,246.38,424.64,55.28,270.66,534.98,0.0,2752.34,6.11,8.12,1.045,R072
C00847,R0050,TRK030,road,84.6,490.68,213.09,1432.94,60.78,209.82,424.03,0.0,2831.34,1.76,33.47,1.12,R050
C00848,R0075,TRK015,road,183.8,1066.04,457.15,1042.73,155.96,406.54,163.89,0.0,3292.3,1.41,17.91,1.033,R075
C00849,R0028,TRK016,rail,64.5,232.2,47.75,529.5,10.34,625.96,502.28,1281.31,3229.34,1.3,50.07,1.007,R028
C00850,R0007,TRK045,road,37.0,214.6,74.28,1129.12,29.31,236.81,224.11,0.0,1908.24,0.58,51.57,1.102,R007
C00851,R0048,TRK013,road,294.6,1708.68,556.76,1368.67,235.72,176.57,486.36,0.0,4532.76,3.85,15.39,1.244,R048
C00852,R0038,TRK050,local,175.3,1437.46,424.46,790.19,44.57,291.97,225.03,322.36,3536.04,4.27,20.17,1.138,R038
C00853,R0015,TRK036,rail,412.3,1484.28,310.08,486.36,60.66,212.32,666.63,748.36,3968.69,12.22,9.63,1.238,R015
C00854,R0097,TRK013,local,91.3,748.66,261.56,961.09,24.19,890.67,19.55,0.0,2905.73,0.62,31.83,0.999,R097
C00855,R0056,TRK016,road,132.3,767.34,311.65,1429.77,98.23,827.8,665.94,789.82,4890.56,4.31,36.97,0.945,R056
C00856,R0089,TRK043,local,182.2,1494.04,452.91,756.11,50.2,831.38,134.84,0.0,3719.49,4.64,20.41,1.181,R089
C00857,R0050,TRK041,rail,378.6,1362.96,304.73,513.81,64.98,458.83,244.27,0.0,2949.57,0.81,7.79,1.038,R050
C00858,R0007,TRK042,road,113.6,658.88,278.86,1403.77,78.41,447.18,98.09,586.73,3551.91,1.34,31.27,0.949,R007
C00859,R0063,TRK014,road,92.4,535.92,193.83,1125.68,74.3,700.03,597.81,0.0,3227.57,4.86,34.93,1.029,R063
C00860,R0052,TRK037,road,144.3,836.94,270.53,1199.52,94.66,400.64,514.99,0.0,3317.28,3.39,22.99,1.061,R052
C00861,R0004,TRK047,rail,295.1,1062.36,257.54,407.39,47.12,611.1,676.58,0.0,3062.09,0.68,10.38,1.148,R004
C00862,R0100,TRK015,rail,315.0,1134.0,270.92,425.49,52.24,313.37,48.2,0.0,2244.22,0.48,7.12,1.115,R100
C00863,R0076,TRK006,rail,196.8,708.48,168.42,499.91,32.64,290.78,256.85,0.0,1957.07,1.51,9.94,1.114,R076
C00864,R0098,TRK047,road,531.9,3085.02,1013.36,1138.51,363.98,431.44,474.59,0.0,6506.91,2.2,12.23,1.11,R098
C00865,R0086,TRK006,local,388.5,3185.7,1009.49,961.76,79.4,483.19,208.32,156.43,6084.29,1.66,15.66,1.154,R086
C00866,R0067,TRK008,road,159.1,922.78,360.88,1047.73,106.13,567.43,426.26,0.0,3431.21,1.42,21.57,1.156,R067
C00867,R0034,TRK027,road,262.6,1523.08,564.47,1208.02,223.78,570.48,114.35,1613.88,5818.06,1.99,22.16,1.145,R034
C00868,R0053,TRK001,road,399.1,2314.78,992.32,1028.45,252.53,176.33,34.31,0.0,4798.72,1.85,12.02,1.004,R053
C00869,R0085,TRK047,road,93.6,542.88,195.45,1329.87,80.26,167.37,151.47,1765.39,4232.69,0.85,45.22,0.978,R085
C00870,R0083,TRK011,rail,231.5,833.4,162.1,393.69,36.18,639.43,170.3,361.03,2596.13,1.16,11.21,0.998,R083
C00871,R0053,TRK026,rail,265.5,955.8,202.66,443.64,46.26,841.78,228.38,132.46,2850.97,0.78,10.74,0.919,R053
C00872,R0039,TRK048,road,400.4,2322.32,860.44,1095.73,259.33,556.45,419.41,1394.39,6908.07,3.2,17.25,1.118,R039
C00873,R0090,TRK006,road,524.8,3043.84,1183.47,1040.67,403.31,735.83,237.08,0.0,6644.2,1.59,12.66,1.007,R090
C00874,R0031,TRK019,rail,232.4,836.64,178.61,509.26,30.21,863.2,562.81,0.0,2980.74,0.81,12.83,0.958,R031
C00875,R0010,TRK036,road,337.3,1956.34,785.2,1122.79,288.15,326.78,428.83,0.0,4908.1,1.25,14.55,1.157,R010
C00876,R0002,TRK034,local,439.3,3602.26,1125.59,1034.39,125.23,755.95,209.79,0.0,6853.2,1.76,15.6,0.919,R002
C00877,R0047,TRK007,road,96.1,557.38,230.23,1030.87,62.92,374.9,511.7,1690.09,4458.09,1.32,46.39,1.24,R047
C00878,R0090,TRK027,road,291.3,1689.54,604.01,1305.91,246.24,501.13,413.09,128.56,4888.49,1.23,16.78,1.214,R090
C00879,R0001,TRK007,road,272.6,1581.08,513.14,1183.41,181.18,254.57,531.03,184.81,4429.23,2.9,16.25,0.996,R001
C00880,R0066,TRK011,road,443.6,2572.88,948.95,966.71,310.76,857.74,16.11,0.0,5673.16,2.14,12.79,1.115,R066
C00881,R0095,TRK005,road,530.1,3074.58,1231.69,1293.61,475.18,859.15,565.64,0.0,7499.85,1.69,14.15,1.232,R095
C00882,R0091,TRK026,road,285.8,1657.64,669.48,1158.33,218.52,739.85,441.35,0.0,4885.18,2.56,17.09,1.024,R091
C00883,R0033,TRK011,road,485.7,2817.06,1056.2,1293.84,423.34,819.19,693.47,0.0,7103.1,9.12,14.62,0.952,R033
C00884,R0002,TRK005,rail,65.4,235.44,55.33,401.45,10.87,385.27,256.78,562.28,1907.42,0.44,29.17,0.938,R002
C00885,R0046,TRK019,rail,102.1,367.56,84.58,479.24,15.47,261.12,640.46,0.0,1848.43,0.42,18.1,1.105,R046
C00886,R0074,TRK041,rail,538.7,1939.32,437.22,373.27,80.47,821.92,157.88,0.0,3810.09,2.69,7.07,0.921,R074
C00887,R0043,TRK004,road,500.9,2905.22,1073.56,1287.83,363.36,330.21,362.92,0.0,6323.1,4.87,12.62,1.016,R043
C00888,R0024,TRK032,road,69.1,400.78,158.02,1421.2,62.04,365.21,6.0,0.0,2413.24,3.19,34.92,0.924,R024
C00889,R0074,TRK005,road,364.9,2116.42,763.71,1020.12,221.79,417.06,219.85,0.0,4758.94,1.19,13.04,1.157,R074
C00890,R0050,TRK005,road,492.3,2855.34,1170.31,1149.59,315.02,599.3,659.68,485.62,7234.86,2.1,14.7,1.094,R050
C00891,R0044,TRK042,road,69.3,401.94,134.5,1304.55,59.94,224.28,318.78,890.95,3334.95,1.42,48.12,1.092,R044
C00892,R0003,TRK036,road,473.3,2745.14,1186.11,971.26,408.38,701.38,112.56,615.42,6740.24,3.85,14.24,1.055,R003
C00893,R0067,TRK010,road,349.6,2027.68,763.35,1040.11,264.11,387.49,130.73,0.0,4613.47,1.35,13.2,1.11,R067
C00894,R0017,TRK027,road,480.0,2784.0,1170.74,1353.24,388.46,646.47,435.12,0.0,6778.03,7.72,14.12,1.171,R017
C00895,R0059,TRK012,road,48.7,282.46,99.89,1295.1,36.47,825.88,268.6,1406.94,4215.33,10.68,86.56,0.924,R059
C00896,R0057,TRK028,road,39.2,227.36,75.7,1396.73,27.31,165.33,601.74,0.0,2494.18,2.29,63.63,0.978,R057
C00897,R0002,TRK041,road,143.2,830.56,281.13,1145.26,92.12,300.45,274.27,0.0,2923.79,3.7,20.42,0.933,R002
C00898,R0044,TRK019,road,50.2,291.16,106.53,1191.45,37.18,426.3,58.59,0.0,2111.21,0.57,42.06,0.921,R044
C00899,R0042,TRK028,road,221.1,1282.38,460.71,1262.36,153.25,486.86,299.71,434.69,4379.97,2.38,19.81,1.159,R042
C00900,R0057,TRK020,rail,326.1,1173.96,255.15,367.73,51.21,259.52,283.84,0.0,2391.41,0.59,7.33,1.126,R057
C00901,R0078,TRK008,rail,341.7,1230.12,238.43,522.69,52.6,858.2,47.48,0.0,2949.52,3.25,8.63,1.2,R078
C00902,R0072,TRK022,local,364.3,2987.26,911.48,815.58,95.36,512.56,240.2,0.0,5562.44,1.36,15.27,1.052,R072
C00903,R0097,TRK035,road,453.4,2629.72,884.57,969.23,309.2,714.32,682.18,1382.78,7571.99,2.23,16.7,1.069,R097
C00904,R0002,TRK024,road,360.8,2092.64,796.3,1030.48,244.64,330.97,318.1,0.0,4813.14,2.86,13.34,0.916,R002
C00905,R0092,TRK026,road,533.2,3092.56,1176.24,1344.41,418.17,773.2,88.05,0.0,6892.62,3.03,12.93,1.123,R092
C00906,R0055,TRK030,road,134.5,780.1,253.13,1152.86,93.78,506.77,263.12,0.0,3049.76,0.78,22.67,1.031,R055
C00907,R0047,TRK018,rail,365.9,1317.24,316.22,424.21,49.09,459.53,489.88,920.68,3976.84,0.9,10.87,1.054,R047
C00908,R0033,TRK027,road,196.8,1141.44,369.41,998.59,168.69,496.13,472.33,0.0,3646.59,1.2,18.53,0.956,R033
C00909,R0006,TRK001,rail,461.9,1662.84,353.35,465.34,71.59,369.73,490.09,0.0,3412.94,1.61,7.39,0.998,R006
C00910,R0004,TRK041,road,244.3,1416.94,573.38,1301.23,215.82,849.89,598.39,0.0,4955.65,3.29,20.29,0.922,R004
C00911,R0017,TRK037,road,153.7,891.46,298.03,961.42,115.1,616.98,521.36,0.0,3404.34,0.82,22.15,1.228,R017
C00912,R0079,TRK032,road,324.9,1884.42,613.41,1254.63,201.9,323.03,566.6,0.0,4843.99,2.6,14.91,1.242,R079
C00913,R0036,TRK029,road,215.5,1249.9,495.18,1015.6,153.15,266.55,17.15,0.0,3197.54,0.82,14.84,1.159,R036
C00914,R0073,TRK013,road,281.2,1630.96,675.01,1399.52,192.07,166.97,603.58,0.0,4668.12,5.78,16.6,0.958,R073
C00915,R0005,TRK020,road,98.0,568.4,197.97,1293.34,72.27,308.28,326.66,0.0,2766.93,0.64,28.23,0.911,R005
C00916,R0045,TRK029,road,102.3,593.34,194.18,1315.18,70.21,421.37,660.79,1066.6,4321.68,2.4,42.25,0.914,R045
C00917,R0078,TRK031,road,352.0,2041.6,842.94,1189.06,278.57,785.55,355.6,637.54,6130.87,5.41,17.42,0.912,R078
C00918,R0074,TRK050,road,244.4,1417.52,507.32,1396.84,160.94,329.45,378.32,0.0,4190.39,1.22,17.15,1.239,R074
C00919,R0067,TRK040,road,444.3,2576.94,905.2,1425.09,356.21,701.12,98.64,0.0,6063.2,1.49,13.65,1.225,R067
C00920,R0086,TRK027,road,340.8,1976.64,811.63,1106.61,247.37,172.31,440.66,668.54,5423.75,1.52,15.91,0.92,R086
C00921,R0049,TRK021,road,192.5,1116.5,420.94,1414.82,145.58,646.96,128.19,756.74,4629.73,1.67,24.05,1.065,R049
C00922,R0021,TRK037,road,485.6,2816.48,987.62,1389.33,427.32,369.4,358.86,0.0,6349.02,4.19,13.07,1.008,R021
C00923,R0066,TRK003,road,428.5,2485.3,943.89,1222.3,337.21,539.85,571.44,0.0,6099.99,4.14,14.24,1.042,R066
C00924,R0008,TRK036,road,499.2,2895.36,1058.35,1131.58,329.51,215.5,652.24,792.59,7075.13,3.24,14.17,1.114,R008
C00925,R0067,TRK047,rail,150.1,540.36,119.99,419.58,18.22,221.67,530.78,402.01,2252.61,0.52,15.01,1.054,R067
C00926,R0088,TRK025,road,157.5,913.5,356.62,1315.07,140.6,771.97,500.95,0.0,3998.7,5.92,25.39,1.223,R088
C00927,R0049,TRK039,road,244.9,1420.42,531.69,1069.89,168.76,419.8,96.76,415.12,4122.44,1.42,16.83,1.073,R049
C00928,R0077,TRK013,rail,388.0,1396.8,285.35,466.24,49.15,429.2,501.1,1734.74,4862.57,1.06,12.53,1.017,R077
C00929,R0082,TRK024,road,549.4,3186.52,1174.54,1073.15,369.16,278.56,608.75,0.0,6690.68,1.68,12.18,1.103,R082
C00930,R0072,TRK005,road,83.3,483.14,177.48,1250.92,59.34,357.34,455.76,0.0,2783.97,0.57,33.42,1.196,R072
C00931,R0053,TRK009,rail,144.3,519.48,130.91,377.95,22.16,161.17,422.24,0.0,1633.9,0.4,11.32,1.205,R053
C00932,R0031,TRK009,road,430.0,2494.0,979.05,1043.31,340.95,681.13,623.29,1321.04,7482.78,1.65,17.4,0.917,R031
C00933,R0072,TRK035,rail,482.9,1738.44,368.24,455.5,62.29,700.37,445.85,0.0,3770.69,0.9,7.81,1.199,R072
C00934,R0048,TRK020,local,294.3,2413.26,812.48,881.22,88.17,496.44,137.35,1343.66,6172.56,19.21,20.97,0.936,R048
C00935,R0065,TRK008,road,56.7,328.86,130.72,1036.93,46.18,237.55,657.7,0.0,2437.94,0.57,43.0,1.174,R065
C00936,R0001,TRK012,rail,248.2,893.52,222.51,460.18,38.27,560.0,83.32,192.51,2450.31,1.04,9.87,1.17,R001
C00937,R0008,TRK031,rail,279.2,1005.12,206.02,518.74,38.01,585.62,396.94,0.0,2750.45,0.84,9.85,0.904,R008
C00938,R0084,TRK028,rail,176.3,634.68,160.21,466.04,27.76,723.31,626.38,0.0,2638.38,1.88,14.97,0.964,R084
C00939,R0008,TRK048,road,95.9,556.22,229.21,1413.71,79.9,630.09,246.1,0.0,3155.22,2.62,32.9,1.174,R008
C00940,R0079,TRK048,rail,228.1,821.16,192.88,484.54,40.8,242.59,619.93,951.75,3353.66,0.68,14.7,1.074,R079
C00941,R0089,TRK001,road,364.4,2113.52,801.14,1353.29,222.25,771.84,561.65,1024.86,6848.55,1.52,18.79,1.235,R089
C00942,R0073,TRK034,road,201.0,1165.8,393.76,1425.43,137.26,364.07,580.03,0.0,4066.35,11.18,20.23,1.104,R073
C00943,R0052,TRK030,rail,276.8,996.48,240.15,459.08,45.9,721.04,348.07,0.0,2810.72,3.74,10.15,0.904,R052
C00944,R0075,TRK028,road,189.1,1096.78,420.55,1202.03,144.78,648.17,489.92,0.0,4002.23,1.76,21.16,1.045,R075
C00945,R0011,TRK013,road,437.5,2537.5,1102.96,1319.04,302.6,665.94,596.09,1641.54,8165.67,2.78,18.66,1.205,R011
C00946,R0094,TRK030,road,101.7,589.86,213.27,1185.74,68.46,892.98,266.58,0.0,3216.9,0.9,31.63,1.14,R094
C00947,R0018,TRK014,rail,359.9,1295.64,255.1,537.71,60.82,699.69,128.89,0.0,2977.85,1.12,8.27,1.231,R018
C00948,R0087,TRK037,local,70.3,576.46,190.22,1063.52,20.98,407.65,197.35,120.97,2577.15,0.64,36.66,1.248,R087
C00949,R0039,TRK042,road,481.9,2795.02,905.57,1306.59,398.3,411.08,283.43,0.0,6099.98,1.97,12.66,1.017,R039
C00950,R0095,TRK048,road,249.0,1444.2,488.18,1345.89,200.98,186.84,551.8,0.0,4217.9,0.89,16.94,1.209,R095
C00951,R0069,TRK032,road,301.3,1747.54,743.65,1384.86,186.49,515.17,20.91,0.0,4598.62,1.22,15.26,1.245,R069
C00952,R0047,TRK030,road,352.4,2043.92,885.14,1108.11,224.85,201.14,668.92,1295.52,6427.59,2.84,18.24,1.149,R047
C00953,R0050,TRK043,road,312.8,1814.24,616.72,1257.11,270.32,572.08,661.61,0.0,5192.09,1.19,16.6,0.989,R050
C00954,R0010,TRK043,rail,112.8,406.08,97.11,496.17,13.93,495.73,361.34,0.0,1870.36,0.39,16.58,1.139,R010
C00955,R0081,TRK008,road,465.6,2700.48,893.97,1129.5,342.83,290.93,131.17,0.0,5488.89,2.0,11.79,1.136,R081
C00956,R0012,TRK020,road,282.7,1639.66,699.01,983.71,249.87,412.12,292.04,860.47,5136.87,1.51,18.17,1.107,R012
C00957,R0008,TRK008,road,509.8,2956.84,986.77,1303.92,415.71,514.9,615.27,218.97,7012.38,21.09,13.76,0.926,R008
C00958,R0042,TRK049,local,103.7,850.34,300.76,1007.54,26.13,646.75,150.18,0.0,2981.71,6.36,28.75,1.093,R042
C00959,R0024,TRK005,road,435.5,2525.9,999.9,1093.74,304.25,623.99,647.06,0.0,6194.84,2.28,14.22,1.227,R024
C00960,R0080,TRK009,road,518.2,3005.56,1050.08,1396.58,386.84,522.11,6.19,0.0,6367.37,1.32,12.29,1.215,R080
C00961,R0017,TRK011,rail,407.0,1465.2,353.45,424.69,70.64,429.58,213.65,135.55,3092.76,7.51,7.6,1.119,R017
C00962,R0013,TRK021,road,285.8,1657.64,589.75,962.0,191.45,549.0,394.48,0.0,4344.32,4.23,15.2,1.163,R013
C00963,R0059,TRK011,road,39.1,226.78,88.17,1081.48,32.96,357.22,380.42,0.0,2167.03,0.75,55.42,1.093,R059
C00964,R0029,TRK035,road,450.0,2610.0,994.79,1169.88,321.22,591.17,205.69,0.0,5892.76,2.07,13.1,1.117,R029
C00965,R0029,TRK049,rail,456.7,1644.12,374.3,486.41,55.06,201.37,459.4,0.0,3220.67,1.3,7.05,0.949,R029
C00966,R0067,TRK015,road,318.4,1846.72,744.11,1354.33,198.43,550.24,572.12,0.0,5265.95,1.49,16.54,0.91,R067
C00967,R0006,TRK015,road,519.7,3014.26,1204.87,1349.32,434.54,345.87,505.81,0.0,6854.67,1.42,13.19,0.949,R006
C00968,R0027,TRK023,rail,479.6,1726.56,429.02,479.17,77.7,621.2,251.22,0.0,3584.88,3.25,7.47,1.042,R027
C00969,R0042,TRK032,rail,487.5,1755.0,402.82,435.45,83.34,573.74,134.55,1647.25,5032.17,15.53,10.32,0.997,R042
C00970,R0042,TRK040,road,162.0,939.6,308.08,1419.68,133.19,623.07,488.97,0.0,3912.59,0.96,24.15,1.077,R042
C00971,R0050,TRK044,road,132.4,767.92,333.68,1108.48,81.33,381.86,356.97,0.0,3030.25,1.19,22.89,1.246,R050
C00972,R0013,TRK013,road,237.2,1375.76,455.88,1107.98,203.74,285.67,325.69,0.0,3754.72,3.68,15.83,1.113,R013
C00973,R0037,TRK025,road,171.9,997.02,413.41,1412.78,108.6,687.59,257.45,423.76,4300.61,4.35,25.02,1.237,R037
C00974,R0036,TRK045,road,474.0,2749.2,1076.19,1290.5,302.99,564.92,625.6,90.82,6700.22,7.24,14.14,1.107,R036
C00975,R0068,TRK021,road,74.7,433.26,174.01,1223.73,62.55,284.57,291.39,0.0,2469.5,3.92,33.06,1.167,R068
C00976,R0036,TRK036,local,111.7,915.94,304.18,989.75,25.89,883.85,162.34,1285.39,4567.34,4.43,40.89,0.989,R036
C00977,R0057,TRK034,road,62.8,364.24,136.62,1406.5,39.23,667.36,240.63,616.52,3471.09,3.63,55.27,1.033,R057
C00978,R0048,TRK036,road,450.5,2612.9,1077.09,1119.74,379.18,459.59,21.42,1143.05,6812.97,1.86,15.12,1.249,R048
C00979,R0098,TRK047,road,278.3,1614.14,537.05,1340.6,216.8,240.26,446.55,281.93,4677.34,4.17,16.81,1.003,R098
C00980,R0074,TRK005,local,402.0,3296.4,1241.7,883.26,83.65,771.8,2.18,0.0,6278.99,9.14,15.62,1.032,R074
C00981,R0028,TRK026,road,195.6,1134.48,490.83,1161.83,126.83,470.43,668.59,0.0,4052.99,1.12,20.72,1.151,R028
C00982,R0020,TRK024,road,278.1,1612.98,578.42,1072.19,226.17,590.95,606.28,0.0,4686.98,1.05,16.85,1.202,R020
C00983,R0061,TRK049,road,89.4,518.52,218.18,1129.05,62.38,868.87,420.93,0.0,3217.94,1.51,35.99,1.036,R061
C00984,R0082,TRK018,road,421.0,2441.8,1013.35,1246.23,304.92,229.42,312.6,0.0,5548.33,1.16,13.18,1.163,R082
C00985,R0025,TRK036,road,394.7,2289.26,854.16,1348.52,251.0,804.33,69.84,0.0,5617.12,1.37,14.23,0.924,R025
C00986,R0096,TRK016,rail,76.6,275.76,53.68,439.29,12.31,481.18,361.18,303.78,1927.17,0.97,25.16,0.929,R096
C00987,R0034,TRK021,road,496.8,2881.44,1013.98,1302.59,300.01,561.31,690.64,520.5,7270.46,2.1,14.63,1.122,R034
C00988,R0023,TRK036,rail,70.8,254.88,62.22,522.83,10.74,832.74,518.09,1568.85,3770.35,1.1,53.25,1.118,R023
C00989,R0012,TRK032,road,155.0,899.0,336.65,1123.75,132.48,848.31,307.03,0.0,3647.22,0.78,23.53,1.201,R012
C00990,R0065,TRK049,road,455.2,2640.16,1112.47,1095.33,324.82,504.83,303.72,0.0,5981.33,5.11,13.14,0.934,R065
C00991,R0035,TRK014,road,504.4,2925.52,1085.05,1129.79,363.9,830.81,647.84,280.6,7263.52,1.77,14.4,1.205,R035
C00992,R0015,TRK017,road,533.0,3091.4,1203.08,998.31,467.69,461.92,586.38,0.0,6808.78,1.85,12.77,1.175,R015
C00993,R0037,TRK043,road,194.0,1125.2,417.51,1088.24,126.95,713.24,121.16,0.0,3592.3,1.02,18.52,0.92,R037
C00994,R0041,TRK003,road,457.1,2651.18,1015.05,1324.88,294.71,850.59,45.57,312.2,6494.18,2.1,14.21,1.077,R041
C00995,R0006,TRK024,rail,216.1,777.96,181.57,443.43,37.74,652.56,47.84,0.0,2141.09,0.6,9.91,1.136,R006
C00996,R0096,TRK033,road,100.0,580.0,209.11,1289.19,80.26,610.54,73.75,1723.99,4566.84,2.98,45.67,1.22,R096
C00997,R0037,TRK006,road,248.4,1440.72,502.83,1193.29,181.73,423.36,56.92,0.0,3798.85,0.87,15.29,0.933,R037
C00998,R0010,TRK020,road,384.3,2228.94,855.59,1251.61,276.78,708.31,256.55,1783.09,7360.87,7.6,19.15,1.12,R010
C00999,R0067,TRK023,road,64.4,373.52,134.02,1095.6,41.69,469.71,218.07,1509.42,3842.04,1.71,59.66,1.159,R067
C01000,R0032,TRK007,road,276.1,1601.38,536.26,1321.33,246.63,630.22,593.44,0.0,4929.26,2.99,17.85,1.034,R032
C01001,R0074,TRK050,road,163.4,947.72,318.98,1377.94,133.53,388.79,213.01,1049.26,4429.23,0.91,27.11,1.244,R074
C01002,R0026,TRK046,road,57.0,330.6,131.63,1435.63,34.96,648.51,45.54,0.0,2626.86,0.96,46.09,1.013,R026
C01003,R0060,TRK047,road,115.8,671.64,237.37,1317.92,102.38,638.59,676.5,0.0,3644.4,1.45,31.47,1.037,R060
C01004,R0056,TRK045,road,163.7,949.46,349.39,1216.17,137.24,410.06,230.02,224.0,3516.34,1.59,21.48,0.976,R056
C01005,R0028,TRK037,road,63.1,365.98,123.55,1260.81,39.05,306.71,411.56,0.0,2507.66,0.79,39.74,0.928,R028
C01006,R0094,TRK013,road,36.9,214.02,90.21,1070.94,23.7,758.76,23.98,0.0,2181.61,0.66,59.12,1.195,R094
C01007,R0061,TRK023,road,423.2,2454.56,990.47,1049.11,376.34,685.38,32.2,0.0,5588.06,4.53,13.2,1.187,R061
C01008,R0030,TRK017,road,107.6,624.08,218.64,1208.2,76.89,487.41,552.34,0.0,3167.56,0.88,29.44,0.979,R030
C01009,R0065,TRK037,road,163.5,948.3,395.13,1194.23,139.91,745.81,65.25,0.0,3488.63,0.75,21.34,1.244,R065
C01010,R0052,TRK047,road,306.6,1778.28,618.42,1348.74,207.23,705.13,389.31,1288.9,6336.01,2.11,20.67,0.944,R052
C01011,R0005,TRK036,rail,38.7,139.32,35.24,464.75,5.49,835.76,442.22,0.0,1922.79,1.25,49.68,1.072,R005
C01012,R0016,TRK046,local,319.9,2623.18,1022.27,985.21,73.7,519.63,8.23,0.0,5232.23,8.63,16.36,1.187,R016
C01013,R0091,TRK001,rail,42.5,153.0,38.26,494.02,6.56,177.94,346.83,0.0,1216.61,0.43,28.63,0.99,R091
C01014,R0046,TRK006,road,334.2,1938.36,840.1,1419.33,250.91,412.29,4.28,0.0,4865.28,2.64,14.56,1.228,R046
C01015,R0012,TRK025,local,287.1,2354.22,784.02,752.86,60.23,563.89,79.25,0.0,4594.47,1.92,16.0,1.236,R012
C01016,R0053,TRK044,road,484.1,2807.78,1047.9,1281.62,374.42,163.42,182.13,207.46,6064.73,1.6,12.53,1.201,R053
C01017,R0043,TRK042,local,272.5,2234.5,675.59,721.54,71.44,779.05,153.28,935.71,5571.1,2.56,20.44,1.038,R043
C01018,R0034,TRK034,road,202.3,1173.34,503.21,1127.93,153.8,316.23,196.69,1104.47,4575.67,1.73,22.62,0.977,R034
C01019,R0036,TRK010,road,539.5,3129.1,1356.62,1206.06,462.72,810.48,133.14,0.0,7098.11,2.5,13.16,1.07,R036
C01020,R0049,TRK024,rail,519.0,1868.4,397.1,453.1,76.84,884.81,134.36,0.0,3814.62,0.83,7.35,0.94,R049
C01021,R0024,TRK036,road,83.6,484.88,203.88,1086.91,66.2,386.05,58.98,0.0,2286.9,0.49,27.36,1.089,R024
C01022,R0079,TRK050,local,448.4,3676.88,1270.91,1058.58,128.49,795.74,159.43,0.0,7090.02,1.98,15.81,1.089,R079
C01023,R0037,TRK020,rail,541.6,1949.76,451.68,444.8,78.37,271.12,490.86,1225.15,4911.74,1.69,9.07,0.997,R037
C01024,R0031,TRK049,road,182.4,1057.92,375.33,1390.39,136.53,279.08,336.69,0.0,3575.94,2.41,19.6,0.937,R031
C01025,R0070,TRK008,road,423.9,2458.62,820.95,1189.05,324.82,602.7,164.27,1049.09,6609.5,2.39,15.59,1.12,R070
C01026,R0026,TRK024,road,545.5,3163.9,1029.71,1198.62,423.74,749.62,170.66,0.0,6736.26,2.47,12.35,1.11,R026
C01027,R0021,TRK012,local,343.9,2819.98,1082.1,833.39,78.31,408.14,72.85,773.41,6068.18,2.58,17.65,1.175,R021
C01028,R0015,TRK022,road,339.0,1966.2,708.6,1097.87,225.81,571.93,280.58,0.0,4850.99,4.17,14.31,0.983,R015
C01029,R0060,TRK032,rail,40.6,146.16,33.38,488.47,5.89,536.58,566.63,1595.48,3372.61,1.16,83.07,1.09,R060
C01030,R0009,TRK009,road,480.5,2786.9,1185.33,1122.65,306.13,842.2,696.48,1514.8,8454.5,2.2,17.6,1.043,R009
C01031,R0087,TRK002,road,286.4,1661.12,617.24,1310.08,206.81,295.09,27.21,0.0,4117.55,0.86,14.38,1.145,R087
C01032,R0074,TRK041,road,526.6,3054.28,1168.74,1145.61,431.04,546.04,1.28,0.0,6346.99,5.79,12.05,1.079,R074
C01033,R0023,TRK013,road,132.4,767.92,306.54,1385.47,83.56,636.46,266.99,0.0,3446.93,0.88,26.03,1.096,R023
C01034,R0070,TRK045,road,154.6,896.68,361.59,1437.62,133.57,555.36,588.6,0.0,3973.42,1.15,25.7,0.952,R070
C01035,R0016,TRK017,local,375.8,3081.56,1158.73,820.82,112.39,525.53,244.8,1618.06,7561.88,1.78,20.12,1.19,R016
C01036,R0024,TRK036,road,447.0,2592.6,842.91,1031.05,400.6,618.73,195.65,0.0,5681.54,2.39,12.71,1.022,R024
C01037,R0010,TRK022,rail,463.1,1667.16,356.76,451.56,74.59,818.95,338.74,1726.23,5433.99,2.77,11.73,1.005,R010
C01038,R0063,TRK014,road,144.7,839.26,287.6,1067.28,122.46,290.72,403.68,941.56,3952.55,1.6,27.32,1.205,R063
C01039,R0066,TRK019,road,501.3,2907.54,1195.77,1323.98,408.11,198.08,652.09,0.0,6685.57,3.71,13.34,0.985,R066
C01040,R0089,TRK042,road,416.9,2418.02,896.68,1092.41,338.11,345.56,346.62,114.52,5551.92,1.55,13.32,0.94,R089
C01041,R0066,TRK029,road,200.8,1164.64,428.29,1119.9,166.34,621.36,242.64,0.0,3743.17,1.96,18.64,0.936,R066
C01042,R0030,TRK006,local,482.9,3959.78,1530.52,984.7,123.84,638.59,236.43,0.0,7473.86,2.86,15.48,1.152,R030
C01043,R0004,TRK013,road,410.4,2380.32,772.56,1021.34,294.21,802.89,374.83,0.0,5646.15,5.65,13.76,1.225,R004
C01044,R0061,TRK031,road,120.9,701.22,304.54,1398.74,96.61,604.28,79.86,0.0,3185.26,8.1,26.35,1.106,R061
C01045,R0028,TRK007,rail,124.8,449.28,109.52,458.55,16.59,241.03,565.53,0.0,1840.5,0.61,14.75,0.983,R028
C01046,R0076,TRK012,rail,55.5,199.8,42.55,389.7,9.78,506.94,289.33,0.0,1438.1,0.34,25.91,0.951,R076
C01047,R0096,TRK039,road,208.1,1206.98,496.41,1213.36,147.28,784.73,694.99,830.64,5374.39,4.56,25.83,1.197,R096
C01048,R0048,TRK018,road,192.2,1114.76,359.82,1229.25,156.68,856.41,372.54,0.0,4089.46,0.95,21.28,1.066,R048
C01049,R0098,TRK040,road,488.2,2831.56,1183.36,1298.75,331.89,578.03,425.9,65.57,6715.06,2.73,13.75,1.008,R098
C01050,R0100,TRK042,rail,439.3,1581.48,317.34,433.62,75.09,792.4,517.82,1656.58,5374.32,8.91,12.23,0.918,R100
C01051,R0088,TRK010,rail,90.0,324.0,72.65,448.25,15.8,791.29,114.54,0.0,1766.53,0.53,19.63,1.047,R088
C01052,R0005,TRK014,road,435.5,2525.9,971.18,1424.35,386.83,210.01,268.22,0.0,5786.5,4.53,13.29,1.074,R005
C01053,R0015,TRK032,road,318.8,1849.04,648.11,1109.48,280.25,220.13,542.33,0.0,4649.33,3.59,14.58,1.022,R015
C01054,R0045,TRK048,road,123.5,716.3,298.27,1159.02,86.5,876.91,592.82,1639.18,5369.0,1.35,43.47,1.161,R045
C01055,R0026,TRK039,rail,493.8,1777.68,363.1,390.08,85.95,545.73,509.64,0.0,3672.18,1.85,7.44,0.941,R026
C01056,R0061,TRK038,road,438.0,2540.4,827.38,1021.19,389.01,379.25,570.28,0.0,5727.51,5.36,13.08,0.972,R061
C01057,R0013,TRK005,road,295.5,1713.9,556.88,998.0,212.48,232.52,478.95,0.0,4192.73,1.83,14.19,1.225,R013
C01058,R0056,TRK021,road,46.5,269.7,106.13,1231.77,28.62,266.26,641.68,340.97,2885.12,0.85,62.05,0.967,R056
C01059,R0024,TRK001,road,511.7,2967.86,1037.43,1169.23,400.95,227.75,545.53,0.0,6348.75,5.53,12.41,0.992,R024
C01060,R0090,TRK040,road,489.1,2836.78,1224.37,1070.94,428.4,389.44,514.89,0.0,6464.82,1.54,13.22,0.973,R090
C01061,R0031,TRK009,rail,94.9,341.64,86.89,528.53,16.62,881.46,676.65,0.0,2531.79,0.71,26.68,1.215,R031
C01062,R0017,TRK029,road,331.2,1920.96,734.0,1134.52,268.6,218.47,377.94,0.0,4654.49,1.27,14.05,1.151,R017
C01063,R0040,TRK004,road,531.3,3081.54,1258.04,1174.35,433.7,355.21,9.32,318.16,6630.32,2.64,12.48,0.975,R040
C01064,R0094,TRK039,road,205.4,1191.32,410.7,1019.58,156.86,698.98,154.81,0.0,3632.24,1.07,17.68,0.944,R094
C01065,R0040,TRK029,road,410.5,2380.9,1013.78,1106.15,294.74,573.33,696.61,420.43,6485.95,5.94,15.8,0.91,R040
C01066,R0099,TRK048,rail,513.4,1848.24,413.29,393.85,84.82,480.96,492.81,1508.92,5222.88,2.26,10.17,1.193,R099
C01067,R0028,TRK024,local,531.4,4357.48,1454.29,895.47,127.05,678.36,184.74,0.0,7697.38,16.8,14.49,0.944,R028
C01068,R0031,TRK011,road,214.0,1241.2,513.52,1230.18,145.5,752.43,375.17,265.19,4523.18,1.85,21.14,1.034,R031
C01069,R0045,TRK025,rail,434.3,1563.48,366.31,508.74,69.07,414.35,356.77,0.0,3278.72,4.39,7.55,1.204,R045
C01070,R0008,TRK003,local,314.4,2578.08,924.85,797.92,94.16,889.51,12.31,0.0,5296.83,1.7,16.85,1.187,R008
C01071,R0059,TRK023,rail,403.2,1451.52,280.8,426.58,66.39,598.02,156.35,0.0,2979.66,2.2,7.39,1.115,R059
C01072,R0040,TRK042,road,491.5,2850.7,984.24,1209.92,394.4,330.86,111.2,1107.05,6988.37,2.93,14.22,0.996,R040
C01073,R0017,TRK004,road,87.0,504.6,209.15,1264.75,54.56,453.37,653.74,0.0,3140.17,1.22,36.09,1.126,R017
C01074,R0071,TRK025,rail,410.9,1479.24,285.66,443.5,73.92,465.3,260.13,0.0,3007.76,0.61,7.32,0.944,R071
C01075,R0048,TRK046,road,162.1,940.18,392.48,1111.8,125.69,323.01,400.78,0.0,3293.93,0.69,20.32,1.213,R048
C01076,R0057,TRK039,road,227.2,1317.76,558.96,1035.63,176.68,663.49,131.44,0.0,3883.97,0.9,17.09,1.232,R057
C01077,R0053,TRK012,rail,350.7,1262.52,274.11,458.37,60.22,225.17,406.4,191.58,2878.38,1.43,8.21,1.199,R053
C01078,R0030,TRK044,road,543.0,3149.4,1018.06,969.18,340.69,862.22,662.34,0.0,7001.88,4.95,12.89,0.955,R030
C01079,R0094,TRK002,local,248.2,2035.24,775.97,867.38,61.81,534.4,201.9,499.01,4975.71,8.23,20.05,1.194,R094
C01080,R0073,TRK047,road,183.9,1066.62,373.77,1217.2,131.74,195.68,394.85,1392.3,4772.16,1.45,25.95,1.004,R073
C01081,R0001,TRK032,rail,501.1,1803.96,366.96,374.44,72.2,641.62,182.24,0.0,3441.42,1.3,6.87,1.094,R001
C01082,R0006,TRK044,road,38.2,221.56,84.21,1206.13,27.24,790.98,342.46,0.0,2672.59,0.75,69.96,1.103,R006
C01083,R0086,TRK045,rail,282.5,1017.0,206.49,389.84,38.98,850.08,675.32,0.0,3177.72,0.65,11.25,1.219,R086
C01084,R0021,TRK011,road,263.9,1530.62,613.55,1096.11,203.6,377.38,628.24,1707.59,6157.1,2.16,23.33,1.069,R021
C01085,R0094,TRK033,road,166.0,962.8,313.08,1359.93,149.31,577.58,303.1,0.0,3665.79,1.1,22.08,1.23,R094
C01086,R0095,TRK018,road,255.9,1484.22,547.84,1430.49,175.4,305.83,623.88,371.16,4938.82,1.18,19.3,1.187,R095
C01087,R0085,TRK038,local,162.6,1333.32,493.67,798.33,46.19,802.59,16.33,1221.3,4711.74,2.66,28.98,1.209,R085
C01088,R0049,TRK001,road,184.7,1071.26,377.6,1333.66,115.73,816.56,158.36,1280.47,5153.64,1.37,27.9,0.925,R049
C01089,R0058,TRK043,road,464.6,2694.68,932.52,1174.29,403.21,638.13,422.39,495.69,6760.9,4.38,14.55,1.217,R058
C01090,R0026,TRK025,road,229.8,1332.84,471.32,1059.06,202.88,744.28,675.47,0.0,4485.85,2.19,19.52,1.072,R026
C01091,R0027,TRK016,road,433.2,2512.56,1086.05,1145.61,370.23,771.46,4.75,0.0,5890.66,1.6,13.6,1.163,R027
C01092,R0007,TRK020,road,113.4,657.72,212.49,1094.6,79.21,728.72,411.42,0.0,3184.17,2.87,28.08,1.225,R007
C01093,R0039,TRK044,local,521.4,4275.48,1612.73,858.2,138.81,389.02,284.53,0.0,7558.78,6.5,14.5,1.207,R039
C01094,R0053,TRK005,local,430.9,3533.38,1188.04,977.09,128.27,638.43,72.11,0.0,6537.31,8.2,15.17,0.977,R053
C01095,R0019,TRK046,rail,349.0,1256.4,242.88,477.31,58.14,297.53,118.34,0.0,2450.59,0.9,7.02,1.223,R019
C01096,R0043,TRK042,local,296.6,2432.12,909.4,998.47,77.22,590.39,284.36,1623.99,6915.95,5.21,23.32,1.082,R043
C01097,R0029,TRK027,road,385.1,2233.58,911.73,968.76,330.51,443.47,353.53,1096.04,6337.62,4.07,16.46,1.021,R029
C01098,R0012,TRK040,rail,257.6,927.36,178.19,463.97,42.34,545.15,338.2,0.0,2495.21,0.6,9.69,1.01,R012
C01099,R0077,TRK003,road,431.7,2503.86,1002.27,961.9,281.32,285.74,119.22,0.0,5154.32,4.78,11.94,1.202,R077
C01100,R0019,TRK008,rail,397.8,1432.08,310.7,410.56,57.17,721.04,622.82,270.27,3824.64,2.07,9.61,1.139,R019
C01101,R0050,TRK003,road,322.4,1869.92,654.03,1414.85,249.93,761.84,412.32,0.0,5362.88,1.23,16.63,0.914,R050
C01102,R0036,TRK002,local,412.4,3381.68,1303.56,1016.83,122.42,379.05,145.06,1074.29,7422.89,1.57,18.0,1.206,R036
C01103,R0011,TRK009,road,406.1,2355.38,863.65,1370.64,303.3,243.45,674.52,0.0,5810.93,2.72,14.31,0.918,R011
C01104,R0051,TRK036,rail,171.6,617.76,134.32,418.76,23.14,169.05,99.85,0.0,1462.88,0.41,8.52,1.245,R051
C01105,R0056,TRK032,road,96.6,560.28,243.45,1199.28,58.55,515.33,528.22,0.0,3105.1,1.24,32.14,0.927,R056
C01106,R0093,TRK001,rail,247.8,892.08,205.43,403.63,38.41,568.17,199.97,1325.2,3632.88,0.96,14.66,0.951,R093
C01107,R0014,TRK014,local,69.4,569.08,212.62,1033.56,16.59,474.74,101.04,0.0,2407.64,0.49,34.69,1.11,R014
C01108,R0026,TRK043,rail,72.8,262.08,55.03,476.08,10.93,361.7,377.81,0.0,1543.62,1.2,21.2,0.929,R026
C01109,R0079,TRK039,road,498.6,2891.88,1056.55,989.16,343.71,801.08,668.27,0.0,6750.65,14.96,13.54,1.111,R079
C01110,R0095,TRK003,road,497.0,2882.6,947.07,1301.7,362.85,275.52,12.64,1561.8,7344.19,6.03,14.78,1.187,R095
C01111,R0026,TRK049,road,262.5,1522.5,498.1,1045.67,201.59,516.26,699.28,0.0,4483.39,1.02,17.08,1.189,R026
C01112,R0010,TRK008,rail,117.2,421.92,92.65,539.35,14.4,304.9,6.68,523.81,1903.71,0.46,16.24,1.108,R010
C01113,R0046,TRK041,road,503.8,2922.04,1205.3,1004.41,363.92,161.97,314.78,0.0,5972.43,1.44,11.85,1.009,R046
C01114,R0005,TRK033,road,446.1,2587.38,1077.87,1206.54,354.12,360.29,571.43,0.0,6157.63,2.66,13.8,1.182,R005
C01115,R0092,TRK013,road,159.0,922.2,378.13,1372.09,128.25,534.67,606.29,0.0,3941.63,1.04,24.79,1.002,R092
C01116,R0090,TRK016,road,65.3,378.74,164.92,1169.98,49.18,211.16,274.04,315.32,2563.34,2.08,39.25,0.981,R090
C01117,R0036,TRK026,road,41.4,240.12,80.59,1028.9,32.83,259.07,539.39,996.04,3176.93,0.86,76.74,0.921,R036
C01118,R0066,TRK040,road,202.0,1171.6,388.0,1076.65,153.55,776.85,240.39,0.0,3807.03,0.78,18.85,0.93,R066
C01119,R0091,TRK035,local,32.0,262.4,79.36,898.75,8.8,760.3,206.72,0.0,2216.34,0.48,69.26,1.055,R091
C01120,R0021,TRK001,local,532.2,4364.04,1388.89,1073.8,136.31,376.41,256.74,0.0,7596.19,2.2,14.27,1.168,R021
C01121,R0027,TRK003,road,442.1,2564.18,1104.03,1005.91,292.4,493.9,662.64,857.05,6980.12,6.52,15.79,1.017,R027
C01122,R0058,TRK024,road,86.8,503.44,215.68,1430.97,69.59,397.5,535.98,0.0,3153.16,0.71,36.33,1.197,R058
C01123,R0075,TRK017,road,454.4,2635.52,926.43,1394.38,349.72,327.21,663.34,0.0,6296.61,4.49,13.86,1.153,R075
C01124,R0066,TRK047,local,498.2,4085.24,1415.68,920.38,106.99,773.15,104.94,1146.64,8553.01,3.51,17.17,0.949,R066
C01125,R0086,TRK039,road,216.4,1255.12,471.31,1405.9,172.21,215.47,317.98,0.0,3837.99,0.79,17.74,0.982,R086
C01126,R0074,TRK039,road,239.7,1390.26,584.71,1049.36,174.6,173.78,195.93,0.0,3568.63,0.84,14.89,1.192,R074
C01127,R0001,TRK037,road,284.9,1652.42,686.04,1306.09,216.23,700.31,168.35,0.0,4729.46,3.11,16.6,1.173,R001
C01128,R0007,TRK046,road,348.4,2020.72,685.1,1429.2,291.7,574.44,347.97,1115.76,6464.89,1.91,18.56,1.028,R007
C01129,R0013,TRK045,road,257.3,1492.34,499.8,1179.07,218.74,298.87,657.68,0.0,4346.5,0.97,16.89,0.907,R013
C01130,R0033,TRK042,road,499.4,2896.52,1158.1,1003.42,332.67,488.02,391.99,1048.48,7319.2,2.75,14.66,1.146,R033
C01131,R0036,TRK043,road,424.4,2461.52,822.51,1162.36,289.89,252.22,116.84,0.0,5105.34,1.37,12.03,1.18,R036
C01132,R0037,TRK016,road,306.9,1780.02,588.67,1031.62,275.86,740.27,221.64,0.0,4638.07,4.49,15.11,1.034,R037
C01133,R0007,TRK028,local,377.2,3093.04,1139.25,1074.0,94.99,789.26,25.5,0.0,6216.05,5.07,16.48,1.11,R007
C01134,R0053,TRK011,road,478.6,2775.88,1183.53,1227.33,410.88,290.83,574.52,0.0,6462.97,1.75,13.5,1.166,R053
C01135,R0079,TRK047,road,306.9,1780.02,709.32,1424.08,266.9,279.86,104.57,0.0,4564.75,1.22,14.87,0.983,R079
C01136,R0011,TRK026,road,242.7,1407.66,465.86,984.29,211.65,719.21,60.61,0.0,3849.28,0.98,15.86,0.913,R011
C01137,R0095,TRK001,local,434.0,3558.8,1099.36,933.68,111.88,578.88,182.84,205.89,6671.34,1.41,15.37,1.09,R095
C01138,R0021,TRK028,rail,408.9,1472.04,278.58,433.07,72.42,451.7,271.81,1257.0,4236.63,1.04,10.36,1.235,R021
C01139,R0005,TRK034,road,495.0,2871.0,965.31,1033.11,396.59,235.26,223.69,0.0,5724.96,1.31,11.57,1.234,R005
C01140,R0012,TRK004,road,441.7,2561.86,932.69,1294.68,276.76,206.41,36.34,51.33,5360.08,1.18,12.14,1.116,R012
C01141,R0067,TRK035,road,338.2,1961.56,674.97,1320.11,288.81,217.1,294.11,1001.14,5757.8,2.67,17.02,1.248,R067
C01142,R0079,TRK014,road,406.4,2357.12,873.69,1241.45,309.79,757.53,16.95,1424.35,6980.89,4.26,17.18,1.237,R079
C01143,R0054,TRK042,rail,101.3,364.68,84.52,441.02,18.12,261.56,607.67,0.0,1777.57,1.25,17.55,1.175,R054
C01144,R0044,TRK029,road,406.9,2360.02,954.54,1174.88,281.12,764.97,67.9,0.0,5603.42,1.17,13.77,1.11,R044
C01145,R0062,TRK008,road,544.9,3160.42,1086.62,1287.22,355.2,645.96,356.02,790.8,7682.25,12.11,14.1,1.068,R062
C01146,R0065,TRK021,rail,438.2,1577.52,389.69,419.56,63.51,457.71,634.28,1339.97,4882.25,2.3,11.14,1.034,R065
C01147,R0081,TRK045,local,403.1,3305.42,1160.32,773.81,101.42,774.07,33.47,0.0,6148.5,2.48,15.25,1.169,R081
C01148,R0100,TRK031,local,455.3,3733.46,1142.8,932.08,101.11,442.08,111.32,0.0,6462.86,1.75,14.19,1.246,R100
C01149,R0062,TRK044,road,258.0,1496.4,530.49,1408.15,174.11,883.44,523.39,0.0,5015.99,1.06,19.44,1.176,R062
C01150,R0068,TRK019,road,473.2,2744.56,1128.83,1059.3,364.71,569.54,595.13,0.0,6462.07,4.35,13.66,1.0,R068
C01151,R0009,TRK009,road,241.2,1398.96,511.91,1134.76,147.93,733.39,210.21,0.0,4137.16,1.3,17.15,1.006,R009
C01152,R0082,TRK030,road,519.4,3012.52,1098.54,1066.96,344.45,405.1,450.14,0.0,6377.71,5.22,12.28,1.1,R082
C01153,R0023,TRK014,road,284.1,1647.78,661.84,1315.95,190.58,709.77,127.57,0.0,4653.48,1.9,16.38,1.039,R023
C01154,R0068,TRK011,road,272.2,1578.76,658.92,1068.68,229.96,340.78,333.05,0.0,4210.15,12.02,15.47,1.197,R068
C01155,R0071,TRK033,road,42.8,248.24,96.37,1364.04,29.83,668.94,10.56,0.0,2417.98,0.96,56.49,0.905,R071
C01156,R0094,TRK017,local,97.9,802.78,287.04,943.92,26.72,505.79,136.98,635.24,3338.48,0.87,34.1,0.949,R094
C01157,R0008,TRK017,rail,355.8,1280.88,292.63,521.6,48.56,882.97,143.14,0.0,3169.79,0.68,8.91,1.089,R008
C01158,R0024,TRK011,local,232.6,1907.32,589.2,961.26,65.67,878.54,165.56,1147.17,5714.72,1.77,24.57,1.024,R024
C01159,R0034,TRK036,road,142.8,828.24,286.84,1159.63,119.84,205.91,96.04,179.64,2876.14,0.71,20.14,1.074,R034
C01160,R0032,TRK031,road,294.7,1709.26,706.41,1115.8,253.71,821.55,157.25,0.0,4763.98,0.97,16.17,1.189,R032
C01161,R0060,TRK019,road,243.3,1411.14,596.08,1260.89,189.4,513.76,78.4,0.0,4049.67,0.99,16.64,1.1,R060
C01162,R0036,TRK037,local,191.9,1573.58,475.39,1056.58,50.66,719.88,216.71,1344.02,5436.83,2.84,28.33,1.18,R036
C01163,R0003,TRK047,road,226.4,1313.12,547.3,986.03,196.94,255.22,240.16,485.61,4024.38,0.94,17.78,1.028,R003
C01164,R0097,TRK022,road,266.8,1547.44,667.57,1263.17,183.53,885.52,48.79,1306.94,5902.97,3.07,22.13,1.053,R097
C01165,R0034,TRK014,rail,386.0,1389.6,305.84,511.48,49.71,669.23,495.25,950.28,4371.38,1.47,11.32,1.108,R034
C01166,R0061,TRK002,rail,281.4,1013.04,226.1,441.74,43.7,619.14,466.06,0.0,2809.77,0.86,9.98,1.012,R061
C01167,R0004,TRK018,road,358.5,2079.3,758.45,1150.44,292.68,703.43,351.05,690.7,6026.05,1.9,16.81,1.215,R004
C01168,R0049,TRK042,road,230.6,1337.48,545.76,1351.35,193.51,441.23,174.45,0.0,4043.78,7.85,17.54,1.052,R049
C01169,R0046,TRK020,rail,153.7,553.32,106.06,537.03,23.07,896.72,173.68,0.0,2289.87,0.69,14.9,1.217,R046
C01170,R0081,TRK023,road,519.0,3010.2,1196.46,1269.57,419.55,770.29,674.64,0.0,7340.71,3.49,14.14,0.998,R081
C01171,R0094,TRK023,road,200.2,1161.16,450.85,1304.67,152.94,649.92,200.96,172.51,4093.0,2.7,20.44,1.047,R094
C01172,R0020,TRK030,road,223.1,1293.98,433.7,1168.42,137.93,390.32,300.45,1487.22,5212.02,1.36,23.36,0.992,R020
C01173,R0032,TRK009,local,238.2,1953.24,694.2,776.37,67.73,875.32,127.29,0.0,4494.15,1.37,18.87,0.943,R032
C01174,R0035,TRK049,road,358.7,2080.46,770.52,1373.15,290.98,560.41,368.68,0.0,5444.21,3.51,15.18,1.008,R035
C01175,R0038,TRK039,road,288.7,1674.46,714.58,1213.48,252.87,708.38,415.36,0.0,4979.13,1.67,17.25,0.985,R038
C01176,R0014,TRK036,road,57.4,332.92,118.34,1319.42,37.9,322.7,184.85,0.0,2316.14,0.47,40.35,1.234,R014
C01177,R0086,TRK019,road,304.8,1767.84,749.71,1113.05,267.84,655.65,166.41,0.0,4720.5,0.94,15.49,1.189,R086
C01178,R0061,TRK046,local,241.4,1979.48,758.57,887.85,72.36,528.81,6.98,0.0,4234.07,1.33,17.54,1.051,R061
C01179,R0092,TRK012,road,107.4,622.92,240.51,1329.68,80.37,347.49,533.21,0.0,3154.18,3.61,29.37,1.037,R092
C01180,R0100,TRK017,road,426.1,2471.38,947.15,1084.9,279.56,887.52,163.32,0.0,5833.84,1.17,13.69,1.037,R100
C01181,R0015,TRK035,road,52.1,302.18,106.5,1156.73,41.23,725.14,149.07,376.45,2857.3,0.58,54.84,1.061,R015
C01182,R0015,TRK035,road,309.6,1795.68,627.16,1192.24,201.43,409.55,572.24,0.0,4798.3,1.56,15.5,1.027,R015
C01183,R0018,TRK028,rail,151.3,544.68,123.2,470.75,23.53,841.25,630.69,0.0,2634.11,0.74,17.41,1.066,R018
C01184,R0053,TRK023,road,230.4,1336.32,439.14,1233.76,152.41,758.29,8.68,0.0,3928.6,3.01,17.05,0.977,R053
C01185,R0063,TRK024,road,232.0,1345.6,579.51,1167.93,161.03,414.1,279.05,0.0,3947.22,0.93,17.01,0.921,R063
C01186,R0074,TRK040,local,338.4,2774.88,1089.4,971.15,88.66,296.93,49.61,1103.6,6374.22,5.9,18.84,1.099,R074
C01187,R0090,TRK031,road,73.0,423.4,174.15,979.19,65.61,245.42,612.6,0.0,2500.36,0.58,34.25,1.023,R090
C01188,R0035,TRK046,local,495.2,4060.64,1449.36,757.27,115.19,810.14,116.08,0.0,7308.67,7.97,14.76,1.247,R035
C01189,R0008,TRK017,road,88.0,510.4,216.74,1063.01,57.56,688.46,141.88,25.11,2703.17,1.0,30.72,1.012,R008
C01190,R0053,TRK035,road,504.1,2923.78,1263.15,1022.81,370.63,518.66,176.74,0.0,6275.77,1.4,12.45,1.061,R053
C01191,R0043,TRK014,rail,348.5,1254.6,286.54,403.0,53.63,445.29,428.25,0.0,2871.3,1.08,8.24,0.92,R043
C01192,R0091,TRK021,road,306.2,1775.96,624.31,1352.18,235.75,680.27,283.7,0.0,4952.17,2.49,16.17,1.141,R091
C01193,R0026,TRK006,rail,544.4,1959.84,499.04,467.27,96.75,617.16,99.59,0.0,3739.65,1.7,6.87,0.94,R026
C01194,R0041,TRK020,road,53.6,310.88,118.18,1150.67,39.23,411.33,18.02,0.0,2048.3,0.67,38.21,0.992,R041
C01195,R0034,TRK026,local,365.5,2997.1,1144.25,1061.65,89.65,466.32,3.28,45.59,5807.84,11.25,15.89,1.103,R034
C01196,R0068,TRK011,local,172.1,1411.22,543.68,856.48,46.15,789.06,50.09,0.0,3696.68,2.5,21.48,0.957,R068
C01197,R0056,TRK029,road,454.1,2633.78,1001.36,1363.87,317.48,217.28,470.91,0.0,6004.69,1.91,13.22,0.936,R056
C01198,R0040,TRK026,road,490.3,2843.74,996.13,1387.09,419.95,332.36,553.94,505.79,7039.01,9.17,14.36,1.184,R040
C01199,R0097,TRK039,road,500.3,2901.74,1007.4,1267.32,426.86,416.16,49.74,0.0,6069.23,1.89,12.13,1.175,R097
C01200,R0035,TRK021,road,459.7,2666.26,1111.73,1407.68,369.26,658.67,455.96,0.0,6669.57,1.49,14.51,1.095,R035
C01201,R0039,TRK021,road,286.5,1661.7,568.6,1225.87,227.0,356.6,240.03,0.0,4279.8,1.48,14.94,1.0,R039
C01202,R0022,TRK002,road,511.9,2969.02,1062.86,1226.65,421.67,703.51,467.09,0.0,6850.79,1.39,13.38,1.112,R022
C01203,R0047,TRK010,rail,455.9,1641.24,358.32,424.82,67.62,805.78,367.8,1311.5,4977.08,1.12,10.92,1.167,R047
C01204,R0035,TRK023,road,307.3,1782.34,620.83,1348.02,238.63,660.03,438.96,1009.72,6098.53,1.41,19.85,0.997,R035
C01205,R0094,TRK024,rail,472.0,1699.2,409.62,368.3,74.53,381.36,380.99,926.7,4240.71,1.04,8.98,0.989,R094
C01206,R0079,TRK050,road,192.7,1117.66,382.88,1381.1,125.4,540.78,647.3,0.0,4195.13,2.71,21.77,1.137,R079
C01207,R0057,TRK003,rail,43.3,155.88,31.7,453.11,7.75,287.27,332.22,0.0,1267.94,1.71,29.28,1.128,R057
C01208,R0052,TRK011,road,505.6,2932.48,1082.4,1258.4,378.68,447.12,158.35,0.0,6257.43,2.34,12.38,1.052,R052
C01209,R0020,TRK002,rail,309.7,1114.92,228.62,475.55,37.48,238.44,140.64,0.0,2235.65,0.86,7.22,1.034,R020
C01210,R0089,TRK010,local,467.9,3836.78,1421.92,864.74,115.71,235.53,274.19,0.0,6748.87,2.92,14.42,0.997,R089
C01211,R0020,TRK046,rail,182.5,657.0,160.79,536.87,29.57,699.81,679.21,1437.2,4200.45,1.07,23.02,1.027,R020
C01212,R0099,TRK036,road,232.6,1349.08,525.66,1231.46,181.98,362.59,337.98,0.0,3988.75,0.94,17.15,0.948,R099
C01213,R0093,TRK023,road,244.1,1415.78,494.89,1434.55,148.16,843.61,316.8,0.0,4653.8,1.02,19.07,1.224,R093
C01214,R0092,TRK007,rail,381.4,1373.04,321.21,504.37,65.61,606.6,489.23,0.0,3360.05,1.34,8.81,1.084,R092
C01215,R0071,TRK013,road,402.9,2336.82,926.19,1027.18,361.34,316.21,691.97,733.12,6392.84,1.36,15.87,1.188,R071
C01216,R0069,TRK036,road,385.0,2233.0,908.1,1021.63,303.27,725.88,458.06,776.17,6426.1,1.43,16.69,0.935,R069
C01217,R0090,TRK014,road,401.4,2328.12,758.8,1110.79,271.02,470.37,563.3,0.0,5502.4,1.13,13.71,0.902,R090
C01218,R0010,TRK047,road,152.6,885.08,366.67,1051.35,136.59,866.83,683.65,827.92,4818.09,1.42,31.57,1.012,R010
C01219,R0091,TRK012,road,44.3,256.94,110.92,1171.44,26.87,224.32,296.33,0.0,2086.82,0.43,47.11,1.103,R091
C01220,R0080,TRK020,road,95.2,552.16,208.3,1278.28,77.6,552.25,132.35,0.0,2800.94,0.59,29.42,0.911,R080
C01221,R0012,TRK016,road,56.8,329.44,113.29,1303.91,38.92,431.58,176.3,0.0,2393.43,0.69,42.14,1.063,R012
C01222,R0056,TRK016,road,111.5,646.7,208.89,977.89,68.51,189.03,448.82,68.26,2608.1,0.78,23.39,0.916,R056
C01223,R0013,TRK050,road,472.5,2740.5,1151.61,1165.42,352.31,192.58,369.19,0.0,5971.62,1.25,12.64,1.237,R013
C01224,R0005,TRK036,road,543.8,3154.04,1355.79,1329.7,375.02,796.69,391.55,1329.69,8732.47,2.03,16.06,1.05,R005
C01225,R0084,TRK005,rail,541.2,1948.32,444.21,538.47,82.7,238.74,418.77,0.0,3671.21,1.52,6.78,1.037,R084
C01226,R0021,TRK002,rail,410.7,1478.52,355.56,511.36,67.74,221.88,410.01,0.0,3045.07,0.67,7.41,0.943,R021
C01227,R0046,TRK049,local,207.9,1704.78,549.12,1022.56,60.35,258.52,67.46,0.0,3662.79,5.64,17.62,1.23,R046
C01228,R0040,TRK029,road,532.1,3086.18,1221.64,1273.12,432.89,384.69,21.94,0.0,6420.47,12.95,12.07,1.084,R040
C01229,R0012,TRK043,local,184.4,1512.08,501.56,898.03,37.36,651.66,191.06,200.75,3992.49,2.29,21.65,1.144,R012
C01230,R0063,TRK015,road,462.2,2680.76,1128.48,1365.51,348.56,150.77,360.53,0.0,6034.61,1.73,13.06,1.153,R063
C01231,R0011,TRK010,road,48.3,280.14,118.25,1146.81,31.31,612.03,559.57,0.0,2748.11,2.16,56.9,0.965,R011
C01232,R0069,TRK009,road,428.2,2483.56,868.89,1064.02,285.45,408.24,171.47,0.0,5281.63,1.2,12.33,0.913,R069
C01233,R0087,TRK016,road,362.1,2100.18,837.04,1197.16,239.53,420.16,317.16,1727.25,6838.49,1.86,18.89,1.034,R087
C01234,R0037,TRK015,rail,371.3,1336.68,289.47,383.71,62.41,221.06,399.88,1005.77,3698.98,7.04,9.96,0.943,R037
C01235,R0048,TRK033,road,239.5,1389.1,564.97,1266.14,210.45,839.53,381.63,0.0,4651.82,2.35,19.42,1.067,R048
C01236,R0032,TRK046,road,337.5,1957.5,773.92,1201.78,282.27,741.13,164.59,0.0,5121.19,4.17,15.17,1.056,R032
C01237,R0028,TRK017,local,513.7,4212.34,1371.88,895.53,106.62,572.3,83.74,0.0,7242.41,4.24,14.1,0.915,R028
C01238,R0008,TRK022,road,45.1,261.58,98.56,1185.53,28.39,265.03,291.59,0.0,2130.68,0.77,47.24,0.902,R008
C01239,R0018,TRK032,local,321.4,2635.48,803.0,815.73,84.2,667.9,282.84,837.61,6126.76,6.17,19.06,0.959,R018
C01240,R0079,TRK028,road,260.0,1508.0,495.9,1200.1,180.14,757.7,196.25,0.0,4338.09,1.71,16.68,1.22,R079
C01241,R0036,TRK011,road,365.4,2119.32,812.19,1182.12,260.32,426.85,215.74,805.3,5821.84,2.99,15.93,1.182,R036
C01242,R0093,TRK043,rail,193.6,696.96,174.1,444.62,31.53,381.53,514.08,0.0,2242.82,0.49,11.58,1.123,R093
C01243,R0039,TRK013,road,278.5,1615.3,544.83,1302.34,204.37,566.79,323.17,0.0,4556.8,1.59,16.36,0.99,R039
C01244,R0019,TRK043,road,223.9,1298.62,549.05,1053.4,158.34,248.25,74.07,667.09,4048.83,0.82,18.08,0.975,R019
C01245,R0054,TRK045,local,437.8,3589.96,1110.74,869.51,113.54,354.3,4.24,0.0,6042.29,12.25,13.8,1.176,R054
C01246,R0094,TRK017,road,310.8,1802.64,755.78,1386.14,215.7,247.86,558.6,922.72,5889.45,1.33,18.95,1.206,R094
C01247,R0085,TRK049,local,245.7,2014.74,642.8,1010.43,65.24,264.8,230.82,0.0,4228.83,10.85,17.21,1.213,R085
C01248,R0091,TRK025,road,539.9,3131.42,1063.53,1110.73,467.36,349.35,581.31,0.0,6703.7,4.86,12.42,1.172,R091
C01249,R0002,TRK034,rail,213.7,769.32,196.47,467.48,36.36,236.06,298.76,1171.01,3175.45,2.0,14.86,1.1,R002
C01250,R0096,TRK008,road,195.0,1131.0,446.35,1086.79,165.48,160.83,632.58,1676.33,5299.36,1.19,27.18,1.094,R096
C01251,R0002,TRK049,rail,356.5,1283.4,257.68,371.09,45.02,344.04,267.13,1129.73,3698.08,1.12,10.37,1.2,R002
C01252,R0062,TRK002,local,126.9,1040.58,389.98,749.02,30.78,257.1,232.59,0.0,2700.05,1.0,21.28,0.965,R062
C01253,R0030,TRK002,road,62.6,363.08,153.92,1123.04,42.33,830.38,573.73,0.0,3086.49,2.79,49.3,0.961,R030
C01254,R0097,TRK019,road,109.2,633.36,245.62,1298.86,86.07,411.97,439.14,0.0,3115.02,0.67,28.53,1.098,R097
C01255,R0024,TRK038,rail,506.3,1822.68,448.85,488.38,64.4,458.24,565.48,0.0,3848.02,1.6,7.6,1.178,R024
C01256,R0090,TRK036,road,232.7,1349.66,544.45,991.53,175.56,193.24,591.55,0.0,3846.0,4.0,16.53,1.148,R090
C01257,R0068,TRK035,road,345.7,2005.06,681.63,1258.65,292.41,409.03,131.7,0.0,4778.47,2.91,13.82,1.212,R068
C01258,R0058,TRK030,local,492.9,4041.78,1357.85,1063.33,119.73,206.61,218.85,0.0,7008.15,20.01,14.22,0.942,R058
C01259,R0057,TRK047,local,286.8,2351.76,911.21,834.28,84.18,408.54,191.95,1426.93,6208.85,1.32,21.65,1.108,R057
C01260,R0063,TRK040,road,273.6,1586.88,556.45,1251.35,178.8,816.84,359.8,0.0,4750.13,1.71,17.36,1.055,R063
C01261,R0015,TRK031,road,164.8,955.84,356.59,1378.4,115.54,783.29,444.32,0.0,4033.98,1.69,24.48,1.194,R015
C01262,R0069,TRK027,road,452.4,2623.92,1104.0,1134.85,292.65,416.28,303.29,0.0,5874.99,2.87,12.99,1.036,R069
C01263,R0026,TRK027,rail,327.4,1178.64,237.11,468.16,53.87,371.26,66.62,0.0,2375.65,2.14,7.26,1.01,R026
C01264,R0078,TRK004,road,497.1,2883.18,1074.09,1103.33,422.72,532.28,26.91,342.0,6384.51,1.7,12.84,1.007,R078
C01265,R0014,TRK026,road,439.9,2551.42,962.35,1345.71,355.43,191.72,558.33,0.0,5964.96,1.2,13.56,0.945,R014
C01266,R0078,TRK035,road,533.5,3094.3,1033.89,1382.25,382.91,644.11,659.36,0.0,7196.82,6.03,13.49,1.077,R078
C01267,R0083,TRK030,local,456.8,3745.76,1254.83,1046.44,129.13,593.87,178.01,187.86,7135.89,1.44,15.62,0.93,R083
C01268,R0056,TRK030,road,436.4,2531.12,872.78,1052.81,289.11,520.42,19.17,1763.13,7048.53,2.45,16.15,1.237,R056
C01269,R0019,TRK013,road,313.6,1818.88,593.78,1028.07,219.39,850.47,335.83,0.0,4846.42,1.62,15.45,1.038,R019
C01270,R0078,TRK024,rail,407.8,1468.08,280.15,462.46,60.43,652.65,697.62,1316.44,4937.85,1.53,12.11,1.096,R078
C01271,R0084,TRK012,road,239.1,1386.78,557.77,1274.2,150.03,630.78,512.93,1491.69,6004.19,1.22,25.11,1.053,R084
C01272,R0048,TRK030,local,200.3,1642.46,591.57,992.24,43.52,592.92,62.34,0.0,3925.05,1.01,19.6,1.172,R048
C01273,R0040,TRK036,rail,345.7,1244.52,312.86,440.7,50.94,823.83,679.32,0.0,3552.17,0.79,10.28,1.165,R040
C01274,R0003,TRK023,road,411.4,2386.12,909.34,1402.4,321.55,175.83,4.4,0.0,5199.64,3.09,12.64,0.933,R003
C01275,R0065,TRK045,rail,246.4,887.04,216.18,402.37,42.6,295.92,222.99,302.54,2369.64,0.48,9.62,1.15,R065
C01276,R0002,TRK021,road,524.6,3042.68,1075.82,1194.95,459.74,243.57,642.05,530.18,7188.98,2.14,13.7,1.047,R002
C01277,R0071,TRK003,local,391.9,3213.58,1170.66,891.76,117.01,244.74,187.12,0.0,5824.87,1.28,14.86,0.968,R071
C01278,R0029,TRK049,local,317.6,2604.32,991.22,938.18,72.55,363.33,294.25,0.0,5263.84,1.9,16.57,0.926,R029
C01279,R0080,TRK008,road,174.4,1011.52,424.79,984.3,118.24,622.55,658.01,0.0,3819.42,1.0,21.9,0.955,R080
C01280,R0060,TRK017,road,62.2,360.76,144.04,1081.21,51.36,846.54,597.81,1027.19,4108.92,3.37,66.06,1.191,R060
C01281,R0034,TRK033,local,137.4,1126.68,374.66,1057.39,39.12,261.07,186.89,0.0,3045.81,5.53,22.17,1.097,R034
C01282,R0093,TRK035,rail,318.9,1148.04,256.72,518.64,43.42,260.23,153.16,0.0,2380.2,0.62,7.46,1.144,R093
C01283,R0069,TRK018,road,227.5,1319.5,563.55,1409.08,196.42,642.18,156.3,0.0,4287.02,1.0,18.84,0.939,R069
C01284,R0004,TRK003,road,107.8,625.24,212.47,1039.47,76.82,783.91,232.24,1686.41,4656.56,1.39,43.2,1.219,R004
C01285,R0079,TRK030,road,546.1,3167.38,1069.45,1379.76,438.7,767.68,316.65,628.61,7768.24,2.37,14.22,1.093,R079
C01286,R0008,TRK013,road,501.1,2906.38,1086.71,1228.06,435.78,862.3,452.92,279.91,7252.06,2.77,14.47,1.175,R008
C01287,R0021,TRK015,road,154.8,897.84,349.08,966.85,94.78,739.88,119.44,858.28,4026.14,0.99,26.01,1.088,R021
C01288,R0024,TRK036,rail,451.0,1623.6,399.28,403.32,73.14,857.94,130.84,0.0,3488.13,2.59,7.73,0.902,R024
C01289,R0070,TRK026,road,295.7,1715.06,625.55,1369.31,197.54,372.12,645.32,0.0,4924.91,2.18,16.66,0.901,R070
C01290,R0089,TRK027,local,114.0,934.8,352.39,741.41,26.79,203.05,63.01,0.0,2321.45,0.69,20.36,1.02,R089
C01291,R0046,TRK024,rail,128.6,462.96,113.16,425.12,22.26,252.33,402.44,0.0,1678.26,0.52,13.05,1.226,R046
C01292,R0024,TRK040,rail,489.7,1762.92,417.48,456.27,75.94,427.07,608.65,0.0,3748.34,1.73,7.65,0.966,R024
C01293,R0061,TRK046,rail,77.4,278.64,59.15,378.94,11.72,269.4,99.84,0.0,1097.69,2.97,14.18,1.207,R061
C01294,R0097,TRK048,road,291.7,1691.86,684.25,1266.89,204.93,336.17,305.25,0.0,4489.35,13.96,15.39,1.018,R097
C01295,R0098,TRK011,road,204.7,1187.26,406.29,1401.78,133.91,554.51,378.37,0.0,4062.11,0.82,19.84,1.061,R098
C01296,R0003,TRK049,road,243.2,1410.56,590.23,1381.33,146.84,200.77,89.81,450.61,4270.15,1.26,17.56,1.13,R003
C01297,R0045,TRK039,road,33.0,191.4,80.05,1400.79,19.97,624.16,331.07,0.0,2647.43,1.29,80.23,0.967,R045
C01298,R0060,TRK040,road,76.4,443.12,169.71,1377.95,58.13,853.74,678.46,403.89,3985.0,1.72,52.16,1.049,R060
C01299,R0031,TRK028,road,348.9,2023.62,762.34,1306.58,293.95,835.53,249.74,1713.33,7185.09,2.83,20.59,1.047,R031
C01300,R0084,TRK028,road,391.5,2270.7,887.0,1366.32,269.16,407.02,371.7,846.21,6418.11,2.41,16.39,0.965,R084
C01301,R0088,TRK035,road,60.9,353.22,132.56,1377.83,37.97,444.24,588.37,0.0,2934.19,0.76,48.18,1.172,R088
C01302,R0094,TRK046,road,316.6,1836.28,677.58,1117.91,202.21,613.09,66.8,91.24,4605.1,12.85,14.55,1.102,R094
C01303,R0064,TRK050,road,81.2,470.96,159.03,1132.46,71.75,800.95,245.21,0.0,2880.36,0.68,35.47,1.177,R064
C01304,R0022,TRK005,rail,175.0,630.0,148.17,464.16,25.5,710.44,203.15,597.76,2779.18,0.94,15.88,1.038,R022
C01305,R0013,TRK049,rail,315.5,1135.8,265.83,395.23,39.21,511.95,697.0,0.0,3045.02,0.92,9.65,0.949,R013
C01306,R0004,TRK022,road,430.0,2494.0,890.13,1046.09,283.13,168.99,132.16,1133.03,6147.52,2.21,14.3,1.097,R004
C01307,R0091,TRK023,local,116.0,951.2,297.38,957.06,27.96,376.69,175.53,0.0,2785.82,1.06,24.02,0.9,R091
C01308,R0093,TRK043,rail,202.1,727.56,153.2,364.24,36.11,333.89,45.76,0.0,1660.76,1.01,8.22,1.144,R093
C01309,R0049,TRK047,rail,278.8,1003.68,205.73,391.74,33.5,652.07,230.63,0.0,2517.35,0.57,9.03,1.087,R049
C01310,R0022,TRK005,rail,434.5,1564.2,306.12,526.41,65.99,874.34,461.12,0.0,3798.17,2.3,8.74,1.178,R022
C01311,R0074,TRK033,road,454.2,2634.36,953.75,1304.61,303.61,679.87,346.62,98.75,6321.57,1.31,13.92,1.067,R074
C01312,R0045,TRK042,road,487.9,2829.82,1030.33,1331.98,345.7,658.99,646.43,260.72,7103.98,5.84,14.56,0.947,R045
C01313,R0087,TRK007,local,60.5,496.1,146.53,841.81,15.43,422.18,146.19,0.0,2068.23,0.82,34.19,1.22,R087
C01314,R0042,TRK023,local,469.3,3848.26,1454.82,737.89,100.63,823.96,77.13,0.0,7042.68,4.95,15.01,1.204,R042
C01315,R0066,TRK023,road,236.6,1372.28,522.01,994.69,200.13,486.88,573.71,1311.17,5460.86,1.2,23.08,0.956,R066
C01316,R0074,TRK014,road,372.5,2160.5,697.04,1042.28,239.47,698.32,648.01,0.0,5485.62,2.25,14.73,0.923,R074
C01317,R0011,TRK040,road,224.8,1303.84,480.69,1332.7,142.84,697.7,446.38,0.0,4404.15,2.3,19.59,1.089,R011
C01318,R0007,TRK014,road,237.3,1376.34,478.86,1341.1,197.19,395.83,254.67,1286.18,5330.17,5.04,22.46,0.957,R007
C01319,R0068,TRK024,local,395.3,3241.46,957.61,826.18,112.33,634.4,84.84,1560.54,7417.36,2.39,18.76,1.146,R068
C01320,R0055,TRK042,road,469.9,2725.42,1094.86,1357.58,364.17,408.88,79.3,1564.2,7594.42,11.7,16.16,1.052,R055
C01321,R0008,TRK018,road,525.1,3045.58,1279.39,1229.3,364.26,321.83,30.17,1018.09,7288.63,4.27,13.88,1.223,R008
C01322,R0075,TRK043,road,127.4,738.92,270.67,1224.88,90.49,211.22,298.17,545.54,3379.87,10.06,26.53,1.007,R075
C01323,R0006,TRK036,road,491.8,2852.44,1172.38,1385.18,417.89,884.8,489.07,0.0,7201.76,5.9,14.64,0.957,R006
C01324,R0032,TRK041,local,303.5,2488.7,829.07,1049.45,69.79,774.86,27.38,0.0,5239.25,3.03,17.26,1.166,R032
C01325,R0015,TRK019,local,264.7,2170.54,707.21,844.99,59.62,384.46,156.12,0.0,4322.94,9.48,16.33,0.908,R015
C01326,R0067,TRK001,rail,355.9,1281.24,319.43,532.02,63.67,830.05,479.73,1375.5,4881.65,0.98,13.72,1.038,R067
C01327,R0088,TRK046,road,392.7,2277.66,734.94,1002.75,309.99,236.45,73.25,0.0,4635.04,10.32,11.8,0.947,R088
C01328,R0023,TRK004,road,382.6,2219.08,751.95,1271.08,283.15,761.02,404.28,0.0,5690.56,2.15,14.87,1.043,R023
C01329,R0100,TRK042,road,284.3,1648.94,592.19,1256.04,189.47,661.3,544.17,0.0,4892.11,1.08,17.21,0.921,R100
C01330,R0009,TRK016,local,136.7,1120.94,394.14,968.36,34.94,609.75,191.25,191.1,3510.49,3.0,25.68,1.144,R009
C01331,R0089,TRK044,road,342.6,1987.08,669.14,1140.77,266.37,774.1,547.45,0.0,5384.91,11.35,15.72,1.015,R089
C01332,R0045,TRK003,road,439.7,2550.26,933.85,994.19,328.67,282.24,328.98,0.0,5418.2,3.23,12.32,1.047,R045
C01333,R0024,TRK009,road,293.1,1699.98,619.64,1310.65,246.83,837.97,42.66,0.0,4757.72,4.22,16.23,1.068,R024
C01334,R0080,TRK010,road,416.6,2416.28,817.94,1394.87,361.26,218.0,24.16,863.33,6095.84,1.49,14.63,1.03,R080
C01335,R0026,TRK014,road,160.3,929.74,378.85,1157.77,135.68,479.08,46.61,0.0,3127.72,0.64,19.51,1.014,R026
C01336,R0065,TRK022,road,76.7,444.86,187.69,982.37,55.81,870.95,95.02,0.0,2636.7,0.96,34.38,0.939,R065
C01337,R0053,TRK030,road,487.0,2824.6,1183.73,1091.74,362.91,422.37,230.9,0.0,6116.25,3.04,12.56,1.16,R053
C01338,R0044,TRK009,road,99.7,578.26,200.65,1078.88,82.55,376.36,476.16,0.0,2792.87,1.78,28.01,1.149,R044
C01339,R0020,TRK023,road,256.6,1488.28,561.54,981.23,173.25,156.77,286.18,207.8,3855.04,7.06,15.02,0.956,R020
C01340,R0074,TRK011,road,222.3,1289.34,509.97,1345.15,193.75,887.99,415.41,0.0,4641.61,2.83,20.88,0.922,R074
C01341,R0002,TRK048,rail,259.4,933.84,200.16,382.87,43.06,443.71,77.85,0.0,2081.5,2.64,8.02,0.91,R002
C01342,R0046,TRK030,road,92.2,534.76,199.04,1393.7,55.58,854.93,435.02,0.0,3473.03,1.05,37.67,0.97,R046
C01343,R0091,TRK038,road,444.3,2576.94,1051.83,1359.33,292.63,420.07,466.05,689.34,6856.19,1.4,15.43,1.165,R091
C01344,R0085,TRK020,road,356.1,2065.38,830.14,1103.88,285.79,401.24,29.22,0.0,4715.65,3.0,13.24,1.059,R085
C01345,R0035,TRK019,road,465.6,2700.48,937.83,1359.73,333.09,802.53,8.06,0.0,6141.72,8.97,13.19,0.965,R035
C01346,R0026,TRK031,road,522.1,3028.18,1069.18,1196.75,457.1,651.79,379.3,0.0,6782.29,2.52,12.99,1.0,R026
C01347,R0072,TRK012,road,288.0,1670.4,702.79,1424.89,237.78,485.8,183.17,0.0,4704.83,10.78,16.34,0.94,R072
C01348,R0005,TRK033,local,62.9,515.78,192.3,1078.51,17.77,872.44,181.14,0.0,2857.94,1.57,45.44,1.017,R005
C01349,R0020,TRK035,road,113.5,658.3,259.8,1432.09,73.34,619.71,223.87,648.58,3915.7,0.79,34.5,1.138,R020
C01350,R0020,TRK020,rail,274.1,986.76,219.43,421.02,39.77,651.22,274.52,0.0,2592.71,0.64,9.46,0.972,R020
C01351,R0022,TRK021,road,538.8,3125.04,1280.55,1064.37,341.27,424.38,381.49,0.0,6617.11,3.29,12.28,0.955,R022
C01352,R0053,TRK042,rail,207.8,748.08,186.57,424.44,32.18,336.27,470.7,752.58,2950.81,0.86,14.2,1.072,R053
C01353,R0047,TRK045,road,201.7,1169.86,465.71,1216.91,130.5,155.19,507.6,0.0,3645.77,3.62,18.08,1.169,R047
C01354,R0057,TRK048,road,189.5,1099.1,397.68,968.17,162.99,235.74,133.99,0.0,2997.67,3.36,15.82,1.189,R057
C01355,R0026,TRK018,local,434.9,3566.18,1121.43,954.2,129.24,527.51,118.83,0.0,6417.4,3.86,14.76,0.996,R026
C01356,R0089,TRK007,road,445.0,2581.0,923.54,1014.97,384.63,729.47,556.92,0.0,6190.52,2.9,13.91,1.01,R089
C01357,R0084,TRK019,rail,413.5,1488.6,344.8,500.84,53.18,196.35,642.95,0.0,3226.72,9.43,7.8,1.073,R084
C01358,R0080,TRK024,rail,333.5,1200.6,294.62,389.96,42.2,872.61,179.56,0.0,2979.54,0.65,8.93,0.99,R080
C01359,R0037,TRK003,rail,38.1,137.16,33.74,394.45,6.09,163.88,608.56,1207.47,2551.35,0.7,66.96,1.02,R037
C01360,R0065,TRK036,road,84.0,487.2,179.52,1190.65,59.72,398.59,253.35,0.0,2569.02,0.67,30.58,1.08,R065
C01361,R0099,TRK004,road,240.3,1393.74,500.0,1411.35,208.55,197.88,180.08,0.0,3891.6,3.84,16.19,0.989,R099
C01362,R0005,TRK025,local,175.5,1439.1,452.38,788.53,50.29,752.85,56.33,0.0,3539.48,1.8,20.17,0.951,R005
C01363,R0058,TRK008,rail,303.0,1090.8,258.99,507.93,52.93,516.81,395.47,0.0,2822.93,0.7,9.32,1.04,R058
C01364,R0099,TRK042,local,426.2,3494.84,1263.68,956.6,92.89,633.2,249.2,707.33,7397.73,1.59,17.36,0.943,R099
C01365,R0007,TRK036,road,382.1,2216.18,827.57,973.98,337.01,773.09,75.36,0.0,5203.18,13.68,13.62,0.942,R007
C01366,R0078,TRK036,local,91.6,751.12,219.05,775.37,25.26,835.93,254.38,178.09,3039.21,0.92,33.18,0.921,R078
C01367,R0045,TRK003,local,524.4,4300.08,1395.97,765.89,130.34,216.91,40.99,961.9,7812.08,1.97,14.9,1.065,R045
C01368,R0022,TRK039,local,102.7,842.14,253.78,738.11,21.49,450.64,26.76,1219.45,3552.37,3.38,34.59,1.21,R022
C01369,R0013,TRK025,rail,151.6,545.76,107.7,401.86,22.42,482.57,670.34,0.0,2230.66,0.45,14.71,0.934,R013
C01370,R0090,TRK007,road,203.4,1179.72,416.81,1391.76,126.35,172.34,88.8,0.0,3375.78,0.97,16.6,0.921,R090
C01371,R0048,TRK047,road,199.5,1157.1,478.92,1114.7,156.28,466.73,639.14,0.0,4012.87,3.09,20.11,1.243,R048
C01372,R0014,TRK020,road,375.3,2176.74,767.83,1405.75,297.21,192.3,122.62,771.92,5734.37,2.03,15.28,1.093,R014
C01373,R0047,TRK024,road,359.7,2086.26,850.44,1210.11,261.2,890.42,637.17,1121.88,7057.5,1.51,19.62,1.227,R047
C01374,R0014,TRK039,road,289.1,1676.78,644.0,979.53,231.67,400.57,35.15,0.0,3967.71,2.59,13.72,0.988,R014
C01375,R0050,TRK035,road,35.7,207.06,86.24,1253.43,21.57,407.9,70.25,941.67,2988.13,0.8,83.7,0.94,R050
C01376,R0057,TRK030,rail,104.9,377.64,91.35,504.48,12.99,503.49,331.83,1100.61,2922.39,0.94,27.86,1.189,R057
C01377,R0090,TRK008,road,316.1,1833.38,631.23,1088.21,228.37,581.43,255.99,366.45,4985.06,1.74,15.77,1.088,R090
C01378,R0035,TRK025,rail,143.0,514.8,112.99,362.2,22.66,234.32,49.51,570.04,1866.53,0.8,13.05,1.047,R035
C01379,R0005,TRK023,local,154.2,1264.44,381.86,844.64,31.84,446.03,208.95,0.0,3177.77,2.87,20.61,0.988,R005
C01380,R0016,TRK005,road,486.1,2819.38,1089.36,1136.08,437.21,300.16,616.14,0.0,6398.31,1.57,13.16,1.19,R016
C01381,R0035,TRK023,road,110.5,640.9,274.06,983.28,83.49,620.01,457.69,0.0,3059.43,1.46,27.69,1.17,R035
C01382,R0085,TRK047,road,508.2,2947.56,1052.37,1002.48,439.0,532.86,575.17,0.0,6549.45,1.36,12.89,1.042,R085
C01383,R0014,TRK031,road,497.0,2882.6,991.89,1257.67,383.14,688.79,644.92,1183.79,8032.79,4.99,16.16,1.224,R014
C01384,R0064,TRK013,road,149.8,868.84,352.69,1152.92,134.13,445.34,358.7,0.0,3312.62,1.18,22.11,1.099,R064
C01385,R0062,TRK017,road,33.3,193.14,81.38,1042.14,20.6,873.67,683.4,0.0,2894.32,1.21,86.92,0.901,R062
C01386,R0034,TRK022,road,98.5,571.3,207.52,1025.16,79.48,221.57,480.14,0.0,2585.18,0.74,26.25,0.906,R034
C01387,R0098,TRK024,rail,139.3,501.48,103.82,420.91,20.76,708.38,538.86,490.33,2784.55,0.81,19.99,1.178,R098
C01388,R0023,TRK040,road,381.1,2210.38,936.49,1018.32,264.06,868.87,501.16,1701.18,7500.47,5.62,19.68,1.185,R023
C01389,R0049,TRK044,local,381.7,3129.94,989.24,867.42,99.76,387.9,157.37,0.0,5631.62,2.92,14.75,1.206,R049
C01390,R0020,TRK015,road,214.9,1246.42,466.22,1285.33,148.18,339.0,103.47,0.0,3588.62,0.98,16.7,1.048,R020
C01391,R0098,TRK007,road,69.5,403.1,148.82,1315.81,53.37,888.86,383.48,893.18,4086.62,1.54,58.8,0.987,R098
C01392,R0060,TRK007,local,487.7,3999.14,1399.93,890.19,136.02,168.82,185.7,0.0,6779.8,1.36,13.9,1.096,R060
C01393,R0064,TRK010,road,495.6,2874.48,1043.62,1055.76,374.85,775.82,684.11,444.13,7252.77,2.64,14.63,1.205,R064
C01394,R0014,TRK033,rail,478.3,1721.88,371.2,411.88,64.95,800.41,64.62,1397.86,4832.79,3.31,10.1,1.027,R014
C01395,R0030,TRK034,rail,149.6,538.56,132.98,362.35,18.27,300.9,602.2,0.0,1955.25,0.7,13.07,1.222,R030
C01396,R0010,TRK015,local,167.1,1370.22,509.45,897.45,37.54,456.0,197.27,0.0,3467.92,1.16,20.75,1.038,R010
C01397,R0065,TRK004,rail,134.6,484.56,108.85,491.44,18.07,556.62,30.56,268.6,1958.7,0.54,14.55,1.204,R065
C01398,R0093,TRK025,local,123.1,1009.42,336.95,1058.98,26.83,869.81,114.65,0.0,3416.64,0.95,27.75,0.996,R093
C01399,R0007,TRK048,road,507.9,2945.82,1140.36,1361.32,353.65,550.02,408.25,0.0,6759.41,1.38,13.31,0.982,R007
C01400,R0041,TRK013,rail,227.7,819.72,177.55,485.21,37.42,556.09,482.74,621.28,3180.02,0.74,13.97,1.044,R041
C01401,R0009,TRK033,rail,425.4,1531.44,293.27,365.81,73.44,223.49,4.59,795.75,3287.78,1.19,7.73,1.149,R009
C01402,R0066,TRK033,rail,476.8,1716.48,409.46,517.5,75.16,821.04,275.09,110.89,3925.62,0.9,8.23,1.099,R066
C01403,R0072,TRK046,local,522.8,4286.96,1389.39,947.82,105.24,799.24,162.53,0.0,7691.17,2.2,14.71,1.185,R072
C01404,R0046,TRK003,road,139.7,810.26,294.69,1305.45,121.72,175.26,613.38,845.75,4166.51,3.98,29.82,1.025,R046
C01405,R0094,TRK024,road,46.7,270.86,114.43,1177.88,33.19,298.19,302.57,0.0,2197.13,2.13,47.05,1.106,R094
C01406,R0029,TRK042,road,177.1,1027.18,366.79,1126.31,107.09,438.97,653.33,0.0,3719.67,1.08,21.0,1.125,R029
C01407,R0084,TRK003,rail,473.0,1702.8,408.48,412.69,60.76,273.98,502.49,0.0,3361.2,0.68,7.11,1.123,R084
C01408,R0018,TRK048,road,287.8,1669.24,674.5,1417.48,183.44,379.2,658.24,0.0,4982.09,1.07,17.31,0.919,R018
C01409,R0039,TRK040,road,212.1,1230.18,529.51,1407.6,174.16,319.99,550.45,0.0,4211.88,1.32,19.86,1.163,R039
C01410,R0014,TRK013,local,120.3,986.46,336.58,939.21,25.66,659.76,160.79,0.0,3108.45,1.02,25.84,0.953,R014
C01411,R0060,TRK039,road,324.9,1884.42,707.86,1310.88,258.79,600.02,327.3,0.0,5089.26,2.65,15.66,1.099,R060
C01412,R0029,TRK012,rail,166.1,597.96,131.9,418.37,27.35,359.67,332.5,1595.82,3463.58,8.27,20.85,1.195,R029
C01413,R0095,TRK020,road,365.0,2117.0,741.27,1382.59,265.51,619.98,310.48,0.0,5436.81,1.46,14.9,1.236,R095
C01414,R0009,TRK019,road,128.0,742.4,255.5,1097.2,109.63,625.15,115.05,0.0,2944.92,1.45,23.01,0.97,R009
C01415,R0011,TRK017,road,493.4,2861.72,1114.49,1183.09,313.85,452.45,386.74,226.2,6538.53,12.32,13.25,1.093,R011
C01416,R0001,TRK015,road,258.1,1496.98,592.18,1019.75,190.77,671.63,538.48,0.0,4509.78,1.18,17.47,1.101,R001
C01417,R0042,TRK047,local,259.0,2123.8,747.49,1039.32,75.52,741.69,10.76,0.0,4738.58,1.43,18.3,1.239,R042
C01418,R0089,TRK015,local,529.6,4342.72,1367.54,885.12,125.2,636.84,25.68,0.0,7383.09,3.48,13.94,0.982,R089
C01419,R0011,TRK027,road,447.3,2594.34,1059.84,1054.15,371.85,514.31,147.02,0.0,5741.51,10.21,12.84,1.246,R011
C01420,R0067,TRK004,local,233.9,1917.98,613.17,971.51,48.68,690.82,192.3,0.0,4434.47,2.31,18.96,1.185,R067
C01421,R0075,TRK039,local,167.8,1375.96,466.78,982.71,50.08,392.84,154.68,0.0,3423.05,0.72,20.4,1.045,R075
C01422,R0060,TRK003,road,92.7,537.66,180.67,1363.01,74.54,521.56,99.49,830.74,3607.67,1.34,38.92,1.132,R060
C01423,R0075,TRK026,rail,428.4,1542.24,335.01,509.18,61.78,587.21,156.99,536.85,3729.26,0.76,8.71,0.966,R075
C01424,R0008,TRK028,rail,346.7,1248.12,299.9,445.38,44.07,286.54,545.44,0.0,2869.43,0.94,8.28,1.104,R008
C01425,R0059,TRK019,road,73.1,423.98,155.46,1419.41,60.24,881.26,423.52,0.0,3363.87,10.33,46.02,1.089,R059
C01426,R0071,TRK049,local,169.8,1392.36,507.97,816.65,36.69,778.57,290.42,483.27,4305.93,1.2,25.36,1.249,R071
C01427,R0087,TRK049,road,493.8,2864.04,1137.8,1235.01,428.61,545.76,206.24,0.0,6417.46,2.96,13.0,0.932,R087
C01428,R0098,TRK033,local,224.8,1843.36,715.05,728.69,46.83,758.16,29.88,0.0,4121.98,1.4,18.34,0.927,R098
C01429,R0066,TRK012,local,188.0,1541.6,585.27,1048.88,43.47,610.29,81.21,1055.94,4966.65,1.24,26.42,0.965,R066
C01430,R0065,TRK044,road,219.6,1273.68,485.5,1136.41,172.46,486.59,204.15,630.52,4389.31,1.65,19.99,1.217,R065
C01431,R0034,TRK032,road,181.0,1049.8,352.89,1320.12,127.29,686.41,58.15,0.0,3594.66,1.15,19.86,1.169,R034
C01432,R0002,TRK018,road,443.8,2574.04,847.63,1337.55,339.26,385.38,493.83,0.0,5977.7,1.77,13.47,1.079,R002
C01433,R0081,TRK049,road,343.5,1992.3,705.37,1413.36,246.41,532.7,140.88,0.0,5031.01,1.43,14.65,1.224,R081
C01434,R0058,TRK023,local,71.2,583.84,188.67,1026.8,17.87,370.66,154.63,0.0,2342.47,5.26,32.9,0.989,R058
C01435,R0030,TRK016,road,272.0,1577.6,554.06,1313.87,183.05,349.21,614.15,0.0,4591.92,2.62,16.88,1.204,R030
C01436,R0062,TRK039,road,54.6,316.68,112.25,1004.84,43.58,254.67,548.85,0.0,2280.88,0.92,41.77,1.244,R062
C01437,R0039,TRK044,local,387.8,3179.96,958.12,768.62,77.91,700.57,17.65,0.0,5702.82,2.88,14.71,1.228,R039
C01438,R0029,TRK047,road,525.7,3049.06,1078.92,1259.04,379.08,533.83,292.13,1433.24,8025.3,2.41,15.27,1.121,R029
C01439,R0004,TRK005,rail,410.7,1478.52,356.4,465.22,50.01,517.99,434.04,0.0,3302.18,0.82,8.04,1.162,R004
C01440,R0052,TRK038,rail,45.7,164.52,37.58,416.12,6.21,753.22,639.86,0.0,2017.52,0.47,44.15,1.18,R052
C01441,R0073,TRK036,road,92.6,537.08,189.66,1143.45,70.31,828.21,361.13,0.0,3129.84,1.02,33.8,1.174,R073
C01442,R0038,TRK010,rail,61.2,220.32,46.28,412.11,9.42,495.22,90.71,0.0,1274.06,0.34,20.82,1.181,R038
C01443,R0047,TRK049,road,250.5,1452.9,621.7,1152.79,167.11,687.03,484.51,0.0,4566.04,1.23,18.23,1.064,R047
C01444,R0032,TRK047,local,515.3,4225.46,1573.32,865.21,139.96,300.8,110.81,0.0,7215.55,1.93,14.0,1.108,R032
C01445,R0033,TRK013,rail,282.7,1017.72,212.61,519.31,46.02,516.69,424.16,0.0,2736.51,1.32,9.68,0.908,R033
C01446,R0042,TRK044,rail,521.1,1875.96,425.27,392.87,75.09,666.36,233.29,0.0,3668.85,7.1,7.04,0.96,R042
C01447,R0070,TRK018,road,179.9,1043.42,448.13,1118.36,161.25,655.88,183.88,965.56,4576.47,1.4,25.44,1.113,R070
C01448,R0038,TRK015,road,33.4,193.72,81.78,1376.71,28.48,170.99,85.76,1483.27,3420.72,1.71,102.42,0.928,R038
C01449,R0069,TRK013,road,417.4,2420.92,858.04,1244.31,344.12,332.36,628.3,1217.26,7045.3,1.55,16.88,1.175,R069
C01450,R0061,TRK037,rail,274.3,987.48,213.2,512.86,40.54,325.56,541.2,1491.98,4112.82,1.43,14.99,1.031,R061
C01451,R0004,TRK024,road,430.5,2496.9,834.38,1138.11,298.02,590.97,497.76,1471.52,7327.66,1.49,17.02,0.904,R004
C01452,R0095,TRK023,road,435.8,2527.64,832.83,1121.3,377.4,154.26,649.24,923.96,6586.64,1.53,15.11,1.159,R095
C01453,R0069,TRK042,road,204.2,1184.36,469.85,1229.53,180.98,571.23,36.84,0.0,3672.79,1.86,17.99,0.914,R069
C01454,R0097,TRK015,road,233.8,1356.04,540.96,1115.11,178.62,292.4,297.26,0.0,3780.4,0.76,16.17,1.162,R097
C01455,R0030,TRK014,road,61.0,353.8,115.02,979.12,39.77,217.71,182.42,1283.27,3171.12,1.19,51.99,0.926,R030
C01456,R0012,TRK033,road,144.6,838.68,362.08,1311.73,99.86,555.93,533.32,638.66,4340.27,8.57,30.02,1.195,R012
C01457,R0032,TRK002,rail,547.2,1969.92,397.23,367.85,76.78,610.7,139.59,0.0,3562.07,1.69,6.51,1.05,R032
C01458,R0004,TRK046,local,231.8,1900.76,646.85,914.54,66.3,469.29,246.26,0.0,4243.99,2.98,18.31,1.242,R004
C01459,R0018,TRK039,road,505.2,2930.16,1237.74,1409.43,410.54,795.94,126.68,1216.88,8127.37,10.94,16.09,1.202,R018
C01460,R0079,TRK041,road,404.3,2344.94,954.46,1229.77,350.99,459.61,47.83,0.0,5387.59,2.2,13.33,1.131,R079
C01461,R0069,TRK026,road,50.6,293.48,113.79,1299.17,39.55,570.83,508.31,377.9,3203.04,5.1,63.3,1.052,R069
C01462,R0051,TRK017,road,161.5,936.7,338.73,978.55,110.18,245.48,139.27,1735.2,4484.1,6.05,27.77,1.202,R051
C01463,R0100,TRK033,road,299.2,1735.36,661.18,1094.13,184.48,248.12,317.42,0.0,4240.69,4.65,14.17,1.211,R100
C01464,R0024,TRK036,road,292.3,1695.34,638.86,1366.19,233.55,698.29,245.49,0.0,4877.71,1.75,16.69,1.023,R024
C01465,R0038,TRK025,road,101.6,589.28,244.68,1400.61,63.99,764.2,382.04,1265.75,4710.55,1.14,46.36,1.198,R038
C01466,R0058,TRK040,road,130.0,754.0,289.33,1103.21,91.9,647.25,298.76,0.0,3184.45,1.91,24.5,1.029,R058
C01467,R0065,TRK009,road,71.4,414.12,174.68,1052.17,53.48,236.64,676.04,866.91,3474.04,1.84,48.66,1.026,R065
C01468,R0043,TRK026,road,290.2,1683.16,685.35,1146.0,246.49,244.76,257.93,572.85,4836.53,2.29,16.67,0.902,R043
C01469,R0076,TRK001,road,45.6,264.48,92.74,1027.89,37.84,681.13,411.86,0.0,2515.92,1.07,55.17,0.94,R076
C01470,R0088,TRK042,road,440.7,2556.06,1046.25,1262.63,363.77,807.03,130.47,0.0,6166.2,1.42,13.99,1.143,R088
C01471,R0057,TRK017,road,477.6,2770.08,1119.97,1237.47,306.4,881.43,333.13,0.0,6648.49,3.28,13.92,1.193,R057
C01472,R0040,TRK033,road,235.4,1365.32,447.53,1291.18,211.61,260.11,368.67,1127.96,5072.39,1.07,21.55,0.934,R040
C01473,R0025,TRK010,road,267.4,1550.92,616.51,1090.26,162.4,462.15,12.54,507.53,4402.31,14.1,16.46,1.045,R025
C01474,R0025,TRK039,rail,472.0,1699.2,396.27,451.7,62.78,769.42,571.3,0.0,3950.67,2.87,8.37,1.243,R025
C01475,R0073,TRK019,road,63.7,369.46,133.3,1025.52,49.63,398.09,326.25,1663.23,3965.49,1.36,62.25,1.03,R073
C01476,R0041,TRK019,road,536.2,3109.96,1284.92,1159.3,463.95,684.95,60.07,0.0,6763.16,2.47,12.61,1.197,R041
C01477,R0020,TRK002,road,451.9,2621.02,1039.3,1211.9,279.61,883.25,482.83,0.0,6517.91,7.37,14.42,1.232,R020
C01478,R0053,TRK011,road,455.5,2641.9,951.93,1332.82,295.22,788.16,519.56,398.73,6928.33,2.4,15.21,1.041,R053
C01479,R0092,TRK045,local,409.3,3356.26,984.88,1067.06,93.8,569.66,244.54,1086.54,7402.75,6.76,18.09,0.981,R092
C01480,R0072,TRK031,road,247.2,1433.76,553.65,968.71,162.51,390.67,400.9,0.0,3910.2,1.78,15.82,1.15,R072
C01481,R0052,TRK044,rail,331.6,1193.76,289.68,483.42,55.77,329.48,306.88,532.56,3191.56,1.1,9.62,0.911,R052
C01482,R0041,TRK037,road,123.4,715.72,298.32,1244.39,98.82,899.67,2.55,0.0,3259.47,0.7,26.41,0.959,R041
C01483,R0085,TRK049,road,412.8,2394.24,910.08,1283.67,302.71,420.07,337.75,0.0,5648.52,2.92,13.68,0.995,R085
C01484,R0043,TRK012,road,390.2,2263.16,981.05,1186.66,279.91,561.68,567.61,226.09,6066.16,4.37,15.55,1.05,R043
C01485,R0060,TRK038,road,427.6,2480.08,894.59,1206.98,267.42,379.34,627.34,0.0,5855.75,1.26,13.69,0.918,R060
C01486,R0042,TRK048,road,85.8,497.64,199.9,1020.02,56.2,197.14,505.58,807.96,3284.45,1.0,38.28,1.139,R042
C01487,R0092,TRK001,rail,232.0,835.2,178.82,470.84,32.28,496.66,141.94,846.92,3002.67,1.02,12.94,1.129,R092
C01488,R0054,TRK026,local,288.4,2364.88,819.34,820.26,62.81,613.82,172.4,1727.89,6581.39,2.13,22.82,1.129,R054
C01489,R0052,TRK016,road,209.2,1213.36,406.78,982.29,159.79,763.17,188.82,1610.62,5324.83,1.48,25.45,1.077,R052
C01490,R0002,TRK016,road,160.9,933.22,333.12,1272.01,112.96,844.24,312.93,1597.04,5405.51,12.4,33.6,1.238,R002
C01491,R0092,TRK046,road,98.0,568.4,217.33,1243.49,76.24,647.35,376.07,0.0,3128.89,2.45,31.93,1.211,R092
C01492,R0052,TRK009,road,354.9,2058.42,820.81,1122.33,244.98,363.78,65.87,595.27,5271.46,2.0,14.85,0.916,R052
C01493,R0008,TRK023,road,72.7,421.66,180.16,1218.6,50.93,783.39,486.28,1552.61,4693.63,2.11,64.56,1.125,R008
C01494,R0074,TRK040,road,100.0,580.0,210.81,1429.99,83.39,240.27,36.24,0.0,2580.68,1.2,25.81,0.959,R074
C01495,R0070,TRK038,road,227.2,1317.76,515.42,1053.65,164.14,476.45,656.16,0.0,4183.59,0.96,18.41,1.15,R070
C01496,R0076,TRK030,road,52.6,305.08,109.59,1066.25,33.02,409.09,122.37,0.0,2045.39,0.45,38.89,1.106,R076
C01497,R0080,TRK047,road,301.6,1749.28,598.92,984.47,190.18,893.15,362.8,0.0,4778.8,1.88,15.84,1.198,R080
C01498,R0043,TRK027,road,515.2,2988.16,1294.62,1272.21,370.53,362.12,217.66,0.0,6505.31,5.83,12.63,1.098,R043
C01499,R0093,TRK004,road,162.0,939.6,323.93,1241.22,98.95,717.22,43.49,0.0,3364.41,0.83,20.77,1.019,R093
C01500,R0088,TRK039,road,488.2,2831.56,1010.67,1076.83,305.59,534.92,121.08,0.0,5880.65,3.11,12.05,1.104,R088
C01501,R0032,TRK034,road,276.7,1604.86,660.09,1361.76,239.37,324.95,193.7,810.81,5195.54,1.18,18.78,1.2,R032
C01502,R0086,TRK006,local,532.9,4369.78,1305.05,744.13,128.47,270.39,6.53,0.0,6824.35,3.59,12.81,1.023,R086
C01503,R0099,TRK015,road,77.6,450.08,185.3,1339.3,69.67,870.61,481.33,0.0,3396.29,10.17,43.77,1.111,R099
C01504,R0064,TRK046,road,123.6,716.88,275.44,975.4,109.86,612.5,32.45,0.0,2722.53,1.11,22.03,0.963,R064
C01505,R0072,TRK041,local,212.4,1741.68,609.71,922.29,50.51,863.95,273.72,0.0,4461.86,3.52,21.01,0.978,R072
C01506,R0037,TRK008,road,379.9,2203.42,756.29,963.72,271.46,522.93,564.12,0.0,5281.94,9.04,13.9,1.139,R037
C01507,R0068,TRK033,local,380.5,3120.1,983.68,786.01,78.46,691.59,268.94,729.48,6658.26,2.12,17.5,1.079,R068
C01508,R0030,TRK014,rail,128.0,460.8,98.43,409.04,19.99,686.83,296.09,0.0,1971.18,0.67,15.4,1.015,R030
C01509,R0026,TRK042,local,127.4,1044.68,374.44,996.14,30.25,411.05,44.65,1234.74,4135.95,1.34,32.46,1.207,R026
C01510,R0021,TRK027,road,415.4,2409.32,967.57,1127.58,317.03,396.58,660.66,0.0,5878.74,1.91,14.15,1.013,R021
C01511,R0058,TRK026,local,326.7,2678.94,870.36,874.25,94.02,785.71,47.53,0.0,5350.81,2.43,16.38,1.016,R058
C01512,R0083,TRK018,road,218.2,1265.56,485.59,1232.17,144.55,586.13,497.26,0.0,4211.26,1.53,19.3,0.98,R083
C01513,R0053,TRK001,road,76.6,444.28,179.34,1216.91,47.76,716.92,384.95,0.0,2990.17,3.7,39.04,1.108,R053
C01514,R0020,TRK004,local,81.6,669.12,194.77,831.81,24.24,650.6,128.34,0.0,2498.87,0.97,30.62,1.102,R020
C01515,R0020,TRK010,road,122.8,712.24,231.56,1283.64,81.53,345.2,40.28,1153.81,3848.25,0.77,31.34,1.108,R020
C01516,R0004,TRK003,rail,193.0,694.8,162.17,408.08,34.39,444.39,323.16,1742.97,3809.96,0.86,19.74,1.221,R004
C01517,R0100,TRK015,road,241.2,1398.96,603.7,1004.48,179.98,301.75,547.25,0.0,4036.13,6.72,16.73,1.093,R100
C01518,R0071,TRK010,road,388.3,2252.14,775.63,1108.51,248.28,828.38,177.25,1708.17,7098.36,1.49,18.28,1.166,R071
C01519,R0029,TRK018,road,422.8,2452.24,868.55,1091.17,267.34,271.42,196.67,1325.19,6472.58,1.67,15.31,1.083,R029
C01520,R0084,TRK041,road,122.3,709.34,253.2,1152.56,88.66,215.45,68.88,1776.92,4265.0,0.95,34.87,1.188,R084
C01521,R0042,TRK007,road,387.4,2246.92,808.48,1016.13,312.93,176.82,321.22,1204.61,6087.1,13.19,15.71,1.205,R042
C01522,R0034,TRK045,rail,198.3,713.88,139.54,501.42,34.42,872.66,10.92,0.0,2272.83,1.13,11.46,1.024,R034
C01523,R0069,TRK018,local,495.5,4063.1,1334.68,772.22,139.09,196.0,257.12,0.0,6762.21,2.57,13.65,0.947,R069
C01524,R0012,TRK013,rail,149.0,536.4,103.52,506.02,21.13,394.03,118.51,1258.65,2938.26,0.73,19.72,1.218,R012
C01525,R0033,TRK047,road,332.9,1930.82,740.48,1422.43,284.12,637.97,544.18,0.0,5560.0,1.42,16.7,0.972,R033
C01526,R0076,TRK017,road,234.9,1362.42,507.91,1242.4,190.47,306.28,361.88,0.0,3971.37,0.82,16.91,1.24,R076
C01527,R0030,TRK008,rail,463.1,1667.16,416.42,473.22,76.09,807.01,100.06,0.0,3539.96,3.21,7.64,1.013,R030
C01528,R0017,TRK016,road,237.8,1379.24,534.43,1044.95,181.03,667.08,267.4,0.0,4074.12,1.66,17.13,1.022,R017
C01529,R0073,TRK038,rail,357.4,1286.64,305.09,443.75,50.28,815.28,305.79,0.0,3206.83,1.67,8.97,1.188,R073
C01530,R0001,TRK020,rail,64.3,231.48,49.53,402.66,10.79,792.08,45.8,895.28,2427.62,2.79,37.75,1.03,R001
C01531,R0019,TRK007,road,438.5,2543.3,976.54,1374.04,379.37,199.91,383.22,1212.88,7069.26,6.43,16.12,1.152,R019
C01532,R0071,TRK049,road,531.1,3080.38,1325.86,1308.06,335.45,560.64,143.43,0.0,6753.82,9.05,12.72,1.112,R071
C01533,R0048,TRK022,road,91.3,529.54,190.41,1028.65,56.06,170.41,402.63,0.0,2377.69,0.63,26.04,1.183,R048
C01534,R0071,TRK012,road,161.9,939.02,398.26,1150.93,115.76,506.28,53.07,0.0,3163.31,2.39,19.54,1.139,R071
C01535,R0064,TRK045,road,119.0,690.2,267.74,961.61,100.48,749.21,234.74,1245.85,4249.84,3.95,35.71,1.159,R064
C01536,R0062,TRK016,local,189.8,1556.36,563.29,942.08,39.16,605.21,234.65,0.0,3940.75,7.73,20.76,1.087,R062
C01537,R0051,TRK015,rail,87.9,316.44,70.02,525.36,13.93,162.74,423.34,0.0,1511.82,1.73,17.2,1.025,R051
C01538,R0087,TRK050,rail,62.6,225.36,50.74,515.83,10.1,242.88,601.26,0.0,1646.16,0.33,26.3,1.102,R087
C01539,R0043,TRK022,road,166.3,964.54,324.06,1151.6,127.72,400.39,429.03,0.0,3397.35,1.43,20.43,1.228,R043
C01540,R0022,TRK016,road,446.7,2590.86,1001.93,1161.41,334.76,363.38,436.67,0.0,5889.02,8.3,13.18,1.25,R022
C01541,R0024,TRK034,road,286.8,1663.44,651.55,1020.4,214.33,833.21,476.52,0.0,4859.44,12.75,16.94,1.082,R024
C01542,R0031,TRK003,road,294.5,1708.1,661.16,1016.36,186.27,635.88,49.49,859.73,5116.99,2.95,17.38,1.028,R031
C01543,R0038,TRK022,road,41.7,241.86,93.26,1379.36,29.41,161.67,299.01,0.0,2204.58,1.43,52.87,1.14,R038
C01544,R0077,TRK041,road,181.1,1050.38,429.67,1361.17,113.04,240.08,652.14,1686.12,5532.6,1.94,30.55,0.988,R077
C01545,R0024,TRK028,road,408.4,2368.72,818.65,1081.99,289.29,157.54,139.78,0.0,4855.96,1.0,11.89,1.165,R024
C01546,R0098,TRK042,local,390.2,3199.64,980.46,811.13,115.33,358.32,53.91,516.23,6035.01,2.35,15.47,1.056,R098
C01547,R0089,TRK024,road,472.0,2737.6,1100.48,1308.57,349.83,487.6,335.36,0.0,6319.44,6.25,13.39,0.95,R089
C01548,R0006,TRK023,road,219.7,1274.26,518.74,1148.44,141.89,155.14,632.64,1282.56,5153.66,2.2,23.46,1.105,R006
C01549,R0076,TRK015,road,106.3,616.54,248.63,1237.64,78.04,677.52,296.88,0.0,3155.27,1.92,29.68,1.161,R076
C01550,R0072,TRK028,road,381.8,2214.44,952.95,1108.27,319.15,298.76,95.1,0.0,4988.67,1.09,13.07,0.927,R072
C01551,R0013,TRK014,local,284.0,2328.8,881.72,896.46,67.27,579.12,284.22,0.0,5037.6,4.13,17.74,0.95,R013
C01552,R0087,TRK019,road,409.4,2374.52,827.56,1414.55,248.42,455.98,401.88,182.07,5904.98,2.67,14.42,1.058,R087
C01553,R0050,TRK005,road,521.8,3026.44,1123.04,1232.53,322.97,493.9,480.89,0.0,6679.78,5.14,12.8,0.949,R050
C01554,R0090,TRK014,local,44.8,367.36,136.49,1045.34,13.37,796.99,252.65,0.0,2612.2,3.96,58.31,1.197,R090
C01555,R0082,TRK011,road,231.7,1343.86,442.67,1323.75,147.98,394.61,620.47,0.0,4273.34,3.22,18.44,1.124,R082
C01556,R0086,TRK010,road,228.7,1326.46,578.41,1118.24,162.33,351.77,38.32,634.14,4209.65,2.24,18.41,1.203,R086
C01557,R0024,TRK002,road,398.4,2310.72,885.65,1137.4,284.81,520.86,463.98,0.0,5603.42,7.54,14.06,1.245,R024
C01558,R0035,TRK044,rail,44.1,158.76,35.95,410.15,6.21,653.25,76.93,0.0,1341.25,0.63,30.41,1.017,R035
C01559,R0087,TRK032,rail,542.8,1954.08,474.87,443.73,92.0,331.56,150.42,818.09,4264.76,1.17,7.86,0.964,R087
C01560,R0012,TRK020,road,524.5,3042.1,1277.73,1234.51,425.76,635.63,113.29,0.0,6729.01,1.72,12.83,1.169,R012
C01561,R0047,TRK002,road,524.3,3040.94,994.6,1250.48,339.74,440.25,283.89,0.0,6349.9,3.63,12.11,1.015,R047
C01562,R0064,TRK006,local,456.1,3740.02,1365.15,1058.61,133.11,367.27,102.66,152.11,6918.93,3.13,15.17,0.929,R064
C01563,R0035,TRK035,rail,408.8,1471.68,288.2,433.87,63.06,628.48,285.9,0.0,3171.2,0.77,7.76,1.221,R035
C01564,R0005,TRK036,local,320.5,2628.1,772.44,768.68,88.72,731.6,167.83,1261.07,6418.44,18.06,20.03,1.102,R005
C01565,R0045,TRK049,road,373.6,2166.88,789.44,1207.55,241.53,835.71,394.55,397.43,6033.09,3.7,16.15,1.07,R045
C01566,R0062,TRK030,road,272.6,1581.08,580.87,1064.32,233.42,215.56,157.47,695.47,4528.2,3.19,16.61,1.069,R062
C01567,R0041,TRK040,local,460.8,3778.56,1260.55,976.19,106.97,791.42,225.68,1212.31,8351.68,2.97,18.12,0.954,R041
C01568,R0089,TRK025,rail,508.2,1829.52,346.22,374.45,62.41,507.57,613.19,0.0,3733.35,3.8,7.35,1.149,R089
C01569,R0029,TRK005,road,374.0,2169.2,856.98,1284.68,331.31,698.92,149.77,0.0,5490.85,1.89,14.68,0.993,R029
C01570,R0046,TRK044,road,86.1,499.38,183.06,1031.43,70.05,269.2,402.36,613.07,3068.56,6.75,35.64,1.094,R046
C01571,R0068,TRK040,local,454.6,3727.72,1407.53,894.1,108.23,718.53,158.64,1096.37,8111.11,2.71,17.84,0.918,R068
C01572,R0014,TRK042,road,252.1,1462.18,525.3,1218.08,166.6,205.7,501.26,1208.63,5287.75,1.25,20.97,1.098,R014
C01573,R0068,TRK007,road,194.0,1125.2,374.74,1338.96,136.07,713.63,337.14,1188.74,5214.48,1.51,26.88,1.164,R068
C01574,R0070,TRK039,road,371.8,2156.44,737.78,1190.91,308.64,479.3,455.26,1056.95,6385.28,2.1,17.17,1.123,R070
C01575,R0098,TRK015,rail,54.6,196.56,40.07,432.23,6.96,550.66,483.68,0.0,1710.17,0.54,31.32,1.012,R098
C01576,R0042,TRK046,road,280.0,1624.0,673.35,1147.16,223.28,242.12,308.32,0.0,4218.23,3.55,15.07,1.116,R042
C01577,R0039,TRK043,rail,436.3,1570.68,355.21,384.66,75.33,208.61,605.25,0.0,3199.74,1.76,7.33,0.992,R039
C01578,R0097,TRK024,rail,40.1,144.36,29.16,529.65,6.02,423.16,289.1,0.0,1421.45,0.31,35.45,1.16,R097
C01579,R0076,TRK002,road,68.5,397.3,170.66,1000.25,49.15,680.82,156.02,1517.83,3972.03,0.82,57.99,0.941,R076
C01580,R0032,TRK016,rail,176.2,634.32,127.24,519.45,24.34,233.98,227.36,1406.54,3173.22,6.99,18.01,1.197,R032
C01581,R0005,TRK029,road,124.1,719.78,248.15,1299.13,96.37,251.79,110.3,0.0,2725.51,0.58,21.96,1.176,R005
C01582,R0014,TRK013,road,533.9,3096.62,1031.61,1063.98,342.05,463.35,671.99,0.0,6669.59,11.55,12.49,1.037,R014
C01583,R0044,TRK016,local,190.2,1559.64,502.07,736.22,39.02,304.33,35.2,927.32,4103.79,1.11,21.58,1.196,R044
C01584,R0003,TRK049,rail,150.4,541.44,111.23,437.17,23.71,839.1,436.28,0.0,2388.94,0.67,15.88,1.221,R003
C01585,R0053,TRK001,road,528.1,3062.98,999.77,1244.78,346.11,532.03,341.12,0.0,6526.78,4.03,12.36,1.215,R053
C01586,R0042,TRK029,road,239.2,1387.36,460.66,988.11,209.17,338.67,593.35,951.01,4928.32,5.4,20.6,1.172,R042
C01587,R0066,TRK027,local,117.3,961.86,344.42,862.02,25.09,704.38,161.36,410.74,3469.86,1.13,29.58,0.952,R066
C01588,R0015,TRK038,local,496.0,4067.2,1317.82,978.82,125.91,416.53,204.04,0.0,7110.33,3.07,14.34,1.222,R015
C01589,R0064,TRK020,road,342.5,1986.5,732.41,1230.45,240.81,782.57,91.93,1275.61,6340.29,4.51,18.51,1.207,R064
C01590,R0020,TRK016,local,417.9,3426.78,1100.23,1067.62,105.07,850.22,78.29,0.0,6628.21,9.57,15.86,1.05,R020
C01591,R0052,TRK047,road,197.1,1143.18,430.26,1336.18,171.94,653.22,545.66,439.51,4719.94,5.42,23.95,1.144,R052
C01592,R0030,TRK020,road,68.5,397.3,140.94,1416.93,48.34,406.3,47.1,0.0,2456.92,1.79,35.87,1.065,R030
C01593,R0067,TRK011,road,174.1,1009.78,415.0,1122.6,134.84,837.55,155.98,1330.44,5006.2,1.13,28.75,1.062,R067
C01594,R0093,TRK019,road,384.3,2228.94,720.0,1062.78,311.53,822.13,105.9,1348.91,6600.19,2.33,17.17,1.129,R093
C01595,R0056,TRK040,road,491.5,2850.7,1049.93,1243.27,308.57,541.94,368.05,0.0,6362.45,6.43,12.94,0.908,R056
C01596,R0090,TRK001,road,267.5,1551.5,533.03,1080.18,170.65,269.43,691.56,102.63,4398.98,1.62,16.44,1.208,R090
C01597,R0060,TRK031,road,164.7,955.26,378.42,1350.89,106.08,160.25,118.39,0.0,3069.29,0.64,18.64,0.939,R060
C01598,R0079,TRK012,road,535.8,3107.64,1352.24,1000.96,325.06,708.17,400.74,0.0,6894.79,7.8,12.87,0.967,R079
C01599,R0073,TRK036,road,297.5,1725.5,698.36,985.73,233.86,645.85,628.04,0.0,4917.33,1.82,16.53,0.981,R073
C01600,R0022,TRK028,local,221.0,1812.2,711.3,944.8,53.27,543.41,20.21,0.0,4085.18,1.28,18.48,0.906,R022
C01601,R0024,TRK041,rail,296.9,1068.84,239.97,465.48,48.99,288.98,427.73,0.0,2539.99,0.61,8.56,0.924,R024
C01602,R0028,TRK032,local,207.5,1701.5,495.59,811.59,56.93,828.14,196.83,0.0,4090.58,3.35,19.71,1.239,R028
C01603,R0009,TRK046,road,39.6,229.68,97.46,1107.66,35.3,683.45,321.37,0.0,2474.92,1.16,62.5,0.995,R009
C01604,R0030,TRK004,rail,183.7,661.32,155.14,389.46,24.54,457.15,664.6,0.0,2352.21,0.57,12.8,1.244,R030
C01605,R0069,TRK047,road,295.4,1713.32,577.37,1262.27,236.23,555.64,252.25,0.0,4597.07,0.95,15.56,1.179,R069
C01606,R0058,TRK034,rail,203.2,731.52,162.76,463.97,27.84,447.88,622.84,0.0,2456.82,1.07,12.09,1.197,R058
C01607,R0042,TRK031,road,394.6,2288.68,803.18,1143.76,271.48,398.28,256.66,0.0,5162.04,1.2,13.08,1.139,R042
C01608,R0081,TRK001,road,491.9,2853.02,1012.88,1395.8,422.46,583.64,473.98,0.0,6741.78,4.61,13.71,1.164,R081
C01609,R0098,TRK031,rail,363.1,1307.16,313.88,535.03,44.98,321.64,432.16,0.0,2954.86,1.08,8.14,0.982,R098
C01610,R0035,TRK031,road,327.6,1900.08,822.76,1228.31,269.03,529.91,411.63,542.37,5704.1,1.31,17.41,1.197,R035
C01611,R0093,TRK027,road,283.0,1641.4,598.81,1399.03,251.05,225.08,143.47,33.17,4292.02,0.99,15.17,1.056,R093
C01612,R0001,TRK020,road,522.9,3032.82,1029.5,1107.79,418.1,195.26,402.43,0.0,6185.9,2.27,11.83,1.149,R001
C01613,R0095,TRK001,road,245.1,1421.58,571.56,1083.56,152.92,520.7,576.68,0.0,4326.99,0.99,17.65,0.933,R095
C01614,R0027,TRK021,rail,302.7,1089.72,251.07,497.7,50.11,200.8,595.68,989.02,3674.1,1.16,12.14,1.05,R027
C01615,R0081,TRK024,road,335.7,1947.06,809.92,1414.15,297.18,594.44,281.26,0.0,5344.01,6.15,15.92,1.086,R081
C01616,R0060,TRK031,rail,430.2,1548.72,320.29,438.27,57.56,503.12,187.05,0.0,3055.0,0.97,7.1,1.099,R060
C01617,R0076,TRK041,road,267.5,1551.5,601.07,1419.52,164.82,170.01,60.07,0.0,3966.99,1.12,14.83,0.94,R076
C01618,R0069,TRK005,road,279.3,1619.94,581.86,1199.17,190.4,381.96,691.73,0.0,4665.06,13.37,16.7,1.102,R069
C01619,R0098,TRK040,road,158.5,919.3,378.75,1365.27,138.97,553.13,320.71,0.0,3676.12,1.27,23.19,1.097,R098
C01620,R0080,TRK029,road,414.9,2406.42,783.17,1041.77,296.75,857.46,689.16,193.05,6267.78,10.22,15.11,1.094,R080
C01621,R0034,TRK020,rail,192.0,691.2,139.38,508.26,24.22,416.97,672.1,0.0,2452.13,0.95,12.77,1.006,R034
C01622,R0071,TRK041,rail,441.9,1590.84,358.73,492.21,74.93,859.17,547.47,0.0,3923.35,4.16,8.88,1.055,R071
C01623,R0080,TRK007,road,133.7,775.46,317.8,1009.75,80.8,197.26,688.33,1351.97,4421.37,2.0,33.07,1.168,R080
C01624,R0054,TRK044,rail,256.0,921.6,215.53,402.76,39.9,263.08,85.56,0.0,1928.43,3.2,7.53,1.034,R054
C01625,R0022,TRK031,local,133.0,1090.6,346.99,851.08,28.7,800.29,247.97,0.0,3365.63,1.03,25.31,1.014,R022
C01626,R0066,TRK017,road,441.8,2562.44,1085.16,1061.42,297.47,339.86,440.07,42.0,5828.41,1.66,13.19,1.037,R066
C01627,R0055,TRK004,road,337.3,1956.34,721.37,1171.43,237.0,453.48,178.5,331.94,5050.05,1.76,14.97,1.107,R055
C01628,R0017,TRK033,local,84.9,696.18,232.42,856.14,22.98,441.83,282.11,0.0,2531.65,1.38,29.82,0.987,R017
C01629,R0007,TRK010,road,151.4,878.12,307.32,1120.36,119.66,844.24,532.47,0.0,3802.18,1.18,25.11,1.05,R007
C01630,R0008,TRK002,local,408.9,3352.98,1307.69,746.45,94.46,812.9,111.64,0.0,6426.11,2.62,15.72,0.983,R008
C01631,R0069,TRK033,road,317.5,1841.5,773.28,1317.92,243.07,674.71,62.32,0.0,4912.8,1.15,15.47,1.09,R069
C01632,R0038,TRK012,local,67.2,551.04,195.84,783.02,16.92,764.92,289.94,220.91,2822.59,1.02,42.0,1.212,R038
C01633,R0060,TRK032,local,521.3,4274.66,1493.05,832.02,114.96,562.94,114.71,1585.42,8977.76,2.74,17.22,1.206,R060
C01634,R0012,TRK012,rail,305.1,1098.36,226.79,531.37,42.08,870.5,156.72,1588.56,4514.38,5.55,14.8,1.053,R012
C01635,R0062,TRK047,road,366.4,2125.12,731.68,1354.27,317.01,655.96,282.39,907.24,6373.67,17.22,17.4,1.209,R062
C01636,R0001,TRK006,road,443.5,2572.3,874.51,1370.82,282.41,275.18,647.96,511.4,6534.58,2.23,14.73,0.995,R001
C01637,R0100,TRK009,road,202.6,1175.08,386.36,1299.39,146.13,172.25,367.29,0.0,3546.51,0.95,17.5,1.062,R100
C01638,R0007,TRK042,road,404.5,2346.1,833.58,1431.5,253.52,780.0,295.0,528.87,6468.56,19.25,15.99,1.054,R007
C01639,R0083,TRK023,road,84.8,491.84,200.35,1328.32,58.7,536.0,678.45,0.0,3293.65,1.61,38.84,0.928,R083
C01640,R0096,TRK009,rail,117.5,423.0,103.63,431.98,20.32,634.39,412.38,0.0,2025.69,1.33,17.24,1.206,R096
C01641,R0002,TRK012,road,321.3,1863.54,787.91,1039.45,257.19,818.92,463.3,162.94,5393.25,6.82,16.79,1.101,R002
C01642,R0075,TRK031,rail,157.4,566.64,112.84,496.37,22.79,275.89,218.58,0.0,1693.11,1.08,10.76,1.2,R075
C01643,R0009,TRK010,road,423.1,2453.98,858.42,1130.45,296.68,678.94,639.05,1733.05,7790.57,1.71,18.41,1.141,R009
C01644,R0056,TRK017,road,183.9,1066.62,429.07,1319.82,117.13,184.14,483.66,497.04,4097.48,7.43,22.28,1.049,R056
C01645,R0013,TRK004,local,117.8,965.96,375.47,830.64,30.24,225.88,154.9,0.0,2583.09,4.58,21.93,1.136,R013
C01646,R0025,TRK017,road,385.9,2238.22,890.86,1091.27,306.44,258.14,79.03,0.0,4863.96,2.26,12.6,0.948,R025
C01647,R0053,TRK029,road,161.4,936.12,364.96,1015.89,110.78,575.71,330.43,0.0,3333.88,0.85,20.66,1.132,R053
C01648,R0027,TRK006,road,359.2,2083.36,726.62,1065.28,265.15,242.11,248.84,1220.76,5852.11,1.52,16.29,1.003,R027
C01649,R0095,TRK045,road,369.2,2141.36,871.76,1423.15,319.92,856.3,144.89,232.77,5990.14,2.46,16.22,1.051,R095
C01650,R0076,TRK025,road,527.0,3056.6,995.71,1040.1,380.73,368.49,52.81,468.74,6363.18,2.51,12.07,0.911,R076
C01651,R0066,TRK046,rail,301.3,1084.68,235.5,440.39,52.82,706.12,214.07,0.0,2733.58,4.54,9.07,1.075,R066
C01652,R0053,TRK019,road,201.3,1167.54,491.8,1080.1,160.37,564.52,51.33,1424.35,4940.02,1.2,24.54,1.224,R053
C01653,R0026,TRK020,road,120.0,696.0,291.22,1035.99,80.87,696.32,45.97,1293.27,4139.65,0.88,34.5,1.133,R026
C01654,R0019,TRK043,rail,472.1,1699.56,325.53,434.69,70.81,860.98,632.26,600.1,4623.93,1.66,9.79,1.064,R019
C01655,R0098,TRK010,local,369.6,3030.72,1035.89,788.0,96.88,413.87,87.04,0.0,5452.39,14.65,14.75,1.217,R098
C01656,R0026,TRK041,road,98.4,570.72,199.43,1408.89,69.18,522.95,73.25,0.0,2844.42,0.61,28.91,1.233,R026
C01657,R0032,TRK032,road,34.4,199.52,65.17,1385.46,24.45,836.35,673.65,1537.04,4721.63,1.99,137.26,1.082,R032
C01658,R0025,TRK013,road,263.7,1529.46,523.55,1428.5,229.77,310.76,436.15,1570.92,6029.12,2.01,22.86,0.97,R025
C01659,R0071,TRK020,road,101.5,588.7,205.96,1399.01,71.86,487.56,10.26,480.12,3243.46,1.64,31.96,0.938,R071
C01660,R0071,TRK045,road,314.9,1826.42,692.35,1010.51,207.52,889.95,292.52,1425.61,6344.88,2.86,20.15,1.173,R071
C01661,R0030,TRK024,road,47.2,273.76,114.4,1353.34,34.77,883.12,615.21,0.0,3274.6,0.96,69.38,0.904,R030
C01662,R0046,TRK046,road,389.1,2256.78,899.33,1178.62,340.18,338.18,97.76,600.94,5711.79,5.09,14.68,1.223,R046
C01663,R0047,TRK039,road,157.3,912.34,393.49,1156.82,123.9,642.45,669.94,1724.98,5623.92,1.61,35.75,1.103,R047
C01664,R0083,TRK048,road,452.9,2626.82,1065.39,1244.35,371.25,437.25,197.79,809.43,6752.27,14.96,14.91,0.98,R083
C01665,R0094,TRK042,road,473.1,2743.98,920.13,1312.58,315.5,204.85,33.91,1698.3,7229.25,1.64,15.28,1.199,R094
C01666,R0029,TRK022,rail,121.5,437.4,83.89,441.99,17.75,831.93,70.73,592.73,2476.42,1.39,20.38,0.967,R029
C01667,R0018,TRK001,rail,447.9,1612.44,357.02,480.54,77.41,386.23,578.5,1097.05,4589.19,2.38,10.25,1.175,R018
C01668,R0044,TRK015,rail,123.8,445.68,93.32,458.97,20.86,800.47,81.54,0.0,1900.83,0.9,15.35,1.031,R044
C01669,R0066,TRK015,road,79.2,459.36,191.42,1376.59,67.59,575.19,467.51,520.23,3657.89,1.2,46.19,1.216,R066
C01670,R0008,TRK021,road,101.9,591.02,214.22,1029.34,74.12,684.9,361.18,1671.78,4626.56,3.29,45.4,1.243,R008
C01671,R0005,TRK046,road,111.1,644.38,272.06,1021.87,78.94,225.76,478.18,0.0,2721.2,0.55,24.49,1.052,R005
C01672,R0026,TRK006,road,428.1,2482.98,897.18,1174.55,265.23,722.58,100.73,0.0,5643.25,1.17,13.18,1.141,R026
C01673,R0042,TRK040,road,123.5,716.3,285.29,1050.24,111.14,674.45,294.54,0.0,3131.96,1.42,25.36,1.232,R042
C01674,R0068,TRK004,road,86.0,498.8,163.29,1379.45,67.64,702.02,418.35,0.0,3229.55,0.68,37.55,0.94,R068
C01675,R0073,TRK013,road,333.9,1936.62,814.3,1386.6,252.32,839.01,217.78,0.0,5446.64,1.29,16.31,0.915,R073
C01676,R0090,TRK021,road,66.7,386.86,125.79,1149.13,54.14,167.48,412.66,0.0,2296.05,0.84,34.42,1.055,R090
C01677,R0071,TRK006,road,534.6,3100.68,1018.51,1083.63,346.5,808.66,89.39,0.0,6447.37,1.37,12.06,1.136,R071
C01678,R0028,TRK014,road,162.1,940.18,375.2,1075.5,144.82,407.09,301.07,0.0,3243.85,4.3,20.01,0.975,R028
C01679,R0003,TRK037,road,469.7,2724.26,965.73,1321.08,334.14,408.96,538.34,0.0,6292.51,20.3,13.4,0.925,R003
C01680,R0087,TRK024,rail,330.7,1190.52,275.83,449.97,43.54,784.32,391.14,0.0,3135.33,4.35,9.48,1.2,R087
C01681,R0070,TRK022,road,368.2,2135.56,849.34,1097.61,298.45,869.95,1.37,1795.66,7047.95,2.65,19.14,0.935,R070
C01682,R0034,TRK031,road,310.9,1803.22,738.09,1079.55,234.21,516.3,401.71,0.0,4773.09,1.39,15.35,0.955,R034
C01683,R0058,TRK049,rail,92.8,334.08,69.1,438.73,11.6,346.73,24.99,0.0,1225.24,0.42,13.2,1.168,R058
C01684,R0065,TRK020,road,496.1,2877.38,1003.66,1050.86,307.8,498.19,346.46,0.0,6084.34,1.41,12.26,0.912,R065
C01685,R0071,TRK031,rail,408.5,1470.6,309.91,445.01,67.03,717.56,208.52,0.0,3218.64,0.75,7.88,0.96,R071
C01686,R0052,TRK035,rail,225.6,812.16,192.63,424.63,40.15,165.49,340.88,1689.43,3665.35,0.99,16.25,1.178,R052
C01687,R0052,TRK021,road,288.3,1672.14,693.11,1233.28,251.8,223.51,672.66,1713.53,6460.03,1.63,22.41,1.112,R052
C01688,R0043,TRK018,local,349.9,2869.18,913.81,934.02,100.96,790.76,129.07,0.0,5737.8,1.28,16.4,1.21,R043
C01689,R0028,TRK031,road,420.9,2441.22,925.41,994.19,261.27,603.16,444.54,0.0,5669.78,2.59,13.47,1.22,R028
C01690,R0014,TRK029,rail,278.4,1002.24,219.8,397.81,44.19,550.65,596.45,195.39,3006.52,0.68,10.8,1.093,R014
C01691,R0023,TRK014,road,377.8,2191.24,749.06,1366.32,307.08,377.68,187.34,602.52,5781.24,9.09,15.3,0.957,R023
C01692,R0013,TRK011,road,347.4,2014.92,722.08,1344.01,265.12,838.8,249.23,0.0,5434.16,7.95,15.64,0.918,R013
C01693,R0035,TRK039,rail,326.5,1175.4,250.2,406.24,53.96,217.51,458.42,242.44,2804.17,1.02,8.59,1.016,R035
C01694,R0040,TRK045,rail,343.0,1234.8,298.96,464.51,46.39,273.05,23.92,0.0,2341.63,0.62,6.83,1.046,R040
C01695,R0025,TRK015,road,50.5,292.9,126.94,965.29,40.41,268.62,589.69,0.0,2283.85,0.56,45.22,1.146,R025
C01696,R0041,TRK010,road,369.3,2141.94,757.18,1409.27,223.56,805.27,63.19,0.0,5400.4,13.0,14.62,1.12,R041
C01697,R0096,TRK026,rail,355.0,1278.0,303.92,516.68,61.2,256.03,225.59,607.66,3249.07,1.01,9.15,0.976,R096
C01698,R0060,TRK014,road,150.1,870.58,335.45,1297.58,112.25,337.37,384.55,1773.69,5111.46,1.12,34.05,0.926,R060
C01699,R0024,TRK017,rail,351.6,1265.76,299.46,438.03,53.89,588.28,142.97,0.0,2788.4,0.84,7.93,1.188,R024
C01700,R0065,TRK001,road,61.5,356.7,147.56,1207.91,54.71,411.92,168.24,0.0,2347.05,1.13,38.16,1.166,R065
C01701,R0073,TRK030,road,198.4,1150.72,491.79,1286.03,146.91,163.35,269.29,229.66,3737.76,1.73,18.84,1.229,R073
C01702,R0091,TRK029,local,323.7,2654.34,943.01,1068.59,83.3,535.12,126.35,0.0,5410.71,1.4,16.72,1.239,R091
C01703,R0027,TRK026,road,85.1,493.58,177.08,1070.46,55.75,228.17,524.52,0.0,2549.56,1.66,29.96,1.193,R027
C01704,R0064,TRK049,local,515.2,4224.64,1358.42,908.0,141.71,877.84,46.88,0.0,7557.5,6.71,14.67,0.952,R064
C01705,R0074,TRK037,rail,521.6,1877.76,449.88,485.0,81.36,678.46,251.53,0.0,3823.99,1.16,7.33,1.169,R074
C01706,R0044,TRK024,road,544.9,3160.42,1140.98,1052.66,374.56,380.21,46.14,1125.54,7280.51,6.1,13.36,1.059,R044
C01707,R0003,TRK027,rail,90.7,326.52,64.66,521.7,10.97,303.53,310.55,0.0,1537.94,0.41,16.96,1.006,R003
C01708,R0017,TRK037,road,226.1,1311.38,476.4,1322.76,157.87,761.23,210.18,0.0,4239.82,11.68,18.75,1.143,R017
C01709,R0074,TRK022,local,133.1,1091.42,381.4,780.68,30.36,353.27,190.97,0.0,2828.1,0.63,21.25,1.232,R074
C01710,R0019,TRK007,road,161.2,934.96,387.05,1048.78,117.06,226.49,266.25,0.0,2980.58,0.97,18.49,0.98,R019
C01711,R0055,TRK049,local,148.1,1214.42,455.44,986.44,38.62,680.64,275.37,0.0,3650.93,3.74,24.65,1.143,R055
C01712,R0041,TRK042,local,176.6,1448.12,506.18,847.94,49.32,615.84,170.02,0.0,3637.42,1.18,20.6,1.214,R041
C01713,R0021,TRK047,rail,291.5,1049.4,243.55,508.65,45.21,192.34,217.74,0.0,2256.89,0.52,7.74,1.108,R021
C01714,R0098,TRK001,road,195.4,1133.32,387.01,1093.18,139.01,753.63,487.31,1461.06,5454.51,4.14,27.91,1.137,R098
C01715,R0080,TRK027,road,35.3,204.74,72.63,1297.15,25.81,427.24,693.76,0.0,2721.34,0.8,77.09,0.998,R080
C01716,R0003,TRK003,rail,503.1,1811.16,432.4,375.17,84.61,453.96,605.41,1098.23,4860.93,1.84,9.66,1.007,R003
C01717,R0091,TRK041,local,393.4,3225.88,960.94,1054.15,101.41,235.43,215.84,0.0,5793.66,1.55,14.73,0.946,R091
C01718,R0064,TRK032,rail,69.4,249.84,59.19,520.66,9.54,327.62,206.47,0.0,1373.33,0.32,19.79,1.211,R064
C01719,R0077,TRK042,road,431.6,2503.28,906.94,1413.17,385.15,648.08,92.08,1374.74,7323.44,5.89,16.97,1.235,R077
C01720,R0009,TRK017,road,31.1,180.38,73.51,1359.12,27.19,182.77,621.69,731.6,3176.27,3.36,102.13,1.108,R009
C01721,R0049,TRK019,road,74.7,433.26,142.29,984.66,66.4,186.31,523.63,0.0,2336.55,0.69,31.28,1.096,R049
C01722,R0039,TRK020,local,542.4,4447.68,1733.14,897.47,121.14,684.75,140.13,0.0,8024.31,2.25,14.79,1.231,R039
C01723,R0040,TRK045,local,293.2,2404.24,715.93,785.14,83.66,654.97,34.3,0.0,4678.25,2.63,15.96,1.067,R040
C01724,R0048,TRK019,road,279.7,1622.26,572.81,1139.02,247.55,514.72,513.94,0.0,4610.3,2.7,16.48,1.06,R048
C01725,R0074,TRK050,road,366.2,2123.96,812.42,1222.39,284.93,705.58,347.3,0.0,5496.58,3.94,15.01,1.244,R074
C01726,R0014,TRK024,local,220.5,1808.1,697.32,970.45,62.15,230.68,226.38,1469.08,5464.17,3.22,24.78,1.101,R014
C01727,R0035,TRK011,local,165.1,1353.82,484.65,1002.19,43.03,363.28,112.67,0.0,3359.64,0.94,20.35,1.184,R035
C01728,R0035,TRK039,road,369.6,2143.68,804.73,1265.0,265.08,623.92,112.51,89.1,5304.02,7.29,14.35,1.077,R035
C01729,R0055,TRK003,road,252.6,1465.08,573.05,1200.48,159.26,337.04,280.41,1009.76,5025.08,1.49,19.89,1.014,R055
C01730,R0085,TRK034,road,395.6,2294.48,766.85,1305.23,239.98,671.14,604.75,0.0,5882.44,2.27,14.87,1.034,R085
C01731,R0004,TRK020,road,468.1,2714.98,904.0,1244.86,304.82,444.51,581.61,1645.77,7840.54,7.66,16.75,1.213,R004
C01732,R0015,TRK046,rail,250.5,901.8,195.76,420.55,34.09,432.32,326.7,261.5,2572.73,1.87,10.27,1.237,R015
C01733,R0089,TRK006,rail,460.0,1656.0,391.14,522.43,68.48,727.97,250.3,0.0,3616.32,2.65,7.86,1.108,R089
C01734,R0003,TRK013,road,300.6,1743.48,638.01,1109.49,213.64,787.54,424.04,0.0,4916.2,0.99,16.35,1.138,R003
C01735,R0073,TRK033,road,155.2,900.16,374.13,1344.12,96.63,298.75,404.02,0.0,3417.81,1.11,22.02,1.065,R073
C01736,R0091,TRK046,road,48.7,282.46,101.15,992.88,41.42,465.5,136.43,0.0,2019.84,1.69,41.48,1.229,R091
C01737,R0004,TRK031,road,168.6,977.88,338.44,1244.52,119.94,575.7,509.89,1437.23,5203.6,1.35,30.86,1.095,R004
C01738,R0078,TRK013,road,72.1,418.18,171.56,1115.85,49.9,891.29,249.04,0.0,2895.83,0.6,40.16,0.94,R078
C01739,R0001,TRK031,rail,210.0,756.0,191.64,475.06,32.46,695.25,258.76,459.91,2869.08,0.64,13.66,1.164,R001
C01740,R0092,TRK021,road,158.7,920.46,382.19,1259.88,140.68,282.57,440.11,0.0,3425.9,4.14,21.59,1.037,R092
C01741,R0018,TRK034,rail,486.3,1750.68,386.78,427.44,77.81,884.27,690.91,0.0,4217.89,3.65,8.67,1.087,R018
C01742,R0046,TRK023,rail,221.2,796.32,168.54,396.96,29.87,732.25,349.68,1685.49,4159.11,0.97,18.8,1.096,R046
C01743,R0081,TRK020,road,297.8,1727.24,630.51,1040.27,197.84,475.87,39.29,864.45,4975.47,1.66,16.71,1.062,R081
C01744,R0026,TRK019,road,174.4,1011.52,350.47,1267.89,153.03,633.23,172.07,0.0,3588.22,2.55,20.57,1.198,R026
C01745,R0045,TRK035,rail,166.9,600.84,119.59,412.19,26.68,739.73,346.93,0.0,2245.95,0.93,13.46,0.998,R045
C01746,R0072,TRK026,local,233.8,1917.16,731.19,1075.8,55.46,344.12,56.85,912.46,5093.04,11.78,21.78,0.943,R072
C01747,R0005,TRK020,local,127.7,1047.14,409.21,838.73,25.59,876.31,226.89,0.0,3423.88,2.34,26.81,1.183,R005
C01748,R0097,TRK013,road,273.0,1583.4,607.08,1401.84,198.32,622.17,551.79,0.0,4964.59,1.01,18.19,0.993,R097
C01749,R0086,TRK048,rail,235.1,846.36,212.02,471.12,38.7,174.32,667.3,0.0,2409.82,1.64,10.25,1.095,R086
C01750,R0066,TRK011,road,129.9,753.42,298.39,1376.09,115.37,647.29,144.36,1639.04,4973.95,1.35,38.29,1.216,R066
C01751,R0094,TRK040,road,287.6,1668.08,554.96,1241.51,222.55,666.9,202.28,1391.07,5947.36,2.0,20.68,0.97,R094
C01752,R0084,TRK020,road,122.5,710.5,257.93,1178.67,85.29,727.05,479.14,0.0,3438.58,1.69,28.07,1.094,R084
C01753,R0073,TRK021,road,220.8,1280.64,418.67,1022.04,144.95,254.05,478.71,0.0,3599.06,1.32,16.3,1.006,R073
C01754,R0026,TRK003,rail,460.2,1656.72,349.28,483.62,78.65,673.56,151.49,0.0,3393.31,1.51,7.37,1.135,R026
C01755,R0019,TRK016,road,506.8,2939.44,1182.84,995.64,414.75,188.52,189.11,0.0,5910.31,1.43,11.66,1.048,R019
C01756,R0088,TRK049,rail,445.3,1603.08,389.9,452.06,67.61,393.27,495.86,0.0,3401.77,1.27,7.64,0.93,R088
C01757,R0090,TRK023,rail,495.4,1783.44,355.07,461.08,72.44,500.13,216.71,1226.91,4615.78,3.23,9.32,1.127,R090
C01758,R0068,TRK003,road,481.0,2789.8,1208.72,975.79,326.26,369.87,569.81,0.0,6240.25,2.62,12.97,1.117,R068
C01759,R0022,TRK030,rail,517.4,1862.64,468.38,528.17,62.27,867.13,111.92,0.0,3900.51,1.01,7.54,1.124,R022
C01760,R0025,TRK045,road,227.7,1320.66,517.29,974.27,188.82,383.62,678.44,0.0,4063.11,1.1,17.84,0.929,R025
C01761,R0036,TRK040,rail,123.8,445.68,110.23,524.46,16.27,673.63,131.3,150.34,2051.91,0.71,16.57,1.07,R036
C01762,R0057,TRK013,road,278.8,1617.04,541.33,1142.55,168.17,295.69,400.95,452.29,4618.02,2.23,16.56,1.042,R057
C01763,R0087,TRK022,road,235.1,1363.58,492.06,1161.08,201.0,884.75,454.86,649.63,5206.97,1.43,22.15,1.102,R087
C01764,R0100,TRK005,road,44.5,258.1,94.26,1150.92,37.27,293.54,49.95,0.0,1884.03,0.55,42.34,1.162,R100
C01765,R0019,TRK048,road,300.2,1741.16,734.35,1287.94,229.43,217.36,657.83,0.0,4868.07,4.19,16.22,0.956,R019
C01766,R0058,TRK032,road,153.0,887.4,351.85,1433.23,113.43,172.22,273.52,0.0,3231.66,1.24,21.12,1.178,R058
C01767,R0017,TRK043,road,203.3,1179.14,484.75,1110.91,137.28,490.02,127.98,0.0,3530.09,2.05,17.36,0.997,R017
C01768,R0055,TRK025,rail,150.9,543.24,123.4,383.56,26.06,680.59,327.39,0.0,2084.24,0.44,13.81,1.076,R055
C01769,R0081,TRK030,road,119.4,692.52,238.52,1330.77,107.39,664.32,641.96,1447.41,5122.9,5.95,42.91,1.229,R081
C01770,R0057,TRK019,road,190.5,1104.9,412.79,1190.5,154.4,899.51,388.11,81.64,4231.85,1.4,22.21,1.234,R057
C01771,R0061,TRK049,local,503.8,4131.16,1349.79,1003.03,127.87,600.56,51.39,0.0,7263.8,1.74,14.42,1.174,R061
C01772,R0093,TRK002,road,504.8,2927.84,1072.22,1285.59,391.85,643.1,53.7,0.0,6374.3,1.36,12.63,1.194,R093
C01773,R0025,TRK015,road,208.1,1206.98,475.8,994.81,173.51,204.48,220.41,788.81,4064.81,1.24,19.53,0.938,R025
C01774,R0039,TRK004,road,528.7,3066.46,996.82,1034.84,427.61,515.35,225.84,50.87,6317.8,5.55,11.95,1.158,R039
C01775,R0022,TRK021,rail,359.5,1294.2,290.2,410.01,46.61,432.26,26.3,856.38,3355.97,1.17,9.34,1.017,R022
C01776,R0088,TRK004,road,499.7,2898.26,1215.41,1107.03,396.53,229.4,402.73,0.0,6249.36,1.85,12.51,0.908,R088
C01777,R0093,TRK007,road,549.9,3189.42,1356.74,1128.38,336.43,705.58,413.78,1431.94,8562.27,7.11,15.57,1.134,R093
C01778,R0093,TRK019,local,233.7,1916.34,635.19,729.68,68.08,197.08,238.37,107.55,3892.29,5.61,16.66,1.103,R093
C01779,R0088,TRK035,road,337.1,1955.18,731.37,1034.23,238.85,179.61,509.77,0.0,4649.01,1.36,13.79,1.101,R088
C01780,R0002,TRK005,road,97.7,566.66,186.66,1303.96,64.67,852.11,463.47,0.0,3437.54,6.87,35.18,1.161,R002
C01781,R0043,TRK034,road,424.9,2464.42,872.1,995.79,322.03,809.91,103.26,0.0,5567.51,2.62,13.1,0.974,R043
C01782,R0032,TRK045,road,96.0,556.8,235.53,1268.11,58.6,506.68,636.7,0.0,3262.42,0.7,33.98,1.022,R032
C01783,R0068,TRK008,road,194.9,1130.42,442.3,1154.21,134.15,659.49,183.32,0.0,3703.89,1.98,19.0,1.214,R068
C01784,R0008,TRK006,road,56.0,324.8,123.15,1232.82,43.5,168.38,451.63,0.0,2344.27,2.0,41.86,0.95,R008
C01785,R0053,TRK014,road,35.2,204.16,70.99,980.53,24.95,659.03,260.83,1317.62,3518.11,1.07,99.95,0.958,R053
C01786,R0024,TRK050,road,94.9,550.42,209.23,1410.37,81.41,244.54,479.33,0.0,2975.3,0.67,31.35,0.994,R024
C01787,R0082,TRK010,road,470.2,2727.16,1004.6,1338.23,349.54,657.68,161.22,409.75,6648.18,1.35,14.14,0.901,R082
C01788,R0032,TRK022,road,219.6,1273.68,483.67,1346.21,145.77,490.73,665.38,0.0,4405.44,1.39,20.06,1.138,R032
C01789,R0026,TRK004,rail,85.2,306.72,68.03,370.07,13.34,505.41,262.88,679.61,2206.06,0.77,25.89,1.138,R026
C01790,R0073,TRK013,road,68.6,397.88,153.72,1164.46,46.98,622.64,9.58,0.0,2395.25,1.18,34.92,0.944,R073
C01791,R0091,TRK027,local,306.9,2516.58,827.64,788.12,80.12,614.1,160.02,0.0,4986.58,2.67,16.25,1.207,R091
C01792,R0060,TRK020,road,440.3,2553.74,1004.92,1241.16,347.12,816.8,676.43,0.0,6640.17,10.61,15.08,1.195,R060
C01793,R0020,TRK007,road,93.9,544.62,224.31,1296.32,80.87,749.75,559.16,1743.51,5198.53,7.45,55.36,1.171,R020
C01794,R0069,TRK011,road,450.2,2611.16,1043.3,1023.08,295.71,271.76,113.03,0.0,5358.04,5.14,11.9,1.116,R069
C01795,R0074,TRK020,road,209.4,1214.52,489.96,1304.06,179.98,854.83,645.18,0.0,4688.53,4.84,22.39,1.085,R074
C01796,R0020,TRK033,road,446.5,2589.7,953.09,1368.02,293.95,260.92,311.09,0.0,5776.77,2.56,12.94,1.079,R020
C01797,R0083,TRK007,road,61.7,357.86,140.79,1283.25,42.97,417.81,237.23,0.0,2479.91,2.77,40.19,1.213,R083
C01798,R0055,TRK036,rail,253.1,911.16,230.95,493.62,31.94,315.91,54.41,0.0,2037.98,0.5,8.05,1.203,R055
C01799,R0030,TRK023,road,458.9,2661.62,1136.48,1041.4,297.62,760.76,166.56,0.0,6064.44,1.51,13.22,1.052,R030
C01800,R0071,TRK045,road,471.0,2731.8,1090.61,1027.87,302.48,158.94,291.31,0.0,5603.01,6.86,11.9,0.973,R071
C01801,R0062,TRK010,road,308.0,1786.4,700.13,1119.03,254.84,194.78,451.48,650.16,5156.82,3.07,16.74,1.037,R062
C01802,R0076,TRK008,local,520.8,4270.56,1259.68,1077.75,148.82,612.43,246.95,0.0,7616.2,2.65,14.62,0.912,R076
C01803,R0060,TRK030,road,340.9,1977.22,657.75,1094.41,250.24,626.85,108.14,0.0,4714.61,1.53,13.83,0.923,R060
C01804,R0023,TRK045,road,516.3,2994.54,966.22,1014.57,314.61,276.42,558.52,334.89,6459.76,6.91,12.51,1.036,R023
C01805,R0082,TRK004,road,88.1,510.98,199.7,1050.44,59.18,406.12,220.04,0.0,2446.45,0.73,27.77,1.111,R082
C01806,R0075,TRK006,road,396.5,2299.7,760.02,1299.92,333.56,532.11,394.65,0.0,5619.97,6.52,14.17,1.098,R075
C01807,R0018,TRK007,road,477.9,2771.82,957.48,1384.34,391.03,735.33,642.93,0.0,6882.93,1.86,14.4,1.036,R018
C01808,R0073,TRK041,road,472.9,2742.82,894.04,1088.04,364.31,295.62,653.97,670.0,6708.8,1.54,14.19,0.936,R073
C01809,R0058,TRK025,road,42.7,247.66,90.11,1382.23,35.32,188.31,637.84,250.54,2832.0,1.26,66.32,0.968,R058
C01810,R0033,TRK047,road,261.3,1515.54,528.09,1096.81,194.3,290.72,167.98,0.0,3793.43,3.44,14.52,1.125,R033
C01811,R0032,TRK016,local,273.2,2240.24,797.06,748.81,74.18,629.79,251.67,0.0,4741.75,1.13,17.36,0.969,R032
C01812,R0045,TRK040,road,478.9,2777.62,1076.92,1139.97,371.07,534.6,272.84,0.0,6173.02,4.09,12.89,0.998,R045
C01813,R0021,TRK040,road,483.5,2804.3,1164.32,969.2,328.57,489.98,437.4,0.0,6193.77,1.43,12.81,1.026,R021
C01814,R0072,TRK032,road,38.9,225.62,97.75,1317.61,28.11,250.45,595.42,1130.9,3645.86,0.93,93.72,1.188,R072
C01815,R0033,TRK038,road,461.4,2676.12,1103.36,1311.22,369.01,392.08,125.98,842.62,6820.39,5.02,14.78,0.926,R033
C01816,R0056,TRK047,road,267.6,1552.08,502.46,1034.37,218.99,745.22,197.36,666.18,4916.67,1.94,18.37,0.978,R056
C01817,R0005,TRK045,road,50.0,290.0,105.73,1317.53,32.95,186.81,666.05,0.0,2599.07,4.41,51.98,1.174,R005
C01818,R0020,TRK003,road,432.1,2506.18,823.21,1054.33,259.29,390.39,118.88,0.0,5152.28,1.52,11.92,1.162,R020
C01819,R0071,TRK023,rail,441.6,1589.76,344.95,360.55,70.56,458.61,424.67,159.86,3408.96,3.76,7.72,1.123,R071
C01820,R0009,TRK039,rail,545.5,1963.8,489.02,462.98,83.05,754.19,369.53,675.7,4798.28,1.17,8.8,0.926,R009
C01821,R0048,TRK007,road,374.6,2172.68,941.76,1140.02,262.59,884.65,667.28,0.0,6068.98,1.95,16.2,1.221,R048
C01822,R0071,TRK042,local,32.9,269.78,94.23,911.28,8.86,173.32,263.31,0.0,1720.78,0.43,52.3,0.946,R071
C01823,R0063,TRK040,road,42.2,244.76,95.51,1047.57,36.76,317.95,574.32,1138.82,3455.68,1.9,81.89,1.186,R063
C01824,R0089,TRK009,road,542.6,3147.08,1313.76,1267.77,488.13,354.56,121.85,1419.52,8112.66,2.74,14.95,1.002,R089
C01825,R0049,TRK001,road,427.6,2480.08,1063.44,1374.42,341.59,511.3,354.06,0.0,6124.89,1.44,14.32,1.094,R049
C01826,R0085,TRK005,road,529.1,3068.78,1117.79,1058.85,423.28,393.8,396.41,1548.13,8007.03,4.26,15.13,1.246,R085
C01827,R0096,TRK016,rail,483.1,1739.16,410.97,403.53,76.81,246.5,567.16,1348.99,4793.12,3.67,9.92,1.048,R096
C01828,R0036,TRK017,road,76.4,443.12,159.3,1021.66,61.23,320.4,677.09,0.0,2682.8,1.0,35.12,0.919,R036
C01829,R0026,TRK025,road,361.8,2098.44,846.09,1081.14,305.31,200.67,650.28,0.0,5181.92,3.2,14.32,1.163,R026
C01830,R0004,TRK043,road,152.6,885.08,317.27,1037.77,108.69,519.13,36.38,537.72,3442.05,0.92,22.56,0.982,R004
C01831,R0066,TRK010,road,191.5,1110.7,389.29,1003.76,122.61,363.97,495.55,0.0,3485.88,0.74,18.2,1.091,R066
C01832,R0032,TRK039,road,231.4,1342.12,503.6,1221.33,184.1,404.78,219.0,668.4,4543.35,10.81,19.63,1.177,R032
C01833,R0025,TRK036,rail,251.0,903.6,182.25,440.31,45.06,894.41,335.05,0.0,2800.68,0.65,11.16,0.943,R025
C01834,R0063,TRK040,road,79.4,460.52,171.43,1371.12,70.23,652.14,126.66,0.0,2852.1,3.17,35.92,1.058,R063
C01835,R0043,TRK019,road,333.5,1934.3,742.4,1196.04,201.39,533.92,294.2,870.66,5772.9,12.02,17.31,1.218,R043
C01836,R0027,TRK038,rail,504.8,1817.28,450.92,478.29,85.22,213.93,344.1,0.0,3389.74,0.79,6.72,0.904,R027
C01837,R0092,TRK023,local,329.3,2700.26,818.1,952.31,73.6,437.4,196.13,0.0,5177.79,4.2,15.72,1.046,R092
C01838,R0068,TRK027,local,504.6,4137.72,1541.3,1074.57,107.9,668.81,89.44,1762.89,9382.64,14.01,18.59,1.138,R068
C01839,R0035,TRK042,road,547.9,3177.82,1340.62,1249.95,329.38,315.3,530.63,262.72,7206.42,4.04,13.15,0.934,R035
C01840,R0043,TRK043,rail,275.1,990.36,251.82,394.0,42.74,850.55,626.44,0.0,3155.91,1.16,11.47,1.007,R043
C01841,R0064,TRK003,road,141.5,820.7,352.92,1192.65,97.7,723.21,654.44,604.62,4446.24,0.89,31.42,1.024,R064
C01842,R0097,TRK011,road,497.8,2887.24,1125.52,1091.64,375.26,796.85,361.67,296.57,6934.75,10.36,13.93,1.231,R097
C01843,R0016,TRK009,road,55.9,324.22,117.83,1240.55,45.34,224.55,540.6,0.0,2493.09,0.89,44.6,1.008,R016
C01844,R0013,TRK022,local,145.1,1189.82,346.49,722.89,36.73,483.57,270.32,0.0,3049.82,0.73,21.02,0.935,R013
C01845,R0061,TRK032,road,480.6,2787.48,1118.69,1425.11,289.96,371.56,603.9,891.89,7488.59,1.53,15.58,1.104,R061
C01846,R0045,TRK004,rail,67.6,243.36,60.3,429.28,10.52,588.45,524.01,1615.29,3471.2,1.31,51.35,0.934,R045
C01847,R0031,TRK007,road,539.7,3130.26,1127.37,1058.21,438.44,243.45,14.84,0.0,6012.56,1.67,11.14,1.152,R031
C01848,R0003,TRK006,rail,393.8,1417.68,307.89,509.83,59.44,823.88,580.95,0.0,3699.67,1.3,9.39,0.925,R003
C01849,R0087,TRK045,road,77.5,449.5,173.16,1192.93,56.84,450.2,152.71,0.0,2475.35,0.77,31.94,1.155,R087
C01850,R0054,TRK036,road,219.3,1271.94,478.11,972.61,181.28,566.67,44.3,0.0,3514.92,2.1,16.03,1.064,R054
C01851,R0060,TRK012,road,453.1,2627.98,897.87,1439.07,323.63,837.98,329.89,0.0,6456.42,1.43,14.25,1.113,R060
C01852,R0081,TRK014,rail,381.5,1373.4,289.58,442.8,53.62,234.79,667.31,346.53,3408.04,1.07,8.93,1.197,R081
C01853,R0077,TRK042,rail,202.4,728.64,168.87,493.12,30.35,187.73,33.97,1367.62,3010.31,0.61,14.87,1.194,R077
C01854,R0049,TRK032,rail,511.5,1841.4,397.13,420.52,70.69,389.35,330.42,0.0,3449.5,0.76,6.74,1.197,R049
C01855,R0037,TRK045,road,64.3,372.94,149.37,1262.62,45.57,656.69,343.36,1490.51,4321.05,1.75,67.2,1.133,R037
C01856,R0012,TRK021,road,340.2,1973.16,668.75,1404.94,261.75,502.25,540.42,0.0,5351.26,1.39,15.73,0.926,R012
C01857,R0096,TRK022,rail,165.7,596.52,126.35,390.66,28.89,278.2,602.5,936.69,2959.8,0.78,17.86,0.918,R096
C01858,R0048,TRK025,road,517.2,2999.76,997.58,1074.26,401.69,606.87,278.2,0.0,6358.35,17.72,12.29,1.076,R048
C01859,R0078,TRK039,road,284.9,1652.42,651.05,1019.45,214.23,548.16,453.05,1767.17,6305.52,3.22,22.13,1.127,R078
C01860,R0016,TRK022,road,318.1,1844.98,774.56,1015.27,217.75,481.53,316.13,0.0,4650.21,1.55,14.62,0.97,R016
C01861,R0058,TRK005,local,527.1,4322.22,1403.15,822.84,151.78,437.64,294.41,0.0,7432.05,1.86,14.1,0.951,R058
C01862,R0055,TRK023,road,349.0,2024.2,814.38,1162.37,271.52,623.81,617.24,449.11,5962.62,1.43,17.08,1.003,R055
C01863,R0045,TRK026,road,261.8,1518.44,653.3,1025.13,208.67,731.62,462.98,0.0,4600.14,5.15,17.57,1.108,R045
C01864,R0019,TRK004,road,46.5,269.7,92.88,1188.13,40.69,642.91,215.89,1176.11,3626.31,1.08,77.99,1.195,R019
C01865,R0094,TRK014,rail,410.0,1476.0,332.21,427.39,64.97,657.89,336.82,0.0,3295.29,1.45,8.04,1.211,R094
C01866,R0002,TRK012,road,263.6,1528.88,581.13,1045.53,236.33,379.42,95.22,0.0,3866.52,5.01,14.67,1.087,R002
C01867,R0041,TRK042,local,515.0,4223.0,1571.51,1040.32,124.84,564.01,163.21,610.58,8297.46,2.78,16.11,1.164,R041
C01868,R0017,TRK049,road,273.6,1586.88,627.55,1199.04,186.69,270.18,246.85,0.0,4117.2,1.78,15.05,0.925,R017
C01869,R0089,TRK031,local,173.8,1425.16,509.73,992.58,49.77,154.11,29.95,1595.23,4756.53,3.24,27.37,1.183,R089
C01870,R0056,TRK041,road,447.7,2596.66,950.25,1136.49,273.76,845.65,366.46,109.12,6278.38,4.61,14.02,1.213,R056
C01871,R0017,TRK019,local,219.1,1796.62,682.31,1049.05,44.27,643.08,139.31,926.78,5281.43,1.65,24.11,0.931,R017
C01872,R0097,TRK011,road,462.2,2680.76,895.11,1123.48,337.84,622.71,66.38,0.0,5726.28,9.97,12.39,1.128,R097
C01873,R0002,TRK019,road,475.6,2758.48,1160.42,1268.01,334.91,464.69,666.4,560.89,7213.8,2.13,15.17,1.129,R002
C01874,R0010,TRK038,road,80.4,466.32,181.76,1425.15,59.85,487.78,215.34,0.0,2836.2,1.97,35.28,0.989,R010
C01875,R0026,TRK024,rail,222.2,799.92,161.59,374.5,28.15,438.93,142.0,501.13,2446.23,0.95,11.01,1.14,R026
C01876,R0022,TRK013,road,210.8,1222.64,403.59,1093.13,145.82,344.59,106.28,0.0,3316.05,1.2,15.73,1.054,R022
C01877,R0090,TRK019,local,521.4,4275.48,1381.45,899.67,123.17,387.24,30.9,0.0,7097.91,1.61,13.61,1.005,R090
C01878,R0076,TRK044,road,147.9,857.82,298.2,1179.59,91.91,602.34,260.72,1470.25,4760.83,2.66,32.19,1.064,R076
C01879,R0066,TRK009,road,501.6,2909.28,1077.34,1017.2,448.8,644.55,482.57,0.0,6579.73,3.05,13.12,1.213,R066
C01880,R0071,TRK020,rail,382.7,1377.72,293.69,530.48,58.93,698.04,683.44,0.0,3642.3,0.92,9.52,1.119,R071
C01881,R0083,TRK007,road,133.0,771.4,290.61,1124.96,80.56,215.81,496.23,1104.89,4084.46,0.93,30.71,1.222,R083
C01882,R0010,TRK024,road,541.9,3143.02,1341.17,1312.58,381.95,624.04,50.95,359.42,7213.13,2.1,13.31,1.039,R010
C01883,R0066,TRK003,local,197.4,1618.68,578.83,1068.43,42.96,807.92,50.11,0.0,4166.93,6.88,21.11,1.078,R066
C01884,R0040,TRK013,road,544.4,3157.52,1310.91,969.78,447.44,441.54,19.55,0.0,6346.74,19.0,11.66,0.927,R040
C01885,R0039,TRK034,road,39.6,229.68,76.21,1377.59,26.03,552.16,85.88,0.0,2347.55,3.54,59.28,1.093,R039
C01886,R0070,TRK038,rail,491.8,1770.48,346.81,531.28,63.96,337.4,560.32,0.0,3610.25,0.78,7.34,1.049,R070
C01887,R0053,TRK036,local,76.5,627.3,233.53,824.75,18.52,335.63,11.99,0.0,2051.72,0.45,26.82,1.083,R053
C01888,R0063,TRK026,road,304.8,1767.84,579.55,1356.5,227.48,638.24,482.3,0.0,5051.91,1.79,16.57,1.227,R063
C01889,R0092,TRK039,road,191.6,1111.28,474.66,1342.02,119.84,479.7,646.64,691.88,4866.01,1.11,25.4,1.149,R092
C01890,R0078,TRK004,rail,532.0,1915.2,414.29,416.08,73.54,532.14,307.78,0.0,3659.03,1.15,6.88,1.185,R078
C01891,R0024,TRK017,rail,382.1,1375.56,345.08,420.54,46.16,338.33,539.29,0.0,3064.96,3.2,8.02,0.936,R024
C01892,R0068,TRK018,rail,314.3,1131.48,245.67,499.86,53.95,157.29,433.17,0.0,2521.42,1.24,8.02,1.086,R068
C01893,R0087,TRK047,road,401.1,2326.38,758.35,1167.53,286.86,534.79,125.15,40.36,5239.41,1.05,13.06,1.18,R087
C01894,R0015,TRK005,road,290.3,1683.74,691.06,1363.76,179.37,547.25,472.93,0.0,4938.1,2.37,17.01,1.011,R015
C01895,R0082,TRK012,road,149.1,864.78,282.34,1373.14,107.75,616.47,678.57,0.0,3923.05,0.91,26.31,0.908,R082
C01896,R0073,TRK041,road,176.3,1022.54,426.07,967.07,138.28,690.87,112.92,1384.25,4741.99,3.43,26.9,1.041,R073
C01897,R0081,TRK021,road,141.7,821.86,276.33,1283.77,86.07,732.5,197.0,0.0,3397.54,3.4,23.98,0.942,R081
C01898,R0034,TRK038,rail,399.1,1436.76,275.29,510.91,71.66,562.84,12.54,0.0,2870.0,1.38,7.19,1.053,R034
C01899,R0026,TRK007,road,203.7,1181.46,510.28,1019.64,125.88,444.28,12.39,1526.63,4820.55,3.22,23.66,1.118,R026
C01900,R0091,TRK039,local,209.9,1721.18,604.09,960.62,55.64,211.56,27.68,1063.54,4644.31,1.64,22.13,1.147,R091
C01901,R0055,TRK001,road,219.6,1273.68,472.69,1377.41,158.75,660.54,674.36,283.38,4900.81,2.0,22.32,0.986,R055
C01902,R0042,TRK024,rail,229.2,825.12,172.38,500.4,28.31,731.89,606.78,1702.51,4567.39,1.53,19.93,1.103,R042
C01903,R0081,TRK009,local,452.9,3713.78,1447.82,1076.81,106.38,437.31,291.93,246.02,7320.04,1.54,16.16,1.067,R081
C01904,R0039,TRK038,road,241.8,1402.44,495.46,1347.9,191.04,252.97,279.5,1742.9,5712.21,2.18,23.62,0.904,R039
C01905,R0095,TRK037,rail,399.9,1439.64,324.03,528.4,55.97,407.98,191.21,0.0,2947.23,0.86,7.37,0.901,R095
C01906,R0007,TRK031,road,274.8,1593.84,571.32,1078.83,199.09,640.52,143.68,0.0,4227.28,7.58,15.38,1.182,R007
C01907,R0099,TRK049,road,132.8,770.24,256.9,1309.95,94.22,456.76,325.94,0.0,3214.02,1.1,24.2,0.979,R099
C01908,R0024,TRK012,local,401.1,3289.02,1053.46,1026.53,80.24,375.51,198.3,0.0,6023.06,1.29,15.02,0.902,R024
C01909,R0026,TRK014,road,507.8,2945.24,1105.53,1381.48,402.96,676.66,395.46,0.0,6907.32,2.12,13.6,1.161,R026
C01910,R0032,TRK016,road,473.0,2743.4,1121.98,1250.76,359.42,585.68,13.49,0.0,6074.73,2.11,12.84,0.93,R032
C01911,R0091,TRK021,rail,34.3,123.48,26.13,533.39,5.38,290.25,220.22,0.0,1198.86,0.35,34.95,0.935,R091
C01912,R0030,TRK004,road,456.1,2645.38,1108.11,1128.05,407.06,191.32,193.03,0.0,5672.94,1.21,12.44,0.938,R030
C01913,R0003,TRK045,rail,149.4,537.84,126.47,471.67,23.73,878.75,484.11,622.67,3145.24,1.4,21.05,1.229,R003
C01914,R0062,TRK020,local,211.5,1734.3,629.57,995.91,59.76,816.86,99.47,0.0,4335.87,1.3,20.5,1.138,R062
C01915,R0040,TRK010,road,496.7,2880.86,1011.06,989.05,421.66,296.19,443.58,0.0,6042.41,2.12,12.17,1.052,R040
C01916,R0097,TRK028,road,516.4,2995.12,1208.68,1069.08,431.08,477.98,10.18,0.0,6192.11,13.65,11.99,0.96,R097
C01917,R0075,TRK006,road,527.1,3057.18,1252.54,1109.52,334.04,514.2,650.1,0.0,6917.59,2.13,13.12,1.148,R075
C01918,R0040,TRK034,road,39.5,229.1,82.42,987.04,32.24,150.39,432.91,0.0,1914.1,1.15,48.46,0.986,R040
C01919,R0013,TRK031,road,245.2,1422.16,554.66,1065.38,176.81,530.95,632.52,601.28,4983.75,1.33,20.33,1.225,R013
C01920,R0037,TRK005,rail,42.7,153.72,34.49,422.6,6.75,155.35,242.19,1224.7,2239.79,0.47,52.45,0.928,R037
C01921,R0006,TRK032,rail,163.7,589.32,123.19,476.59,22.64,296.25,546.23,1708.01,3762.22,5.75,22.98,1.229,R006
C01922,R0033,TRK044,road,531.6,3083.28,1003.27,1047.96,433.73,236.66,276.93,0.0,6081.82,5.06,11.44,1.077,R033
C01923,R0071,TRK035,road,103.9,602.62,211.94,1408.64,82.85,738.79,18.68,1531.36,4594.87,3.55,44.22,0.993,R071
C01924,R0087,TRK031,road,420.5,2438.9,860.87,1319.96,342.76,164.17,527.11,411.76,6065.52,1.45,14.42,0.999,R087
C01925,R0014,TRK004,road,526.4,3053.12,1291.38,1210.71,362.24,380.3,384.27,0.0,6682.01,13.58,12.69,1.105,R014
C01926,R0062,TRK025,road,531.7,3083.86,1336.75,1007.9,424.19,718.95,426.99,1125.21,8123.85,25.13,15.28,0.92,R062
C01927,R0014,TRK049,local,90.5,742.1,236.07,787.51,18.96,442.83,246.49,909.36,3383.32,2.8,37.38,1.128,R014
C01928,R0029,TRK035,local,360.4,2955.28,1020.22,768.67,95.88,465.2,130.15,0.0,5435.4,3.3,15.08,1.07,R029
C01929,R0017,TRK012,road,498.1,2888.98,935.07,1216.69,360.63,446.69,86.35,1467.42,7401.82,2.98,14.86,1.048,R017
C01930,R0063,TRK045,road,45.4,263.32,96.45,1027.87,28.68,204.49,463.94,0.0,2084.76,0.47,45.92,1.159,R063
C01931,R0079,TRK048,local,411.1,3371.02,1208.69,856.71,114.32,682.16,7.48,1371.18,7611.56,1.63,18.52,1.138,R079
C01932,R0077,TRK042,road,96.8,561.44,201.86,963.14,74.56,165.08,417.26,0.0,2383.34,0.7,24.62,1.054,R077
C01933,R0044,TRK030,road,73.9,428.62,159.87,1071.89,52.46,836.09,158.54,0.0,2707.46,0.84,36.64,1.103,R044
C01934,R0064,TRK022,road,436.7,2532.86,1073.32,1381.03,362.23,365.37,261.9,0.0,5976.72,1.85,13.69,0.915,R064
C01935,R0071,TRK009,rail,220.3,793.08,178.4,371.19,35.92,508.15,651.4,0.0,2538.13,2.74,11.52,1.026,R071
C01936,R0045,TRK048,rail,169.9,611.64,151.55,507.33,27.68,265.46,440.32,0.0,2003.97,2.75,11.79,0.91,R045
C01937,R0022,TRK002,local,307.4,2520.68,887.91,865.05,81.35,515.54,126.88,0.0,4997.4,7.64,16.26,1.233,R022
C01938,R0027,TRK003,road,51.1,296.38,98.73,1251.29,31.47,361.99,221.38,1690.72,3951.96,1.01,77.34,1.12,R027
C01939,R0065,TRK049,road,128.5,745.3,317.68,1218.85,110.5,573.69,275.65,660.6,3902.27,1.3,30.37,0.975,R065
C01940,R0006,TRK001,road,266.9,1548.02,520.59,1213.54,165.41,406.29,16.39,0.0,3870.24,0.91,14.5,0.99,R006
C01941,R0049,TRK012,road,55.8,323.64,133.54,1284.62,33.87,309.88,347.01,1652.96,4085.51,0.9,73.22,1.221,R049
C01942,R0027,TRK009,road,525.6,3048.48,1134.68,1059.28,325.65,705.51,88.24,339.61,6701.45,3.2,12.75,1.23,R027
C01943,R0020,TRK014,road,427.7,2480.66,943.48,1191.26,303.3,621.76,3.85,652.87,6197.17,2.72,14.49,1.084,R020
C01944,R0061,TRK031,road,506.7,2938.86,1268.74,1361.61,438.84,392.38,622.59,0.0,7023.03,1.74,13.86,1.104,R061
C01945,R0011,TRK042,road,501.0,2905.8,1042.73,974.43,414.99,216.23,179.66,641.42,6375.26,1.74,12.73,1.072,R011
C01946,R0047,TRK045,local,398.4,3266.88,1226.65,968.97,108.98,735.82,171.84,0.0,6479.14,2.67,16.26,0.935,R047
C01947,R0068,TRK024,rail,295.6,1064.16,244.06,474.66,36.87,705.35,502.95,895.8,3923.85,1.89,13.27,1.023,R068
C01948,R0067,TRK011,rail,57.7,207.72,51.1,389.92,8.34,781.07,683.48,0.0,2121.64,2.4,36.77,1.02,R067
C01949,R0092,TRK032,road,122.5,710.5,292.28,1368.95,77.47,367.12,117.71,1342.55,4276.58,1.58,34.91,1.146,R092
C01950,R0015,TRK037,road,442.6,2567.08,871.55,1192.63,344.44,390.68,572.07,0.0,5938.44,2.18,13.42,1.084,R015
C01951,R0078,TRK049,road,79.6,461.68,175.28,1046.2,59.28,198.35,293.97,0.0,2234.76,0.66,28.07,0.99,R078
C01952,R0069,TRK010,road,284.5,1650.1,600.25,1255.3,186.66,794.91,591.85,351.31,5430.37,1.7,19.09,1.052,R069
C01953,R0038,TRK026,road,438.4,2542.72,995.87,1017.78,394.09,714.11,298.39,1157.2,7120.17,3.38,16.24,1.189,R038
C01954,R0055,TRK027,local,304.5,2496.9,831.65,973.03,88.99,412.1,131.72,0.0,4934.39,4.52,16.2,1.189,R055
C01955,R0010,TRK014,local,61.0,500.2,192.71,828.74,13.82,375.45,67.93,0.0,1978.87,0.4,32.44,1.118,R010
C01956,R0087,TRK023,rail,422.6,1521.36,324.25,494.33,59.37,369.34,58.82,1159.93,3987.39,3.8,9.44,1.031,R087
C01957,R0039,TRK020,rail,191.6,689.76,135.58,396.39,30.75,654.0,249.4,0.0,2155.89,1.21,11.25,0.988,R039
C01958,R0050,TRK037,road,290.2,1683.16,576.34,1013.81,181.97,700.28,260.13,1339.43,5755.12,1.49,19.83,1.226,R050
C01959,R0080,TRK047,road,340.4,1974.32,826.07,1411.91,267.9,655.59,173.15,0.0,5308.94,1.44,15.6,1.063,R080
C01960,R0043,TRK038,local,432.8,3548.96,1236.87,950.39,122.11,830.67,120.83,395.53,7205.37,7.07,16.65,1.047,R043
C01961,R0073,TRK030,road,335.0,1943.0,714.6,1394.67,228.47,800.27,576.33,0.0,5657.34,5.89,16.89,1.204,R073
C01962,R0082,TRK035,road,502.2,2912.76,1034.12,1087.66,355.5,659.83,560.93,1212.35,7823.16,2.29,15.58,1.045,R082
C01963,R0060,TRK026,local,236.2,1936.84,672.19,1071.16,60.82,325.98,47.15,0.0,4114.15,1.33,17.42,1.037,R060
C01964,R0082,TRK009,road,525.6,3048.48,1149.98,1426.92,336.71,784.16,3.11,0.0,6749.35,2.18,12.84,1.114,R082
C01965,R0050,TRK047,local,525.2,4306.64,1404.87,981.15,124.34,841.11,18.09,0.0,7676.2,3.83,14.62,1.013,R050
C01966,R0005,TRK031,road,330.9,1919.22,713.74,1242.85,284.97,293.48,304.7,0.0,4758.96,1.76,14.38,0.991,R005
C01967,R0069,TRK003,road,364.2,2112.36,740.49,1222.73,303.53,282.5,664.36,0.0,5325.97,2.01,14.62,1.196,R069
C01968,R0093,TRK028,road,285.1,1653.58,688.2,1066.6,218.01,629.89,546.72,0.0,4803.0,13.28,16.85,1.231,R093
C01969,R0056,TRK004,road,357.5,2073.5,695.42,1074.59,314.0,503.54,426.16,0.0,5087.21,16.39,14.23,0.981,R056
C01970,R0052,TRK027,road,134.7,781.26,274.49,1086.96,86.28,365.66,471.72,763.06,3829.44,0.9,28.43,1.128,R052
C01971,R0066,TRK038,road,242.5,1406.5,488.11,988.57,163.11,208.99,441.74,0.0,3697.02,0.85,15.25,0.913,R066
C01972,R0028,TRK004,road,400.8,2324.64,919.16,1046.59,259.19,558.83,620.47,0.0,5728.88,3.17,14.29,1.213,R028
C01973,R0051,TRK029,road,497.9,2887.82,1237.53,1075.0,388.14,565.71,148.54,1760.49,8063.22,5.03,16.19,1.092,R051
C01974,R0063,TRK035,road,56.2,325.96,125.21,1109.45,47.07,746.35,454.89,0.0,2808.94,0.7,49.98,0.934,R063
C01975,R0032,TRK041,rail,533.3,1919.88,396.87,383.41,87.56,744.04,187.13,0.0,3718.9,1.14,6.97,1.055,R032
C01976,R0095,TRK023,road,97.9,567.82,190.44,1173.94,67.66,791.93,498.18,0.0,3289.98,0.93,33.61,1.065,R095
C01977,R0040,TRK008,road,37.9,219.82,90.0,1261.31,25.46,344.59,453.98,0.0,2395.16,4.0,63.2,1.082,R040
C01978,R0082,TRK013,road,53.8,312.04,135.37,1175.73,46.09,306.17,565.33,1504.14,4044.86,1.02,75.18,1.01,R082
C01979,R0073,TRK027,rail,161.1,579.96,112.87,372.02,24.9,325.26,339.96,334.98,2089.95,2.28,12.97,0.955,R073
C01980,R0088,TRK026,road,325.5,1887.9,672.56,1124.96,276.72,488.9,454.32,0.0,4905.37,1.15,15.07,1.024,R088
C01981,R0003,TRK029,local,538.5,4415.7,1356.07,727.05,111.09,815.7,82.6,706.33,8214.54,6.49,15.25,1.004,R003
C01982,R0057,TRK037,road,302.0,1751.6,761.19,1338.87,259.32,291.78,659.99,0.0,5062.75,3.78,16.76,1.023,R057
C01983,R0070,TRK041,road,63.6,368.88,129.11,986.66,50.61,414.55,137.17,0.0,2086.98,3.78,32.81,1.167,R070
C01984,R0073,TRK050,rail,457.5,1647.0,383.26,423.71,75.47,320.34,325.69,855.97,4031.43,1.43,8.81,1.171,R073
C01985,R0070,TRK017,road,377.4,2188.92,825.04,968.58,274.23,826.37,29.16,0.0,5112.3,1.85,13.55,0.972,R070
C01986,R0053,TRK022,road,548.6,3181.88,1215.23,978.25,435.82,319.24,212.24,909.81,7252.48,3.16,13.22,1.144,R053
C01987,R0031,TRK019,rail,301.4,1085.04,258.75,378.04,49.25,538.87,482.69,0.0,2792.64,1.37,9.27,0.977,R031
C01988,R0097,TRK001,rail,278.4,1002.24,236.02,369.93,40.65,826.79,552.06,0.0,3027.7,0.62,10.88,1.001,R097
C01989,R0087,TRK047,road,83.8,486.04,167.18,1068.76,70.0,762.5,225.3,0.0,2779.78,0.66,33.17,1.047,R087
C01990,R0042,TRK044,road,464.7,2695.26,1082.08,1188.3,328.32,726.94,582.55,0.0,6603.46,2.92,14.21,1.028,R042
C01991,R0025,TRK046,rail,120.9,435.24,96.01,411.07,18.1,200.55,20.51,641.59,1823.08,0.61,15.08,1.227,R025
C01992,R0077,TRK033,road,192.3,1115.34,443.33,1175.24,154.5,871.95,75.08,411.19,4246.62,1.07,22.08,1.173,R077
C01993,R0096,TRK024,road,43.0,249.4,90.24,1194.44,38.39,646.05,593.39,0.0,2811.91,0.61,65.39,1.232,R096
C01994,R0097,TRK028,road,378.3,2194.14,820.34,1051.16,236.16,165.39,10.17,0.0,4477.36,0.96,11.84,1.111,R097
C01995,R0066,TRK022,road,131.4,762.12,318.3,1275.98,106.19,358.83,70.04,0.0,2891.46,2.15,22.01,1.149,R066
C01996,R0025,TRK005,road,193.7,1123.46,375.71,1354.32,117.4,547.19,611.93,0.0,4130.01,1.26,21.32,1.222,R025
C01997,R0054,TRK045,rail,83.5,300.6,76.8,383.73,11.05,757.54,301.16,0.0,1830.89,0.43,21.93,1.159,R054
C01998,R0060,TRK024,local,232.0,1902.4,636.98,949.1,56.01,894.24,52.39,1215.09,5706.22,1.61,24.6,1.068,R060
C01999,R0074,TRK032,road,458.3,2658.14,999.06,1398.07,395.88,367.59,135.85,0.0,5954.58,1.87,12.99,1.199,R074
C02000,R0075,TRK039,road,546.2,3167.96,1265.4,1225.39,423.5,174.05,442.26,0.0,6698.57,4.44,12.26,1.049,R075
C02001,R0069,TRK009,local,531.5,4358.3,1381.06,890.92,137.84,811.62,12.44,0.0,7592.18,2.18,14.28,0.914,R069
C02002,R0079,TRK040,road,40.8,236.64,88.07,1253.67,24.48,666.09,320.71,0.0,2589.67,0.99,63.47,0.955,R079
C02003,R0080,TRK033,road,86.5,501.7,203.85,1071.8,69.74,431.65,65.98,0.0,2344.72,1.02,27.11,0.988,R080
C02004,R0084,TRK008,road,285.0,1653.0,574.66,1169.33,206.74,601.49,288.51,0.0,4493.73,1.4,15.77,0.997,R084
C02005,R0072,TRK012,road,452.5,2624.5,1121.59,976.55,292.08,150.04,299.24,0.0,5464.0,1.24,12.08,1.107,R072
C02006,R0050,TRK040,road,425.8,2469.64,931.51,1420.98,259.0,803.68,328.82,581.03,6794.66,6.14,15.96,1.078,R050
C02007,R0070,TRK012,local,233.1,1911.42,634.12,988.17,55.92,342.82,102.03,0.0,4034.48,8.39,17.31,1.077,R070
C02008,R0058,TRK003,road,446.3,2588.54,889.32,1239.13,275.49,284.53,207.35,0.0,5484.37,1.86,12.29,1.107,R058
C02009,R0095,TRK019,local,377.2,3093.04,1056.96,1077.52,76.19,761.37,189.57,35.6,6290.25,6.11,16.68,1.242,R095
C02010,R0019,TRK022,road,389.4,2258.52,846.22,1029.78,292.5,626.92,216.01,729.86,5999.81,1.58,15.41,0.946,R019
C02011,R0025,TRK015,road,361.6,2097.28,788.03,1349.3,227.57,393.27,522.07,1196.75,6574.27,19.67,18.18,0.936,R025
C02012,R0084,TRK016,road,337.0,1954.6,763.35,992.22,270.85,639.03,218.03,0.0,4838.07,3.04,14.36,0.904,R084
C02013,R0052,TRK035,road,415.7,2411.06,968.4,1368.99,262.88,562.18,58.43,0.0,5631.95,2.57,13.55,1.155,R052
C02014,R0018,TRK046,road,328.0,1902.4,785.15,964.97,286.0,381.48,286.28,0.0,4606.28,15.07,14.04,1.155,R018
C02015,R0096,TRK017,road,139.6,809.68,262.73,1289.81,114.63,689.85,352.26,0.0,3518.97,1.63,25.21,0.929,R096
C02016,R0015,TRK007,road,70.6,409.48,136.56,1083.68,51.33,779.15,443.99,1446.59,4350.77,1.55,61.63,0.945,R015
C02017,R0042,TRK009,road,452.1,2622.18,1050.37,1408.04,304.21,265.64,657.06,185.72,6493.23,2.37,14.36,0.96,R042
C02018,R0031,TRK006,road,247.7,1436.66,467.19,1409.81,160.0,502.24,339.42,0.0,4315.31,1.57,17.42,1.002,R031
C02019,R0019,TRK008,rail,268.2,965.52,221.65,482.32,41.63,458.84,189.8,0.0,2359.76,0.87,8.8,0.922,R019
C02020,R0086,TRK015,road,381.3,2211.54,918.56,1019.38,290.27,617.67,84.52,0.0,5141.94,3.03,13.49,1.206,R086
C02021,R0048,TRK002,road,335.7,1947.06,834.29,1011.11,262.49,179.82,157.44,14.15,4406.35,1.75,13.13,1.245,R048
C02022,R0069,TRK032,road,256.2,1485.96,566.28,1422.26,201.29,746.02,32.13,461.95,4915.9,11.87,19.19,0.925,R069
C02023,R0011,TRK012,road,474.0,2749.2,1021.71,1066.75,356.04,471.16,156.68,0.0,5821.55,1.7,12.28,1.22,R011
C02024,R0068,TRK036,road,64.5,374.1,150.07,1269.73,46.12,306.62,387.65,0.0,2534.29,0.61,39.29,1.025,R068
C02025,R0016,TRK001,road,201.2,1166.96,474.93,992.46,125.62,578.94,442.27,0.0,3781.18,1.24,18.79,1.177,R016
C02026,R0094,TRK038,rail,313.3,1127.88,267.82,378.31,48.38,579.96,51.98,0.0,2454.34,2.58,7.83,1.164,R094
C02027,R0086,TRK030,rail,437.8,1576.08,329.4,493.07,69.15,508.92,649.6,0.0,3626.22,5.01,8.28,1.218,R086
C02028,R0049,TRK025,road,443.8,2574.04,935.81,1346.34,327.4,451.42,301.85,0.0,5936.87,1.99,13.38,1.116,R049
C02029,R0065,TRK017,rail,296.7,1068.12,253.79,503.77,39.61,299.59,122.73,0.0,2287.61,0.61,7.71,0.965,R065
C02030,R0030,TRK019,road,87.5,507.5,165.74,1181.54,61.2,561.42,523.97,0.0,3001.37,0.86,34.3,1.173,R030
C02031,R0040,TRK032,local,529.0,4337.8,1639.55,758.01,126.32,843.75,260.12,550.52,8516.06,5.52,16.1,0.994,R040
C02032,R0039,TRK008,rail,438.8,1579.68,353.16,491.45,57.09,710.53,152.14,0.0,3344.05,1.0,7.62,1.146,R039
C02033,R0027,TRK034,road,376.5,2183.7,762.9,1248.07,234.09,342.25,295.01,1320.33,6386.36,2.64,16.96,1.161,R027
C02034,R0051,TRK039,road,261.7,1517.86,493.37,1353.04,173.47,292.55,675.09,0.0,4505.38,3.55,17.22,1.007,R051
C02035,R0020,TRK028,rail,433.3,1559.88,304.34,414.27,57.67,480.71,297.06,0.0,3113.94,0.99,7.19,1.228,R020
C02036,R0013,TRK012,rail,122.6,441.36,87.2,500.38,17.83,849.21,148.04,1531.47,3575.49,1.4,29.16,1.011,R013
C02037,R0035,TRK017,road,542.7,3147.66,1309.88,1415.4,437.06,540.03,514.38,0.0,7364.41,1.72,13.57,0.984,R035
C02038,R0040,TRK020,road,111.8,648.44,238.56,977.58,83.84,321.89,194.38,475.9,2940.59,1.18,26.3,1.188,R040
C02039,R0097,TRK021,road,515.8,2991.64,1220.4,1174.34,433.66,488.86,556.7,1104.25,7969.86,2.5,15.45,0.966,R097
C02040,R0067,TRK039,road,139.0,806.2,346.21,1389.51,119.84,707.1,673.09,0.0,4041.95,1.26,29.08,1.171,R067
C02041,R0077,TRK025,road,338.4,1962.72,734.22,1183.14,255.62,555.91,537.57,677.14,5906.32,3.13,17.45,1.079,R077
C02042,R0054,TRK029,local,369.3,3028.26,1179.13,1014.27,109.12,289.58,168.93,0.0,5789.29,1.21,15.68,0.996,R054
C02043,R0066,TRK017,road,291.1,1688.38,680.87,975.38,189.39,177.89,184.48,0.0,3896.38,3.01,13.39,0.997,R066
C02044,R0058,TRK023,road,136.3,790.54,286.46,1212.13,117.35,862.55,214.69,0.0,3483.72,0.76,25.56,1.168,R058
C02045,R0012,TRK021,local,146.2,1198.84,384.57,742.34,35.18,546.41,101.83,1679.23,4688.39,1.03,32.07,1.155,R012
C02046,R0056,TRK016,rail,292.8,1054.08,245.99,433.82,36.32,702.58,574.74,1350.47,4397.99,3.77,15.02,1.249,R056
C02047,R0087,TRK037,road,498.1,2888.98,1046.36,1281.83,427.59,358.23,334.26,0.0,6337.24,2.81,12.72,1.019,R087
C02048,R0022,TRK016,local,100.2,821.64,252.73,799.87,26.62,173.84,249.71,0.0,2324.41,0.49,23.2,0.966,R022
C02049,R0070,TRK022,road,334.0,1937.2,706.85,1095.34,294.45,681.53,237.11,1527.6,6480.08,2.04,19.4,1.108,R070
C02050,R0097,TRK024,road,126.1,731.38,277.41,1140.99,89.18,843.82,368.47,0.0,3451.26,4.46,27.37,1.09,R097
C02051,R0068,TRK039,road,78.8,457.04,154.71,1262.95,48.3,161.42,626.59,1791.36,4502.38,2.44,57.14,0.976,R068
C02052,R0008,TRK050,rail,456.4,1643.04,360.28,392.94,61.16,512.22,13.34,0.0,2982.98,1.17,6.54,0.931,R008
C02053,R0085,TRK023,road,457.5,2653.5,884.61,1030.81,296.63,540.97,130.36,93.87,5630.75,4.19,12.31,1.057,R085
C02054,R0083,TRK047,local,356.6,2924.12,1078.12,810.23,81.06,249.65,191.08,0.0,5334.26,1.88,14.96,1.087,R083
C02055,R0031,TRK028,road,249.3,1445.94,485.1,1271.46,159.61,231.32,673.86,0.0,4267.29,1.92,17.12,1.17,R031
C02056,R0001,TRK036,road,314.8,1825.84,689.78,1413.07,191.7,313.74,275.03,0.0,4709.17,2.24,14.96,0.935,R001
C02057,R0060,TRK012,local,375.3,3077.46,923.68,902.85,80.71,455.51,238.94,0.0,5679.15,1.69,15.13,1.201,R060
C02058,R0064,TRK010,road,413.0,2395.4,781.74,1032.42,266.43,603.66,33.17,352.19,5465.03,6.97,13.23,1.102,R064
C02059,R0059,TRK036,road,124.5,722.1,313.19,1396.14,88.58,394.75,2.82,1218.58,4136.16,3.44,33.22,1.175,R059
C02060,R0037,TRK007,rail,410.7,1478.52,290.69,527.68,52.57,225.47,425.67,0.0,3000.6,1.03,7.31,1.216,R037
C02061,R0077,TRK048,road,205.9,1194.22,459.08,1195.66,128.24,698.25,661.06,1084.7,5421.2,4.38,26.33,1.202,R077
C02062,R0008,TRK031,local,379.5,3111.9,1046.76,870.76,95.4,183.79,140.33,0.0,5448.94,1.51,14.36,1.24,R008
C02063,R0002,TRK038,road,488.1,2830.98,1107.19,1143.99,354.07,810.73,127.47,1097.96,7472.4,2.19,15.31,1.001,R002
C02064,R0029,TRK040,local,541.3,4438.66,1611.13,901.43,154.32,499.81,117.11,0.0,7722.46,6.11,14.27,1.143,R029
C02065,R0036,TRK008,rail,508.8,1831.68,369.6,440.37,86.27,596.46,353.45,89.29,3767.12,0.78,7.4,1.047,R036
C02066,R0081,TRK028,rail,453.9,1634.04,332.71,474.07,73.83,652.92,245.07,0.0,3412.64,5.56,7.52,0.922,R081
C02067,R0057,TRK040,road,108.9,631.62,216.49,991.1,70.03,770.15,682.57,0.0,3361.95,0.79,30.87,1.021,R057
C02068,R0083,TRK009,road,127.8,741.24,245.79,1151.6,98.13,686.39,482.75,434.01,3839.9,0.94,30.05,1.01,R083
C02069,R0088,TRK037,rail,306.6,1103.76,222.49,402.19,37.72,195.92,528.15,0.0,2490.24,1.38,8.12,1.093,R088
C02070,R0056,TRK018,road,139.3,807.94,279.02,1046.32,111.88,531.76,597.84,1622.43,4997.2,9.05,35.87,1.099,R056
C02071,R0048,TRK048,road,283.6,1644.88,549.56,1382.98,207.08,489.19,555.6,0.0,4829.29,1.01,17.03,1.239,R048
C02072,R0075,TRK013,road,434.7,2521.26,1020.72,1114.96,355.0,287.87,28.75,0.0,5328.57,6.8,12.26,1.05,R075
C02073,R0058,TRK008,rail,395.6,1424.16,342.84,383.98,56.84,353.55,445.54,0.0,3006.92,0.95,7.6,0.972,R058
C02074,R0019,TRK046,local,122.6,1005.32,335.28,1025.5,33.67,873.03,286.19,1487.87,5046.87,1.74,41.17,1.138,R019
C02075,R0016,TRK040,road,541.6,3141.28,1060.21,1366.03,431.76,798.1,579.39,970.63,8347.39,1.8,15.41,1.046,R016
C02076,R0055,TRK023,road,449.3,2605.94,904.38,982.46,397.29,550.54,570.75,0.0,6011.36,1.53,13.38,1.21,R055
C02077,R0096,TRK029,road,77.9,451.82,184.65,1236.58,64.73,635.69,403.52,539.26,3516.24,1.72,45.14,1.161,R096
C02078,R0037,TRK049,rail,412.1,1483.56,298.07,465.29,68.73,484.72,125.0,265.32,3190.69,1.07,7.74,1.234,R037
C02079,R0033,TRK028,rail,173.2,623.52,121.05,374.55,21.74,163.98,227.82,0.0,1532.67,0.32,8.85,1.226,R033
C02080,R0041,TRK004,road,95.4,553.32,195.59,1181.76,68.34,607.44,632.88,258.2,3497.53,1.05,36.66,1.106,R041
C02081,R0075,TRK029,rail,361.7,1302.12,307.75,473.47,56.2,658.84,220.19,0.0,3018.58,2.12,8.35,1.167,R075
C02082,R0096,TRK038,road,96.3,558.54,198.88,1167.69,83.54,475.23,349.89,0.0,2833.75,1.15,29.43,0.97,R096
C02083,R0055,TRK022,road,42.9,248.82,105.88,1308.77,31.42,289.75,556.43,1214.86,3755.92,1.54,87.55,1.246,R055
C02084,R0062,TRK046,road,166.2,963.96,373.74,1315.08,106.51,726.74,539.7,0.0,4025.74,1.14,24.22,0.948,R062
C02085,R0028,TRK002,rail,537.6,1935.36,437.84,428.37,90.11,544.66,80.32,1267.67,4784.32,4.74,8.9,1.247,R028
C02086,R0093,TRK048,road,319.2,1851.36,650.47,1240.57,229.52,791.32,299.55,0.0,5062.79,1.51,15.86,1.152,R093
C02087,R0045,TRK031,road,390.5,2264.9,880.35,1368.54,341.84,487.34,509.04,0.0,5852.01,2.99,14.99,1.141,R045
C02088,R0010,TRK026,local,114.8,941.36,304.55,1067.1,31.17,686.58,21.63,1345.32,4397.72,4.73,38.31,0.951,R010
C02089,R0075,TRK018,local,75.3,617.46,183.75,897.7,17.21,241.44,196.81,0.0,2154.37,0.7,28.61,1.009,R075
C02090,R0045,TRK033,rail,228.7,823.32,190.37,407.91,33.22,437.23,220.12,519.72,2631.88,0.9,11.51,0.929,R045
C02091,R0098,TRK003,local,58.9,482.98,188.07,833.09,15.47,791.13,268.31,695.19,3274.23,2.25,55.59,1.07,R098
C02092,R0099,TRK007,local,242.4,1987.68,685.21,1076.49,58.85,459.94,31.52,0.0,4299.7,1.0,17.74,1.087,R099
C02093,R0021,TRK024,road,515.2,2988.16,1281.17,1307.13,358.97,477.92,349.13,0.0,6762.49,2.22,13.13,1.206,R021
C02094,R0087,TRK013,road,44.0,255.2,108.26,1231.55,36.35,411.01,485.97,0.0,2528.34,0.83,57.46,0.952,R087
C02095,R0087,TRK002,rail,387.0,1393.2,278.18,462.99,64.73,196.26,98.28,0.0,2493.63,0.96,6.44,0.937,R087
C02096,R0040,TRK043,road,171.6,995.28,367.67,1056.25,131.39,724.85,201.34,24.76,3501.54,2.28,20.41,0.944,R040
C02097,R0065,TRK050,road,140.0,812.0,278.73,1088.64,96.11,769.31,113.71,461.13,3619.63,2.23,25.85,0.951,R065
C02098,R0070,TRK012,road,524.8,3043.84,1324.19,1197.12,366.61,456.09,340.04,1248.73,7976.63,26.47,15.2,1.169,R070
C02099,R0021,TRK014,road,253.7,1471.46,569.34,1411.95,175.98,561.24,143.5,0.0,4333.47,1.51,17.08,1.128,R021
C02100,R0074,TRK010,road,57.9,335.82,110.68,1146.39,48.96,809.96,22.84,0.0,2474.64,1.38,42.74,1.219,R074
C02101,R0061,TRK047,road,86.4,501.12,211.05,1069.37,70.11,549.36,48.09,882.19,3331.29,1.13,38.56,1.191,R061
C02102,R0073,TRK035,road,38.3,222.14,74.73,1214.21,23.58,259.41,524.37,0.0,2318.43,1.2,60.53,1.122,R073
C02103,R0017,TRK049,rail,449.0,1616.4,371.74,403.06,69.08,277.23,104.03,0.0,2841.52,1.91,6.33,0.997,R017
C02104,R0003,TRK037,road,217.4,1260.92,466.42,1282.62,165.34,541.24,683.25,0.0,4399.8,4.31,20.24,0.953,R003
C02105,R0068,TRK012,rail,118.4,426.24,98.43,500.58,17.06,484.04,124.82,0.0,1651.18,0.4,13.95,1.18,R068
C02106,R0002,TRK020,road,431.2,2500.96,971.29,1083.86,369.48,314.7,629.47,712.95,6582.7,15.78,15.27,1.189,R002
C02107,R0070,TRK015,local,149.1,1222.62,443.17,861.81,42.0,879.29,128.6,0.0,3577.49,3.01,23.99,0.979,R070
C02108,R0023,TRK036,local,542.5,4448.5,1475.65,791.08,142.49,463.82,13.33,0.0,7334.88,2.36,13.52,1.083,R023
C02109,R0082,TRK009,road,133.1,771.98,286.55,1040.93,107.02,706.96,685.61,0.0,3599.05,0.78,27.04,1.054,R082
C02110,R0044,TRK042,road,86.9,504.02,199.9,1290.81,72.3,890.05,121.31,0.0,3078.4,2.55,35.42,1.04,R044
C02111,R0069,TRK021,rail,517.2,1861.92,362.82,406.22,83.3,219.73,184.71,1576.12,4694.83,1.86,9.08,0.945,R069
C02112,R0019,TRK041,road,504.1,2923.78,1095.08,1211.65,421.15,469.11,292.11,823.73,7236.61,8.23,14.36,1.163,R019
C02113,R0018,TRK026,road,436.2,2529.96,1033.75,1326.53,272.51,719.64,588.99,0.0,6471.38,3.27,14.84,1.052,R018
C02114,R0006,TRK025,rail,69.5,250.2,63.9,447.38,10.97,553.94,127.52,0.0,1453.92,0.54,20.92,0.945,R006
C02115,R0085,TRK035,road,136.4,791.12,312.87,1200.83,111.98,189.02,137.61,0.0,2743.42,2.7,20.11,0.986,R085
C02116,R0068,TRK042,road,505.5,2931.9,1239.63,1137.86,453.78,213.39,445.77,0.0,6422.34,2.25,12.7,1.183,R068
C02117,R0021,TRK022,local,307.9,2524.78,935.98,1027.42,82.02,183.94,7.55,1494.78,6256.48,1.93,20.32,1.183,R021
C02118,R0042,TRK018,road,437.0,2534.6,1059.6,1295.61,269.32,526.14,411.04,686.42,6782.74,1.55,15.52,0.934,R042
C02119,R0011,TRK046,road,383.1,2221.98,731.11,1132.45,264.41,200.75,143.09,0.0,4693.8,1.1,12.25,1.053,R011
C02120,R0028,TRK046,road,533.4,3093.72,1241.79,1297.17,333.84,775.29,374.6,0.0,7116.42,2.8,13.34,1.241,R028
C02121,R0037,TRK024,road,229.2,1329.36,517.15,1050.35,147.48,659.39,166.06,0.0,3869.8,0.78,16.88,0.943,R037
C02122,R0082,TRK032,road,501.8,2910.44,1003.7,1145.79,326.96,153.69,281.4,0.0,5821.99,2.07,11.6,1.006,R082
C02123,R0097,TRK029,local,463.5,3800.7,1165.71,823.6,97.71,453.82,8.26,0.0,6349.8,3.27,13.7,1.217,R097
C02124,R0093,TRK007,rail,433.6,1560.96,334.17,445.4,57.66,541.2,369.18,1588.51,4897.08,2.35,11.29,1.146,R093
C02125,R0052,TRK049,road,273.8,1588.04,572.95,1013.84,208.11,631.88,640.99,745.3,5401.12,1.31,19.73,1.154,R052
C02126,R0029,TRK006,road,542.2,3144.76,1186.8,1173.22,368.16,592.87,611.25,1173.67,8250.73,16.34,15.22,1.001,R029
C02127,R0022,TRK005,road,119.4,692.52,232.63,1167.38,105.03,822.88,118.56,0.0,3138.99,8.66,26.29,1.246,R022
C02128,R0052,TRK009,road,298.8,1733.04,567.91,1237.32,205.21,627.44,135.72,0.0,4506.63,7.89,15.08,1.203,R052
C02129,R0047,TRK031,road,170.8,990.64,357.15,1340.84,118.82,504.75,642.28,400.52,4354.99,13.92,25.5,1.077,R047
C02130,R0029,TRK021,road,499.7,2898.26,1033.73,1296.92,330.05,334.08,352.2,0.0,6245.24,1.31,12.5,1.059,R029
C02131,R0074,TRK028,road,264.0,1531.2,524.65,1041.65,166.81,483.55,583.26,0.0,4331.13,1.79,16.41,0.984,R074
C02132,R0015,TRK035,local,195.7,1604.74,561.32,936.54,40.25,822.11,56.76,677.77,4699.49,2.01,24.01,1.129,R015
C02133,R0033,TRK038,road,166.0,962.8,385.37,1115.31,147.71,548.0,692.51,1621.08,5472.77,1.88,32.97,0.938,R033
C02134,R0072,TRK035,road,86.6,502.28,177.58,1395.7,72.87,765.24,239.87,0.0,3153.54,0.63,36.42,1.111,R072
C02135,R0043,TRK037,local,508.6,4170.52,1323.85,957.01,108.02,561.76,281.55,0.0,7402.71,1.63,14.56,0.961,R043
C02136,R0001,TRK017,road,92.3,535.34,192.93,1338.7,78.65,595.57,667.35,1421.91,4830.44,3.21,52.33,1.176,R001
C02137,R0092,TRK035,road,343.6,1992.88,736.04,986.03,292.38,760.66,328.77,0.0,5096.76,2.88,14.83,0.985,R092
C02138,R0055,TRK038,road,151.4,878.12,320.7,1208.45,109.37,275.48,299.23,1416.23,4507.58,3.38,29.77,0.953,R055
C02139,R0091,TRK003,road,133.4,773.72,252.57,1404.04,118.08,365.8,221.75,0.0,3135.97,1.62,23.51,1.196,R091
C02140,R0003,TRK046,road,347.1,2013.18,857.34,1352.39,276.33,664.3,179.14,0.0,5342.68,1.49,15.39,1.207,R003
C02141,R0087,TRK023,road,296.4,1719.12,737.38,1010.68,197.1,801.26,489.64,396.85,5352.03,2.38,18.06,1.134,R087
C02142,R0022,TRK037,road,379.2,2199.36,832.66,1038.84,289.18,589.29,261.22,1206.68,6417.24,1.68,16.92,0.987,R022
C02143,R0081,TRK030,road,149.9,869.42,346.37,1301.36,126.37,608.34,77.64,0.0,3329.5,0.73,22.21,0.955,R081
C02144,R0084,TRK028,road,134.3,778.94,257.48,1161.1,88.09,189.04,12.04,0.0,2486.69,0.92,18.52,0.962,R084
C02145,R0033,TRK002,road,164.8,955.84,355.73,993.43,105.04,866.48,85.9,1718.78,5081.2,1.1,30.83,0.978,R033
C02146,R0050,TRK015,road,538.4,3122.72,1150.38,1086.16,353.98,753.07,349.49,1061.69,7877.49,1.83,14.63,1.074,R050
C02147,R0005,TRK047,road,371.0,2151.8,755.6,1339.8,255.54,615.8,134.62,458.45,5711.61,6.95,15.4,1.192,R005
C02148,R0046,TRK041,road,116.7,676.86,266.21,1369.56,70.16,291.27,659.9,1093.72,4427.68,2.8,37.94,0.937,R046
C02149,R0036,TRK042,road,439.5,2549.1,1009.28,1173.31,318.19,276.28,573.59,0.0,5899.75,2.91,13.42,1.145,R036
C02150,R0022,TRK027,road,52.3,303.34,102.57,1048.33,32.0,232.5,107.12,0.0,1825.86,1.07,34.91,0.922,R022
C02151,R0100,TRK047,road,225.2,1306.16,551.21,1269.31,192.53,508.85,321.94,0.0,4149.99,3.0,18.43,1.164,R100
C02152,R0075,TRK030,road,51.4,298.12,129.02,1206.86,41.55,794.16,507.83,1006.71,3984.26,12.87,77.51,1.185,R075
C02153,R0016,TRK048,road,121.7,705.86,248.15,983.9,75.46,749.71,500.51,0.0,3263.59,1.9,26.82,1.051,R016
C02154,R0100,TRK028,road,90.4,524.32,225.05,1130.43,66.24,220.06,400.51,244.78,2811.38,2.14,31.1,1.212,R100
C02155,R0098,TRK036,road,293.5,1702.3,628.49,1223.09,239.97,849.78,142.28,701.73,5487.64,1.98,18.7,1.218,R098
C02156,R0019,TRK021,road,495.5,2873.9,1250.93,978.78,334.09,849.19,619.17,1609.52,8515.58,11.59,17.19,1.154,R019
C02157,R0045,TRK011,local,175.3,1437.46,521.97,1052.33,36.73,188.95,30.59,0.0,3268.02,0.96,18.64,0.988,R045
C02158,R0027,TRK008,local,146.4,1200.48,440.96,851.25,33.46,448.54,55.09,584.79,3614.56,0.92,24.69,1.247,R027
C02159,R0033,TRK038,road,115.9,672.22,248.57,1430.28,81.26,661.2,582.55,0.0,3676.07,1.23,31.72,1.093,R033
C02160,R0031,TRK023,local,189.7,1555.54,571.03,768.28,52.75,444.18,107.82,0.0,3499.61,0.77,18.45,0.927,R031
C02161,R0080,TRK008,road,93.9,544.62,221.77,1347.41,76.2,388.6,355.98,650.25,3584.83,0.73,38.18,0.994,R080
C02162,R0062,TRK027,road,536.5,3111.7,1196.69,960.22,413.44,216.13,356.11,832.78,7087.06,3.15,13.21,1.122,R062
C02163,R0096,TRK042,rail,277.1,997.56,244.85,430.2,47.29,859.73,578.41,0.0,3158.05,0.69,11.4,0.984,R096
C02164,R0073,TRK036,road,317.1,1839.18,682.84,1322.81,215.71,166.45,477.9,1213.21,5918.11,2.34,18.66,1.023,R073
C02165,R0012,TRK015,rail,364.6,1312.56,264.95,513.65,53.55,822.5,333.45,0.0,3300.65,5.31,9.05,1.065,R012
C02166,R0012,TRK037,rail,179.1,644.76,133.3,472.35,25.96,804.32,605.88,1343.75,4030.32,1.2,22.5,1.242,R012
C02167,R0031,TRK016,road,393.3,2281.14,904.43,1081.32,348.46,772.48,459.2,0.0,5847.02,1.45,14.87,1.236,R031
C02168,R0064,TRK036,road,167.8,973.24,325.61,999.07,106.78,787.76,319.43,1313.06,4824.95,4.56,28.75,1.08,R064
C02169,R0062,TRK006,road,146.6,850.28,311.1,1101.41,117.91,679.49,506.04,0.0,3566.23,3.35,24.33,1.068,R062
C02170,R0039,TRK046,road,195.9,1136.22,445.01,1175.98,137.82,163.45,42.39,0.0,3100.86,0.98,15.83,0.925,R039
C02171,R0062,TRK011,road,503.8,2922.04,1126.16,1060.83,343.78,745.0,538.82,1109.32,7845.95,2.23,15.57,1.188,R062
C02172,R0032,TRK024,road,62.4,361.92,154.86,1230.52,46.36,255.25,650.92,141.69,2841.53,0.61,45.54,1.135,R032
C02173,R0077,TRK001,road,364.7,2115.26,789.84,1108.47,263.5,784.57,341.02,0.0,5402.67,4.16,14.81,1.1,R077
C02174,R0083,TRK002,road,69.5,403.1,135.81,1380.71,44.35,159.68,81.31,839.95,3044.9,0.75,43.81,0.93,R083
C02175,R0090,TRK010,local,45.1,369.82,140.32,831.59,9.13,713.29,130.17,38.59,2232.9,0.84,49.51,0.924,R090
C02176,R0073,TRK035,road,366.1,2123.38,860.89,994.32,278.8,441.49,553.55,1675.25,6927.68,2.17,18.92,0.983,R073
C02177,R0036,TRK044,road,90.1,522.58,199.54,1173.82,54.38,237.43,368.12,0.0,2555.87,1.0,28.37,1.243,R036
C02178,R0016,TRK005,road,357.9,2075.82,772.88,1208.97,229.95,250.34,326.62,519.22,5383.8,1.44,15.04,1.11,R016
C02179,R0078,TRK008,road,347.5,2015.5,674.52,1428.85,296.0,539.3,449.81,860.55,6264.53,2.3,18.03,1.029,R078
C02180,R0017,TRK017,road,442.8,2568.24,989.54,1079.85,331.49,396.16,28.61,0.0,5393.89,4.68,12.18,0.985,R017
C02181,R0040,TRK049,road,62.7,363.66,150.68,1290.41,43.34,786.03,92.81,0.0,2726.94,2.83,43.49,1.164,R040
C02182,R0034,TRK038,road,454.1,2633.78,925.54,1402.38,357.49,212.35,42.97,0.0,5574.51,3.4,12.28,1.186,R034
C02183,R0001,TRK048,road,71.1,412.38,153.76,1235.38,47.29,615.49,528.45,0.0,2992.74,1.88,42.09,1.007,R001
C02184,R0084,TRK028,road,146.4,849.12,329.58,1225.1,116.71,474.32,488.77,0.0,3483.6,0.84,23.8,1.211,R084
C02185,R0017,TRK029,road,240.3,1393.74,546.57,1025.87,145.61,525.36,117.15,0.0,3754.31,1.13,15.62,0.928,R017
C02186,R0015,TRK011,road,531.9,3085.02,1011.05,1033.33,381.04,617.95,602.38,0.0,6730.76,9.67,12.65,0.92,R015
C02187,R0091,TRK004,road,155.0,899.0,376.47,1176.21,95.11,899.94,29.39,0.0,3476.13,2.2,22.43,1.129,R091
C02188,R0001,TRK045,rail,474.6,1708.56,364.53,412.43,68.08,403.84,330.12,1497.96,4785.51,1.75,10.08,0.912,R001
C02189,R0024,TRK037,road,31.5,182.7,63.81,1179.34,23.71,883.75,464.0,33.98,2831.29,2.93,89.88,1.098,R024
C02190,R0068,TRK043,road,228.4,1324.72,432.77,1176.78,181.15,286.35,577.74,0.0,3979.51,2.91,17.42,0.978,R068
C02191,R0041,TRK043,road,429.3,2489.94,899.44,975.17,340.68,618.5,660.98,0.0,5984.7,6.1,13.94,0.956,R041
C02192,R0021,TRK015,road,521.3,3023.54,1145.77,1081.02,393.24,898.26,549.08,444.49,7535.4,2.37,14.46,1.16,R021
C02193,R0029,TRK048,rail,164.8,593.28,114.48,386.66,20.31,176.92,204.85,0.0,1496.51,0.34,9.08,0.983,R029
C02194,R0007,TRK036,road,368.7,2138.46,881.12,1280.96,312.56,755.59,583.46,318.19,6270.34,2.21,17.01,0.941,R007
C02195,R0080,TRK035,road,469.2,2721.36,1147.74,1208.97,359.76,339.83,337.75,1079.24,7194.65,2.24,15.33,1.128,R080
C02196,R0030,TRK030,rail,95.7,344.52,72.16,379.52,14.5,675.45,274.25,1463.04,3223.44,2.31,33.68,1.126,R030
C02197,R0062,TRK028,road,74.1,429.78,145.3,1001.41,65.13,508.85,372.72,827.94,3351.14,2.92,45.22,1.128,R062
C02198,R0042,TRK009,road,71.4,414.12,158.0,979.39,58.36,333.98,592.07,0.0,2535.91,1.05,35.52,1.152,R042
C02199,R0001,TRK020,road,461.7,2677.86,1099.92,1342.36,334.54,753.79,47.59,0.0,6256.06,6.97,13.55,0.92,R001
C02200,R0024,TRK039,road,142.7,827.66,326.74,1256.61,94.78,170.92,100.45,578.82,3355.99,1.07,23.52,1.208,R024
C02201,R0080,TRK028,road,253.4,1469.72,512.57,1262.19,202.28,853.32,245.25,0.0,4545.31,4.92,17.94,1.089,R080
C02202,R0077,TRK044,rail,256.7,924.12,186.37,502.25,45.09,703.05,406.69,1254.42,4021.99,2.4,15.67,1.079,R077
C02203,R0018,TRK020,road,53.8,312.04,133.17,1013.84,35.87,612.77,397.18,0.0,2504.88,0.92,46.56,1.226,R018
C02204,R0057,TRK048,road,269.1,1560.78,677.98,1244.74,184.36,823.83,274.99,0.0,4766.68,2.15,17.71,1.158,R057
C02205,R0061,TRK001,road,282.4,1637.92,642.32,1360.34,253.38,228.01,425.72,0.0,4547.69,5.06,16.1,1.196,R061
C02206,R0041,TRK047,road,287.2,1665.76,607.39,1007.93,194.78,574.31,336.45,0.0,4386.63,3.98,15.27,1.199,R041
C02207,R0095,TRK023,rail,413.8,1489.68,349.82,391.78,65.42,824.1,607.72,1577.65,5306.18,1.21,12.82,1.007,R095
C02208,R0026,TRK046,road,142.9,828.82,359.03,1421.09,91.73,682.42,637.01,38.79,4058.89,3.37,28.4,0.975,R026
C02209,R0071,TRK046,road,35.3,204.74,79.77,1365.61,21.41,488.97,416.59,0.0,2577.09,0.52,73.01,0.999,R071
C02210,R0099,TRK030,road,409.8,2376.84,1024.21,971.61,313.83,573.62,158.7,365.21,5784.02,1.75,14.11,1.041,R099
C02211,R0084,TRK037,road,187.6,1088.08,366.19,1012.37,163.37,646.02,458.0,861.1,4595.13,3.73,24.49,1.208,R084
C02212,R0081,TRK025,road,483.8,2806.04,1048.37,1392.02,336.81,894.75,90.75,0.0,6568.75,1.81,13.58,1.217,R081
C02213,R0063,TRK010,rail,307.2,1105.92,257.22,448.54,44.79,556.01,303.4,1642.14,4358.03,2.97,14.19,0.961,R063
C02214,R0003,TRK004,road,138.6,803.88,277.5,1050.13,116.63,800.53,151.13,0.0,3199.8,0.79,23.09,1.092,R003
C02215,R0052,TRK027,rail,185.5,667.8,144.24,386.81,25.32,230.44,621.31,0.0,2075.92,0.55,11.19,1.219,R052
C02216,R0080,TRK011,road,427.9,2481.82,899.54,1242.1,356.02,767.55,165.55,0.0,5912.57,11.4,13.82,1.059,R080
C02217,R0049,TRK026,road,177.9,1031.82,338.24,1159.24,139.43,337.19,278.72,522.06,3806.7,1.55,21.4,0.907,R049
C02218,R0012,TRK004,rail,198.3,713.88,139.48,459.1,30.13,345.36,653.41,0.0,2341.35,4.12,11.81,0.933,R012
C02219,R0031,TRK043,rail,142.2,511.92,123.58,443.58,24.09,888.08,341.95,1705.23,4038.43,1.3,28.4,1.188,R031
C02220,R0077,TRK013,road,414.8,2405.84,894.46,1352.36,291.31,780.9,346.1,0.0,6070.97,7.58,14.64,1.183,R077
C02221,R0050,TRK003,road,182.0,1055.6,438.26,1120.68,147.43,512.2,139.07,0.0,3413.24,0.94,18.75,0.926,R050
C02222,R0001,TRK039,road,472.7,2741.66,1162.31,1383.98,341.11,151.3,192.1,694.09,6666.54,2.19,14.1,1.097,R001
C02223,R0047,TRK023,local,382.2,3134.04,1049.02,797.17,85.04,458.74,58.88,0.0,5582.89,1.47,14.61,1.17,R047
C02224,R0058,TRK040,road,67.4,390.92,134.16,1278.32,52.01,488.52,208.75,1025.97,3578.66,1.96,53.1,1.147,R058
C02225,R0073,TRK012,local,235.7,1932.74,573.25,826.3,59.34,664.92,270.27,1388.73,5715.55,9.55,24.25,1.04,R073
C02226,R0032,TRK023,road,188.6,1093.88,452.66,1079.56,128.86,184.96,423.64,157.51,3521.07,7.67,18.67,0.98,R032
C02227,R0097,TRK021,road,262.9,1524.82,598.69,1341.99,169.11,772.88,99.53,0.0,4507.02,1.81,17.14,0.993,R097
C02228,R0049,TRK040,road,82.6,479.08,184.42,1429.64,60.8,387.16,135.96,0.0,2677.06,5.39,32.41,0.917,R049
C02229,R0003,TRK043,road,336.2,1949.96,823.0,1055.42,299.0,381.06,655.21,0.0,5163.65,1.21,15.36,0.97,R003
C02230,R0018,TRK040,road,184.9,1072.42,381.33,1388.53,145.03,606.19,628.5,0.0,4222.0,2.92,22.83,0.959,R018
C02231,R0057,TRK022,local,159.2,1305.44,426.41,971.08,35.0,295.94,124.81,0.0,3158.68,1.61,19.84,0.94,R057
C02232,R0080,TRK046,road,306.5,1777.7,592.71,1107.93,248.86,613.5,634.99,0.0,4975.69,1.83,16.23,1.098,R080
C02233,R0049,TRK013,local,249.0,2041.8,602.11,1001.15,53.85,662.74,18.26,0.0,4379.91,1.39,17.59,1.143,R049
C02234,R0090,TRK036,local,344.6,2825.72,985.92,860.16,90.69,620.7,22.6,0.0,5405.78,5.92,15.69,1.106,R090
C02235,R0019,TRK020,rail,104.7,376.92,76.71,425.43,17.06,588.82,104.2,688.36,2277.5,0.78,21.75,1.217,R019
C02236,R0048,TRK033,road,181.2,1050.96,374.3,1253.41,141.01,526.14,87.32,0.0,3433.15,1.3,18.95,0.977,R048
C02237,R0038,TRK010,road,176.9,1026.02,382.26,1339.57,145.93,806.08,479.2,0.0,4179.06,3.2,23.62,1.087,R038
C02238,R0072,TRK011,rail,190.6,686.16,153.44,398.83,31.69,613.29,441.9,0.0,2325.31,0.73,12.2,1.093,R072
C02239,R0032,TRK026,road,546.5,3169.7,1191.26,1159.66,443.67,237.99,489.73,0.0,6692.02,4.45,12.25,1.006,R032
C02240,R0017,TRK039,road,47.2,273.76,93.87,1220.51,34.54,643.96,283.52,0.0,2550.17,0.67,54.03,1.13,R017
C02241,R0051,TRK020,road,205.9,1194.22,471.72,1377.81,158.84,793.98,373.37,0.0,4369.95,3.41,21.22,1.178,R051
C02242,R0025,TRK004,local,255.1,2091.82,632.9,1063.54,66.24,275.93,243.47,1444.93,5818.83,2.55,22.81,1.09,R025
C02243,R0013,TRK047,local,496.5,4071.3,1221.8,820.89,118.48,737.44,191.37,0.0,7161.28,1.47,14.42,1.105,R013
C02244,R0032,TRK014,rail,364.9,1313.64,302.34,412.68,46.71,422.53,699.61,839.09,4036.6,1.18,11.06,1.039,R032
C02245,R0048,TRK047,road,268.4,1556.72,597.33,1169.81,194.87,346.12,447.85,0.0,4312.7,2.34,16.07,1.132,R048
C02246,R0034,TRK004,road,462.1,2680.18,934.62,1424.35,391.12,248.49,680.44,1011.78,7370.98,5.75,15.95,0.992,R034
C02247,R0025,TRK006,rail,37.8,136.08,27.37,374.19,6.03,517.35,365.61,1135.45,2562.08,0.78,67.78,1.119,R025
C02248,R0017,TRK004,road,291.2,1688.96,629.52,1085.5,230.22,412.76,74.32,0.0,4121.29,0.88,14.15,0.972,R017
C02249,R0049,TRK033,road,107.8,625.24,243.75,1274.94,89.33,174.76,515.99,0.0,2924.01,2.41,27.12,0.911,R049
C02250,R0019,TRK014,local,477.6,3916.32,1166.86,910.49,112.62,384.2,82.26,0.0,6572.74,1.51,13.76,1.241,R019
C02251,R0046,TRK026,rail,530.7,1910.52,391.21,438.8,90.7,374.45,582.62,0.0,3788.3,0.79,7.14,1.137,R046
C02252,R0062,TRK007,rail,247.6,891.36,223.45,434.09,41.16,880.4,21.26,0.0,2491.73,2.12,10.06,0.976,R062
C02253,R0077,TRK014,road,298.0,1728.4,739.99,1428.05,237.85,701.26,682.08,1659.44,7177.06,2.94,24.08,0.914,R077
C02254,R0068,TRK045,road,259.0,1502.2,569.59,1399.35,178.23,306.06,116.62,939.19,5011.24,2.18,19.35,0.981,R068
C02255,R0026,TRK018,road,74.2,430.36,176.19,1283.15,52.73,851.13,339.24,1076.5,4209.29,2.77,56.73,1.132,R026
C02256,R0087,TRK027,road,72.1,418.18,155.45,1150.88,43.95,529.51,29.12,1192.83,3519.91,5.94,48.82,0.976,R087
C02257,R0091,TRK017,local,206.9,1696.58,645.25,846.07,57.35,456.57,141.83,916.19,4759.83,1.34,23.01,1.104,R091
C02258,R0071,TRK040,road,148.1,858.98,302.49,1047.49,128.15,316.6,642.24,0.0,3295.94,0.99,22.25,0.919,R071
C02259,R0078,TRK043,road,95.6,554.48,187.59,964.28,64.76,290.21,460.66,0.0,2522.0,0.91,26.38,1.204,R078
C02260,R0085,TRK029,local,191.1,1567.02,553.78,832.17,54.61,161.81,199.45,240.88,3609.73,2.16,18.89,1.033,R085
C02261,R0038,TRK028,road,385.1,2233.58,735.21,1063.12,234.21,624.82,171.54,0.0,5062.48,1.41,13.15,1.121,R038
C02262,R0088,TRK033,road,37.1,215.18,71.12,1315.44,24.83,488.82,279.27,0.0,2394.65,0.6,64.55,0.906,R088
C02263,R0061,TRK039,road,215.2,1248.16,492.49,1101.25,158.98,649.57,48.0,0.0,3698.45,1.6,17.19,1.169,R061
C02264,R0035,TRK001,local,309.1,2534.62,777.47,895.34,86.92,536.54,195.19,623.09,5649.16,1.31,18.28,0.993,R035
C02265,R0092,TRK005,road,362.3,2101.34,699.39,1074.32,316.87,618.94,232.82,0.0,5043.68,1.98,13.92,0.973,R092
C02266,R0037,TRK035,rail,338.2,1217.52,293.96,478.63,45.39,614.64,99.32,114.39,2863.85,0.93,8.47,1.038,R037
C02267,R0054,TRK009,road,227.6,1320.08,446.1,1198.21,160.92,654.3,126.16,0.0,3905.77,1.03,17.16,1.053,R054
C02268,R0042,TRK023,rail,234.2,843.12,183.91,443.86,41.62,504.27,362.51,0.0,2379.29,0.68,10.16,1.006,R042
C02269,R0002,TRK014,local,41.6,341.12,133.01,1050.24,11.11,427.66,6.02,851.74,2820.9,1.18,67.81,0.991,R002
C02270,R0001,TRK003,road,383.8,2226.04,741.09,1097.42,333.54,675.83,589.83,0.0,5663.74,1.42,14.76,1.07,R001
C02271,R0065,TRK034,road,223.4,1295.72,439.29,1243.53,176.74,153.22,538.8,0.0,3847.3,0.78,17.22,0.972,R065
C02272,R0009,TRK042,road,459.6,2665.68,970.93,1236.92,365.64,788.67,266.44,1476.15,7770.43,6.67,16.91,0.975,R009
C02273,R0036,TRK041,road,458.7,2660.46,944.46,1308.59,314.59,897.58,591.5,85.07,6802.25,1.45,14.83,1.102,R036
C02274,R0051,TRK040,road,272.9,1582.82,592.03,1301.43,245.58,725.72,386.36,0.0,4833.94,3.27,17.71,1.189,R051
C02275,R0061,TRK047,road,544.8,3159.84,1222.2,1160.58,400.94,321.38,404.1,0.0,6669.04,2.19,12.24,1.249,R061
C02276,R0083,TRK032,rail,449.3,1617.48,310.18,443.24,76.21,443.78,598.95,115.25,3605.08,1.51,8.02,1.02,R083
C02277,R0087,TRK018,road,416.7,2416.86,949.28,1373.72,277.02,711.02,613.54,870.48,7211.93,5.44,17.31,0.945,R087
C02278,R0074,TRK011,rail,525.6,1892.16,418.28,489.1,72.88,630.63,206.99,0.0,3710.04,1.09,7.06,1.181,R074
C02279,R0029,TRK012,rail,376.9,1356.84,310.33,498.89,45.25,570.06,342.57,0.0,3123.94,1.26,8.29,0.984,R029
C02280,R0083,TRK037,road,407.5,2363.5,817.24,961.47,318.41,367.02,52.29,0.0,4879.93,1.0,11.98,0.922,R083
C02281,R0058,TRK032,road,517.8,3003.24,1015.59,1043.45,355.32,488.69,134.12,0.0,6040.41,3.26,11.67,0.968,R058
C02282,R0071,TRK032,road,163.5,948.3,398.18,1378.07,140.88,875.58,31.25,0.0,3772.27,3.57,23.07,1.241,R071
C02283,R0100,TRK024,road,193.3,1121.14,444.86,1156.48,116.8,847.47,241.95,0.0,3928.69,6.77,20.32,1.16,R100
C02284,R0088,TRK004,road,141.8,822.44,352.91,1321.35,95.73,350.18,56.73,0.0,2999.34,0.67,21.15,1.072,R088
C02285,R0092,TRK003,rail,437.4,1574.64,300.79,386.84,71.62,361.07,657.34,0.0,3352.29,2.26,7.66,1.187,R092
C02286,R0098,TRK019,rail,373.3,1343.88,295.35,361.76,49.45,642.84,685.01,0.0,3378.29,1.45,9.05,1.113,R098
C02287,R0073,TRK048,road,312.0,1809.6,787.68,1001.72,277.67,862.85,177.03,0.0,4916.55,1.47,15.76,0.917,R073
C02288,R0055,TRK027,road,427.6,2480.08,808.56,1420.01,361.81,662.94,34.96,0.0,5768.37,1.25,13.49,1.087,R055
C02289,R0046,TRK041,road,62.3,361.34,145.51,1358.7,55.1,298.13,337.44,0.0,2556.22,1.61,41.03,0.98,R046
C02290,R0025,TRK016,road,466.7,2706.86,1009.24,1424.71,331.8,807.21,316.69,0.0,6596.5,2.08,14.13,1.181,R025
C02291,R0022,TRK044,road,437.7,2538.66,870.71,1100.45,318.02,527.03,596.71,0.0,5951.57,9.45,13.6,0.977,R022
C02292,R0074,TRK024,road,409.8,2376.84,837.1,1059.57,338.58,293.42,542.72,0.0,5448.23,3.91,13.29,1.168,R074
C02293,R0077,TRK037,road,352.1,2042.18,764.85,983.56,279.25,453.17,147.77,0.0,4670.79,4.67,13.27,1.245,R077
C02294,R0055,TRK049,rail,544.3,1959.48,448.64,433.51,70.88,529.61,497.88,0.0,3940.0,2.46,7.24,0.992,R055
C02295,R0063,TRK010,road,344.6,1998.68,701.1,1061.35,245.75,284.21,395.25,0.0,4686.35,1.2,13.6,1.033,R063
C02296,R0015,TRK040,road,485.5,2815.9,967.43,1286.54,373.94,669.75,458.26,740.72,7312.54,2.04,15.06,1.246,R015
C02297,R0023,TRK011,road,241.8,1402.44,566.57,1030.4,186.04,893.85,253.18,0.0,4332.48,2.92,17.92,1.168,R023
C02298,R0072,TRK038,rail,212.6,765.36,195.28,423.6,34.46,699.11,231.87,1329.9,3679.57,3.55,17.31,0.931,R072
C02299,R0061,TRK001,road,67.3,390.34,126.57,1377.81,60.49,332.83,468.79,1025.76,3782.58,0.85,56.2,0.947,R061
C02300,R0025,TRK006,road,536.4,3111.12,1023.77,1320.29,479.07,283.53,375.31,681.13,7274.21,1.72,13.56,1.008,R025
C02301,R0055,TRK019,road,91.6,531.28,198.11,1159.4,70.52,477.43,6.92,0.0,2443.66,1.96,26.68,0.973,R055
C02302,R0003,TRK021,local,472.0,3870.4,1411.27,885.79,130.28,246.94,161.02,0.0,6705.7,1.69,14.21,1.173,R003
C02303,R0078,TRK046,rail,48.0,172.8,41.42,422.62,7.26,792.18,419.27,0.0,1855.54,0.41,38.66,1.098,R078
C02304,R0082,TRK026,local,500.2,4101.64,1462.43,1077.54,106.98,889.75,202.52,28.49,7869.35,14.11,15.73,0.983,R082
C02305,R0086,TRK008,road,395.3,2292.74,980.08,1405.33,340.93,686.53,51.54,0.0,5757.15,1.55,14.56,0.953,R086
C02306,R0080,TRK005,road,330.8,1918.64,719.38,1223.71,234.02,236.51,692.06,0.0,5024.32,2.04,15.19,0.988,R080
C02307,R0017,TRK017,road,209.2,1213.36,418.89,1430.1,156.79,840.41,360.36,475.14,4895.05,1.05,23.4,1.023,R017
C02308,R0082,TRK033,rail,30.4,109.44,21.19,366.18,3.71,846.55,685.48,0.0,2032.54,6.07,66.86,0.949,R082
C02309,R0001,TRK049,road,382.8,2220.24,764.21,1386.21,337.27,732.67,610.94,0.0,6051.55,2.48,15.81,1.042,R001
C02310,R0007,TRK018,rail,82.0,295.2,64.24,362.22,10.77,238.74,571.65,536.16,2078.98,0.46,25.35,1.115,R007
C02311,R0023,TRK030,road,273.7,1587.46,551.92,968.71,185.76,518.39,331.66,0.0,4143.89,1.67,15.14,1.142,R023
C02312,R0005,TRK012,rail,367.0,1321.2,312.06,524.88,46.28,360.65,571.75,0.0,3136.81,2.46,8.55,0.966,R005
C02313,R0050,TRK013,local,359.1,2944.62,1127.44,741.49,94.05,662.05,267.73,0.0,5837.39,1.83,16.26,1.112,R050
C02314,R0022,TRK013,road,79.2,459.36,155.69,1187.79,48.12,610.69,327.35,0.0,2788.99,1.02,35.21,1.04,R022
C02315,R0045,TRK023,road,522.1,3028.18,1087.13,1388.49,398.09,511.85,71.25,59.7,6544.68,1.97,12.54,1.091,R045
C02316,R0058,TRK039,local,155.2,1272.64,441.18,1036.06,43.5,785.72,295.26,0.0,3874.36,1.09,24.96,1.131,R058
C02317,R0018,TRK008,road,37.2,215.76,83.11,1354.5,30.11,786.02,276.96,1776.48,4522.94,1.01,121.58,1.148,R018
C02318,R0029,TRK024,road,390.8,2266.64,810.26,1164.47,235.79,893.63,565.21,998.37,6934.36,1.54,17.74,0.905,R029
C02319,R0009,TRK004,local,329.7,2703.54,813.67,723.2,89.37,755.58,149.57,0.0,5234.93,2.62,15.88,0.969,R009
C02320,R0051,TRK002,road,211.4,1226.12,398.28,1067.41,128.62,245.45,654.95,570.54,4291.38,0.87,20.3,1.157,R051
C02321,R0100,TRK040,road,433.9,2516.62,818.16,1384.73,322.57,157.98,359.52,0.0,5559.58,5.04,12.81,1.179,R100
C02322,R0033,TRK032,road,222.7,1291.66,421.96,1151.37,200.2,358.13,503.14,1223.04,5149.51,4.86,23.12,1.051,R033
C02323,R0094,TRK019,local,353.8,2901.16,907.01,772.53,101.38,792.35,294.55,0.0,5768.99,13.62,16.31,1.196,R094
C02324,R0069,TRK025,road,55.1,319.58,137.76,1208.29,47.0,720.51,652.72,0.0,3085.86,0.72,56.0,0.916,R069
C02325,R0013,TRK039,road,498.6,2891.88,1202.75,1060.16,328.85,680.7,595.98,784.72,7545.04,2.21,15.13,0.966,R013
C02326,R0047,TRK012,rail,452.6,1629.36,347.19,398.42,69.18,169.61,194.08,992.14,3799.98,1.47,8.4,0.902,R047
C02327,R0061,TRK021,road,91.4,530.12,170.93,1262.24,74.38,364.88,30.68,0.0,2433.23,0.49,26.62,1.179,R061
C02328,R0049,TRK022,road,360.3,2089.74,825.73,974.42,273.65,423.38,203.18,1395.75,6185.85,3.44,17.17,1.244,R049
C02329,R0072,TRK009,rail,422.4,1520.64,384.79,492.9,72.73,762.39,296.43,0.0,3529.88,0.75,8.36,1.074,R072
C02330,R0056,TRK027,road,242.3,1405.34,505.96,971.2,172.48,881.34,357.46,0.0,4293.78,9.17,17.72,1.212,R056
C02331,R0053,TRK006,local,527.0,4321.4,1344.1,843.67,129.17,267.56,221.79,1096.25,8223.95,6.71,15.61,0.91,R053
C02332,R0011,TRK011,rail,127.3,458.28,97.37,424.28,18.41,737.97,440.42,0.0,2176.72,0.77,17.1,1.249,R011
C02333,R0083,TRK023,road,160.8,932.64,362.5,1051.25,139.12,347.25,416.7,424.11,3673.58,3.58,22.85,1.106,R083
C02334,R0090,TRK050,local,252.4,2069.68,631.95,792.23,69.95,268.72,179.94,0.0,4012.47,1.17,15.9,1.238,R090
C02335,R0035,TRK007,local,156.1,1280.02,498.35,838.78,37.82,344.9,142.26,0.0,3142.14,0.8,20.13,1.18,R035
C02336,R0015,TRK036,road,420.7,2440.06,865.74,1264.69,264.99,282.59,202.48,212.06,5532.61,1.13,13.15,1.026,R015
C02337,R0032,TRK050,road,122.6,711.08,305.97,1280.54,94.44,457.11,440.66,0.0,3289.8,9.85,26.83,1.177,R032
C02338,R0050,TRK037,road,415.7,2411.06,958.13,1081.2,338.02,510.68,62.38,1544.03,6905.5,3.86,16.61,1.14,R050
C02339,R0073,TRK012,rail,194.9,701.64,145.01,443.78,26.15,408.23,286.68,0.0,2011.48,1.5,10.32,1.066,R073
C02340,R0046,TRK018,local,469.7,3851.54,1478.0,1020.6,109.33,327.95,144.41,1221.52,8153.35,2.54,17.36,0.903,R046
C02341,R0034,TRK027,road,170.3,987.74,346.67,1189.22,110.87,187.16,176.47,924.41,3922.54,1.01,23.03,0.981,R034
C02342,R0074,TRK038,local,207.8,1703.96,562.69,896.07,41.71,700.33,205.76,114.14,4224.65,3.85,20.33,1.008,R074
C02343,R0013,TRK015,rail,104.0,374.4,87.01,394.02,17.46,396.79,82.35,287.13,1639.16,0.48,15.76,0.998,R013
C02344,R0087,TRK037,road,266.7,1546.86,583.58,974.58,209.85,736.39,373.43,0.0,4424.7,0.93,16.59,1.176,R087
C02345,R0032,TRK014,local,173.8,1425.16,416.05,1056.89,36.32,367.64,120.43,0.0,3422.48,1.87,19.69,1.111,R032
C02346,R0013,TRK033,rail,329.9,1187.64,252.37,371.71,44.53,336.44,421.7,0.0,2614.4,2.25,7.92,1.228,R013
C02347,R0090,TRK012,local,282.9,2319.78,835.63,748.26,58.5,850.51,209.39,0.0,5022.08,3.12,17.75,1.172,R090
C02348,R0014,TRK006,road,471.1,2732.38,910.28,1250.58,325.88,528.53,331.42,1098.33,7177.4,3.18,15.24,1.021,R014
C02349,R0044,TRK012,road,30.7,178.06,70.78,1169.78,20.12,486.53,487.45,1168.74,3581.45,0.93,116.66,1.237,R044
C02350,R0028,TRK012,rail,82.5,297.0,56.98,452.42,13.96,390.68,226.13,84.83,1521.99,1.53,18.45,1.225,R028
C02351,R0053,TRK048,rail,191.2,688.32,171.13,504.02,32.84,752.98,66.86,0.0,2216.16,0.76,11.59,1.112,R053
C02352,R0068,TRK044,road,341.4,1980.12,729.89,1022.53,213.94,187.19,332.72,545.36,5011.75,1.3,14.68,1.247,R068
C02353,R0099,TRK033,rail,385.6,1388.16,304.11,369.01,61.22,383.87,470.88,0.0,2977.25,0.67,7.72,1.094,R099
C02354,R0081,TRK027,road,316.4,1835.12,746.04,976.44,279.18,564.6,698.6,883.42,5983.4,2.41,18.91,0.931,R081
C02355,R0020,TRK016,road,391.6,2271.28,765.23,1213.9,347.0,617.25,110.78,0.0,5325.44,4.7,13.6,1.001,R020
C02356,R0026,TRK025,road,51.3,297.54,96.99,1170.16,39.46,619.5,667.01,0.0,2890.65,1.38,56.35,1.19,R026
C02357,R0100,TRK013,road,225.3,1306.74,436.72,1377.92,156.56,650.32,575.21,0.0,4503.46,3.17,19.99,1.02,R100
C02358,R0025,TRK024,road,225.7,1309.06,513.1,1064.02,173.86,835.08,681.07,774.42,5350.61,6.08,23.71,1.028,R025
C02359,R0083,TRK034,road,198.3,1150.14,439.94,1152.56,128.97,269.7,586.16,1438.69,5166.16,1.25,26.05,0.979,R083
C02360,R0005,TRK046,road,43.3,251.14,83.16,1162.68,28.68,360.87,132.2,0.0,2018.74,5.83,46.62,0.981,R005
C02361,R0092,TRK045,rail,546.4,1967.04,386.3,538.6,93.41,482.1,242.6,0.0,3710.05,1.88,6.79,0.986,R092
C02362,R0061,TRK005,road,172.7,1001.66,403.78,1332.08,136.73,271.79,306.58,1367.3,4819.91,3.89,27.91,1.138,R061
C02363,R0025,TRK042,road,107.1,621.18,218.66,1328.79,67.34,300.18,62.44,590.07,3188.66,1.12,29.77,1.154,R025
C02364,R0066,TRK031,road,247.9,1437.82,529.23,1138.02,214.53,663.46,123.18,184.81,4291.05,1.43,17.31,1.053,R066
C02365,R0017,TRK033,road,498.2,2889.56,1129.73,1423.14,427.26,823.09,2.14,0.0,6694.92,2.97,13.44,1.168,R017
C02366,R0092,TRK020,road,350.6,2033.48,840.34,988.99,282.54,231.81,202.78,471.95,5051.89,4.27,14.41,1.124,R092
C02367,R0020,TRK006,road,70.0,406.0,136.11,1156.95,47.21,254.5,150.79,822.65,2974.22,0.66,42.49,1.101,R020
C02368,R0039,TRK043,road,454.1,2633.78,1115.19,985.19,273.39,366.41,172.2,0.0,5546.16,4.77,12.21,1.156,R039
C02369,R0073,TRK043,road,372.8,2162.24,892.61,1258.71,293.09,290.06,121.45,1095.93,6114.1,2.13,16.4,1.224,R073
C02370,R0021,TRK039,rail,204.9,737.64,174.27,462.36,31.94,565.44,292.4,0.0,2264.04,0.61,11.05,1.156,R021
C02371,R0046,TRK016,road,98.5,571.3,200.63,978.86,65.24,860.9,194.51,742.28,3613.72,0.74,36.69,0.988,R046
C02372,R0099,TRK032,rail,199.8,719.28,138.51,390.05,29.51,583.82,118.71,131.54,2111.43,0.67,10.57,0.997,R099
C02373,R0039,TRK030,rail,159.4,573.84,126.46,510.39,26.8,719.07,393.59,0.0,2350.15,5.28,14.74,1.167,R039
C02374,R0099,TRK020,road,317.5,1841.5,674.01,1398.93,237.34,182.74,689.73,0.0,5024.24,3.4,15.82,0.911,R099
C02375,R0007,TRK012,road,281.4,1632.12,693.44,1096.45,222.45,552.77,427.57,424.11,5048.9,1.43,17.94,1.097,R007
C02376,R0033,TRK042,road,303.1,1757.98,648.24,1095.11,251.0,684.15,249.32,1571.74,6257.53,3.64,20.65,1.162,R033
C02377,R0013,TRK044,road,342.2,1984.76,724.85,1004.53,244.38,723.48,445.91,1163.04,6290.96,1.44,18.38,1.114,R013
C02378,R0043,TRK041,road,326.4,1893.12,715.55,1007.67,253.29,756.26,346.61,0.0,4972.49,7.97,15.23,0.958,R043
C02379,R0076,TRK006,rail,373.9,1346.04,305.09,381.42,66.45,891.36,471.74,0.0,3462.11,1.12,9.26,1.211,R076
C02380,R0087,TRK006,road,31.9,185.02,67.93,1103.45,19.29,634.03,386.47,156.1,2552.29,7.83,80.01,1.03,R087
C02381,R0065,TRK017,rail,409.3,1473.48,327.19,466.22,56.54,269.74,371.01,0.0,2964.18,3.27,7.24,1.141,R065
C02382,R0092,TRK036,local,442.4,3627.68,1283.62,913.96,112.76,501.55,14.51,1642.75,8096.83,1.71,18.3,0.949,R092
C02383,R0076,TRK017,rail,265.8,956.88,237.25,366.43,47.52,811.92,384.29,470.27,3274.57,1.19,12.32,1.19,R076
C02384,R0012,TRK042,local,546.0,4477.2,1372.17,735.65,119.21,862.72,251.58,0.0,7818.53,7.59,14.32,0.994,R012
C02385,R0029,TRK002,road,191.7,1111.86,475.37,1293.41,135.35,168.61,366.42,1772.61,5323.64,1.17,27.77,0.984,R029
C02386,R0061,TRK047,road,230.7,1338.06,558.11,1093.66,147.78,161.33,159.15,0.0,3458.09,1.01,14.99,1.058,R061
C02387,R0034,TRK014,road,454.8,2637.84,852.58,1339.48,290.92,691.81,444.42,0.0,6257.06,1.61,13.76,1.249,R034
C02388,R0075,TRK042,road,195.4,1133.32,472.73,1161.77,140.32,360.5,697.56,0.0,3966.21,2.82,20.3,0.957,R075
C02389,R0073,TRK044,rail,275.8,992.88,253.48,469.51,42.55,267.34,687.86,1108.44,3822.05,1.03,13.86,1.222,R073
C02390,R0006,TRK017,rail,378.1,1361.16,309.81,450.51,65.61,238.68,561.46,1406.46,4393.69,4.85,11.62,0.909,R006
C02391,R0028,TRK012,rail,51.5,185.4,39.79,502.12,8.43,585.53,658.61,0.0,1979.87,1.76,38.44,0.967,R028
C02392,R0031,TRK034,road,442.1,2564.18,1050.2,1052.04,323.44,616.48,553.98,1299.39,7459.7,2.99,16.87,1.108,R031
C02393,R0029,TRK020,road,248.6,1441.88,574.16,1309.36,174.96,274.62,417.09,0.0,4192.06,1.96,16.86,0.982,R029
C02394,R0026,TRK030,road,513.8,2980.04,1012.82,1038.75,447.04,753.25,260.78,1048.85,7541.52,3.38,14.68,1.027,R026
C02395,R0018,TRK015,road,404.1,2343.78,937.86,985.88,344.28,307.95,178.22,0.0,5097.97,1.51,12.62,1.175,R018
C02396,R0077,TRK024,road,436.9,2534.02,1017.15,1129.69,390.4,891.15,108.36,0.0,6070.76,11.14,13.9,0.921,R077
C02397,R0057,TRK020,road,495.0,2871.0,1191.61,1100.59,337.88,687.69,497.93,0.0,6686.71,2.17,13.51,1.18,R057
C02398,R0006,TRK001,road,44.6,258.68,92.11,1418.63,29.94,825.87,332.08,0.0,2957.31,4.39,66.31,0.954,R006
C02399,R0082,TRK027,road,501.1,2906.38,941.72,1398.05,402.56,663.93,568.12,0.0,6880.75,1.59,13.73,1.066,R082
C02400,R0038,TRK035,rail,144.9,521.64,105.83,525.93,22.32,657.33,548.38,0.0,2381.44,0.58,16.44,0.955,R038
C02401,R0065,TRK017,road,267.6,1552.08,671.55,990.06,197.09,241.94,648.01,539.87,4840.6,0.97,18.09,0.986,R065
C02402,R0073,TRK027,road,534.3,3098.94,1048.72,1129.57,427.28,401.34,648.22,1596.8,8350.86,1.96,15.63,1.07,R073
C02403,R0034,TRK030,road,216.4,1255.12,467.83,1238.25,193.73,378.97,675.17,0.0,4209.06,1.05,19.45,1.132,R034
C02404,R0069,TRK039,rail,315.9,1137.24,249.54,466.5,39.14,584.03,160.53,536.04,3173.02,1.35,10.04,1.121,R069
C02405,R0083,TRK023,road,217.7,1262.66,458.33,1045.18,164.26,678.76,651.65,217.38,4478.21,1.81,20.57,1.176,R083
C02406,R0098,TRK021,road,55.0,319.0,109.7,1364.35,39.6,250.47,680.41,0.0,2763.53,3.61,50.25,1.173,R098
C02407,R0064,TRK034,rail,123.4,444.24,97.39,421.33,18.18,695.47,258.7,817.86,2753.16,5.26,22.31,0.967,R064
C02408,R0008,TRK046,rail,86.3,310.68,60.47,389.99,12.86,529.07,157.99,837.27,2298.33,1.29,26.63,1.1,R008
C02409,R0025,TRK014,rail,191.6,689.76,160.67,427.73,33.25,640.17,141.59,1757.39,3850.57,0.92,20.1,0.951,R025
C02410,R0049,TRK010,road,239.0,1386.2,593.95,1404.84,156.83,672.28,275.76,771.12,5260.98,1.58,22.01,1.233,R049
C02411,R0050,TRK030,road,517.5,3001.5,1016.54,1003.95,461.78,613.9,542.51,179.59,6819.78,2.98,13.18,0.943,R050
C02412,R0096,TRK014,road,61.2,354.96,138.75,1116.06,51.53,159.3,346.74,0.0,2167.34,0.58,35.41,0.917,R096
C02413,R0031,TRK022,local,431.1,3535.02,1292.69,872.88,88.68,267.05,198.22,901.84,7156.38,6.85,16.6,1.152,R031
C02414,R0093,TRK040,local,403.3,3307.06,1168.52,727.0,98.6,608.74,53.75,841.6,6805.28,2.73,16.87,1.008,R093
C02415,R0071,TRK021,local,439.9,3607.18,1050.97,950.49,117.4,777.38,82.24,1036.96,7622.62,2.23,17.33,1.116,R071
C02416,R0097,TRK011,local,346.0,2837.2,934.12,1074.13,96.75,625.68,89.03,591.62,6248.53,4.74,18.06,0.996,R097
C02417,R0083,TRK017,road,245.1,1421.58,528.08,1192.87,186.33,775.07,97.27,0.0,4201.19,2.54,17.14,1.057,R083
C02418,R0018,TRK010,road,457.5,2653.5,1034.77,1089.58,323.32,681.22,484.14,0.0,6266.54,1.32,13.7,1.072,R018
C02419,R0007,TRK047,rail,351.6,1265.76,268.58,380.9,44.52,317.04,629.42,102.62,3008.83,1.17,8.56,0.917,R007
C02420,R0086,TRK021,road,200.4,1162.32,480.2,1128.27,175.98,249.21,490.47,1160.46,4846.91,11.52,24.19,1.244,R086
C02421,R0035,TRK043,rail,366.3,1318.68,253.78,524.27,51.9,481.27,261.71,0.0,2891.61,1.03,7.89,0.927,R035
C02422,R0023,TRK010,road,301.4,1748.12,598.02,1054.1,194.1,563.93,52.54,0.0,4210.8,1.2,13.97,1.089,R023
C02423,R0059,TRK015,road,59.5,345.1,144.52,1035.87,38.46,273.28,376.83,1773.21,3987.27,0.84,67.01,0.9,R059
C02424,R0073,TRK031,road,544.1,3155.78,1216.24,1050.53,421.72,653.87,668.46,0.0,7166.59,1.68,13.17,1.206,R073
C02425,R0065,TRK004,road,398.1,2308.98,904.99,1247.75,333.68,838.95,633.41,1390.08,7657.85,1.83,19.24,1.238,R065
C02426,R0045,TRK007,road,317.1,1839.18,738.09,962.96,274.0,253.59,430.41,646.26,5144.49,1.53,16.22,1.071,R045
C02427,R0063,TRK044,local,146.2,1198.84,373.04,790.31,33.79,623.83,265.39,0.0,3285.2,3.47,22.47,1.178,R063
C02428,R0025,TRK004,road,448.0,2598.4,1086.76,1231.59,291.1,302.41,342.1,244.53,6096.89,3.86,13.61,0.948,R025
C02429,R0030,TRK008,road,129.2,749.36,247.89,1289.42,94.87,372.81,83.86,0.0,2838.19,1.04,21.97,1.051,R030
C02430,R0059,TRK023,local,280.4,2299.28,798.37,997.41,82.63,403.19,129.25,1088.52,5798.65,5.24,20.68,0.948,R059
C02431,R0048,TRK005,road,251.6,1459.28,572.51,1284.54,176.02,707.14,396.86,0.0,4596.34,0.94,18.27,0.912,R048
C02432,R0060,TRK017,road,161.1,934.38,356.81,1097.79,128.6,478.67,25.76,1546.15,4568.17,1.29,28.36,0.951,R060
C02433,R0043,TRK040,road,145.2,842.16,367.16,1297.92,89.05,213.96,56.59,626.01,3492.85,0.73,24.06,1.094,R043
C02434,R0046,TRK004,road,520.4,3018.32,1148.3,1343.65,421.18,550.07,289.62,129.5,6900.64,1.72,13.26,0.962,R046
C02435,R0094,TRK019,road,275.3,1596.74,656.52,1096.41,210.67,407.91,403.39,0.0,4371.65,4.21,15.88,0.959,R094
C02436,R0004,TRK034,road,507.5,2943.5,1209.48,1022.32,435.51,151.17,376.81,0.0,6138.79,1.4,12.1,1.232,R004
C02437,R0029,TRK047,road,424.6,2462.68,938.98,1078.03,375.39,275.05,170.4,0.0,5300.52,1.59,12.48,1.072,R029
C02438,R0049,TRK014,local,175.7,1440.74,519.01,1073.6,45.61,338.68,32.25,227.76,3677.66,1.7,20.93,1.064,R049
C02439,R0044,TRK027,road,207.3,1202.34,510.98,1343.96,152.96,697.25,572.02,1093.25,5572.75,2.36,26.88,1.249,R044
C02440,R0031,TRK002,local,548.9,4500.98,1437.17,1057.94,150.57,155.85,61.96,0.0,7364.47,4.26,13.42,0.939,R031
C02441,R0068,TRK048,road,190.4,1104.32,383.47,1436.19,123.47,596.83,452.28,0.0,4096.56,0.99,21.52,1.248,R068
C02442,R0053,TRK015,road,76.0,440.8,154.13,1038.0,53.44,597.53,490.1,0.0,2774.0,2.19,36.5,1.207,R053
C02443,R0030,TRK028,road,59.8,346.84,143.34,1281.98,52.17,861.77,612.21,0.0,3298.3,0.81,55.16,1.235,R030
C02444,R0068,TRK041,road,323.0,1873.4,686.73,1245.3,286.11,752.02,485.25,0.0,5328.81,1.25,16.5,0.926,R068
C02445,R0018,TRK013,road,157.3,912.34,306.56,1333.61,130.41,314.23,342.17,0.0,3339.33,0.71,21.23,1.053,R018
C02446,R0024,TRK021,road,89.8,520.84,194.37,1346.89,74.65,179.98,391.31,491.35,3199.39,0.98,35.63,0.911,R024
C02447,R0058,TRK044,rail,91.9,330.84,72.62,460.28,12.19,415.42,14.55,0.0,1305.9,1.48,14.21,1.201,R058
C02448,R0004,TRK034,road,189.1,1096.78,436.67,1377.95,164.98,628.74,479.34,693.18,4877.64,10.98,25.79,1.061,R004
C02449,R0079,TRK027,road,179.7,1042.26,348.05,1000.46,142.89,167.72,330.58,0.0,3031.96,0.76,16.87,1.085,R079
C02450,R0001,TRK016,rail,113.0,406.8,80.32,454.86,15.19,254.09,261.84,30.55,1503.65,1.11,13.31,1.233,R001
C02451,R0071,TRK004,rail,49.3,177.48,39.02,403.31,8.56,517.89,94.32,556.49,1797.07,0.56,36.45,1.165,R071
C02452,R0012,TRK009,road,498.3,2890.14,1075.31,1220.98,376.56,689.52,289.33,0.0,6541.84,2.38,13.13,1.184,R012
C02453,R0025,TRK005,road,485.7,2817.06,941.89,1272.77,319.64,568.29,500.66,1724.28,8144.59,5.34,16.77,1.064,R025
C02454,R0088,TRK049,road,473.9,2748.62,902.83,1266.19,390.48,690.37,214.56,0.0,6213.04,1.78,13.11,1.042,R088
C02455,R0087,TRK024,rail,447.4,1610.64,311.43,428.79,55.51,406.62,681.65,0.0,3494.65,1.26,7.81,1.058,R087
C02456,R0036,TRK025,road,260.4,1510.32,592.74,1399.24,197.17,393.39,19.29,0.0,4112.15,1.12,15.79,1.112,R036
C02457,R0097,TRK018,road,380.6,2207.48,834.88,1418.78,302.51,191.4,215.01,857.7,6027.76,3.46,15.84,1.172,R097
C02458,R0009,TRK021,local,381.3,3126.66,1202.41,1017.06,96.18,892.57,169.24,0.0,6504.12,2.65,17.06,1.244,R009
C02459,R0080,TRK037,road,423.0,2453.4,1051.61,1333.03,327.05,270.34,216.69,544.39,6196.53,6.3,14.65,0.981,R080
C02460,R0080,TRK023,road,249.5,1447.1,619.7,1329.05,173.67,662.48,431.1,1398.61,6061.72,1.73,24.3,1.04,R080
C02461,R0059,TRK009,road,512.0,2969.6,1180.8,1100.15,322.9,662.23,347.55,1591.01,8174.24,1.75,15.97,1.225,R059
C02462,R0041,TRK016,rail,85.9,309.24,67.23,381.79,11.44,366.82,66.94,213.2,1416.65,1.7,16.49,0.921,R041
C02463,R0083,TRK019,road,181.2,1050.96,457.67,1142.75,132.93,194.38,690.91,1055.56,4725.15,4.17,26.08,1.191,R083
C02464,R0039,TRK023,road,499.1,2894.78,1056.96,1262.57,440.07,182.25,366.63,0.0,6203.26,1.39,12.43,1.237,R039
C02465,R0005,TRK049,local,155.2,1272.64,465.22,900.06,39.3,839.32,271.18,0.0,3787.72,2.94,24.41,1.028,R005
C02466,R0053,TRK035,rail,59.1,212.76,48.95,385.67,8.57,249.17,88.29,0.0,993.41,1.21,16.81,0.967,R053
C02467,R0093,TRK014,rail,388.3,1397.88,281.21,472.05,63.93,355.99,332.97,0.0,2904.03,2.87,7.48,1.235,R093
C02468,R0071,TRK012,road,539.2,3127.36,1161.18,1229.76,357.13,777.08,538.3,1149.46,8340.27,2.98,15.47,0.918,R071
C02469,R0042,TRK012,road,526.1,3051.38,1057.86,1415.52,416.08,577.9,183.45,0.0,6702.18,5.36,12.74,0.929,R042
C02470,R0077,TRK014,rail,518.5,1866.6,437.19,507.52,69.55,797.56,647.26,0.0,4325.68,1.37,8.34,0.973,R077
C02471,R0003,TRK028,road,50.9,295.22,119.46,1146.74,36.83,757.48,623.94,0.0,2979.67,4.03,58.54,1.104,R003
C02472,R0049,TRK029,rail,105.9,381.24,93.45,466.88,18.83,402.98,23.5,0.0,1386.88,0.37,13.1,1.135,R049
C02473,R0025,TRK026,road,131.5,762.7,276.22,1018.54,98.04,685.09,225.83,765.01,3831.44,1.0,29.14,1.123,R025
C02474,R0065,TRK046,local,163.8,1343.16,464.63,918.68,42.15,797.31,43.67,1618.1,5227.7,3.44,31.92,0.906,R065
C02475,R0044,TRK014,road,281.5,1632.7,676.12,1227.77,177.47,585.81,563.32,1137.33,6000.51,1.84,21.32,1.016,R044
C02476,R0087,TRK047,road,284.5,1650.1,637.33,1271.96,226.36,739.31,409.44,0.0,4934.5,1.1,17.34,1.146,R087
C02477,R0030,TRK011,road,351.3,2037.54,731.9,1130.97,299.47,426.76,390.86,130.67,5148.17,1.36,14.65,0.955,R030
C02478,R0100,TRK036,road,290.3,1683.74,611.03,1228.63,242.89,732.12,565.64,0.0,5064.04,1.73,17.44,1.248,R100
C02479,R0021,TRK020,local,283.0,2320.6,901.84,806.3,57.15,758.8,154.13,0.0,4998.82,1.35,17.66,1.183,R021
C02480,R0077,TRK009,road,475.1,2755.58,1156.81,1056.21,298.08,391.88,275.83,0.0,5934.38,1.21,12.49,1.101,R077
C02481,R0057,TRK035,road,170.0,986.0,394.53,1282.36,107.16,745.56,491.5,0.0,4007.11,2.71,23.57,1.142,R057
C02482,R0010,TRK050,road,260.2,1509.16,564.5,1380.53,201.48,398.11,634.87,509.12,5197.76,2.33,19.98,1.079,R010
C02483,R0055,TRK012,road,235.4,1365.32,563.41,1371.99,203.63,251.67,146.34,1278.5,5180.86,3.89,22.01,0.979,R055
C02484,R0006,TRK039,rail,361.4,1301.04,318.36,446.43,53.7,266.47,698.92,0.0,3084.92,0.68,8.54,1.228,R006
C02485,R0039,TRK018,rail,339.0,1220.4,301.72,430.1,51.83,882.52,256.29,127.25,3270.11,0.88,9.65,0.952,R039
C02486,R0055,TRK046,road,524.3,3040.94,1079.93,1164.57,364.16,619.97,342.78,0.0,6612.33,1.52,12.61,0.912,R055
C02487,R0084,TRK008,road,274.9,1594.42,694.9,1194.92,213.53,796.97,394.01,1647.32,6536.08,3.74,23.78,1.092,R084
C02488,R0065,TRK041,rail,438.7,1579.32,312.29,395.1,72.28,395.22,467.56,829.9,4051.68,0.99,9.24,1.112,R065
C02489,R0034,TRK038,road,290.5,1684.9,731.27,1223.6,217.25,562.82,595.76,1777.62,6793.22,2.04,23.38,0.99,R034
C02490,R0047,TRK016,road,269.2,1561.36,543.86,1344.13,216.26,552.63,568.25,78.99,4865.5,2.12,18.07,1.137,R047
C02491,R0078,TRK016,road,34.0,197.2,69.23,1363.88,23.99,301.95,211.53,0.0,2167.77,0.45,63.76,0.999,R078
C02492,R0085,TRK042,road,124.5,722.1,309.5,1153.36,80.67,844.48,452.1,0.0,3562.21,3.23,28.61,0.997,R085
C02493,R0098,TRK042,rail,102.7,369.72,75.69,538.83,13.78,691.64,369.59,828.79,2888.05,0.62,28.12,1.162,R098
C02494,R0093,TRK014,road,75.8,439.64,175.9,1394.84,64.06,470.35,343.35,303.49,3191.63,0.67,42.11,1.228,R093
C02495,R0080,TRK041,rail,90.4,325.44,68.38,531.55,11.03,384.75,633.38,121.65,2076.18,0.52,22.97,1.063,R080
C02496,R0001,TRK050,road,215.4,1249.32,491.67,1103.74,149.24,337.75,222.27,0.0,3553.99,1.13,16.5,0.936,R001
C02497,R0086,TRK037,rail,135.7,488.52,111.1,515.08,22.82,587.1,154.22,0.0,1878.84,0.38,13.85,1.218,R086
C02498,R0049,TRK010,local,483.7,3966.34,1364.33,939.56,107.45,561.53,189.82,1143.67,8272.69,2.23,17.1,0.967,R049
C02499,R0086,TRK039,road,298.3,1730.14,617.6,1391.62,201.94,428.8,697.08,0.0,5067.17,1.99,16.99,1.076,R086
C02500,R0013,TRK025,road,365.3,2118.74,817.26,1025.73,302.84,504.39,602.79,0.0,5371.76,15.37,14.71,1.036,R013
C02501,R0062,TRK019,road,250.3,1451.74,598.7,1050.4,163.93,370.27,294.36,0.0,3929.41,3.5,15.7,1.077,R062
C02502,R0009,TRK026,road,522.1,3028.18,977.64,979.26,460.97,721.42,123.6,0.0,6291.06,1.46,12.05,1.119,R009
C02503,R0002,TRK016,local,401.6,3293.12,973.02,1074.48,81.87,363.61,290.48,0.0,6076.58,2.78,15.13,1.1,R002
C02504,R0092,TRK034,road,230.2,1335.16,576.85,1196.8,193.0,576.79,355.87,0.0,4234.46,3.65,18.39,0.939,R092
C02505,R0056,TRK013,road,219.9,1275.42,439.78,1302.51,140.17,675.59,641.33,0.0,4474.8,1.21,20.35,0.973,R056
C02506,R0093,TRK007,local,108.4,888.88,281.05,746.66,26.4,626.3,227.84,0.0,2797.14,0.57,25.8,1.106,R093
C02507,R0055,TRK013,road,389.5,2259.1,808.27,1159.18,284.68,215.14,58.04,1177.48,5961.89,1.74,15.31,1.137,R055
C02508,R0010,TRK040,road,420.8,2440.64,1049.65,1361.96,370.19,213.17,450.6,0.0,5886.21,5.72,13.99,1.193,R010
C02509,R0029,TRK011,road,308.0,1786.4,698.42,1233.53,237.74,382.26,408.23,1450.79,6197.38,19.67,20.12,1.013,R029
C02510,R0022,TRK025,road,186.5,1081.7,401.86,1006.21,150.0,727.57,419.69,0.0,3787.03,1.74,20.31,0.902,R022
C02511,R0066,TRK008,road,238.3,1382.14,511.29,969.59,167.65,201.3,166.67,393.79,3792.43,0.82,15.91,1.095,R066
C02512,R0045,TRK022,road,319.9,1855.42,632.85,1430.98,268.24,330.52,550.07,0.0,5068.09,1.86,15.84,1.101,R045
C02513,R0077,TRK021,road,523.6,3036.88,1114.32,1139.87,450.04,366.73,302.61,0.0,6410.46,3.68,12.24,1.151,R077
C02514,R0063,TRK034,road,112.2,650.76,272.27,1320.71,71.38,893.24,610.88,0.0,3819.24,2.8,34.04,0.945,R063
C02515,R0068,TRK003,road,314.7,1825.26,622.04,1231.04,255.76,513.3,34.93,0.0,4482.34,6.37,14.24,1.249,R068
C02516,R0083,TRK019,rail,30.4,109.44,24.94,365.66,4.78,734.82,620.64,0.0,1860.27,0.48,61.19,0.906,R083
C02517,R0079,TRK041,rail,527.4,1898.64,416.82,513.07,72.23,898.66,86.62,0.0,3886.04,0.85,7.37,0.918,R079
C02518,R0046,TRK043,local,431.2,3535.84,1119.57,1021.52,111.22,846.58,145.36,158.77,6938.86,16.84,16.09,1.008,R046
C02519,R0063,TRK016,road,444.9,2580.42,950.1,1291.35,369.48,401.48,239.0,0.0,5831.84,2.32,13.11,1.236,R063
C02520,R0055,TRK018,local,472.5,3874.5,1224.56,809.7,123.53,395.4,162.17,0.0,6589.87,14.96,13.95,1.147,R055
C02521,R0079,TRK030,road,93.0,539.4,183.3,1296.71,78.75,841.65,88.43,1540.32,4568.55,1.52,49.12,0.957,R079
C02522,R0038,TRK044,road,255.4,1481.32,617.33,1250.75,227.2,711.77,133.95,15.43,4437.75,0.95,17.38,1.03,R038
C02523,R0027,TRK025,road,398.1,2308.98,817.65,1228.31,241.96,795.61,636.64,0.0,6029.14,2.06,15.14,1.198,R027
C02524,R0083,TRK014,road,201.1,1166.38,485.45,1103.25,142.07,303.56,487.28,0.0,3687.99,2.05,18.34,1.236,R083
C02525,R0073,TRK034,local,278.9,2286.98,832.11,822.19,76.62,180.28,39.51,0.0,4237.69,1.41,15.19,0.961,R073
C02526,R0059,TRK020,road,205.1,1189.58,408.36,1216.36,151.14,236.93,562.2,0.0,3764.57,0.78,18.35,0.935,R059
C02527,R0083,TRK032,rail,305.2,1098.72,260.96,373.16,42.77,481.96,550.05,0.0,2807.63,0.61,9.2,1.158,R083
C02528,R0072,TRK031,rail,499.3,1797.48,399.24,404.71,84.33,204.43,274.64,1450.64,4615.46,13.02,9.24,0.985,R072
C02529,R0048,TRK013,local,339.2,2781.44,1067.9,824.26,80.3,494.16,138.17,149.6,5535.83,2.02,16.32,1.209,R048
C02530,R0064,TRK028,road,223.5,1296.3,551.02,1402.61,189.4,677.15,669.32,697.2,5483.01,8.48,24.53,1.014,R064
C02531,R0085,TRK007,rail,381.0,1371.6,339.0,507.37,53.31,353.06,46.84,175.97,2847.16,1.0,7.47,1.209,R085
C02532,R0066,TRK017,road,519.6,3013.68,1123.92,1433.4,361.34,575.51,203.29,0.0,6711.14,2.51,12.92,1.068,R066
C02533,R0057,TRK015,road,380.2,2205.16,816.08,1001.92,280.68,209.8,507.0,1544.75,6565.38,6.42,17.27,1.194,R057
C02534,R0073,TRK046,local,211.5,1734.3,641.61,834.83,46.08,819.82,90.89,0.0,4167.53,10.57,19.7,1.112,R073
C02535,R0041,TRK044,rail,54.1,194.76,43.03,422.54,9.63,680.93,660.82,734.39,2746.11,0.7,50.76,1.214,R041
C02536,R0021,TRK022,local,541.2,4437.84,1591.04,912.96,135.22,700.91,108.44,0.0,7886.41,2.34,14.57,1.155,R021
C02537,R0070,TRK040,road,451.7,2619.86,1079.1,1405.59,281.88,467.54,412.98,396.26,6663.2,1.45,14.75,1.061,R070
C02538,R0070,TRK046,road,470.8,2730.64,892.3,984.65,300.43,403.15,584.81,0.0,5895.97,2.33,12.52,1.095,R070
C02539,R0079,TRK034,road,406.3,2356.54,861.48,1047.07,354.08,741.58,407.14,0.0,5767.89,2.92,14.2,0.93,R079
C02540,R0055,TRK007,road,192.2,1114.76,389.02,1432.55,153.81,479.17,47.78,0.0,3617.08,0.8,18.82,1.11,R055
C02541,R0048,TRK030,rail,444.7,1600.92,402.82,515.01,64.11,229.48,532.67,0.0,3345.01,0.91,7.52,1.085,R048
C02542,R0084,TRK038,road,518.4,3006.72,1123.95,1095.6,411.82,580.54,504.09,0.0,6722.72,7.89,12.97,1.149,R084
C02543,R0084,TRK048,rail,116.6,419.76,80.97,360.34,16.78,836.25,374.58,583.64,2672.34,1.06,22.92,0.9,R084
C02544,R0030,TRK041,rail,136.4,491.04,109.73,479.24,18.21,562.07,199.54,0.0,1859.83,0.45,13.64,0.919,R030
C02545,R0083,TRK027,road,105.5,611.9,201.74,1233.46,81.87,203.72,460.74,0.0,2793.44,2.45,26.48,1.219,R083
C02546,R0014,TRK027,local,82.3,674.86,253.86,834.99,18.7,711.03,113.92,0.0,2607.35,1.3,31.68,1.132,R014
C02547,R0096,TRK048,rail,121.6,437.76,107.54,387.47,18.43,842.35,526.48,0.0,2320.02,4.01,19.08,1.049,R096
C02548,R0038,TRK011,local,173.3,1421.06,554.03,828.83,51.68,371.52,291.85,363.45,3882.42,1.07,22.4,0.974,R038
C02549,R0075,TRK037,rail,465.7,1676.52,413.87,453.73,81.03,208.88,475.61,0.0,3309.65,1.07,7.11,1.088,R075
C02550,R0033,TRK037,rail,172.2,619.92,120.66,506.51,25.71,486.65,432.46,0.0,2191.91,0.64,12.73,1.072,R033
C02551,R0075,TRK026,road,118.0,684.4,293.65,1350.98,74.59,679.93,203.04,554.37,3840.97,3.54,32.55,1.161,R075
C02552,R0028,TRK045,road,348.5,2021.3,664.0,1219.8,259.05,271.24,505.32,0.0,4940.7,1.56,14.18,1.212,R028
C02553,R0041,TRK043,local,543.5,4456.7,1316.46,989.04,116.51,351.25,151.03,0.0,7380.98,1.52,13.58,0.908,R041
C02554,R0089,TRK007,road,249.9,1449.42,523.07,1382.82,224.15,627.47,465.39,0.0,4672.32,1.53,18.7,1.239,R089
C02555,R0012,TRK027,rail,45.4,163.44,33.43,413.22,5.52,807.79,674.96,0.0,2098.36,0.54,46.22,1.188,R012
C02556,R0082,TRK030,road,393.3,2281.14,983.01,1079.63,310.64,764.31,430.66,0.0,5849.4,2.91,14.87,1.237,R082
C02557,R0051,TRK018,road,50.3,291.74,108.39,1182.15,41.92,247.9,528.85,0.0,2400.95,0.77,47.73,1.073,R051
C02558,R0091,TRK015,road,140.0,812.0,305.82,1119.52,123.06,586.27,179.95,456.14,3582.77,1.16,25.59,1.078,R091
C02559,R0071,TRK050,road,363.8,2110.04,869.63,1150.37,248.93,397.15,532.6,0.0,5308.72,1.46,14.59,1.169,R071
C02560,R0013,TRK031,road,185.9,1078.22,356.12,1314.75,127.33,209.46,485.48,0.0,3571.36,1.09,19.21,0.906,R013
C02561,R0066,TRK003,road,265.3,1538.74,591.08,1139.7,168.75,527.16,387.92,0.0,4353.36,5.08,16.41,1.098,R066
C02562,R0055,TRK029,rail,392.1,1411.56,318.9,393.69,55.78,204.59,618.4,0.0,3002.92,5.73,7.66,1.126,R055
C02563,R0046,TRK015,rail,430.9,1551.24,370.38,384.94,76.29,877.55,92.43,601.18,3954.0,4.84,9.18,0.932,R046
C02564,R0033,TRK012,road,411.3,2385.54,1024.44,1285.73,262.14,642.34,523.19,0.0,6123.38,1.86,14.89,1.139,R033
C02565,R0075,TRK004,road,107.3,622.34,223.78,1287.17,88.64,438.41,242.23,0.0,2902.56,6.66,27.05,1.184,R075
C02566,R0095,TRK050,road,421.7,2445.86,989.76,1415.67,275.57,303.09,610.97,0.0,6040.93,3.76,14.33,0.961,R095
C02567,R0065,TRK046,road,359.4,2084.52,892.52,1155.28,312.87,201.91,281.07,228.77,5156.94,1.4,14.35,0.908,R065
C02568,R0034,TRK006,road,175.0,1015.0,397.89,978.23,137.94,288.15,150.02,362.51,3329.73,0.83,19.03,1.034,R034
C02569,R0095,TRK004,road,88.8,515.04,196.39,1349.55,79.2,254.98,50.38,0.0,2445.54,0.9,27.54,1.24,R095
C02570,R0065,TRK031,rail,170.7,614.52,135.8,461.65,27.62,769.53,675.7,0.0,2684.82,0.71,15.73,1.021,R065
C02571,R0073,TRK012,road,217.3,1260.34,487.79,1070.62,180.26,530.49,249.75,0.0,3779.24,1.53,17.39,1.187,R073
C02572,R0068,TRK043,road,408.5,2369.3,988.85,1015.55,283.17,640.32,227.1,1139.62,6663.92,1.49,16.31,0.904,R068
C02573,R0015,TRK028,rail,111.7,402.12,95.29,509.93,17.75,724.41,175.34,273.34,2198.2,0.44,19.68,1.158,R015
C02574,R0036,TRK009,road,485.7,2817.06,1172.4,982.6,327.75,359.48,495.55,0.0,6154.85,5.93,12.67,1.054,R036
C02575,R0032,TRK043,local,546.7,4482.94,1645.48,853.61,154.79,756.58,281.64,0.0,8175.05,7.49,14.95,1.185,R032
C02576,R0076,TRK037,road,138.0,800.4,276.68,1097.54,121.02,227.38,421.62,0.0,2944.63,1.91,21.34,1.178,R076
C02577,R0004,TRK028,road,130.3,755.74,273.47,1219.39,83.96,587.11,173.49,0.0,3093.15,3.48,23.74,1.217,R004
C02578,R0053,TRK028,rail,350.7,1262.52,321.9,432.64,54.57,398.9,590.2,0.0,3060.74,0.94,8.73,1.078,R053
C02579,R0080,TRK041,local,105.7,866.74,284.86,857.58,24.8,803.87,62.74,0.0,2900.6,2.17,27.44,1.161,R080
C02580,R0081,TRK043,road,533.4,3093.72,1114.26,972.43,374.67,837.89,36.28,0.0,6429.25,2.62,12.05,0.989,R081
C02581,R0048,TRK042,local,310.6,2546.92,946.74,733.32,80.39,766.85,64.82,0.0,5139.03,3.37,16.55,1.223,R048
C02582,R0054,TRK004,road,290.1,1682.58,606.29,1166.21,194.25,205.98,56.62,557.63,4469.56,1.17,15.41,1.147,R054
C02583,R0026,TRK008,road,289.4,1678.52,588.56,1194.95,201.75,777.03,457.66,0.0,4898.47,2.93,16.93,1.238,R026
C02584,R0098,TRK018,local,200.8,1646.56,540.57,883.28,49.46,701.31,242.77,0.0,4063.95,0.93,20.24,0.982,R098
C02585,R0074,TRK017,local,349.7,2867.54,848.2,1010.96,97.2,205.93,66.65,1153.64,6250.12,2.5,17.87,0.906,R074
C02586,R0006,TRK028,road,442.7,2567.66,969.1,1406.88,308.24,704.05,574.25,365.01,6895.19,1.85,15.58,0.939,R006
C02587,R0026,TRK012,road,93.0,539.4,200.83,1366.3,66.77,201.28,99.67,1089.27,3563.51,2.8,38.32,1.239,R026
C02588,R0038,TRK004,road,362.9,2104.82,805.08,1105.95,287.37,742.01,623.92,0.0,5669.15,1.6,15.62,1.161,R038
C02589,R0085,TRK022,road,264.8,1535.84,657.95,984.23,225.12,565.21,411.11,425.82,4805.28,2.81,18.15,1.17,R085
C02590,R0060,TRK039,rail,246.1,885.96,168.59,509.35,37.28,368.25,16.41,0.0,1985.84,2.39,8.07,1.047,R060
C02591,R0084,TRK035,road,55.0,319.0,108.54,980.96,48.18,391.48,571.81,35.37,2455.33,4.41,44.64,0.984,R084
C02592,R0066,TRK041,road,346.3,2008.54,858.75,1319.33,229.18,645.59,503.64,0.0,5565.03,5.83,16.07,1.027,R066
C02593,R0017,TRK001,road,544.2,3156.36,1284.54,1345.67,399.28,313.93,161.06,0.0,6660.84,2.09,12.24,1.089,R017
C02594,R0047,TRK003,road,355.1,2059.58,805.61,1317.88,277.29,221.22,478.66,0.0,5160.25,1.34,14.53,1.175,R047
C02595,R0004,TRK014,local,377.8,3097.96,1158.15,997.21,98.98,879.23,25.2,0.0,6256.72,1.43,16.56,1.105,R004
C02596,R0099,TRK006,road,356.9,2070.02,838.68,1417.26,243.14,392.52,517.12,752.47,6231.21,9.89,17.46,1.172,R099
C02597,R0002,TRK042,road,368.9,2139.62,807.11,984.26,243.19,277.89,581.1,456.17,5489.34,1.61,14.88,1.049,R002
C02598,R0010,TRK001,road,387.2,2245.76,751.54,1244.63,292.29,190.26,361.69,1475.42,6561.58,2.79,16.95,1.227,R010
C02599,R0094,TRK042,rail,324.5,1168.2,225.98,459.67,44.89,424.69,686.16,0.0,3009.58,0.92,9.27,1.173,R094
C02600,R0076,TRK009,road,56.6,328.28,118.44,1164.27,38.28,830.34,73.99,0.0,2553.6,1.64,45.12,1.159,R076
C02601,R0046,TRK013,road,410.0,2378.0,1015.07,1407.12,358.2,371.17,317.88,0.0,5847.44,1.43,14.26,0.974,R046
C02602,R0086,TRK011,local,67.6,554.32,170.16,802.54,20.16,156.03,221.29,1644.97,3569.46,10.95,52.8,0.928,R086
C02603,R0029,TRK050,road,504.1,2923.78,1163.73,1212.61,336.56,311.17,564.23,1577.18,8089.26,3.25,16.05,0.91,R029
C02604,R0093,TRK024,rail,85.4,307.44,71.45,486.36,13.28,700.77,456.44,0.0,2035.74,0.57,23.84,1.184,R093
C02605,R0058,TRK046,road,521.8,3026.44,1208.75,1202.2,428.29,243.06,79.69,0.0,6188.43,2.44,11.86,1.157,R058
C02606,R0047,TRK030,road,82.6,479.08,182.76,1379.39,69.73,308.45,120.7,975.71,3515.83,2.76,42.56,1.204,R047
C02607,R0092,TRK002,local,361.7,2965.94,1117.22,999.38,81.37,159.65,0.47,0.0,5324.03,1.26,14.72,1.128,R092
C02608,R0036,TRK044,road,521.5,3024.7,1252.78,1407.72,451.33,586.72,258.81,1332.73,8314.77,2.74,15.94,1.107,R036
C02609,R0018,TRK027,road,350.7,2034.06,696.4,1053.14,230.76,299.45,648.47,0.0,4962.29,1.76,14.15,1.216,R018
C02610,R0023,TRK013,road,42.0,243.6,84.31,1180.01,28.87,242.5,116.5,0.0,1895.78,0.4,45.14,0.968,R023
C02611,R0018,TRK004,local,164.2,1346.44,435.25,973.75,34.18,205.51,48.1,0.0,3043.24,1.04,18.53,1.112,R018
C02612,R0022,TRK014,road,170.7,990.06,404.95,1153.52,108.18,792.77,648.64,21.67,4119.79,7.74,24.13,0.944,R022
C02613,R0057,TRK042,road,427.6,2480.08,986.51,1011.04,261.39,677.89,71.14,0.0,5488.05,6.03,12.83,1.078,R057
C02614,R0085,TRK040,road,178.5,1035.3,377.42,1316.45,115.16,841.88,284.18,0.0,3970.39,2.4,22.24,1.16,R085
C02615,R0034,TRK045,road,251.3,1457.54,566.81,972.28,220.15,508.73,549.39,718.64,4993.53,1.17,19.87,1.024,R034
C02616,R0095,TRK006,rail,361.0,1299.6,305.54,527.14,43.37,753.46,396.15,0.0,3325.26,0.93,9.21,1.16,R095
C02617,R0002,TRK005,road,276.3,1602.54,566.46,1122.85,235.44,287.28,649.99,0.0,4464.57,1.06,16.16,1.171,R002
C02618,R0016,TRK001,road,286.7,1662.86,725.19,1271.48,199.32,698.05,76.01,464.72,5097.64,3.84,17.78,1.183,R016
C02619,R0026,TRK035,local,121.6,997.12,371.71,1010.95,27.72,199.83,291.58,0.0,2898.91,1.28,23.84,1.106,R026
C02620,R0015,TRK014,road,520.7,3020.06,1308.79,1269.7,427.41,236.37,365.75,0.0,6628.08,1.61,12.73,1.184,R015
C02621,R0068,TRK037,road,467.3,2710.34,1003.12,1086.9,307.59,434.08,598.9,826.5,6967.44,6.99,14.91,0.925,R068
C02622,R0092,TRK015,local,132.3,1084.86,324.9,817.85,28.44,322.49,128.35,0.0,2706.89,2.92,20.46,1.082,R092
C02623,R0011,TRK006,local,385.1,3157.82,1051.66,999.52,80.9,542.03,171.53,0.0,6003.47,1.68,15.59,0.909,R011
C02624,R0033,TRK023,road,152.0,881.6,379.05,1011.97,119.29,332.87,402.53,1096.57,4223.88,1.41,27.79,0.937,R033
C02625,R0033,TRK037,road,297.5,1725.5,688.07,1318.37,267.43,188.58,523.7,889.28,5600.93,1.48,18.83,1.111,R033
C02626,R0045,TRK005,local,369.9,3033.18,1164.91,1040.44,78.84,402.36,72.72,0.0,5792.46,1.24,15.66,1.103,R045
C02627,R0050,TRK033,local,70.7,579.74,172.07,957.42,14.76,841.45,100.32,0.0,2665.75,0.64,37.71,1.184,R050
C02628,R0031,TRK016,rail,217.0,781.2,173.79,466.63,26.13,268.75,446.92,0.0,2163.43,0.8,9.97,1.051,R031
C02629,R0002,TRK045,local,397.4,3258.68,1136.62,744.33,79.56,403.45,161.3,20.84,5804.78,7.29,14.61,1.229,R002
C02630,R0069,TRK011,road,346.5,2009.7,713.48,1302.58,297.35,348.68,65.47,0.0,4737.26,1.58,13.67,0.925,R069
C02631,R0094,TRK028,road,314.2,1822.36,664.08,1097.47,246.45,369.32,451.29,159.07,4810.04,1.46,15.31,1.176,R094
C02632,R0088,TRK020,local,437.7,3589.14,1296.82,991.24,122.94,312.39,215.91,0.0,6528.45,1.51,14.92,1.113,R088
C02633,R0039,TRK041,rail,141.0,507.6,102.98,432.99,18.52,598.65,518.16,0.0,2178.9,0.58,15.45,1.14,R039
C02634,R0058,TRK037,rail,259.8,935.28,193.41,474.33,44.12,257.78,228.78,1525.13,3658.82,0.75,14.08,1.153,R058
C02635,R0022,TRK043,road,157.9,915.82,399.13,1062.69,117.49,712.86,531.03,0.0,3739.02,0.85,23.68,0.985,R022
C02636,R0020,TRK046,road,45.3,262.74,94.97,1267.11,31.56,614.87,90.9,536.82,2898.97,3.18,63.99,1.214,R020
C02637,R0052,TRK003,rail,452.1,1627.56,390.13,375.73,57.4,610.81,261.17,0.0,3322.79,5.72,7.35,1.232,R052
C02638,R0012,TRK022,road,35.3,204.74,82.55,1171.53,28.49,743.51,487.12,0.0,2717.95,1.1,77.0,1.198,R012
C02639,R0003,TRK028,rail,241.5,869.4,196.73,521.47,30.57,360.75,500.89,0.0,2479.82,2.66,10.27,0.941,R003
C02640,R0090,TRK010,local,373.8,3065.16,996.6,962.25,111.69,625.28,167.94,295.82,6224.75,1.35,16.65,1.098,R090
C02641,R0057,TRK021,road,487.2,2825.76,1025.43,970.3,432.83,823.51,642.55,1651.45,8371.83,2.76,17.18,1.035,R057
C02642,R0099,TRK037,road,331.9,1925.02,744.14,1197.02,219.2,777.87,95.8,0.0,4959.05,2.19,14.94,1.157,R099
C02643,R0030,TRK043,road,326.7,1894.86,622.72,1145.64,238.33,875.24,78.27,1794.11,6649.17,6.38,20.35,1.244,R030
C02644,R0016,TRK048,road,34.6,200.68,86.59,1128.71,30.84,446.41,197.49,0.0,2090.72,0.74,60.43,1.171,R016
C02645,R0008,TRK043,road,375.9,2180.22,922.71,1236.92,293.35,805.38,418.02,0.0,5856.6,4.53,15.58,1.136,R008
C02646,R0031,TRK012,road,141.1,818.38,286.29,1289.04,104.84,712.14,136.69,46.59,3393.98,1.85,24.05,1.212,R031
C02647,R0032,TRK036,road,400.5,2322.9,783.71,1286.96,309.35,887.41,277.82,0.0,5868.14,2.76,14.65,1.038,R032
C02648,R0087,TRK022,local,137.4,1126.68,363.08,981.71,36.42,678.28,207.16,0.0,3393.35,1.0,24.7,0.952,R087
C02649,R0010,TRK025,local,476.4,3906.48,1304.13,790.15,96.1,425.04,214.16,1728.43,8464.48,7.33,17.77,1.091,R010
C02650,R0052,TRK037,road,114.9,666.42,253.0,1083.77,97.2,280.29,113.83,1284.57,3779.08,1.46,32.89,0.935,R052
C02651,R0039,TRK050,road,72.6,421.08,173.04,1262.3,54.82,817.05,637.28,0.0,3365.57,1.59,46.36,1.192,R039
C02652,R0022,TRK041,local,201.9,1655.58,599.62,933.17,56.6,279.78,161.79,390.5,4077.05,0.98,20.19,1.073,R022
C02653,R0061,TRK049,road,512.6,2973.08,1178.06,1215.34,374.63,198.5,17.48,0.0,5957.08,9.49,11.62,1.002,R061
C02654,R0090,TRK032,rail,246.8,888.48,225.33,515.93,38.11,748.66,59.7,0.0,2476.21,0.69,10.03,1.25,R090
C02655,R0051,TRK024,rail,206.9,744.84,188.53,535.02,28.05,615.97,8.32,0.0,2120.73,2.67,10.25,1.046,R051
C02656,R0053,TRK042,rail,291.5,1049.4,200.83,497.42,40.05,875.35,286.09,0.0,2949.15,0.99,10.12,1.071,R053
C02657,R0008,TRK045,road,307.4,1782.92,641.97,1273.9,244.11,744.48,279.91,285.26,5252.55,1.1,17.09,1.042,R008
C02658,R0055,TRK007,road,478.3,2774.14,895.98,1122.09,320.94,503.63,275.86,0.0,5892.64,2.79,12.32,1.046,R055
C02659,R0035,TRK032,local,70.4,577.28,170.3,822.44,16.11,752.21,115.71,1645.26,4099.31,4.62,58.23,0.904,R035
C02660,R0066,TRK037,rail,107.6,387.36,83.78,413.45,14.43,787.89,107.65,1248.35,3042.9,6.26,28.28,0.931,R066
C02661,R0029,TRK001,local,464.4,3808.08,1384.29,739.97,110.05,848.65,247.39,0.0,7138.43,1.68,15.37,0.969,R029
C02662,R0028,TRK041,road,489.7,2840.26,1127.47,995.14,393.88,845.03,626.6,1775.19,8603.57,2.15,17.57,1.057,R028
C02663,R0071,TRK046,local,266.3,2183.66,669.17,906.31,76.06,371.25,144.24,0.0,4350.7,1.94,16.34,0.907,R071
C02664,R0012,TRK049,road,235.9,1368.22,527.59,1188.49,166.84,676.42,558.83,0.0,4486.4,2.92,19.02,0.969,R012
C02665,R0003,TRK033,road,371.3,2153.54,767.76,1360.04,327.78,731.6,598.31,0.0,5939.03,1.26,16.0,1.212,R003
C02666,R0093,TRK003,rail,70.5,253.8,58.58,451.2,8.49,825.19,501.26,0.0,2098.53,0.87,29.77,0.952,R093
C02667,R0083,TRK032,local,424.0,3476.8,1198.97,786.7,90.11,716.37,176.88,3.75,6449.58,1.29,15.21,0.989,R083
C02668,R0011,TRK038,rail,243.1,875.16,196.82,386.54,39.01,463.76,296.02,1631.38,3888.69,1.57,16.0,0.96,R011
C02669,R0082,TRK014,road,221.3,1283.54,432.86,1019.6,135.73,391.19,695.35,973.47,4931.74,2.52,22.29,1.193,R082
C02670,R0080,TRK012,road,434.9,2522.42,981.7,1243.95,330.03,791.31,495.65,1518.57,7883.64,22.82,18.13,1.143,R080
C02671,R0095,TRK009,road,323.9,1878.62,728.08,999.2,211.35,194.94,244.56,1770.18,6026.92,3.11,18.61,1.235,R095
C02672,R0060,TRK022,road,118.7,688.46,265.64,1250.64,86.7,620.51,32.51,0.0,2944.46,1.54,24.81,1.079,R060
C02673,R0013,TRK044,road,101.7,589.86,250.99,1319.09,83.32,531.27,328.02,0.0,3102.54,1.3,30.51,1.066,R013
C02674,R0014,TRK018,local,111.9,917.58,348.5,828.23,31.07,497.98,235.22,1610.39,4468.97,0.9,39.94,0.98,R014
C02675,R0060,TRK024,rail,30.1,108.36,21.88,442.64,4.53,784.81,284.7,1403.18,3050.1,0.97,101.33,1.12,R060
C02676,R0064,TRK043,road,460.6,2671.48,915.2,1001.38,313.83,500.65,43.47,0.0,5446.01,1.11,11.82,1.192,R064
C02677,R0015,TRK027,road,346.1,2007.38,867.72,1343.51,240.94,544.66,13.78,0.0,5017.99,1.94,14.5,1.087,R015
C02678,R0012,TRK049,road,330.9,1919.22,790.65,1330.97,266.43,246.91,549.2,0.0,5103.38,1.03,15.42,1.174,R012
C02679,R0070,TRK032,road,108.6,629.88,243.54,1146.49,71.85,477.11,577.45,0.0,3146.31,0.81,28.97,1.174,R070
C02680,R0034,TRK043,road,165.4,959.32,410.75,1229.66,110.01,691.01,641.63,0.0,4042.38,3.92,24.44,1.15,R034
C02681,R0052,TRK040,road,247.6,1436.08,561.11,1098.44,149.07,515.45,210.03,0.0,3970.18,1.15,16.03,0.982,R052
C02682,R0061,TRK044,local,480.3,3938.46,1314.15,1050.9,97.59,235.98,148.83,0.0,6785.92,4.47,14.13,1.007,R061
C02683,R0043,TRK011,road,34.9,202.42,82.65,1071.63,30.07,481.31,205.3,0.0,2073.39,6.65,59.41,0.967,R043
C02684,R0051,TRK043,rail,285.4,1027.44,201.84,537.23,50.23,721.38,636.02,0.0,3174.15,1.56,11.12,1.022,R051
C02685,R0024,TRK001,road,256.4,1487.12,623.31,1084.24,165.05,319.65,180.89,0.0,3860.27,3.15,15.06,0.969,R024
C02686,R0073,TRK040,road,458.1,2656.98,1115.11,1367.56,401.65,203.39,258.71,1411.67,7415.07,3.83,16.19,1.194,R073
C02687,R0067,TRK004,rail,126.2,454.32,86.69,409.92,22.66,165.98,354.22,73.12,1566.92,0.35,12.42,1.014,R067
C02688,R0007,TRK049,local,48.0,393.6,125.81,1017.04,11.57,443.58,88.21,0.0,2079.81,0.52,43.33,1.184,R007
C02689,R0085,TRK015,road,404.9,2348.42,905.3,1316.79,313.66,655.16,686.52,0.0,6225.85,2.12,15.38,1.075,R085
C02690,R0007,TRK006,road,533.5,3094.3,1079.89,1027.62,358.34,451.56,299.16,254.1,6564.96,5.93,12.31,1.101,R007
C02691,R0066,TRK021,road,215.9,1252.22,518.44,961.12,160.57,674.16,470.3,989.02,5025.82,1.5,23.28,1.091,R066
C02692,R0065,TRK026,rail,514.4,1851.84,457.09,415.65,73.52,715.08,463.91,0.0,3977.09,0.94,7.73,1.212,R065
C02693,R0022,TRK042,rail,414.5,1492.2,290.26,454.44,52.57,227.77,288.55,0.0,2805.78,0.87,6.77,0.981,R022
C02694,R0086,TRK009,road,220.7,1280.06,537.13,976.97,184.75,615.07,524.86,1609.62,5728.45,1.19,25.96,0.918,R086
C02695,R0034,TRK041,road,201.4,1168.12,394.51,1058.17,136.15,745.07,673.53,0.0,4175.55,4.25,20.73,0.974,R034
C02696,R0091,TRK007,road,544.5,3158.1,1158.49,1238.69,354.61,560.18,178.5,0.0,6648.58,2.26,12.21,1.152,R091
C02697,R0076,TRK024,road,488.5,2833.3,1153.78,1304.22,413.27,637.23,669.29,436.97,7448.06,1.88,15.25,1.062,R076
C02698,R0060,TRK016,road,401.3,2327.54,988.36,1171.74,341.69,164.27,458.05,0.0,5451.65,5.65,13.58,1.221,R060
C02699,R0041,TRK023,road,50.2,291.16,103.02,1046.46,37.21,704.38,20.3,1303.13,3505.66,2.46,69.83,1.231,R041
C02700,R0089,TRK046,rail,430.5,1549.8,339.04,511.8,75.54,579.77,344.84,0.0,3400.8,2.97,7.9,1.149,R089
C02701,R0009,TRK047,road,540.9,3137.22,1305.04,1131.13,378.47,893.34,674.09,0.0,7519.29,5.2,13.9,1.158,R009
C02702,R0055,TRK041,road,507.4,2942.92,949.68,1032.4,369.94,779.69,0.63,0.0,6075.26,4.73,11.97,1.067,R055
C02703,R0085,TRK020,road,31.9,185.02,72.37,1192.02,27.85,752.85,390.95,0.0,2621.06,1.21,82.16,0.991,R085
C02704,R0087,TRK020,road,261.9,1519.02,624.33,1204.2,194.98,735.77,346.22,0.0,4624.52,1.04,17.66,1.008,R087
C02705,R0023,TRK028,road,131.8,764.44,254.37,971.07,87.03,301.09,380.81,300.01,3058.83,1.59,23.21,1.076,R023
C02706,R0030,TRK039,road,226.1,1311.38,522.0,1041.5,160.31,581.7,270.84,1702.64,5590.37,4.11,24.73,1.187,R030
C02707,R0017,TRK034,local,414.3,3397.26,1039.42,1016.81,111.01,259.03,17.91,0.0,5841.44,1.4,14.1,0.949,R017
C02708,R0087,TRK005,road,465.8,2701.64,1169.82,1214.38,289.01,555.41,631.01,0.0,6561.28,3.64,14.09,1.074,R087
C02709,R0087,TRK043,road,76.0,440.8,161.32,1033.68,54.97,414.08,554.99,0.0,2659.84,0.63,35.0,1.176,R087
C02710,R0086,TRK004,road,148.2,859.56,293.74,1099.16,109.62,866.36,684.32,1652.65,5565.41,3.8,37.55,1.149,R086
C02711,R0096,TRK020,local,443.3,3635.06,1055.14,905.34,92.31,371.59,210.04,738.78,7008.25,3.11,15.81,0.929,R096
C02712,R0080,TRK044,road,396.2,2297.96,932.3,1151.41,273.91,487.46,646.83,0.0,5789.86,3.01,14.61,1.178,R080
C02713,R0056,TRK015,local,433.6,3555.52,1339.45,974.39,87.32,323.51,187.96,678.18,7146.33,5.04,16.48,0.946,R056
C02714,R0040,TRK032,road,31.1,180.38,63.21,1255.92,22.92,823.67,312.22,0.0,2658.33,0.72,85.48,1.158,R040
C02715,R0063,TRK037,rail,384.6,1384.56,310.82,445.01,51.01,804.12,51.15,257.38,3304.04,0.74,8.59,1.121,R063
C02716,R0067,TRK028,road,381.4,2212.12,743.23,1312.93,303.27,468.65,468.72,1582.17,7091.09,4.11,18.59,1.188,R067
C02717,R0055,TRK049,local,387.2,3175.04,1009.97,900.68,99.51,698.32,137.01,1401.29,7421.81,8.68,19.17,1.108,R055
C02718,R0010,TRK010,road,546.6,3170.28,1081.22,1236.38,417.19,367.16,13.9,0.0,6286.12,8.0,11.5,1.139,R010
C02719,R0100,TRK044,road,115.7,671.06,218.45,1352.69,97.95,279.7,35.52,1259.52,3914.89,10.39,33.84,0.945,R100
C02720,R0077,TRK041,road,436.6,2532.28,1031.21,1398.19,378.72,346.99,282.46,1461.52,7431.37,1.59,17.02,1.031,R077
C02721,R0056,TRK042,road,445.9,2586.22,875.62,1149.58,388.0,550.64,695.97,0.0,6246.04,1.32,14.01,1.141,R056
C02722,R0059,TRK033,road,204.9,1188.42,402.63,1102.39,124.17,211.52,115.66,1660.65,4805.44,1.0,23.45,1.005,R059
C02723,R0014,TRK028,road,163.2,946.56,328.12,1327.56,112.69,792.31,407.55,752.38,4667.17,2.04,28.6,0.925,R014
C02724,R0088,TRK039,road,175.6,1018.48,383.65,1181.74,128.75,878.86,511.37,0.0,4102.85,4.65,23.36,1.203,R088
C02725,R0008,TRK002,road,392.9,2278.82,837.79,1081.55,258.11,461.25,431.38,0.0,5348.9,2.34,13.61,1.106,R008
C02726,R0014,TRK020,road,481.7,2793.86,1189.39,1362.43,341.17,318.18,439.09,301.23,6745.37,2.03,14.0,1.067,R014
C02727,R0035,TRK006,road,299.2,1735.36,748.39,1405.31,255.67,200.51,364.97,0.0,4710.2,1.27,15.74,1.135,R035
C02728,R0042,TRK030,road,163.7,949.46,367.54,1242.61,135.0,600.51,550.55,187.2,4032.87,10.56,24.64,0.956,R042
C02729,R0098,TRK002,road,89.0,516.2,177.71,1336.53,64.92,174.78,198.24,0.0,2468.38,0.65,27.73,1.121,R098
C02730,R0055,TRK026,road,91.3,529.54,200.68,1426.74,71.52,182.33,23.23,1529.66,3963.7,1.94,43.41,1.093,R055
C02731,R0053,TRK007,local,90.0,738.0,247.62,1035.23,20.16,289.53,46.92,230.01,2607.46,0.59,28.97,1.064,R053
C02732,R0045,TRK018,local,57.3,469.86,141.62,1025.61,16.82,772.37,238.58,229.36,2894.21,1.13,50.51,1.112,R045
C02733,R0001,TRK024,road,284.0,1647.2,550.09,1201.52,234.11,462.66,195.71,0.0,4291.3,5.63,15.11,1.169,R001
C02734,R0006,TRK017,road,40.6,235.48,82.86,1168.85,33.45,530.11,6.78,0.0,2057.54,5.72,50.68,1.094,R006
C02735,R0019,TRK045,local,215.8,1769.56,690.03,873.41,55.13,723.53,179.32,0.0,4290.99,1.6,19.88,1.011,R019
C02736,R0084,TRK045,rail,201.9,726.84,174.81,365.65,31.72,450.4,279.21,0.0,2028.62,0.54,10.05,0.95,R084
C02737,R0011,TRK036,road,51.3,297.54,111.49,1355.86,41.16,760.5,214.86,1459.61,4241.03,3.65,82.67,0.997,R011
C02738,R0043,TRK038,local,124.8,1023.36,359.53,1017.53,34.92,209.08,39.51,355.4,3039.33,0.66,24.35,1.05,R043
C02739,R0044,TRK027,rail,115.5,415.8,98.47,373.4,20.12,531.01,251.56,0.0,1690.36,0.39,14.64,1.188,R044
C02740,R0071,TRK036,road,253.6,1470.88,526.23,1379.62,162.21,381.61,494.68,0.0,4415.23,2.29,17.41,1.086,R071
C02741,R0027,TRK031,road,467.1,2709.18,1055.31,1131.72,405.56,684.89,438.76,1324.88,7750.3,1.93,16.59,1.247,R027
C02742,R0047,TRK005,rail,80.1,288.36,69.07,432.42,9.9,616.6,306.16,788.16,2510.66,1.98,31.34,1.069,R047
C02743,R0088,TRK046,road,518.4,3006.72,1146.02,1259.07,331.96,364.1,574.82,0.0,6682.69,1.79,12.89,1.009,R088
C02744,R0028,TRK012,road,278.8,1617.04,628.12,1151.27,248.67,401.04,379.48,0.0,4425.61,2.06,15.87,1.23,R028
C02745,R0071,TRK049,road,443.7,2573.46,1010.34,965.88,378.59,340.34,278.51,0.0,5547.11,2.51,12.5,0.925,R071
C02746,R0052,TRK007,rail,545.0,1962.0,411.84,360.18,94.34,235.53,289.76,0.0,3353.64,4.69,6.15,1.215,R052
C02747,R0019,TRK043,road,228.4,1324.72,545.76,1323.44,151.36,196.78,538.31,723.51,4803.88,1.29,21.03,0.912,R019
C02748,R0022,TRK030,local,186.6,1530.12,502.95,779.59,45.15,180.71,164.46,0.0,3202.97,5.28,17.16,0.907,R022
C02749,R0046,TRK015,road,48.2,279.56,115.81,1012.06,40.84,881.55,90.6,1446.63,3867.05,0.96,80.23,1.143,R046
C02750,R0093,TRK018,road,43.1,249.98,98.09,1311.88,30.18,442.5,168.7,0.0,2301.33,0.48,53.4,0.975,R093
C02751,R0057,TRK022,road,178.8,1037.04,437.2,1056.7,135.55,693.29,385.98,0.0,3745.76,1.95,20.95,1.201,R057
C02752,R0079,TRK011,road,465.5,2699.9,1110.64,1174.55,382.21,849.84,428.42,50.92,6696.48,1.78,14.39,1.177,R079
C02753,R0058,TRK009,road,364.0,2111.2,768.73,1079.56,229.07,568.42,581.23,0.0,5338.21,2.43,14.67,1.197,R058
C02754,R0092,TRK019,road,320.1,1856.58,740.83,1186.06,229.28,400.51,21.41,0.0,4434.67,1.41,13.85,1.053,R092
C02755,R0059,TRK040,road,176.4,1023.12,385.54,1138.52,135.98,199.25,84.97,0.0,2967.39,1.55,16.82,1.049,R059
C02756,R0034,TRK032,local,264.1,2165.62,849.98,899.12,70.46,691.83,44.91,1587.55,6309.47,2.11,23.89,1.182,R034
C02757,R0010,TRK017,road,467.0,2708.6,920.44,1159.56,385.01,580.86,332.28,0.0,6086.75,1.24,13.03,1.156,R010
C02758,R0028,TRK041,road,103.9,602.62,229.1,1085.89,85.59,328.81,73.58,0.0,2405.57,0.5,23.15,1.195,R028
C02759,R0046,TRK033,local,415.7,3408.74,1088.53,960.16,107.93,240.68,20.79,0.0,5826.83,3.84,14.02,1.104,R046
C02760,R0077,TRK023,road,81.8,474.44,203.34,1228.71,53.49,675.17,402.31,0.0,3037.45,0.66,37.13,1.029,R077
C02761,R0085,TRK004,road,337.6,1958.08,770.51,1249.79,294.31,621.86,196.54,0.0,5091.09,1.52,15.08,0.983,R085
C02762,R0097,TRK030,road,211.7,1227.86,514.59,973.07,156.9,397.12,576.54,0.0,3846.08,3.23,18.17,1.178,R097
C02763,R0097,TRK010,rail,30.0,108.0,26.75,412.04,4.96,304.77,520.3,245.42,1622.24,0.38,54.07,1.126,R097
C02764,R0074,TRK020,local,198.2,1625.24,523.99,953.01,58.74,817.54,118.63,1189.18,5286.33,2.24,26.67,1.06,R074
C02765,R0073,TRK020,road,458.9,2661.62,1062.74,1023.75,375.2,597.76,304.77,0.0,6025.84,6.2,13.13,1.05,R073
C02766,R0045,TRK036,local,443.5,3636.7,1288.31,1047.82,121.82,683.99,195.13,0.0,6973.78,11.03,15.72,1.189,R045
C02767,R0064,TRK004,road,537.4,3116.92,1111.93,998.18,391.28,479.26,657.89,0.0,6755.46,5.19,12.57,1.148,R064
C02768,R0040,TRK003,road,125.4,727.32,310.87,997.16,94.44,192.45,612.55,0.0,2934.8,0.84,23.4,1.056,R040
C02769,R0074,TRK018,road,142.0,823.6,295.89,981.04,102.72,500.8,693.21,0.0,3397.26,7.5,23.92,0.991,R074
C02770,R0067,TRK035,road,427.1,2477.18,976.25,1404.16,367.75,276.0,172.85,451.25,6125.44,1.88,14.34,1.207,R067
C02771,R0078,TRK038,road,429.2,2489.36,1053.75,1416.41,358.42,660.44,90.45,1615.23,7684.06,2.09,17.9,1.108,R078
C02772,R0069,TRK048,road,325.2,1886.16,695.58,1388.27,287.68,556.99,126.35,0.0,4941.03,4.03,15.19,1.028,R069
C02773,R0051,TRK037,road,435.0,2523.0,901.37,1197.48,262.59,674.33,639.84,0.0,6198.6,2.01,14.25,0.918,R051
C02774,R0082,TRK049,road,354.1,2053.78,890.21,1001.46,241.94,485.31,460.58,0.0,5133.29,3.45,14.5,0.985,R082
C02775,R0064,TRK014,rail,60.1,216.36,51.28,524.33,9.62,191.53,518.4,0.0,1511.51,0.48,25.15,0.99,R064
C02776,R0009,TRK008,local,139.9,1147.18,401.01,970.55,29.24,742.37,130.34,37.39,3458.08,1.0,24.72,1.012,R009
C02777,R0008,TRK033,road,196.3,1138.54,380.02,1076.47,143.43,864.35,47.87,547.43,4198.11,2.56,21.39,1.209,R008
C02778,R0006,TRK013,road,325.7,1889.06,674.16,1105.57,207.8,868.88,16.21,0.0,4761.68,1.35,14.62,1.094,R006
C02779,R0029,TRK026,road,437.1,2535.18,906.66,1391.59,337.48,369.63,323.52,0.0,5864.06,1.24,13.42,1.222,R029
C02780,R0088,TRK017,road,253.3,1469.14,614.11,1204.9,181.3,477.36,164.09,0.0,4110.89,2.1,16.23,0.963,R088
C02781,R0073,TRK049,rail,449.1,1616.76,385.67,460.38,71.72,164.11,99.3,59.85,2857.78,6.13,6.36,0.93,R073
C02782,R0082,TRK027,road,192.5,1116.5,474.62,1338.7,168.85,891.43,215.51,0.0,4205.61,1.6,21.85,1.003,R082
C02783,R0033,TRK008,road,141.8,822.44,287.13,1281.46,107.2,899.24,139.07,0.0,3536.54,1.04,24.94,1.009,R033
C02784,R0066,TRK019,rail,99.9,359.64,90.14,372.06,15.43,753.49,314.19,0.0,1904.94,2.58,19.07,1.197,R066
C02785,R0063,TRK010,road,459.5,2665.1,1122.62,1095.62,412.89,789.03,567.76,1075.09,7728.12,4.16,16.82,1.05,R063
C02786,R0039,TRK012,rail,93.2,335.52,72.82,366.28,16.22,506.21,262.62,0.0,1559.68,1.42,16.73,1.006,R039
C02787,R0074,TRK036,road,347.0,2012.6,859.66,1217.29,294.18,841.14,647.58,0.0,5872.45,8.87,16.92,1.029,R074
C02788,R0064,TRK040,road,247.7,1436.66,471.04,976.47,189.84,178.33,156.47,0.0,3408.81,0.69,13.76,1.098,R064
C02789,R0018,TRK026,road,396.1,2297.38,847.14,1215.47,321.73,449.04,610.06,0.0,5740.82,3.38,14.49,1.125,R018
C02790,R0078,TRK025,road,176.2,1021.96,352.42,1384.78,142.05,445.57,268.69,0.0,3615.46,1.46,20.52,1.072,R078
C02791,R0037,TRK029,road,247.9,1437.82,558.51,1324.3,175.72,774.32,498.75,0.0,4769.43,1.31,19.24,0.954,R037
C02792,R0074,TRK022,road,449.6,2607.68,851.26,1280.97,359.68,455.9,207.71,0.0,5763.21,2.36,12.82,1.242,R074
C02793,R0020,TRK048,road,290.4,1684.32,561.78,1013.85,229.02,759.92,542.51,0.0,4791.4,3.05,16.5,1.034,R020
C02794,R0040,TRK034,road,81.8,474.44,192.28,1248.52,50.96,882.65,437.64,833.75,4120.24,1.18,50.37,1.169,R040
C02795,R0058,TRK020,local,203.3,1667.06,543.5,1003.35,42.61,348.68,231.92,0.0,3837.12,0.9,18.87,1.168,R058
C02796,R0001,TRK041,road,185.0,1073.0,419.85,1058.67,147.62,210.03,554.83,120.65,3584.66,0.96,19.38,1.232,R001
C02797,R0026,TRK031,road,407.5,2363.5,964.11,1411.49,272.0,492.73,442.7,0.0,5946.52,2.57,14.59,1.156,R026
C02798,R0064,TRK026,rail,268.1,965.16,228.07,468.88,41.97,619.06,13.79,0.0,2336.93,1.08,8.72,1.118,R064
C02799,R0047,TRK022,road,320.0,1856.0,801.88,1039.74,211.81,636.32,268.67,1569.26,6383.68,1.34,19.95,1.196,R047
C02800,R0017,TRK032,road,75.3,436.74,159.38,1130.41,65.96,526.67,345.44,0.0,2664.6,0.55,35.39,1.067,R017
C02801,R0017,TRK050,road,119.2,691.36,224.83,1208.4,104.48,485.84,252.87,633.72,3601.5,1.21,30.21,1.207,R017
C02802,R0100,TRK049,road,234.8,1361.84,580.31,1304.63,142.69,618.83,646.19,577.33,5231.82,1.42,22.28,1.107,R100
C02803,R0059,TRK045,road,534.1,3097.78,1311.01,1187.96,479.82,563.1,634.74,1018.8,8293.2,3.26,15.53,1.194,R059
C02804,R0061,TRK009,road,497.5,2885.5,1131.0,1326.61,341.22,549.76,672.1,0.0,6906.19,4.8,13.88,0.982,R061
C02805,R0038,TRK018,road,204.5,1186.1,404.37,1070.65,179.18,662.57,103.99,404.67,4011.53,1.57,19.62,0.965,R038
C02806,R0066,TRK027,local,461.8,3786.76,1299.29,881.84,113.37,442.4,40.65,0.0,6564.32,1.56,14.21,0.922,R066
C02807,R0022,TRK016,rail,383.3,1379.88,350.23,429.55,49.32,581.71,619.09,1706.93,5116.7,1.84,13.35,0.903,R022
C02808,R0096,TRK046,road,61.0,353.8,142.32,1133.74,40.89,882.21,340.93,0.0,2893.9,1.57,47.44,1.157,R096
C02809,R0018,TRK015,rail,520.8,1874.88,440.33,454.82,76.03,314.9,140.88,0.0,3301.84,4.39,6.34,1.13,R018
C02810,R0099,TRK022,road,534.9,3102.42,1148.59,1367.92,387.06,782.9,416.03,0.0,7204.92,1.61,13.47,0.961,R099
C02811,R0021,TRK038,road,250.5,1452.9,548.29,987.67,190.78,666.18,164.24,0.0,4010.05,2.15,16.01,1.22,R021
C02812,R0071,TRK027,road,129.7,752.26,251.95,967.63,84.09,732.51,583.24,0.0,3371.68,1.47,26.0,1.102,R071
C02813,R0014,TRK025,road,69.4,402.52,146.41,1363.84,47.85,499.26,679.17,649.9,3788.95,0.79,54.6,1.156,R014
C02814,R0076,TRK041,road,453.4,2629.72,1122.14,1406.79,401.1,727.1,504.13,0.0,6790.97,17.92,14.98,1.137,R076
C02815,R0009,TRK005,road,100.6,583.48,211.93,1124.89,74.14,401.02,194.26,0.0,2589.72,0.69,25.74,1.237,R009
C02816,R0038,TRK020,local,428.1,3510.42,1080.24,847.38,110.72,605.89,137.6,1209.38,7501.63,1.63,17.52,1.22,R038
C02817,R0099,TRK029,road,516.0,2992.8,1010.31,1260.24,410.16,794.09,528.88,1312.89,8309.37,7.87,16.1,0.923,R099
C02818,R0083,TRK035,road,516.5,2995.7,1098.71,1439.16,407.51,303.97,456.53,0.0,6701.57,7.68,12.97,1.118,R083
C02819,R0075,TRK038,road,93.3,541.14,225.62,1400.45,66.21,758.05,361.31,0.0,3352.78,2.92,35.94,1.107,R075
C02820,R0029,TRK023,local,364.9,2992.18,1165.09,807.59,109.35,228.31,249.74,512.57,6064.83,17.49,16.62,1.015,R029
C02821,R0089,TRK002,road,70.9,411.22,152.62,1306.57,60.17,577.46,203.41,0.0,2711.44,1.97,38.24,1.166,R089
C02822,R0063,TRK042,road,207.9,1205.82,472.07,1392.74,182.63,255.26,266.87,0.0,3775.39,1.47,18.16,1.18,R063
C02823,R0057,TRK008,rail,214.9,773.64,186.63,363.42,31.16,856.45,331.51,262.64,2805.45,0.57,13.05,1.107,R057
C02824,R0074,TRK040,rail,389.2,1401.12,331.63,494.32,67.2,682.29,647.44,473.9,4097.91,3.7,10.53,1.209,R074
C02825,R0061,TRK024,road,255.9,1484.22,578.91,1255.77,177.97,877.56,312.93,0.0,4687.37,1.03,18.32,1.214,R061
C02826,R0071,TRK005,road,419.9,2435.42,854.59,1065.26,315.35,696.13,695.63,842.33,6904.71,1.61,16.44,1.002,R071
C02827,R0057,TRK012,road,450.1,2610.58,1004.71,1098.4,293.21,419.33,570.21,0.0,5996.43,5.04,13.32,1.009,R057
C02828,R0084,TRK003,local,476.8,3909.76,1256.29,970.17,96.16,362.91,219.03,1509.25,8323.57,1.73,17.46,1.05,R084
C02829,R0004,TRK028,rail,461.0,1659.6,399.68,379.01,75.49,308.97,100.83,16.37,2939.94,0.7,6.38,1.215,R004
C02830,R0021,TRK050,rail,157.6,567.36,135.09,380.8,23.75,896.6,550.85,0.0,2554.45,1.96,16.21,1.012,R021
C02831,R0087,TRK044,road,319.3,1851.94,669.14,1268.38,244.4,780.97,284.32,192.04,5291.2,3.56,16.57,1.185,R087
C02832,R0089,TRK015,road,412.0,2389.6,914.36,1234.23,293.86,820.9,295.57,1762.49,7711.01,5.01,18.72,0.911,R089
C02833,R0098,TRK015,local,283.3,2323.06,856.16,1030.12,70.24,209.6,168.14,0.0,4657.33,13.7,16.44,0.988,R098
C02834,R0061,TRK038,road,210.3,1219.74,403.27,1320.38,174.4,876.47,677.27,834.63,5506.16,2.21,26.18,0.989,R061
C02835,R0090,TRK040,road,512.9,2974.82,1197.71,1188.74,352.81,716.55,455.15,0.0,6885.78,1.76,13.43,1.196,R090
C02836,R0009,TRK005,road,110.1,638.58,263.5,1263.43,70.3,454.66,663.84,187.58,3541.88,0.96,32.17,1.139,R009
C02837,R0074,TRK047,road,405.0,2349.0,901.86,1292.88,337.19,837.36,222.99,0.0,5941.29,1.46,14.67,1.068,R074
C02838,R0010,TRK037,road,140.0,812.0,296.49,1337.31,116.08,605.37,284.72,360.47,3812.45,1.31,27.23,1.045,R010
C02839,R0084,TRK004,road,34.9,202.42,67.43,1314.89,28.65,227.11,211.5,194.48,2246.48,0.5,64.37,0.925,R084
C02840,R0100,TRK023,road,86.1,499.38,165.29,1101.36,70.04,447.87,199.37,0.0,2483.3,2.14,28.84,1.018,R100
C02841,R0095,TRK029,road,147.3,854.34,342.32,1232.56,103.14,605.16,218.63,282.79,3638.95,4.4,24.7,1.227,R095
C02842,R0074,TRK008,road,310.2,1799.16,725.05,1159.56,250.07,602.31,196.04,0.0,4732.19,2.92,15.26,1.239,R074
C02843,R0052,TRK003,road,47.7,276.66,101.12,1131.72,36.13,553.42,201.62,74.32,2374.97,1.07,49.79,1.121,R052
C02844,R0089,TRK004,rail,522.9,1882.44,425.75,395.77,92.42,151.21,494.7,1558.24,5000.54,1.41,9.56,1.193,R089
C02845,R0039,TRK038,road,277.8,1611.24,631.97,1252.35,200.88,351.95,671.66,0.0,4720.05,5.72,16.99,0.945,R039
C02846,R0062,TRK007,rail,142.1,511.56,119.22,380.91,21.77,178.72,311.48,0.0,1523.67,0.54,10.72,1.098,R062
C02847,R0076,TRK012,road,338.4,1962.72,834.14,1386.15,213.58,375.67,6.66,0.0,4778.92,1.72,14.12,1.029,R076
C02848,R0066,TRK008,rail,287.0,1033.2,251.4,532.38,39.08,661.44,268.76,0.0,2786.26,0.57,9.71,1.027,R066
C02849,R0015,TRK011,local,105.7,866.74,303.55,720.07,29.63,471.58,211.61,0.0,2603.18,0.58,24.63,1.227,R015
C02850,R0022,TRK027,road,537.2,3115.76,1183.33,966.98,432.57,879.16,252.07,1155.05,7984.92,1.81,14.86,1.038,R022
C02851,R0100,TRK036,local,52.2,428.04,166.96,824.33,10.68,717.55,291.88,912.49,3351.94,2.61,64.21,1.153,R100
C02852,R0079,TRK021,local,406.5,3333.3,1013.82,788.88,100.59,706.07,39.2,626.14,6608.01,7.22,16.26,1.14,R079
C02853,R0007,TRK015,rail,55.8,200.88,39.3,441.77,9.59,383.58,656.2,0.0,1731.31,4.67,31.03,0.994,R007
C02854,R0056,TRK018,road,427.7,2480.66,967.41,1421.38,352.46,327.24,185.38,797.21,6531.74,1.39,15.27,1.113,R056
C02855,R0066,TRK018,road,294.8,1709.84,611.11,1162.76,250.93,380.8,142.67,0.0,4258.11,1.45,14.44,1.068,R066
C02856,R0087,TRK035,road,469.5,2723.1,1078.98,986.49,332.54,159.63,159.91,0.0,5440.65,9.94,11.59,1.085,R087
C02857,R0057,TRK034,rail,276.7,996.12,203.74,408.56,40.66,746.46,452.82,0.0,2848.36,2.95,10.29,1.028,R057
C02858,R0059,TRK027,road,545.2,3162.16,1042.25,1365.54,421.93,681.06,118.79,0.0,6791.73,2.33,12.46,0.939,R059
C02859,R0095,TRK011,road,312.6,1813.08,598.39,1082.4,244.42,274.95,181.81,0.0,4195.05,1.11,13.42,0.944,R095
C02860,R0087,TRK003,rail,336.6,1211.76,269.87,520.1,44.04,477.98,27.21,0.0,2550.96,0.65,7.58,1.023,R087
C02861,R0057,TRK048,road,355.2,2060.16,821.74,978.67,285.23,869.14,356.92,1468.05,6839.91,1.95,19.26,1.22,R057
C02862,R0033,TRK015,rail,168.1,605.16,116.83,483.55,22.5,853.3,299.11,0.0,2380.46,0.8,14.16,1.095,R033
C02863,R0016,TRK030,road,188.8,1095.04,453.72,1143.18,125.68,456.32,245.68,0.0,3519.62,2.92,18.64,1.039,R016
C02864,R0057,TRK026,road,422.1,2448.18,901.64,1041.75,332.83,743.22,578.98,0.0,6046.6,1.28,14.33,1.128,R057
C02865,R0068,TRK019,local,68.1,558.42,165.42,725.65,14.32,186.73,263.39,1048.09,2962.02,1.45,43.5,1.205,R068
C02866,R0010,TRK025,local,464.1,3805.62,1403.34,1041.1,126.6,698.19,133.41,0.0,7208.26,8.6,15.53,0.911,R010
C02867,R0059,TRK045,road,246.9,1432.02,562.4,1178.43,221.71,445.73,644.43,0.0,4484.7,1.48,18.16,1.103,R059
C02868,R0020,TRK001,road,332.7,1929.66,708.92,1281.7,225.06,693.06,279.43,0.0,5117.83,1.14,15.38,1.013,R020
C02869,R0040,TRK035,road,283.6,1644.88,566.02,1270.05,213.37,273.94,239.25,1711.44,5918.94,1.19,20.87,0.965,R040
C02870,R0087,TRK024,road,287.4,1666.92,690.96,1256.11,176.32,749.23,143.12,0.0,4682.67,2.34,16.29,0.971,R087
C02871,R0072,TRK040,road,431.6,2503.28,926.45,1273.2,331.61,224.98,163.91,84.27,5507.7,5.09,12.76,1.216,R072
C02872,R0051,TRK009,road,389.2,2257.36,892.83,964.51,296.0,608.97,98.57,0.0,5118.24,1.28,13.15,0.941,R051
C02873,R0093,TRK020,rail,323.8,1165.68,272.47,464.0,39.54,610.56,596.85,0.0,3149.1,1.31,9.73,1.174,R093
C02874,R0052,TRK037,rail,316.5,1139.4,224.14,385.22,53.86,552.23,451.6,1470.49,4276.95,3.74,13.51,1.135,R052
C02875,R0067,TRK007,road,37.3,216.34,88.64,1080.86,25.42,492.76,618.01,731.74,3253.76,10.29,87.23,1.162,R067
C02876,R0004,TRK034,road,88.3,512.14,204.72,1103.16,60.51,836.77,451.25,580.18,3748.72,3.79,42.45,1.209,R004
C02877,R0064,TRK002,road,290.1,1682.58,609.5,1272.07,229.9,275.42,448.31,0.0,4517.79,1.49,15.57,1.176,R064
C02878,R0044,TRK011,road,213.5,1238.3,442.45,1393.44,173.86,235.18,190.43,0.0,3673.66,7.07,17.21,1.077,R044
C02879,R0063,TRK014,road,524.7,3043.26,1227.83,1372.85,469.58,731.66,72.58,126.75,7044.51,3.69,13.43,1.006,R063
C02880,R0018,TRK029,road,234.1,1357.78,529.16,1224.64,147.0,378.3,408.31,772.73,4817.93,2.06,20.58,1.186,R018
C02881,R0041,TRK022,local,79.2,649.44,248.05,976.23,16.94,419.36,103.34,0.0,2413.37,0.53,30.47,0.999,R041
C02882,R0094,TRK001,road,288.8,1675.04,701.96,1400.84,257.61,189.48,362.81,681.0,5268.74,1.65,18.24,1.202,R094
C02883,R0034,TRK036,local,215.9,1770.38,587.77,864.88,50.47,171.69,4.75,0.0,3449.94,1.12,15.98,0.999,R034
C02884,R0001,TRK031,road,465.8,2701.64,920.94,1080.5,367.68,727.5,370.47,1593.14,7761.86,2.27,16.66,1.051,R001
C02885,R0008,TRK008,rail,520.0,1872.0,359.67,470.55,84.9,349.02,217.9,468.11,3822.16,2.3,7.35,1.069,R008
C02886,R0061,TRK036,road,52.8,306.24,110.87,1333.27,34.33,561.76,225.66,0.0,2572.14,0.57,48.71,0.953,R061
C02887,R0026,TRK006,road,423.0,2453.4,847.42,1112.96,331.19,642.4,673.29,399.19,6459.85,1.45,15.27,0.943,R026
C02888,R0011,TRK050,road,444.1,2575.78,905.19,1303.53,309.14,872.37,2.03,0.0,5968.03,1.82,13.44,0.953,R011
C02889,R0068,TRK040,road,191.0,1107.8,366.62,1366.75,121.13,646.03,2.46,682.38,4293.17,4.45,22.48,0.973,R068
C02890,R0024,TRK004,road,521.1,3022.38,987.77,1088.57,317.65,277.54,482.21,0.0,6176.13,9.37,11.85,1.182,R024
C02891,R0084,TRK018,road,354.7,2057.26,776.34,1133.81,248.04,393.77,176.96,0.0,4786.18,1.69,13.49,1.125,R084
C02892,R0019,TRK028,road,412.0,2389.6,1036.08,1087.64,333.75,272.13,679.6,0.0,5798.8,1.51,14.07,1.229,R019
C02893,R0018,TRK012,road,341.3,1979.54,787.65,1173.99,297.26,876.44,502.25,0.0,5617.13,1.61,16.46,1.144,R018
C02894,R0004,TRK005,road,146.9,852.02,279.34,1290.54,125.04,786.33,160.47,0.0,3493.74,11.57,23.78,1.202,R004
C02895,R0033,TRK046,road,308.4,1788.72,627.97,1410.91,246.39,256.26,64.54,1410.49,5805.27,1.26,18.82,0.931,R033
C02896,R0057,TRK004,rail,331.9,1194.84,249.66,398.01,43.64,505.95,236.13,0.0,2628.24,0.63,7.92,1.107,R057
C02897,R0022,TRK031,road,415.6,2410.48,951.07,1027.75,279.21,180.23,130.34,908.22,5887.31,1.61,14.17,1.153,R022
C02898,R0063,TRK036,road,48.9,283.62,102.0,1109.89,30.11,289.31,652.5,0.0,2467.43,1.16,50.46,0.946,R063
C02899,R0035,TRK014,local,183.2,1502.24,447.43,871.77,42.39,452.88,200.55,1140.07,4657.32,1.1,25.42,1.069,R035
C02900,R0016,TRK050,road,271.8,1576.44,575.62,1001.8,204.43,770.39,335.5,310.09,4774.28,1.51,17.57,1.23,R016
C02901,R0048,TRK021,local,382.4,3135.68,1135.96,862.93,104.07,559.39,79.2,0.0,5877.23,1.62,15.37,0.997,R048
C02902,R0062,TRK050,road,274.3,1590.94,635.78,1393.59,209.78,439.82,55.28,0.0,4325.19,2.8,15.77,1.041,R062
C02903,R0087,TRK011,road,451.4,2618.12,1124.79,1233.87,333.89,496.5,580.24,0.0,6387.4,2.06,14.15,1.017,R087
C02904,R0078,TRK048,road,305.9,1774.22,592.04,1068.11,186.94,878.08,575.26,0.0,5074.64,10.76,16.59,1.193,R078
C02905,R0083,TRK002,road,530.1,3074.58,1335.75,1004.54,405.53,471.68,678.73,0.0,6970.83,2.0,13.15,1.004,R083
C02906,R0087,TRK027,road,386.1,2239.38,874.67,1145.15,329.77,488.34,303.56,0.0,5380.87,1.59,13.94,1.061,R087
C02907,R0094,TRK018,local,145.3,1191.46,383.15,937.03,41.53,212.51,138.14,1156.42,4060.24,1.22,27.94,1.022,R094
C02908,R0039,TRK032,road,474.7,2753.26,1047.02,1424.18,416.59,211.31,257.82,1568.97,7679.14,2.01,16.18,1.1,R039
C02909,R0028,TRK015,road,198.5,1151.3,436.68,1030.75,159.45,371.31,532.65,1471.1,5153.25,2.17,25.96,1.22,R028
C02910,R0072,TRK010,road,186.5,1081.7,446.78,1392.44,130.19,551.24,284.4,0.0,3886.75,0.88,20.84,1.11,R072
C02911,R0036,TRK039,road,446.8,2591.44,919.61,1407.67,344.96,202.83,210.59,0.0,5677.1,3.93,12.71,1.245,R036
C02912,R0073,TRK018,road,96.6,560.28,190.24,1131.65,58.91,850.61,80.17,992.8,3864.66,0.79,40.01,1.191,R073
C02913,R0033,TRK003,rail,529.0,1904.4,470.43,459.81,73.39,776.37,218.89,0.0,3903.29,2.17,7.38,0.908,R033
C02914,R0083,TRK031,road,479.4,2780.52,943.72,1317.84,294.53,205.54,508.07,698.67,6748.89,1.67,14.08,1.062,R083
C02915,R0020,TRK044,road,386.2,2239.96,937.88,1320.68,284.39,395.34,643.66,1581.23,7403.14,1.84,19.17,0.941,R020
C02916,R0072,TRK019,road,272.0,1577.6,665.05,1233.79,168.41,466.14,237.68,0.0,4348.67,1.25,15.99,1.111,R072
C02917,R0017,TRK014,local,165.5,1357.1,441.01,843.99,41.19,889.6,178.08,0.0,3750.98,1.32,22.66,1.091,R017
C02918,R0080,TRK001,road,450.3,2611.74,1091.44,1360.76,355.08,843.08,4.39,0.0,6266.48,5.08,13.92,1.181,R080
C02919,R0001,TRK041,road,451.2,2616.96,1016.97,1231.2,338.97,525.42,168.29,0.0,5897.81,4.08,13.07,1.005,R001
C02920,R0087,TRK040,rail,236.6,851.76,172.63,530.31,38.48,506.38,606.74,0.0,2706.3,0.65,11.44,1.229,R087
C02921,R0027,TRK039,road,537.7,3118.66,1153.02,1166.53,354.34,449.26,528.05,0.0,6769.85,3.91,12.59,1.128,R027
C02922,R0088,TRK042,road,189.6,1099.68,400.76,1203.03,141.8,501.83,66.95,0.0,3414.07,5.45,18.01,1.005,R088
C02923,R0007,TRK032,local,103.6,849.52,316.2,782.81,22.32,173.61,194.37,0.0,2338.83,1.2,22.58,0.934,R007
C02924,R0039,TRK002,road,110.1,638.58,253.55,1060.79,84.99,697.75,154.95,618.75,3509.36,1.87,31.87,1.169,R039
C02925,R0085,TRK029,road,544.8,3159.84,1057.45,1110.97,476.3,764.86,398.85,0.0,6968.27,2.35,12.79,1.002,R085
C02926,R0007,TRK043,rail,376.0,1353.6,316.8,412.29,63.51,295.64,466.52,915.54,3823.9,1.26,10.17,1.181,R007
C02927,R0034,TRK028,road,149.4,866.52,295.23,1068.59,130.37,616.33,103.88,0.0,3080.92,3.85,20.62,1.064,R034
C02928,R0021,TRK034,road,65.3,378.74,150.48,1227.59,48.39,635.23,467.17,0.0,2907.6,2.28,44.53,0.998,R021
C02929,R0075,TRK040,road,85.9,498.22,190.21,1143.87,74.84,168.3,22.47,1242.23,3340.15,1.73,38.88,1.131,R075
C02930,R0021,TRK047,road,295.7,1715.06,608.65,1230.79,244.23,231.11,132.27,0.0,4162.11,2.45,14.08,1.158,R021
C02931,R0076,TRK015,rail,483.3,1739.88,422.48,456.6,82.35,814.53,113.63,1774.54,5404.02,1.46,11.18,1.129,R076
C02932,R0086,TRK047,road,130.3,755.74,270.33,1340.34,97.22,627.86,64.63,0.0,3156.12,0.81,24.22,0.911,R086
C02933,R0076,TRK049,local,219.9,1803.18,576.61,904.45,62.44,505.68,86.34,0.0,3938.71,3.68,17.91,1.038,R076
C02934,R0026,TRK003,road,362.1,2100.18,799.72,1164.56,256.88,382.63,498.15,0.0,5202.11,1.05,14.37,1.018,R026
C02935,R0073,TRK035,road,94.7,549.26,218.81,1407.37,77.59,413.0,411.14,0.0,3077.17,1.9,32.49,1.122,R073
C02936,R0056,TRK033,road,155.1,899.58,384.14,1327.94,101.54,173.79,503.49,0.0,3390.49,1.49,21.86,1.242,R056
C02937,R0088,TRK031,rail,503.4,1812.24,408.37,477.96,65.22,552.93,231.62,964.61,4512.95,1.07,8.96,1.155,R088
C02938,R0014,TRK026,local,136.9,1122.58,396.88,939.11,27.46,665.34,32.77,0.0,3184.14,1.72,23.26,0.968,R014
C02939,R0010,TRK034,road,152.7,885.66,376.62,1081.92,95.78,689.66,366.36,1169.57,4665.56,1.9,30.55,1.161,R010
C02940,R0020,TRK028,road,146.7,850.86,331.26,1211.64,122.81,515.38,620.58,511.06,4163.6,0.86,28.38,1.156,R020
C02941,R0043,TRK047,rail,289.4,1041.84,237.32,385.38,44.39,576.33,566.76,0.0,2852.01,0.94,9.85,1.045,R043
C02942,R0076,TRK039,road,511.9,2969.02,1035.69,1052.54,384.97,509.91,284.44,0.0,6236.57,2.5,12.18,0.971,R076
C02943,R0087,TRK004,road,189.4,1098.52,389.98,1407.67,115.44,428.16,663.1,1633.75,5736.61,3.91,30.29,1.11,R087
C02944,R0049,TRK049,road,263.6,1528.88,535.85,1160.92,183.28,647.76,231.32,0.0,4288.0,2.21,16.27,1.205,R049
C02945,R0011,TRK047,road,319.9,1855.42,620.1,1274.65,248.63,180.02,51.81,0.0,4230.63,2.05,13.22,1.081,R011
C02946,R0048,TRK013,rail,250.8,902.88,214.68,444.78,39.24,184.62,273.32,0.0,2059.51,1.36,8.21,1.135,R048
C02947,R0044,TRK041,road,63.1,365.98,138.58,994.81,38.3,188.86,469.96,0.0,2196.49,0.54,34.81,1.128,R044
C02948,R0033,TRK037,local,540.6,4432.92,1489.11,831.33,146.23,683.5,70.05,919.02,8572.15,1.95,15.86,1.203,R033
C02949,R0074,TRK038,road,316.2,1833.96,627.2,1070.72,235.46,757.81,120.55,0.0,4645.71,10.42,14.69,1.105,R074
C02950,R0061,TRK033,local,419.7,3441.54,1269.91,1029.82,102.85,645.34,277.3,1727.23,8493.99,4.58,20.24,0.955,R061
C02951,R0018,TRK010,local,179.8,1474.36,563.89,840.41,47.64,302.73,179.24,0.0,3408.28,1.44,18.96,1.178,R018
C02952,R0080,TRK029,road,89.1,516.78,176.05,969.16,55.54,717.33,213.15,0.0,2648.02,0.83,29.72,1.153,R080
C02953,R0024,TRK012,local,93.3,765.06,275.04,806.36,25.36,563.37,103.36,0.0,2538.55,1.52,27.21,1.203,R024
C02954,R0051,TRK008,road,515.0,2987.0,1176.38,1288.97,343.98,341.55,344.43,0.0,6482.3,2.78,12.59,1.163,R051
C02955,R0083,TRK013,road,103.0,597.4,246.51,1316.93,82.8,503.79,122.96,0.0,2870.38,6.51,27.87,0.931,R083
C02956,R0093,TRK015,local,404.8,3319.36,1109.87,1051.53,114.35,376.6,219.19,1185.45,7376.36,5.03,18.22,0.91,R093
C02957,R0070,TRK001,road,46.9,272.02,113.07,1070.92,41.99,650.32,166.97,0.0,2315.29,0.51,49.37,1.137,R070
C02958,R0013,TRK050,road,456.5,2647.7,1144.18,1009.43,277.28,773.47,566.08,0.0,6418.14,6.47,14.06,1.011,R013
C02959,R0098,TRK036,road,172.5,1000.5,374.2,1388.77,132.24,258.3,113.64,0.0,3267.64,0.77,18.94,0.998,R098
C02960,R0038,TRK010,road,125.9,730.22,284.11,1137.8,112.01,267.53,107.21,1495.49,4134.38,1.3,32.84,1.112,R038
C02961,R0087,TRK028,road,82.8,480.24,165.45,992.18,61.31,180.17,366.49,0.0,2245.83,0.49,27.12,1.094,R087
C02962,R0031,TRK013,road,44.5,258.1,106.8,1359.22,33.33,543.3,257.76,0.0,2558.51,3.01,57.49,1.189,R031
C02963,R0065,TRK022,road,474.7,2753.26,972.47,977.68,286.1,279.31,544.54,0.0,5813.37,2.05,12.25,1.029,R065
C02964,R0036,TRK042,road,218.4,1266.72,512.94,1053.51,132.64,525.94,312.67,968.26,4772.68,2.34,21.85,0.934,R036
C02965,R0087,TRK048,road,332.3,1927.34,810.03,1341.71,200.96,288.06,326.32,0.0,4894.42,1.29,14.73,1.228,R087
C02966,R0015,TRK033,road,84.7,491.26,205.86,969.0,56.09,889.25,181.54,0.0,2792.99,2.27,32.98,1.116,R015
C02967,R0006,TRK020,road,145.2,842.16,280.86,1145.25,103.53,382.05,13.6,0.0,2767.45,1.76,19.06,1.029,R006
C02968,R0033,TRK002,road,112.9,654.82,215.09,1088.78,83.12,784.84,101.43,258.41,3186.49,0.66,28.22,1.147,R033
C02969,R0053,TRK046,road,334.5,1940.1,662.13,991.87,290.74,153.25,429.79,850.4,5318.28,2.08,15.9,1.044,R053
C02970,R0026,TRK011,road,52.3,303.34,108.07,1382.39,39.19,808.52,76.74,0.0,2718.25,2.08,51.97,1.05,R026
C02971,R0050,TRK029,road,490.0,2842.0,1083.13,1412.84,393.36,316.7,94.59,0.0,6142.63,1.61,12.54,0.999,R050
C02972,R0039,TRK014,road,99.3,575.94,243.2,1013.86,78.63,452.85,651.93,666.62,3683.02,5.53,37.09,0.973,R039
C02973,R0044,TRK006,road,128.6,745.88,318.19,1289.63,80.06,406.7,45.09,271.11,3156.66,0.79,24.55,1.119,R044
C02974,R0054,TRK002,local,172.4,1413.68,516.43,724.08,37.99,760.53,157.65,0.0,3610.35,1.0,20.94,1.021,R054
C02975,R0100,TRK017,road,443.2,2570.56,935.66,1370.37,274.32,549.78,495.0,0.0,6195.69,1.8,13.98,0.996,R100
C02976,R0032,TRK027,road,155.8,903.64,293.01,1005.24,98.18,343.79,173.98,0.0,2817.83,0.91,18.09,1.187,R032
C02977,R0077,TRK016,local,447.0,3665.4,1306.69,965.61,90.27,878.73,29.32,0.0,6936.03,7.15,15.52,0.963,R077
C02978,R0013,TRK007,road,544.8,3159.84,1318.17,1159.44,441.25,179.85,430.46,0.0,6689.01,13.07,12.28,1.146,R013
C02979,R0065,TRK010,road,463.1,2685.98,915.62,1065.18,356.32,453.34,623.17,0.0,6099.62,1.33,13.17,1.068,R065
C02980,R0064,TRK026,local,271.8,2228.76,705.76,732.43,59.28,352.9,174.31,457.38,4710.83,1.82,17.33,1.232,R064
C02981,R0048,TRK034,local,511.0,4190.2,1482.23,880.52,146.15,770.06,199.8,0.0,7668.96,2.19,15.01,0.942,R048
C02982,R0096,TRK047,road,160.8,932.64,304.84,1304.04,104.61,440.22,370.26,0.0,3456.6,2.02,21.5,1.015,R096
C02983,R0065,TRK045,local,479.1,3928.62,1350.62,832.05,97.91,661.11,99.19,0.0,6969.5,7.36,14.55,1.074,R065
C02984,R0048,TRK017,road,238.1,1380.98,478.71,1241.68,155.35,448.0,18.96,0.0,3723.69,1.74,15.64,0.918,R048
C02985,R0065,TRK024,local,333.1,2731.42,795.63,938.07,67.78,235.94,220.74,0.0,4989.58,6.37,14.98,1.098,R065
C02986,R0040,TRK025,rail,342.1,1231.56,284.26,487.06,48.52,568.74,310.92,0.0,2931.07,5.51,8.57,1.087,R040
C02987,R0077,TRK040,road,222.0,1287.6,486.12,1216.36,134.16,509.89,697.77,0.0,4331.9,1.15,19.51,0.909,R077
C02988,R0067,TRK015,rail,474.2,1707.12,336.3,503.94,84.59,497.28,621.61,359.67,4110.52,1.18,8.67,1.011,R067
C02989,R0015,TRK016,road,391.3,2269.54,863.59,1079.33,247.1,726.15,443.92,0.0,5629.64,3.67,14.39,0.948,R015
C02990,R0026,TRK024,rail,71.3,256.68,65.04,462.67,10.72,577.6,447.09,159.8,1979.6,1.96,27.76,0.953,R026
C02991,R0051,TRK012,rail,296.6,1067.76,236.98,401.91,47.64,883.16,671.43,888.04,4196.92,2.11,14.15,1.19,R051
C02992,R0083,TRK027,local,353.6,2899.52,947.67,811.08,86.05,619.2,217.93,0.0,5581.44,9.63,15.78,1.181,R083
C02993,R0069,TRK031,road,174.7,1013.26,389.2,1056.87,119.16,556.34,461.32,0.0,3596.15,0.74,20.58,0.986,R069
C02994,R0026,TRK028,road,166.2,963.96,315.72,1041.99,141.84,481.95,206.34,231.27,3383.08,5.45,20.36,1.188,R026
C02995,R0064,TRK043,road,393.1,2279.98,910.1,1184.69,286.18,698.62,540.53,0.0,5900.11,1.26,15.01,1.095,R064
C02996,R0077,TRK021,local,333.3,2733.06,898.07,807.9,83.21,836.2,184.69,580.69,6123.81,2.3,18.37,0.929,R077
C02997,R0032,TRK030,road,511.3,2965.54,1001.77,1353.51,332.08,836.78,158.86,0.0,6648.54,2.94,13.0,1.054,R032
C02998,R0022,TRK018,rail,455.8,1640.88,380.07,513.65,60.26,620.21,613.83,0.0,3828.91,7.38,8.4,1.157,R022
C02999,R0038,TRK046,road,286.3,1660.54,587.89,1252.13,177.71,860.55,549.73,0.0,5088.55,4.41,17.77,1.217,R038
C03000,R0077,TRK016,local,164.1,1345.62,406.35,895.85,46.78,889.83,19.55,884.81,4488.79,1.57,27.35,1.216,R077
C03001,R0035,TRK029,road,47.5,275.5,109.59,1370.0,31.74,443.38,366.46,916.89,3513.57,1.14,73.97,1.088,R035
C03002,R0050,TRK007,road,437.1,2535.18,1037.89,1084.06,327.32,651.35,674.21,1025.18,7335.19,4.75,16.78,1.18,R050
C03003,R0058,TRK027,road,461.9,2679.02,1005.1,976.92,310.56,662.43,345.06,0.0,5979.08,1.85,12.94,1.018,R058
C03004,R0013,TRK011,road,40.6,235.48,89.44,1374.77,34.93,399.01,628.94,67.07,2829.64,1.97,69.7,1.111,R013
C03005,R0089,TRK037,road,238.4,1382.72,573.69,1110.74,197.93,414.36,308.43,0.0,3987.88,0.9,16.73,1.009,R089
C03006,R0077,TRK034,road,124.6,722.68,279.75,1398.14,105.21,667.79,229.52,0.0,3403.08,5.53,27.31,0.995,R077
C03007,R0041,TRK006,road,497.5,2885.5,1129.58,1172.3,314.6,719.3,171.37,1492.26,7884.91,2.08,15.85,1.092,R041
C03008,R0055,TRK037,road,389.0,2256.2,967.71,1329.96,327.87,774.53,471.74,0.0,6128.02,3.46,15.75,1.066,R055
C03009,R0057,TRK010,road,278.9,1617.62,596.12,1202.63,174.54,777.75,34.65,0.0,4403.32,1.23,15.79,1.205,R057
C03010,R0081,TRK009,road,30.2,175.16,71.94,1249.36,21.64,436.97,398.59,0.0,2353.66,2.08,77.94,1.249,R081
C03011,R0048,TRK006,rail,222.8,802.08,177.53,375.98,38.55,312.87,86.65,462.16,2255.82,1.66,10.12,0.937,R048
C03012,R0006,TRK020,road,227.9,1321.82,546.18,1214.43,137.19,662.21,259.46,0.0,4141.3,0.88,18.17,0.943,R006
C03013,R0063,TRK035,rail,178.1,641.16,152.84,363.66,30.19,460.6,611.5,0.0,2259.94,0.45,12.69,1.185,R063
C03014,R0035,TRK031,road,513.0,2975.4,1059.59,1107.83,350.74,311.91,600.24,915.83,7321.54,1.95,14.27,1.025,R035
C03015,R0028,TRK016,rail,275.5,991.8,207.39,454.32,37.69,288.06,457.27,0.0,2436.52,0.95,8.84,0.974,R028
C03016,R0069,TRK030,road,162.1,940.18,311.95,1010.12,129.51,344.07,697.08,0.0,3432.91,4.66,21.18,1.038,R069
C03017,R0086,TRK045,local,185.7,1522.74,487.7,879.1,37.54,706.42,33.12,0.0,3666.62,3.29,19.74,1.217,R086
C03018,R0012,TRK026,road,440.1,2552.58,998.98,1273.83,338.56,612.74,637.29,0.0,6413.98,1.78,14.57,0.933,R012
C03019,R0023,TRK035,road,414.5,2404.1,849.08,1396.21,345.61,409.95,12.81,0.0,5417.75,1.16,13.07,1.141,R023
C03020,R0062,TRK002,road,346.7,2010.86,707.71,1337.87,268.48,470.51,9.15,1255.21,6059.8,1.51,17.48,1.004,R062
C03021,R0049,TRK005,road,244.1,1415.78,519.76,1264.78,163.14,419.32,376.51,203.58,4362.87,1.39,17.87,1.167,R049
C03022,R0004,TRK020,road,200.7,1164.06,466.8,1221.55,138.19,852.58,354.17,273.03,4470.38,1.09,22.27,1.102,R004
C03023,R0063,TRK019,road,126.8,735.44,244.73,1354.29,81.56,415.15,98.51,994.52,3924.21,5.56,30.95,1.013,R063
C03024,R0033,TRK015,road,107.8,625.24,210.22,1319.73,64.8,306.88,537.59,0.0,3064.46,1.11,28.43,1.152,R033
C03025,R0061,TRK022,rail,129.5,466.2,100.21,370.84,20.33,738.57,283.3,712.02,2691.47,7.74,20.78,1.103,R061
C03026,R0062,TRK009,road,261.7,1517.86,585.76,1031.02,212.15,791.16,607.62,0.0,4745.56,1.51,18.13,0.929,R062
C03027,R0007,TRK031,road,66.9,388.02,163.99,1322.78,49.37,374.42,147.13,0.0,2445.72,3.06,36.56,1.004,R007
C03028,R0068,TRK040,road,199.5,1157.1,466.33,1336.82,146.54,394.83,60.62,0.0,3562.23,1.23,17.86,1.243,R068
C03029,R0079,TRK011,road,536.3,3110.54,1201.98,1009.43,330.5,226.46,445.98,1528.42,7853.3,10.62,14.64,1.082,R079
C03030,R0035,TRK015,road,306.5,1777.7,640.86,1031.97,269.55,239.09,5.41,0.0,3964.58,2.67,12.94,1.176,R035
C03031,R0053,TRK020,road,334.4,1939.52,639.38,1302.98,270.01,249.77,200.51,795.38,5397.54,1.55,16.14,1.111,R053
C03032,R0028,TRK008,rail,425.0,1530.0,318.88,360.5,63.33,555.57,632.11,994.81,4455.22,1.69,10.48,0.91,R028
C03033,R0028,TRK001,local,164.5,1348.9,478.46,972.83,42.52,881.1,141.05,0.0,3864.87,0.95,23.49,1.117,R028
C03034,R0100,TRK007,road,270.6,1569.48,651.79,1206.52,217.67,520.86,343.5,0.0,4509.82,1.64,16.67,1.215,R100
C03035,R0073,TRK029,road,408.3,2368.14,1018.68,968.82,251.93,813.83,411.88,0.0,5833.28,2.5,14.29,1.019,R073
C03036,R0062,TRK030,local,411.6,3375.12,1118.98,937.02,93.06,764.76,69.11,0.0,6358.05,1.72,15.45,1.032,R062
C03037,R0074,TRK026,road,348.5,2021.3,780.21,1241.39,247.19,858.09,130.06,622.19,5900.44,1.21,16.93,0.907,R074
C03038,R0031,TRK003,road,315.1,1827.58,773.05,1146.29,224.41,796.91,303.88,0.0,5072.12,2.82,16.1,1.146,R031
C03039,R0063,TRK008,road,473.9,2748.62,933.16,1271.61,362.79,282.61,83.03,0.0,5681.82,2.0,11.99,1.12,R063
C03040,R0080,TRK027,local,537.6,4408.32,1705.88,899.08,155.8,827.58,298.8,0.0,8295.46,3.52,15.43,1.094,R080
C03041,R0025,TRK016,road,395.8,2295.64,827.94,1022.77,250.88,186.9,1.87,0.0,4586.0,2.86,11.59,1.246,R025
C03042,R0068,TRK042,rail,78.0,280.8,67.3,485.11,10.06,326.63,19.53,903.69,2093.13,2.49,26.84,1.175,R068
C03043,R0008,TRK023,road,358.9,2081.62,853.57,1345.78,225.37,677.4,281.22,1688.48,7153.44,6.29,19.93,1.16,R008
C03044,R0038,TRK048,road,43.6,252.88,82.77,1361.01,30.06,293.13,141.02,0.0,2160.88,1.13,49.56,1.158,R038
C03045,R0077,TRK013,road,43.6,252.88,84.82,968.8,31.14,392.98,679.73,0.0,2410.35,3.39,55.28,1.187,R077
C03046,R0080,TRK026,road,428.2,2483.56,975.96,1114.79,309.42,702.3,520.83,635.55,6742.41,6.67,15.75,1.121,R080
C03047,R0063,TRK001,road,433.1,2511.98,927.44,1069.61,288.4,279.87,512.33,136.42,5726.06,15.52,13.22,1.198,R063
C03048,R0024,TRK020,road,327.0,1896.6,796.61,1218.94,209.55,685.56,612.84,944.05,6364.15,3.31,19.46,1.044,R024
C03049,R0093,TRK019,road,130.6,757.48,323.56,1351.67,85.86,382.25,329.02,0.0,3229.84,1.2,24.73,0.915,R093
C03050,R0012,TRK013,rail,336.2,1210.32,251.88,506.76,55.43,617.1,373.53,305.99,3321.01,1.28,9.88,0.965,R012
C03051,R0002,TRK008,road,294.3,1706.94,686.8,1002.06,257.15,882.05,251.77,0.0,4786.77,1.99,16.26,1.129,R002
C03052,R0093,TRK032,road,321.4,1864.12,753.47,1118.37,285.46,613.49,167.47,0.0,4802.38,1.22,14.94,0.962,R093
C03053,R0012,TRK034,rail,380.3,1369.08,266.57,389.13,46.17,776.49,598.93,0.0,3446.36,3.57,9.06,1.247,R012
C03054,R0023,TRK038,rail,134.4,483.84,97.73,525.55,23.48,784.96,628.17,1618.62,4162.35,1.88,30.97,1.048,R023
C03055,R0067,TRK015,road,393.6,2282.88,927.3,1201.45,250.91,230.07,223.26,0.0,5115.87,1.08,13.0,1.0,R067
C03056,R0070,TRK037,road,335.6,1946.48,822.25,1367.76,286.69,608.83,296.88,0.0,5328.89,2.03,15.88,1.229,R070
C03057,R0077,TRK002,road,103.5,600.3,206.39,1116.85,80.62,333.76,492.16,0.0,2830.08,3.92,27.34,0.998,R077
C03058,R0045,TRK002,rail,322.9,1162.44,237.47,480.45,40.13,408.32,301.61,1431.53,4061.95,1.3,12.58,0.997,R045
C03059,R0073,TRK020,rail,448.2,1613.52,349.55,445.68,54.57,317.59,506.28,0.0,3287.2,2.01,7.33,1.029,R073
C03060,R0018,TRK010,road,171.5,994.7,370.58,1382.39,105.08,886.56,59.84,0.0,3799.16,3.96,22.15,1.043,R018
C03061,R0051,TRK038,local,103.5,848.7,279.55,1011.71,23.42,342.01,220.27,1492.65,4218.32,1.28,40.76,1.064,R051
C03062,R0002,TRK041,road,242.5,1406.5,586.04,973.18,176.57,316.18,478.23,0.0,3936.7,1.39,16.23,1.13,R002
C03063,R0095,TRK044,rail,516.4,1859.04,411.7,475.03,91.88,438.65,584.91,0.0,3861.21,0.93,7.48,1.245,R095
C03064,R0078,TRK031,road,217.6,1262.08,448.25,1383.73,160.6,271.91,434.62,0.0,3961.18,1.55,18.2,0.928,R078
C03065,R0001,TRK005,local,514.2,4216.44,1344.59,834.22,111.89,702.96,266.79,0.0,7476.89,1.71,14.54,0.937,R001
C03066,R0029,TRK023,local,119.2,977.44,342.2,877.46,25.17,795.68,53.05,0.0,3071.0,2.6,25.76,1.211,R029
C03067,R0054,TRK048,rail,202.8,730.08,153.06,365.6,28.87,472.12,273.72,0.0,2023.45,0.44,9.98,1.167,R054
C03068,R0097,TRK029,road,368.8,2139.04,825.29,1161.4,271.33,633.73,543.87,0.0,5574.66,4.05,15.12,1.194,R097
C03069,R0066,TRK026,road,357.0,2070.6,803.35,1409.15,265.52,588.82,245.22,0.0,5382.66,1.76,15.08,1.104,R066
C03070,R0028,TRK036,road,529.4,3070.52,1091.92,1092.17,346.15,484.4,674.68,0.0,6759.83,2.08,12.77,1.022,R028
C03071,R0047,TRK004,local,106.5,873.3,318.27,789.88,29.69,675.32,243.18,0.0,2929.64,0.65,27.51,1.058,R047
C03072,R0073,TRK038,rail,324.4,1167.84,271.43,365.65,53.11,649.62,94.51,284.11,2886.26,2.7,8.9,0.989,R073
C03073,R0035,TRK011,local,490.5,4022.1,1369.22,793.32,106.72,362.65,219.35,0.0,6873.37,9.37,14.01,1.241,R035
C03074,R0089,TRK010,road,302.3,1753.34,668.17,1137.94,205.79,560.87,59.51,0.0,4385.62,2.26,14.51,1.227,R089
C03075,R0091,TRK003,road,416.7,2416.86,985.43,1227.46,342.78,182.84,209.03,0.0,5364.39,1.78,12.87,1.176,R091
C03076,R0005,TRK044,road,473.4,2745.72,982.74,1094.1,322.23,591.59,650.29,404.83,6791.52,20.59,14.35,1.029,R005
C03077,R0006,TRK028,rail,319.7,1150.92,274.99,532.97,57.44,670.73,581.78,0.0,3268.82,1.68,10.22,1.198,R006
C03078,R0078,TRK024,road,149.0,864.2,300.37,1078.17,117.5,788.12,114.58,267.31,3530.24,1.54,23.69,1.071,R078
C03079,R0015,TRK015,road,383.7,2225.46,858.47,1436.36,329.84,804.26,114.3,283.55,6052.24,2.8,15.77,1.109,R015
C03080,R0056,TRK032,local,75.3,617.46,242.3,817.16,19.84,450.41,138.15,832.46,3117.78,1.48,41.4,1.067,R056
C03081,R0043,TRK043,road,436.5,2531.7,1031.89,1407.28,330.93,182.85,356.95,0.0,5841.61,7.13,13.38,0.994,R043
C03082,R0054,TRK047,road,72.0,417.6,137.74,1427.76,62.75,705.54,142.38,1153.62,4047.4,3.56,56.21,1.116,R054
C03083,R0039,TRK034,road,333.4,1933.72,677.92,1068.89,297.53,764.15,644.62,0.0,5386.83,2.72,16.16,0.964,R039
C03084,R0043,TRK024,rail,492.1,1771.56,369.59,405.17,62.92,670.66,368.44,0.0,3648.33,0.78,7.41,0.979,R043
C03085,R0096,TRK041,road,198.0,1148.4,416.88,1376.11,122.04,537.6,586.12,632.6,4819.74,1.5,24.34,1.025,R096
C03086,R0028,TRK007,road,271.6,1575.28,597.99,1433.01,188.47,271.31,480.05,1349.15,5895.26,1.33,21.71,1.172,R028
C03087,R0008,TRK047,road,322.1,1868.18,653.62,1369.91,276.85,316.21,303.56,0.0,4788.32,5.36,14.87,1.232,R008
C03088,R0043,TRK015,road,489.6,2839.68,1121.87,1088.2,413.78,356.02,257.24,0.0,6076.81,2.2,12.41,1.047,R043
C03089,R0100,TRK019,road,148.1,858.98,352.19,1086.39,109.45,173.43,221.55,0.0,2802.0,0.7,18.92,1.023,R100
C03090,R0064,TRK011,road,180.0,1044.0,405.04,1390.04,133.18,522.56,535.05,0.0,4029.86,9.05,22.39,1.057,R064
C03091,R0081,TRK019,road,65.7,381.06,152.3,1167.33,54.85,392.47,513.76,176.74,2838.51,8.95,43.2,0.976,R081
C03092,R0062,TRK007,road,225.1,1305.58,553.37,1236.14,160.13,894.23,386.09,0.0,4535.55,0.94,20.15,1.206,R062
C03093,R0032,TRK004,road,373.3,2165.14,894.58,1361.87,242.43,876.46,278.91,977.78,6797.17,1.45,18.21,1.217,R032
C03094,R0081,TRK023,road,285.1,1653.58,617.08,1390.38,212.64,637.08,42.57,1272.44,5825.76,2.35,20.43,1.191,R081
C03095,R0006,TRK047,local,228.7,1875.34,732.83,930.82,48.62,661.69,293.95,0.0,4543.25,2.19,19.87,0.946,R006
C03096,R0049,TRK010,local,108.4,888.88,274.04,897.52,22.42,662.61,115.91,1064.09,3925.48,1.73,36.21,1.243,R049
C03097,R0027,TRK021,road,40.9,237.22,98.58,963.11,33.21,432.56,439.54,0.0,2204.22,0.62,53.89,1.015,R027
C03098,R0045,TRK011,road,43.3,251.14,97.88,1011.49,28.42,277.69,230.93,0.0,1897.56,2.21,43.82,1.186,R045
C03099,R0074,TRK031,rail,539.6,1942.56,403.81,382.47,95.11,166.78,566.33,1187.8,4744.87,1.03,8.79,1.146,R074
C03100,R0014,TRK039,local,260.8,2138.56,684.81,917.01,58.2,528.24,269.68,1039.18,5635.66,5.35,21.61,1.237,R014
C03101,R0074,TRK048,road,219.3,1271.94,537.58,1169.52,156.47,174.43,557.25,1377.03,5244.21,12.37,23.91,1.042,R074
C03102,R0002,TRK047,road,81.4,472.12,157.38,1255.45,51.37,602.92,663.68,1487.2,4690.13,1.43,57.62,0.943,R002
C03103,R0022,TRK002,road,125.1,725.58,265.12,1078.52,106.25,361.27,107.14,723.4,3367.27,1.13,26.92,1.22,R022
C03104,R0029,TRK002,road,171.8,996.44,345.83,1274.16,134.9,748.64,4.05,0.0,3504.03,2.04,20.4,1.109,R029
C03105,R0100,TRK030,local,225.4,1848.28,550.11,1018.86,55.33,169.85,240.0,0.0,3882.44,1.4,17.22,1.153,R100
C03106,R0085,TRK025,local,227.2,1863.04,658.33,1074.96,60.68,311.87,194.57,631.85,4795.3,5.64,21.11,1.234,R085
C03107,R0028,TRK033,road,220.7,1280.06,506.72,1199.34,169.63,480.47,580.91,1634.0,5851.13,2.22,26.51,1.221,R028
C03108,R0065,TRK047,road,405.1,2349.58,801.76,1386.49,306.79,326.86,180.15,1089.51,6441.14,2.13,15.9,1.166,R065
C03109,R0073,TRK045,local,429.1,3518.62,1191.62,848.75,98.16,254.94,221.67,1281.95,7415.71,3.63,17.28,1.028,R073
C03110,R0046,TRK020,local,198.1,1624.42,517.23,780.95,52.22,508.14,152.11,1162.52,4797.59,1.77,24.22,1.169,R046
C03111,R0049,TRK015,road,473.3,2745.14,1034.87,1124.88,390.19,673.1,508.97,0.0,6477.14,1.58,13.69,1.123,R049
C03112,R0057,TRK013,local,235.1,1927.82,668.01,769.97,62.06,414.41,41.61,0.0,3883.87,1.17,16.52,1.14,R057
C03113,R0047,TRK044,road,194.3,1126.94,409.72,1012.27,174.04,441.62,322.7,306.56,3793.85,3.36,19.53,1.014,R047
C03114,R0029,TRK011,road,155.4,901.32,325.48,1124.5,95.43,260.65,178.98,617.48,3503.84,10.77,22.55,1.13,R029
C03115,R0017,TRK032,road,423.5,2456.3,848.14,1329.19,361.43,707.25,65.7,0.0,5768.0,3.1,13.62,1.004,R017
C03116,R0088,TRK010,road,136.2,789.96,273.6,1138.74,93.67,377.61,6.44,0.0,2680.02,0.55,19.68,1.088,R088
C03117,R0088,TRK004,road,457.4,2652.92,1044.07,1043.06,349.34,191.49,121.3,649.79,6051.96,13.35,13.23,1.057,R088
C03118,R0040,TRK038,local,331.9,2721.58,953.46,900.66,74.86,741.8,56.49,0.0,5448.84,3.25,16.42,1.071,R040
C03119,R0051,TRK031,road,380.6,2207.48,747.4,1333.78,310.62,724.11,390.36,0.0,5713.75,1.46,15.01,1.18,R051
C03120,R0054,TRK003,rail,132.0,475.2,112.68,522.99,19.7,391.71,243.89,0.0,1766.16,0.48,13.38,1.012,R054
C03121,R0080,TRK049,road,394.3,2286.94,758.04,1073.41,315.71,257.49,81.01,1088.08,5860.68,2.69,14.86,0.953,R080
C03122,R0019,TRK036,road,305.1,1769.58,573.27,1266.34,187.68,343.34,196.42,450.5,4787.12,12.21,15.69,1.118,R019
C03123,R0018,TRK038,rail,157.3,566.28,141.57,469.02,25.02,151.84,460.2,134.05,1947.97,0.41,12.38,1.139,R018
C03124,R0030,TRK045,rail,439.3,1581.48,327.68,417.86,75.6,834.77,693.02,1748.73,5679.14,1.29,12.93,1.121,R030
C03125,R0036,TRK009,road,279.4,1620.52,653.85,1057.47,222.98,562.07,390.04,221.63,4728.56,1.32,16.92,0.953,R036
C03126,R0064,TRK038,road,204.7,1187.26,484.68,1204.4,153.1,271.21,252.59,0.0,3553.24,0.95,17.36,1.014,R064
C03127,R0097,TRK010,road,488.9,2835.62,1032.25,1119.69,437.72,182.52,456.04,522.03,6585.86,4.01,13.47,1.064,R097
C03128,R0063,TRK043,local,408.7,3351.34,1205.54,1068.38,83.91,157.33,268.91,0.0,6135.41,1.3,15.01,1.243,R063
C03129,R0052,TRK020,road,289.5,1679.1,722.26,1242.63,222.46,275.82,218.79,1025.23,5386.3,1.09,18.61,1.094,R052
C03130,R0072,TRK026,local,50.6,414.92,127.75,823.44,12.81,637.17,242.46,0.0,2258.55,1.42,44.64,1.067,R072
C03131,R0081,TRK026,rail,30.1,108.36,27.65,509.36,4.47,556.31,368.2,268.51,1842.87,0.39,61.22,1.236,R081
C03132,R0035,TRK041,rail,495.3,1783.08,392.81,382.59,64.57,815.74,539.39,1326.25,5304.42,3.61,10.71,1.24,R035
C03133,R0015,TRK042,road,177.0,1026.6,361.35,1178.96,139.05,599.54,272.69,1060.43,4638.6,1.09,26.21,0.988,R015
C03134,R0071,TRK032,road,307.9,1785.82,752.05,992.34,263.88,561.62,38.61,0.0,4394.33,2.42,14.27,1.028,R071
C03135,R0007,TRK034,road,295.8,1715.64,634.93,1083.09,244.01,340.96,129.37,0.0,4148.01,4.06,14.02,1.012,R007
C03136,R0090,TRK016,road,498.5,2891.3,1044.08,1353.73,334.44,712.67,349.57,465.21,7151.0,1.72,14.35,1.158,R090
C03137,R0058,TRK018,local,291.7,2391.94,885.58,883.69,67.94,475.7,1.72,0.0,4706.58,1.29,16.14,1.11,R058
C03138,R0063,TRK046,road,361.8,2098.44,905.23,1353.22,320.32,186.99,34.32,617.13,5515.65,4.45,15.25,0.946,R063
C03139,R0043,TRK006,rail,414.1,1490.76,314.7,494.8,72.61,210.32,648.12,0.0,3231.31,1.9,7.8,0.905,R043
C03140,R0076,TRK046,rail,35.3,127.08,25.84,386.1,4.39,345.74,396.61,0.0,1285.75,0.28,36.42,1.152,R076
C03141,R0043,TRK022,local,211.1,1731.02,534.66,975.84,62.47,188.09,168.48,846.39,4506.95,2.57,21.35,1.132,R043
C03142,R0040,TRK041,local,351.4,2881.48,978.2,1044.54,101.09,309.41,276.95,0.0,5591.66,1.43,15.91,0.95,R040
C03143,R0007,TRK038,rail,104.3,375.48,90.84,424.05,15.12,625.35,66.83,0.0,1597.67,0.35,15.32,0.948,R007
C03144,R0100,TRK021,road,159.1,922.78,304.1,1092.21,124.69,866.23,462.44,0.0,3772.45,2.02,23.71,1.153,R100
C03145,R0019,TRK027,road,406.6,2358.28,1014.13,1107.78,341.44,510.72,107.2,1517.24,6956.78,2.45,17.11,1.104,R019
C03146,R0031,TRK041,road,273.6,1586.88,679.21,1377.74,227.69,383.99,2.77,0.0,4258.28,1.1,15.56,1.185,R031
C03147,R0072,TRK024,road,230.3,1335.74,520.4,1385.31,182.2,764.84,372.27,0.0,4560.76,1.18,19.8,1.042,R072
C03148,R0079,TRK040,road,46.0,266.8,113.07,1344.52,39.87,402.55,644.67,0.0,2811.5,4.38,61.12,1.195,R079
C03149,R0079,TRK013,road,281.8,1634.44,641.31,1125.38,174.48,457.71,646.02,0.0,4679.34,2.87,16.61,0.922,R079
C03150,R0007,TRK026,rail,208.7,751.32,147.64,382.16,27.19,255.83,235.57,886.14,2685.84,0.98,12.87,1.057,R007
C03151,R0080,TRK043,road,92.0,533.6,227.21,1192.06,65.95,688.5,476.89,0.0,3184.21,3.61,34.61,0.916,R080
C03152,R0087,TRK023,road,381.3,2211.54,863.12,1328.45,248.22,379.66,379.65,0.0,5410.63,1.32,14.19,1.136,R087
C03153,R0091,TRK045,road,352.5,2044.5,812.69,1227.51,303.41,791.24,95.15,0.0,5274.5,6.77,14.96,1.232,R091
C03154,R0023,TRK044,road,234.2,1358.36,551.77,1325.7,147.46,226.86,90.08,0.0,3700.23,3.31,15.8,0.997,R023
C03155,R0058,TRK013,rail,79.8,287.28,66.91,502.06,13.46,395.19,129.58,0.0,1394.48,1.42,17.47,1.147,R058
C03156,R0064,TRK022,road,484.7,2811.26,1095.9,1304.67,416.1,711.38,653.17,0.0,6992.49,2.31,14.43,0.941,R064
C03157,R0028,TRK008,road,341.3,1979.54,800.69,1017.56,247.91,814.57,482.69,1091.23,6434.2,1.37,18.85,0.959,R028
C03158,R0017,TRK010,road,380.8,2208.64,926.99,1405.34,315.75,741.15,78.63,0.0,5676.49,2.61,14.91,0.987,R017
C03159,R0013,TRK037,rail,149.0,536.4,115.74,500.02,23.39,828.22,70.27,0.0,2074.03,0.72,13.92,1.046,R013
C03160,R0023,TRK003,road,396.8,2301.44,990.79,1391.39,294.61,789.32,414.7,0.0,6182.26,4.2,15.58,1.03,R023
C03161,R0070,TRK022,road,66.9,388.02,126.73,1053.32,58.4,651.23,547.1,714.49,3539.29,1.59,52.9,1.153,R070
C03162,R0099,TRK007,local,119.6,980.72,309.27,1073.89,26.8,836.54,225.61,890.26,4343.1,0.88,36.31,1.228,R099
C03163,R0075,TRK043,road,380.0,2204.0,819.61,1388.78,328.62,503.24,562.82,100.02,5907.08,12.52,15.54,1.002,R075
C03164,R0040,TRK024,local,116.3,953.66,354.27,772.69,31.48,317.1,50.42,0.0,2479.62,2.8,21.32,1.215,R040
C03165,R0086,TRK031,road,150.8,874.64,345.0,1060.02,123.1,238.45,174.63,1630.5,4446.34,1.0,29.49,1.002,R086
C03166,R0049,TRK013,local,501.3,4110.66,1304.48,871.62,137.72,826.65,38.55,0.0,7289.67,1.96,14.54,1.089,R049
C03167,R0082,TRK020,local,395.1,3239.82,967.04,869.17,79.36,871.29,282.17,0.0,6308.84,1.64,15.97,0.903,R082
C03168,R0097,TRK039,road,466.6,2706.28,1021.37,1169.24,364.64,489.99,677.79,0.0,6429.3,2.02,13.78,0.91,R097
C03169,R0092,TRK041,rail,301.9,1086.84,269.84,428.74,53.14,702.51,101.01,900.37,3542.45,1.65,11.73,1.227,R092
C03170,R0073,TRK020,road,363.7,2109.46,703.14,1269.57,312.06,514.15,364.35,0.0,5272.73,3.65,14.5,1.224,R073
C03171,R0066,TRK047,local,484.3,3971.26,1543.69,950.56,115.73,534.31,288.78,0.0,7404.33,1.52,15.29,1.158,R066
C03172,R0075,TRK019,rail,160.2,576.72,119.2,535.95,21.39,364.21,66.29,0.0,1683.77,0.41,10.51,1.03,R075
C03173,R0026,TRK019,road,121.6,705.28,258.0,1223.71,83.23,832.09,295.73,1646.38,5044.42,1.35,41.48,1.218,R026
C03174,R0001,TRK012,local,97.6,800.32,268.49,1014.57,28.88,852.08,254.08,1601.53,4819.96,2.98,49.38,1.219,R001
C03175,R0003,TRK033,rail,427.0,1537.2,310.0,367.19,52.9,233.09,387.23,0.0,2887.61,5.73,6.76,0.986,R003
C03176,R0068,TRK013,local,373.5,3062.7,1066.5,912.94,87.63,294.17,151.28,1160.28,6735.5,1.45,18.03,1.214,R068
C03177,R0001,TRK040,rail,310.9,1119.24,284.58,383.37,45.98,574.07,77.72,0.0,2484.96,0.51,7.99,1.187,R001
C03178,R0041,TRK006,rail,256.2,922.32,177.3,521.13,34.55,393.12,435.1,0.0,2483.53,1.88,9.69,1.025,R041
C03179,R0003,TRK026,road,411.0,2383.8,981.5,1054.32,247.83,150.85,112.97,0.0,4931.27,1.2,12.0,0.917,R003
C03180,R0027,TRK028,road,50.8,294.64,118.06,1098.06,41.21,538.97,176.05,0.0,2266.99,0.49,44.63,0.977,R027
C03181,R0030,TRK024,local,466.6,3826.12,1324.39,810.87,106.54,340.01,8.68,0.0,6416.61,9.54,13.75,0.98,R030
C03182,R0071,TRK009,road,399.2,2315.36,909.7,1364.0,296.48,166.85,339.15,1317.33,6708.89,1.38,16.81,1.19,R071
C03183,R0038,TRK040,road,300.1,1740.58,706.04,1381.28,237.42,304.93,156.88,1406.63,5933.77,2.12,19.77,1.089,R038
C03184,R0049,TRK030,road,277.5,1609.5,560.48,1373.01,222.8,356.51,400.69,0.0,4522.99,1.16,16.3,0.971,R049
C03185,R0071,TRK012,rail,468.3,1685.88,320.49,440.61,63.85,622.77,341.06,0.0,3474.65,0.71,7.42,1.195,R071
C03186,R0021,TRK015,local,255.9,2098.38,822.66,1052.58,60.05,842.73,71.14,0.0,4947.54,2.31,19.33,1.144,R021
C03187,R0081,TRK044,rail,384.2,1383.12,264.9,531.05,48.14,802.05,575.3,0.0,3604.57,2.27,9.38,1.144,R081
C03188,R0097,TRK050,road,37.1,215.18,75.77,1395.13,28.47,684.91,597.68,1163.87,4161.02,3.05,112.16,1.162,R097
C03189,R0006,TRK046,road,165.2,958.16,400.35,1281.77,102.01,767.65,107.9,530.1,4147.95,1.01,25.11,1.164,R006
C03190,R0028,TRK027,local,113.5,930.7,333.19,758.07,28.4,539.58,102.01,665.78,3357.73,1.24,29.58,0.908,R028
C03191,R0083,TRK036,road,454.8,2637.84,1111.97,1222.38,338.77,841.88,594.25,36.78,6783.87,9.35,14.92,1.135,R083
C03192,R0062,TRK034,road,223.7,1297.46,526.41,1354.75,142.67,428.28,284.1,0.0,4033.67,1.25,18.03,0.979,R062
C03193,R0022,TRK038,road,516.6,2996.28,1112.12,1310.31,411.29,537.47,588.34,0.0,6955.82,2.29,13.46,1.111,R022
C03194,R0096,TRK043,local,514.0,4214.8,1402.66,729.16,131.91,821.11,116.71,1389.54,8805.89,4.46,17.13,1.137,R096
C03195,R0049,TRK045,road,72.9,422.82,153.63,1412.46,63.91,800.6,660.23,795.83,4309.47,5.63,59.11,1.048,R049
C03196,R0029,TRK048,local,249.5,2045.9,644.88,996.92,70.9,367.39,16.25,0.0,4142.23,1.98,16.6,1.058,R029
C03197,R0028,TRK032,road,287.0,1664.6,690.66,1042.54,241.3,279.05,276.83,0.0,4194.99,1.14,14.62,1.071,R028
C03198,R0032,TRK041,road,473.2,2744.56,909.6,1129.89,423.65,527.29,583.55,1049.18,7367.71,1.52,15.57,1.115,R032
C03199,R0075,TRK016,road,421.6,2445.28,918.94,1242.86,272.83,328.05,148.79,0.0,5356.76,1.57,12.71,1.189,R075
C03200,R0067,TRK025,rail,392.0,1411.2,324.42,490.05,60.71,476.09,594.7,0.0,3357.17,1.9,8.56,1.134,R067
C03201,R0028,TRK044,road,84.8,491.84,178.01,1253.73,65.25,318.7,114.33,0.0,2421.86,0.71,28.56,0.942,R028
C03202,R0071,TRK018,road,146.4,849.12,340.64,1395.55,99.43,750.54,581.9,1205.67,5222.85,1.1,35.68,1.002,R071
C03203,R0072,TRK033,rail,180.4,649.44,148.51,539.93,29.36,387.43,242.45,1021.21,3018.33,0.78,16.73,1.108,R072
C03204,R0003,TRK030,road,321.5,1864.7,638.86,1052.64,273.77,742.72,467.18,0.0,5039.87,1.29,15.68,1.195,R003
C03205,R0095,TRK013,local,384.0,3148.8,1074.19,723.65,93.91,171.48,34.99,0.0,5247.02,9.52,13.66,1.085,R095
C03206,R0071,TRK028,road,302.5,1754.5,579.0,1352.64,225.2,470.09,248.74,1014.11,5644.28,1.8,18.66,0.96,R071
C03207,R0055,TRK009,local,168.5,1381.7,448.6,812.82,40.75,473.36,219.61,1325.78,4702.61,0.98,27.91,1.062,R055
C03208,R0034,TRK002,local,86.4,708.48,269.75,1071.66,17.77,377.05,102.01,0.0,2546.73,1.2,29.48,1.053,R034
C03209,R0050,TRK023,road,205.7,1193.06,455.68,1194.44,140.3,838.68,247.62,0.0,4069.78,2.12,19.79,0.962,R050
C03210,R0098,TRK045,local,503.6,4129.52,1618.51,911.74,108.25,394.09,6.49,0.0,7168.6,2.0,14.23,1.011,R098
C03211,R0035,TRK003,road,124.9,724.42,297.27,982.83,87.21,153.88,586.71,0.0,2832.33,0.82,22.68,0.953,R035
C03212,R0015,TRK011,road,118.3,686.14,273.8,1303.48,84.21,613.5,346.07,1696.88,5004.08,1.03,42.3,1.176,R015
C03213,R0032,TRK037,road,320.2,1857.16,655.76,1060.25,257.26,733.91,385.36,980.13,5929.82,3.15,18.52,1.048,R032
C03214,R0032,TRK014,road,138.4,802.72,264.34,996.94,84.77,351.63,184.57,0.0,2684.97,0.76,19.4,0.914,R032
C03215,R0076,TRK035,road,257.0,1490.6,628.96,991.82,182.7,850.61,560.87,0.0,4705.57,1.08,18.31,1.053,R076
C03216,R0006,TRK044,road,374.0,2169.2,916.12,1267.6,323.39,369.69,381.89,1243.51,6671.4,7.68,17.84,1.174,R006
C03217,R0022,TRK015,road,455.3,2640.74,1054.48,1130.92,328.04,814.41,275.87,0.0,6244.45,4.01,13.72,0.917,R022
C03218,R0056,TRK026,road,503.7,2921.46,1242.04,1204.74,403.64,279.17,687.12,115.59,6853.77,2.93,13.61,0.956,R056
C03219,R0093,TRK004,road,241.4,1400.12,462.4,1329.09,152.04,736.43,162.0,0.0,4242.08,2.94,17.57,1.126,R093
C03220,R0026,TRK022,road,358.5,2079.3,812.77,1178.37,293.25,883.74,367.56,405.75,6020.75,2.24,16.79,0.994,R026
C03221,R0091,TRK012,road,56.2,325.96,124.39,1308.06,42.12,893.26,393.62,0.0,3087.42,2.32,54.94,1.151,R091
C03222,R0017,TRK048,road,419.1,2430.78,904.39,1115.39,351.88,798.61,579.27,481.1,6661.42,1.92,15.89,1.14,R017
C03223,R0092,TRK012,road,496.0,2876.8,1203.15,1012.3,431.58,549.61,408.42,913.86,7395.71,7.81,14.91,1.232,R092
C03224,R0025,TRK048,rail,293.7,1057.32,210.48,491.12,51.95,880.6,360.09,0.0,3051.56,6.94,10.39,0.944,R025
C03225,R0072,TRK006,road,540.1,3132.58,1038.85,1240.78,389.03,493.98,17.57,146.59,6459.38,1.85,11.96,1.027,R072
C03226,R0050,TRK040,road,63.2,366.56,124.57,960.3,49.28,414.29,396.11,1219.25,3530.35,0.79,55.86,1.071,R050
C03227,R0048,TRK017,local,537.7,4409.14,1678.88,1017.15,122.87,558.83,33.33,0.0,7820.19,6.53,14.54,0.992,R048
C03228,R0098,TRK025,rail,484.2,1743.12,425.51,402.51,61.35,758.59,222.56,0.0,3613.64,1.67,7.46,1.035,R098
C03229,R0019,TRK034,rail,488.0,1756.8,440.8,388.74,80.58,319.89,385.58,1500.2,4872.6,1.45,9.98,0.993,R019
C03230,R0083,TRK046,road,379.0,2198.2,730.1,986.97,264.52,163.52,699.38,0.0,5042.68,4.38,13.31,1.084,R083
C03231,R0079,TRK048,road,307.5,1783.5,707.62,967.27,244.28,364.29,194.77,0.0,4261.72,1.05,13.86,1.108,R079
C03232,R0074,TRK004,rail,271.3,976.68,240.83,388.2,48.7,156.4,476.91,0.0,2287.72,0.47,8.43,1.21,R074
C03233,R0031,TRK007,rail,103.6,372.96,89.9,485.51,14.4,837.15,459.71,1212.94,3472.58,1.86,33.52,0.919,R031
C03234,R0099,TRK046,local,162.4,1331.68,456.69,904.69,33.93,646.52,215.82,0.0,3589.34,2.38,22.1,1.059,R099
C03235,R0062,TRK014,road,70.7,410.06,174.47,1047.32,58.7,818.32,351.31,0.0,2860.17,0.71,40.46,1.024,R062
C03236,R0057,TRK003,road,59.9,347.42,136.59,1408.95,47.33,629.09,304.87,1670.75,4545.01,11.46,75.88,1.041,R057
C03237,R0043,TRK024,road,217.0,1258.6,441.01,1054.44,180.79,854.86,656.05,686.09,5131.83,1.64,23.65,1.181,R043
C03238,R0002,TRK014,rail,456.3,1642.68,328.6,371.57,77.16,505.83,250.32,1505.95,4682.1,1.56,10.26,1.197,R002
C03239,R0089,TRK041,road,230.7,1338.06,516.78,1220.67,138.97,461.63,39.86,0.0,3715.97,0.95,16.11,1.124,R089
C03240,R0067,TRK050,road,394.3,2286.94,894.74,1157.78,318.9,568.66,98.99,117.78,5443.78,1.99,13.81,1.128,R067
C03241,R0017,TRK048,road,321.6,1865.28,794.17,1180.45,221.33,557.89,609.82,0.0,5228.93,1.94,16.26,1.246,R017
C03242,R0018,TRK009,road,453.3,2629.14,888.56,975.53,358.93,271.28,403.45,1118.95,6645.84,3.94,14.66,0.992,R018
C03243,R0013,TRK048,road,232.7,1349.66,552.53,1067.34,185.94,525.12,694.09,1293.52,5668.19,2.13,24.36,1.218,R013
C03244,R0030,TRK042,road,155.6,902.48,366.71,1385.52,98.39,763.47,403.08,1229.24,5148.89,2.55,33.09,1.014,R030
C03245,R0016,TRK006,road,156.1,905.38,347.21,1032.13,132.16,650.27,596.81,835.3,4499.27,1.68,28.82,0.983,R016
C03246,R0006,TRK004,rail,232.4,836.64,199.58,536.26,39.79,269.28,213.22,10.07,2104.83,2.09,9.06,0.966,R006
C03247,R0061,TRK029,rail,84.6,304.56,63.19,532.11,12.4,630.67,393.19,0.0,1936.13,0.94,22.89,1.221,R061
C03248,R0093,TRK019,local,90.7,743.74,266.06,895.64,27.2,465.41,198.66,99.84,2696.56,0.95,29.73,1.139,R093
C03249,R0046,TRK014,road,56.9,330.02,135.46,1402.42,35.54,713.99,10.67,824.05,3452.16,1.96,60.67,1.184,R046
C03250,R0041,TRK013,local,59.9,491.18,166.1,937.3,17.55,419.52,141.77,0.0,2173.42,0.64,36.28,0.984,R041
C03251,R0044,TRK019,road,542.6,3147.08,1148.66,1003.25,376.56,744.83,363.52,0.0,6783.9,9.74,12.5,1.231,R044
C03252,R0040,TRK034,road,51.6,299.28,127.73,1291.1,38.44,228.52,681.89,0.0,2666.96,1.87,51.69,1.141,R040
C03253,R0055,TRK032,rail,520.4,1873.44,472.52,512.06,68.5,870.47,275.78,0.0,4072.77,1.54,7.83,1.17,R055
C03254,R0036,TRK039,road,370.6,2149.48,913.7,1341.65,252.25,617.17,282.53,0.0,5556.78,1.24,14.99,1.049,R036
C03255,R0030,TRK017,local,103.3,847.06,281.75,809.02,21.44,847.19,200.18,0.0,3006.65,0.63,29.11,1.005,R030
C03256,R0031,TRK011,road,334.5,1940.1,752.21,995.09,297.64,629.6,629.58,0.0,5244.22,1.39,15.68,1.149,R031
C03257,R0063,TRK034,road,341.9,1983.02,655.0,1256.32,227.86,451.18,0.7,758.19,5332.27,1.52,15.6,0.936,R063
C03258,R0002,TRK009,road,190.0,1102.0,463.86,1241.5,131.62,391.45,86.22,0.0,3416.65,1.17,17.98,1.195,R002
C03259,R0091,TRK041,local,200.4,1643.28,581.52,966.6,53.36,164.62,99.16,1558.68,5067.22,9.46,25.29,0.949,R091
C03260,R0065,TRK001,road,207.2,1201.76,509.27,1137.21,168.79,366.81,659.2,0.0,4043.04,2.24,19.51,1.08,R065
C03261,R0080,TRK003,rail,384.6,1384.56,281.26,377.05,63.82,307.85,595.01,589.77,3599.32,0.76,9.36,1.014,R080
C03262,R0003,TRK043,road,123.1,713.98,246.73,1235.69,98.42,321.59,664.06,1525.39,4805.85,2.64,39.04,0.973,R003
C03263,R0098,TRK049,road,261.0,1513.8,556.6,1128.99,168.94,256.14,70.42,0.0,3694.9,2.58,14.16,1.035,R098
C03264,R0001,TRK006,road,62.0,359.6,127.18,1124.98,41.76,788.53,431.14,0.0,2873.2,0.59,46.34,0.971,R001
C03265,R0005,TRK022,road,237.2,1375.76,570.36,1176.36,157.53,618.09,227.15,257.88,4383.13,1.36,18.48,1.155,R005
C03266,R0079,TRK038,road,54.0,313.2,122.02,1173.96,34.28,323.02,289.99,0.0,2256.48,0.81,41.79,1.237,R079
C03267,R0009,TRK039,road,457.7,2654.66,946.98,1077.64,304.14,462.89,334.16,0.0,5780.48,1.85,12.63,1.09,R009
C03268,R0018,TRK030,road,265.0,1537.0,616.77,1171.83,186.6,843.29,687.38,963.8,6006.69,1.29,22.67,1.18,R018
C03269,R0052,TRK036,road,488.8,2835.04,1056.26,1134.71,399.51,240.15,362.18,1366.16,7394.02,7.14,15.13,1.084,R052
C03270,R0095,TRK046,road,287.1,1665.18,693.87,1071.68,209.33,856.17,590.3,649.99,5736.52,1.77,19.98,1.191,R095
C03271,R0036,TRK007,local,534.7,4384.54,1657.69,999.5,130.57,479.79,213.13,0.0,7865.22,2.92,14.71,1.128,R036
C03272,R0083,TRK044,road,413.0,2395.4,890.66,1416.04,353.09,161.01,60.77,0.0,5276.97,3.62,12.78,1.222,R083
C03273,R0058,TRK032,road,431.3,2501.54,860.28,1072.65,304.58,808.27,212.67,0.0,5759.99,14.9,13.35,1.011,R058
C03274,R0032,TRK011,rail,123.9,446.04,99.96,498.83,18.29,250.41,264.58,0.0,1578.11,3.07,12.74,1.245,R032
C03275,R0094,TRK038,local,291.6,2391.12,868.16,720.82,75.46,714.63,89.68,0.0,4859.88,1.4,16.67,1.175,R094
C03276,R0092,TRK010,rail,189.4,681.84,163.57,434.11,23.67,528.51,356.43,1733.58,3921.71,0.98,20.71,1.035,R092
C03277,R0068,TRK025,rail,453.8,1633.68,339.21,512.2,60.39,853.0,475.63,0.0,3874.11,5.5,8.54,1.014,R068
C03278,R0001,TRK038,road,195.2,1132.16,462.17,1142.21,128.46,299.35,482.66,1358.24,5005.24,1.83,25.64,0.911,R001
C03279,R0049,TRK011,rail,531.0,1911.6,367.75,404.06,88.48,649.19,11.33,0.0,3432.43,0.8,6.46,1.031,R049
C03280,R0064,TRK016,local,156.9,1286.58,474.37,891.57,33.98,666.54,117.5,0.0,3470.54,5.34,22.12,0.942,R064
C03281,R0018,TRK043,road,385.5,2235.9,902.95,1267.6,321.92,421.1,601.03,0.0,5750.5,1.41,14.92,0.989,R018
C03282,R0049,TRK040,road,354.8,2057.84,740.3,1353.08,274.55,156.42,564.58,0.0,5146.78,2.97,14.51,1.139,R049
C03283,R0025,TRK015,local,454.7,3728.54,1330.64,1027.6,127.56,250.46,151.42,1670.66,8286.88,1.87,18.22,1.209,R025
C03284,R0027,TRK047,rail,90.0,324.0,65.98,532.8,11.31,495.56,284.25,0.0,1713.89,1.42,19.04,1.134,R027
C03285,R0027,TRK022,road,147.6,856.08,333.37,1145.21,114.39,770.84,449.95,829.37,4499.2,1.51,30.48,0.902,R027
C03286,R0019,TRK013,road,390.7,2266.06,776.96,1139.02,249.08,829.85,319.21,528.07,6108.25,1.3,15.63,1.058,R019
C03287,R0047,TRK017,road,215.6,1250.48,432.94,1152.28,133.33,894.46,609.31,0.0,4472.8,1.12,20.75,1.074,R047
C03288,R0020,TRK049,road,162.6,943.08,311.8,1246.96,99.55,325.17,583.91,1614.22,5124.68,1.48,31.52,1.183,R020
C03289,R0095,TRK023,road,123.6,716.88,242.4,1199.73,86.9,483.78,514.49,0.0,3244.18,0.95,26.25,1.207,R095
C03290,R0069,TRK001,road,276.7,1604.86,575.71,1433.64,242.57,324.58,330.11,907.4,5418.87,6.63,19.58,0.97,R069
C03291,R0092,TRK004,rail,320.2,1152.72,281.37,395.63,50.72,765.69,253.82,1339.97,4239.92,11.17,13.24,1.176,R092
C03292,R0055,TRK018,road,219.1,1270.78,468.31,1084.27,166.18,435.32,583.74,0.0,4008.61,8.75,18.3,1.082,R055
C03293,R0033,TRK031,road,439.1,2546.78,857.45,1009.35,345.36,755.93,216.3,0.0,5731.17,4.74,13.05,0.997,R033
C03294,R0016,TRK004,road,434.2,2518.36,935.07,1246.77,322.2,743.02,644.28,0.0,6409.7,4.3,14.76,1.217,R016
C03295,R0016,TRK018,local,64.0,524.8,165.75,1052.59,15.39,638.54,166.44,774.83,3338.33,3.19,52.16,1.098,R016
C03296,R0029,TRK003,road,458.6,2659.88,1117.28,1405.52,332.25,266.31,25.22,0.0,5806.46,2.56,12.66,0.944,R029
C03297,R0035,TRK043,road,492.4,2855.92,1227.33,1138.53,383.43,596.72,126.57,0.0,6328.51,1.59,12.85,1.083,R035
C03298,R0010,TRK006,road,70.0,406.0,134.79,1291.62,52.06,669.23,489.1,0.0,3042.8,0.7,43.47,1.238,R010
C03299,R0056,TRK016,road,436.9,2534.02,967.33,1042.24,335.6,282.26,240.31,0.0,5401.76,1.19,12.36,1.221,R056
C03300,R0032,TRK041,rail,258.5,930.6,209.86,405.33,39.05,771.06,552.61,658.13,3566.64,6.6,13.8,0.933,R032
C03301,R0085,TRK039,road,484.1,2807.78,951.03,1239.83,390.5,432.19,267.34,107.69,6196.35,8.43,12.8,1.202,R085
C03302,R0057,TRK003,road,336.0,1948.8,639.45,1070.51,245.83,536.36,532.75,711.37,5685.07,2.72,16.92,1.221,R057
C03303,R0077,TRK017,road,501.3,2907.54,971.58,1427.81,394.76,662.31,49.41,0.0,6413.42,1.79,12.79,1.135,R077
C03304,R0038,TRK039,road,271.6,1575.28,650.89,1155.8,224.39,822.68,639.4,0.0,5068.44,3.11,18.66,1.203,R038
C03305,R0038,TRK048,road,132.1,766.18,327.28,1429.06,95.63,365.08,23.08,0.0,3006.32,0.81,22.76,0.967,R038
C03306,R0052,TRK009,local,66.2,542.84,203.63,923.58,15.66,272.78,18.39,0.0,1976.88,0.42,29.86,0.951,R052
C03307,R0089,TRK045,road,194.7,1129.26,402.56,1387.47,162.85,604.31,20.7,0.0,3707.15,2.16,19.04,1.0,R089
C03308,R0019,TRK028,road,449.1,2604.78,840.61,995.41,390.43,600.39,17.81,820.37,6269.8,1.29,13.96,1.037,R019
C03309,R0069,TRK020,road,500.4,2902.32,1006.02,1001.99,428.5,360.59,514.1,1659.69,7873.22,2.6,15.73,1.048,R069
C03310,R0099,TRK026,road,487.9,2829.82,1148.9,1362.78,414.94,602.47,47.15,16.85,6422.9,1.59,13.16,1.159,R099
C03311,R0025,TRK020,road,392.2,2274.76,742.57,1007.86,310.45,224.65,304.0,0.0,4864.29,1.09,12.4,1.107,R025
C03312,R0064,TRK014,road,59.5,345.1,136.02,1389.22,41.77,852.88,280.14,0.0,3045.13,2.19,51.18,1.058,R064
C03313,R0012,TRK014,rail,410.2,1476.72,302.51,361.87,49.33,747.5,280.16,0.0,3218.09,1.17,7.85,1.238,R012
C03314,R0048,TRK026,road,440.5,2554.9,829.64,1257.88,327.57,152.64,98.05,0.0,5220.68,1.33,11.85,1.137,R048
C03315,R0075,TRK035,local,337.7,2769.14,870.14,997.24,90.78,683.07,113.23,0.0,5523.6,1.42,16.36,1.022,R075
C03316,R0013,TRK044,rail,308.6,1110.96,238.82,424.91,46.69,530.37,641.42,0.0,2993.16,0.82,9.7,1.24,R013
C03317,R0092,TRK041,road,405.0,2349.0,851.08,1216.38,351.91,522.38,137.06,0.0,5427.81,1.23,13.4,0.965,R092
C03318,R0099,TRK001,road,420.6,2439.48,1048.05,1324.49,301.75,487.47,651.5,0.0,6252.74,1.35,14.87,1.009,R099
C03319,R0045,TRK028,road,243.1,1409.98,605.9,1011.04,168.57,543.11,92.21,0.0,3830.81,1.17,15.76,1.151,R045
C03320,R0008,TRK018,road,40.9,237.22,96.82,1392.9,25.93,743.55,671.02,0.0,3167.44,0.89,77.44,1.114,R008
C03321,R0046,TRK015,rail,111.4,401.04,97.41,531.24,19.24,554.36,309.19,0.0,1912.48,0.68,17.17,0.915,R046
C03322,R0034,TRK012,road,334.5,1940.1,729.13,1424.61,272.36,579.89,657.0,0.0,5603.09,4.5,16.75,1.135,R034
C03323,R0020,TRK016,road,402.0,2331.6,790.88,1190.84,280.44,187.48,310.95,0.0,5092.19,1.68,12.67,1.023,R020
C03324,R0093,TRK037,local,415.4,3406.28,1294.33,761.5,115.69,846.26,263.95,0.0,6688.01,2.17,16.1,0.951,R093
C03325,R0097,TRK044,rail,32.5,117.0,22.64,361.75,5.26,513.16,236.13,0.0,1255.95,0.28,38.64,1.047,R097
C03326,R0075,TRK017,road,292.3,1695.34,728.93,1149.15,199.98,439.23,372.1,556.99,5141.73,6.69,17.59,1.027,R075
C03327,R0095,TRK002,local,469.1,3846.62,1503.54,1024.08,120.85,754.09,167.18,0.0,7416.36,3.2,15.81,1.082,R095
C03328,R0008,TRK047,road,191.1,1108.38,462.18,1258.06,154.84,711.66,50.38,1048.17,4793.68,11.48,25.08,1.142,R008
C03329,R0019,TRK009,road,515.0,2987.0,997.96,1105.95,339.17,846.11,410.24,0.0,6686.43,9.59,12.98,1.041,R019
C03330,R0055,TRK005,road,246.4,1429.12,485.34,1280.43,172.13,870.53,163.21,132.89,4533.64,2.31,18.4,1.105,R055
C03331,R0090,TRK015,local,77.8,637.96,195.91,950.54,19.75,188.49,26.01,0.0,2018.66,5.11,25.95,0.991,R090
C03332,R0088,TRK001,road,87.0,504.6,209.95,1321.41,59.61,355.81,235.2,0.0,2686.58,1.12,30.88,1.196,R088
C03333,R0075,TRK010,road,64.9,376.42,133.51,1050.0,45.68,191.54,11.13,0.0,1808.27,0.7,27.86,0.937,R075
C03334,R0039,TRK014,road,101.6,589.28,225.51,1269.42,90.43,260.96,541.73,0.0,2977.34,6.42,29.3,1.078,R039
C03335,R0021,TRK021,rail,126.2,454.32,111.92,412.61,21.16,717.01,131.42,0.0,1848.45,0.4,14.65,1.145,R021
C03336,R0098,TRK014,road,49.2,285.36,108.72,1092.44,43.49,479.31,517.34,412.15,2938.81,0.99,59.73,1.161,R098
C03337,R0030,TRK014,road,249.5,1447.1,578.1,1211.16,194.09,194.13,514.87,15.68,4155.12,1.1,16.65,1.035,R030
C03338,R0085,TRK029,road,166.2,963.96,348.97,985.53,132.18,426.9,232.14,0.0,3089.7,3.99,18.59,1.099,R085
C03339,R0065,TRK042,road,286.7,1662.86,659.33,1180.27,239.54,497.24,683.04,0.0,4922.28,3.45,17.17,1.21,R065
C03340,R0085,TRK048,road,208.9,1211.62,487.23,1067.83,169.16,193.82,669.17,432.72,4231.55,1.16,20.26,0.974,R085
C03341,R0036,TRK036,rail,446.4,1607.04,397.41,471.32,68.6,811.33,108.83,109.93,3574.46,0.77,8.01,0.944,R036
C03342,R0031,TRK048,rail,146.0,525.6,131.64,413.22,25.39,280.7,34.14,0.0,1410.69,0.36,9.66,1.229,R031
C03343,R0011,TRK011,road,261.6,1517.28,503.35,1114.72,161.31,289.08,402.07,720.54,4708.35,2.28,18.0,0.958,R011
C03344,R0045,TRK041,local,374.2,3068.44,943.82,1004.66,88.22,540.98,31.27,981.64,6659.03,12.32,17.8,1.151,R045
C03345,R0092,TRK027,road,49.8,288.84,101.3,1289.93,39.39,287.93,667.8,0.0,2675.2,1.47,53.72,1.222,R092
C03346,R0010,TRK024,road,363.3,2107.14,867.57,1281.53,319.46,432.38,682.45,0.0,5690.52,7.12,15.66,0.968,R010
C03347,R0043,TRK040,rail,161.3,580.68,140.5,472.33,20.02,484.32,142.9,0.0,1840.75,0.43,11.41,0.948,R043
C03348,R0047,TRK024,road,479.0,2778.2,1137.98,1290.5,330.58,495.41,584.92,1745.36,8362.94,6.96,17.46,1.001,R047
C03349,R0086,TRK040,road,64.8,375.84,137.66,974.6,54.49,487.61,231.75,0.0,2261.94,0.49,34.91,1.112,R086
C03350,R0019,TRK049,road,385.0,2233.0,947.07,1355.77,250.57,850.77,102.02,0.0,5739.2,9.95,14.91,1.212,R019
C03351,R0040,TRK008,local,368.8,3024.16,1057.77,995.1,101.68,346.25,199.43,1420.59,7144.98,2.79,19.37,1.048,R040
C03352,R0095,TRK030,road,256.7,1488.86,507.0,1060.07,222.56,366.07,418.65,0.0,4063.21,9.97,15.83,1.026,R095
C03353,R0040,TRK043,road,90.0,522.0,168.98,1425.92,74.24,309.08,235.42,1512.59,4248.22,0.88,47.2,1.1,R040
C03354,R0057,TRK010,road,239.7,1390.26,457.2,1161.92,144.03,212.39,276.15,0.0,3641.96,1.98,15.19,0.926,R057
C03355,R0021,TRK014,local,95.3,781.46,253.43,930.35,20.75,740.48,221.61,0.0,2948.09,1.14,30.93,0.971,R021
C03356,R0025,TRK042,road,338.2,1961.56,707.02,1160.11,250.12,887.81,264.32,1500.54,6731.47,2.46,19.9,1.193,R025
C03357,R0046,TRK034,rail,151.9,546.84,125.51,363.98,25.23,207.76,278.58,0.0,1547.91,0.41,10.19,0.943,R046
C03358,R0069,TRK046,road,497.2,2883.76,1005.34,1041.27,384.15,457.81,547.92,628.82,6949.07,2.5,13.98,0.983,R069
C03359,R0083,TRK045,road,255.0,1479.0,529.49,975.2,192.49,211.65,509.05,0.0,3896.88,6.55,15.28,0.979,R083
C03360,R0058,TRK012,local,481.5,3948.3,1448.6,856.36,127.63,658.02,128.82,0.0,7167.73,8.01,14.89,1.192,R058
C03361,R0097,TRK032,rail,102.6,369.36,91.05,361.31,18.07,350.7,432.75,853.47,2476.71,4.02,24.14,0.918,R097
C03362,R0060,TRK050,rail,237.7,855.72,216.58,497.55,33.43,719.17,603.1,0.0,2925.55,1.06,12.31,1.166,R060
C03363,R0058,TRK045,road,48.9,283.62,94.47,1114.64,39.03,807.36,211.69,0.0,2550.8,2.2,52.16,0.929,R058
C03364,R0026,TRK020,road,503.1,2917.98,1200.84,1397.51,429.72,672.27,139.68,0.0,6758.01,2.58,13.43,0.917,R026
C03365,R0020,TRK007,local,431.6,3539.12,1349.27,859.18,117.75,230.25,150.58,588.26,6834.41,8.1,15.84,0.926,R020
C03366,R0043,TRK049,road,392.6,2277.08,986.41,1122.36,338.55,190.75,223.49,0.0,5138.63,13.14,13.09,0.915,R043
C03367,R0090,TRK001,local,546.6,4482.12,1685.45,942.34,140.08,281.94,153.72,790.71,8476.36,1.72,15.51,1.159,R090
C03368,R0072,TRK036,road,266.1,1543.38,560.88,1184.57,223.86,218.33,516.03,1588.09,5835.15,3.55,21.93,1.21,R072
C03369,R0034,TRK046,road,486.1,2819.38,942.06,1074.25,393.45,371.36,637.19,0.0,6237.69,12.1,12.83,1.234,R034
C03370,R0041,TRK008,road,545.3,3162.74,1123.08,1112.64,452.33,671.58,468.99,0.0,6991.36,2.56,12.82,0.954,R041
C03371,R0011,TRK020,road,182.6,1059.08,460.87,1137.35,125.73,816.87,412.94,0.0,4012.84,0.96,21.98,1.214,R011
C03372,R0062,TRK048,road,416.9,2418.02,977.12,1226.31,374.25,510.97,40.95,1396.73,6944.35,2.17,16.66,1.145,R062
C03373,R0011,TRK043,road,139.9,811.42,333.34,1435.36,121.97,318.69,473.14,1650.31,5144.22,2.88,36.77,0.989,R011
C03374,R0081,TRK020,road,45.2,262.16,111.95,1020.86,37.13,372.77,500.04,1797.56,4102.48,1.33,90.76,1.161,R081
C03375,R0020,TRK043,road,130.2,755.16,264.86,1185.49,95.31,856.56,5.31,158.28,3320.97,0.84,25.51,1.229,R020
C03376,R0046,TRK041,road,425.6,2468.48,1035.11,1365.18,334.54,150.1,129.36,0.0,5482.77,2.21,12.88,0.949,R046
C03377,R0009,TRK023,road,486.9,2824.02,921.53,1052.4,359.81,358.06,203.4,90.66,5809.87,2.35,11.93,0.974,R009
C03378,R0041,TRK027,road,414.1,2401.78,894.87,1255.29,369.2,657.13,691.41,0.0,6269.68,1.35,15.14,0.996,R041
C03379,R0081,TRK021,road,539.6,3129.68,1341.06,1148.09,400.15,488.5,260.07,216.87,6984.42,3.72,12.94,0.96,R081
C03380,R0016,TRK031,local,239.9,1967.18,650.37,814.14,68.26,334.12,92.91,992.89,4919.88,1.33,20.51,1.06,R016
C03381,R0092,TRK030,road,408.6,2369.88,844.82,1142.92,312.69,624.96,196.18,0.0,5491.46,2.6,13.44,1.056,R092
C03382,R0069,TRK042,rail,140.3,505.08,114.76,492.53,19.2,654.33,235.19,0.0,2021.08,0.74,14.41,1.062,R069
C03383,R0041,TRK039,road,445.5,2583.9,870.67,1140.05,331.3,634.48,295.95,0.0,5856.36,1.89,13.15,1.247,R041
C03384,R0016,TRK009,road,144.2,836.36,288.85,1091.47,96.8,889.42,14.67,1461.93,4679.51,1.28,32.45,1.097,R016
C03385,R0038,TRK005,road,156.0,904.8,360.61,1249.17,128.92,247.68,673.61,0.0,3564.8,1.12,22.85,0.991,R038
C03386,R0063,TRK041,rail,510.0,1836.0,456.99,538.05,90.35,445.14,492.5,0.0,3859.04,1.04,7.57,1.072,R063
C03387,R0062,TRK044,local,141.6,1161.12,345.18,828.98,37.89,305.27,56.2,0.0,2734.64,3.59,19.31,1.192,R062
C03388,R0017,TRK027,road,241.3,1399.54,453.36,1168.52,174.82,722.62,95.53,845.49,4859.87,1.77,20.14,1.116,R017
C03389,R0033,TRK030,road,264.3,1532.94,637.84,1324.87,158.92,345.86,85.25,0.0,4085.67,1.01,15.46,0.914,R033
C03390,R0079,TRK050,road,343.7,1993.46,676.04,1333.75,284.83,307.25,694.13,1414.51,6703.97,3.89,19.51,0.953,R079
C03391,R0082,TRK029,rail,183.6,660.96,125.62,513.1,23.66,693.63,464.16,1577.94,4059.07,1.16,22.11,0.917,R082
C03392,R0023,TRK038,road,178.2,1033.56,372.09,1150.1,111.86,843.67,419.25,0.0,3930.53,2.25,22.06,1.131,R023
C03393,R0084,TRK043,road,114.9,666.42,248.13,1148.13,81.67,647.81,245.54,0.0,3037.71,0.75,26.44,1.232,R084
C03394,R0086,TRK024,rail,305.4,1099.44,252.33,522.4,53.38,761.64,366.97,0.0,3056.15,2.75,10.01,1.137,R086
C03395,R0013,TRK008,road,251.4,1458.12,602.1,1143.44,153.89,733.64,128.11,0.0,4219.3,0.9,16.78,0.907,R013
C03396,R0069,TRK043,rail,523.1,1883.16,379.15,390.87,67.06,710.63,213.84,453.63,4098.35,2.23,7.83,0.954,R069
C03397,R0076,TRK035,local,456.6,3744.12,1157.76,874.49,109.21,381.8,246.99,0.0,6514.36,3.81,14.27,0.963,R076
C03398,R0003,TRK028,rail,336.4,1211.04,265.32,428.33,55.37,311.58,313.83,0.0,2585.47,0.65,7.69,1.022,R003
C03399,R0008,TRK003,road,517.2,2999.76,1139.01,1141.82,407.53,335.25,243.7,0.0,6267.07,1.36,12.12,1.123,R008
C03400,R0018,TRK001,road,525.9,3050.22,1006.88,1166.31,413.74,650.57,180.35,0.0,6468.07,2.13,12.3,1.248,R018
C03401,R0091,TRK027,road,123.3,715.14,301.88,1167.39,77.92,626.54,667.66,803.77,4360.3,2.94,35.36,1.236,R091
C03402,R0099,TRK031,road,311.0,1803.8,780.01,984.44,236.88,447.9,20.39,0.0,4273.43,0.86,13.74,0.978,R099
C03403,R0023,TRK040,local,544.7,4466.54,1377.28,783.55,135.83,834.97,53.44,169.98,7821.59,4.17,14.36,0.941,R023
C03404,R0034,TRK044,road,516.3,2994.54,982.98,1156.62,445.6,893.05,692.99,276.43,7442.21,1.57,14.41,0.918,R034
C03405,R0090,TRK047,road,166.8,967.44,337.94,1110.06,125.98,601.69,272.52,895.89,4311.52,0.88,25.85,1.154,R090
C03406,R0033,TRK001,road,233.7,1355.46,539.47,1263.56,176.18,829.04,561.5,337.42,5062.64,3.28,21.66,0.903,R033
C03407,R0033,TRK041,road,482.9,2800.82,940.9,1245.94,309.94,328.82,365.24,0.0,5991.66,2.57,12.41,0.977,R033
C03408,R0002,TRK046,rail,185.8,668.88,128.32,384.09,27.66,346.32,683.28,0.0,2238.55,0.59,12.05,1.065,R002
C03409,R0005,TRK050,road,236.5,1371.7,475.2,1348.91,153.21,255.55,488.0,1569.43,5662.0,13.16,23.94,1.13,R005
C03410,R0060,TRK037,road,206.3,1196.54,496.96,1365.53,147.26,573.87,65.79,1052.29,4898.24,2.26,23.74,1.244,R060
C03411,R0059,TRK022,road,142.7,827.66,336.91,1303.66,100.38,573.61,478.18,0.0,3620.4,1.43,25.37,1.094,R059
C03412,R0035,TRK019,road,287.6,1668.08,686.66,1383.5,179.79,506.86,608.51,470.84,5504.24,2.81,19.14,1.057,R035
C03413,R0002,TRK008,road,510.0,2958.0,1275.5,1146.91,329.71,770.99,698.76,1272.09,8451.96,2.54,16.57,1.228,R002
C03414,R0026,TRK021,local,166.9,1368.58,533.63,878.24,39.14,450.41,107.98,0.0,3377.98,1.81,20.24,1.245,R026
C03415,R0050,TRK043,rail,118.8,427.68,96.55,417.07,15.82,678.3,168.09,1648.59,3452.11,1.34,29.06,1.133,R050
C03416,R0023,TRK022,road,68.3,396.14,142.34,1181.26,58.91,716.9,625.71,329.22,3450.48,0.85,50.52,1.127,R023
C03417,R0088,TRK002,road,486.4,2821.12,966.53,1240.75,407.4,590.06,459.57,0.0,6485.44,3.48,13.33,1.005,R088
C03418,R0064,TRK019,local,484.9,3976.18,1393.87,812.76,100.51,494.48,146.24,835.54,7759.59,2.12,16.0,0.957,R064
C03419,R0080,TRK034,rail,92.9,334.44,76.49,518.28,13.88,520.77,631.53,0.0,2095.38,2.0,22.56,1.235,R080
C03420,R0099,TRK049,local,328.8,2696.16,992.68,836.26,93.83,526.83,180.47,0.0,5326.23,1.19,16.2,1.081,R099
C03421,R0049,TRK007,road,217.7,1262.66,477.42,1169.44,140.47,462.29,456.87,0.0,3969.16,3.92,18.23,0.903,R049
C03422,R0065,TRK020,road,139.6,809.68,271.0,1363.17,89.47,828.48,273.87,0.0,3635.67,3.7,26.04,1.232,R065
C03423,R0046,TRK044,road,398.9,2313.62,753.87,1161.31,260.39,740.72,561.5,0.0,5791.42,1.44,14.52,0.956,R046
C03424,R0027,TRK013,road,342.4,1985.92,681.68,1337.62,267.3,250.19,151.29,433.51,5107.5,9.3,14.92,0.935,R027
C03425,R0046,TRK021,rail,418.7,1507.32,371.49,371.35,63.18,427.96,508.47,0.0,3249.78,1.36,7.76,0.91,R046
C03426,R0065,TRK011,road,285.2,1654.16,634.3,1400.35,177.78,868.38,339.41,0.0,5074.39,12.52,17.79,0.967,R065
C03427,R0077,TRK020,road,481.3,2791.54,931.89,1361.48,407.33,855.17,176.58,499.8,7023.79,1.42,14.59,0.992,R077
C03428,R0006,TRK040,rail,207.9,748.44,168.55,366.93,31.26,279.79,153.45,0.0,1748.41,1.52,8.41,1.046,R006
C03429,R0035,TRK020,road,440.0,2552.0,1082.15,1065.57,334.54,219.93,641.94,0.0,5896.13,1.42,13.4,1.171,R035
C03430,R0034,TRK050,road,296.9,1722.02,662.53,1049.4,198.15,800.34,130.89,0.0,4563.33,1.08,15.37,0.919,R034
C03431,R0089,TRK044,local,312.2,2560.04,895.81,816.21,71.37,569.02,205.24,0.0,5117.69,1.97,16.39,1.099,R089
C03432,R0093,TRK012,local,216.1,1772.02,574.46,971.4,62.08,485.72,118.91,0.0,3984.59,3.09,18.44,1.107,R093
C03433,R0071,TRK047,road,438.7,2544.46,999.03,1349.26,290.43,279.95,122.19,0.0,5585.31,1.41,12.73,1.044,R071
C03434,R0048,TRK027,road,78.1,452.98,184.76,1419.48,67.85,275.27,208.4,0.0,2608.75,0.53,33.4,1.026,R048
C03435,R0019,TRK049,road,408.9,2371.62,847.72,1103.31,340.67,364.87,207.41,0.0,5235.6,1.56,12.8,1.068,R019
C03436,R0009,TRK007,road,327.1,1897.18,655.59,988.34,271.59,277.88,223.82,1684.03,5998.43,2.02,18.34,1.064,R009
C03437,R0069,TRK034,road,323.7,1877.46,759.67,1437.59,272.77,319.03,540.09,949.83,6156.44,1.89,19.02,1.169,R069
C03438,R0062,TRK023,road,296.3,1718.54,616.91,1114.16,208.42,722.91,577.65,0.0,4958.59,6.77,16.74,1.03,R062
C03439,R0008,TRK044,rail,492.1,1771.56,345.36,525.61,68.19,171.37,639.4,0.0,3521.49,0.9,7.16,1.236,R008
C03440,R0053,TRK023,road,369.7,2144.26,712.41,1331.48,271.24,482.18,497.7,41.78,5481.05,2.57,14.83,1.046,R053
C03441,R0057,TRK029,road,165.8,961.64,383.34,1102.94,104.0,562.56,221.36,0.0,3335.84,0.7,20.12,0.983,R057
C03442,R0061,TRK039,road,218.5,1267.3,480.99,1418.47,136.42,719.48,566.31,0.0,4588.96,1.07,21.0,1.169,R061
C03443,R0032,TRK003,local,543.6,4457.52,1311.04,1036.19,141.1,472.2,61.58,0.0,7479.63,3.34,13.76,1.159,R032
C03444,R0001,TRK029,road,245.4,1423.32,487.99,1188.52,216.41,438.93,252.65,0.0,4007.82,5.12,16.33,1.099,R001
C03445,R0065,TRK028,road,307.5,1783.5,583.74,1169.22,256.11,576.04,367.94,0.0,4736.56,2.14,15.4,1.015,R065
C03446,R0056,TRK044,road,242.6,1407.08,606.44,1202.7,171.24,191.44,110.02,0.0,3688.92,0.82,15.21,1.003,R056
C03447,R0085,TRK050,road,305.6,1772.48,571.84,1336.65,264.81,550.23,472.66,0.0,4968.67,2.99,16.26,1.07,R085
C03448,R0089,TRK015,road,99.3,575.94,233.44,1034.13,68.62,659.06,418.97,0.0,2990.16,4.38,30.11,1.024,R089
C03449,R0091,TRK038,rail,87.8,316.08,79.74,394.56,14.17,860.88,666.07,0.0,2331.51,1.19,26.55,0.905,R091
C03450,R0060,TRK018,local,45.0,369.0,137.0,1050.35,11.77,892.61,221.17,0.0,2681.9,0.79,59.6,1.216,R060
C03451,R0053,TRK022,road,72.4,419.92,174.7,1048.12,54.73,453.72,476.87,440.12,3068.18,2.09,42.38,1.131,R053
C03452,R0053,TRK029,local,121.5,996.3,299.29,998.75,29.5,221.3,188.16,11.44,2744.73,2.81,22.59,1.033,R053
C03453,R0022,TRK043,rail,97.4,350.64,72.3,466.45,16.61,371.37,159.14,0.0,1436.49,0.47,14.75,0.99,R022
C03454,R0031,TRK043,road,107.5,623.5,244.19,1376.85,92.43,863.27,469.05,0.0,3669.28,0.74,34.13,1.146,R031
C03455,R0002,TRK027,rail,269.6,970.56,239.32,413.63,41.28,702.27,304.33,0.0,2671.39,0.77,9.91,1.179,R002
C03456,R0017,TRK028,local,389.7,3195.54,1051.02,901.08,110.14,816.71,232.46,1245.14,7552.08,2.13,19.38,1.211,R017
C03457,R0006,TRK002,road,248.8,1443.04,524.3,1231.54,198.86,319.12,585.15,706.18,5008.19,14.79,20.13,0.978,R006
C03458,R0085,TRK026,local,365.4,2996.28,891.08,939.72,85.96,241.67,80.46,0.0,5235.17,5.11,14.33,1.012,R085
C03459,R0054,TRK040,local,44.6,365.72,135.86,886.82,9.97,448.19,239.49,0.0,2086.06,1.76,46.77,0.907,R054
C03460,R0078,TRK041,road,331.0,1919.8,784.47,970.95,272.02,409.52,202.09,0.0,4558.84,2.66,13.77,1.239,R078
C03461,R0039,TRK013,local,172.9,1417.78,497.81,733.74,41.38,154.96,3.25,20.67,2869.58,1.2,16.6,1.15,R039
C03462,R0063,TRK015,road,407.1,2361.18,854.92,1186.83,361.23,356.35,581.42,1775.78,7477.7,2.15,18.37,0.905,R063
C03463,R0002,TRK010,local,255.4,2094.28,758.33,1019.13,51.47,873.47,164.11,0.0,4960.8,7.99,19.42,1.082,R002
C03464,R0065,TRK049,road,388.3,2252.14,748.04,1218.35,268.04,719.67,13.2,0.0,5219.45,3.36,13.44,0.989,R065
C03465,R0047,TRK049,road,329.0,1908.2,649.86,1061.65,267.76,671.88,602.71,0.0,5162.06,2.15,15.69,1.035,R047
C03466,R0011,TRK022,road,82.8,480.24,189.61,1184.2,74.43,490.25,417.85,0.0,2836.58,7.89,34.26,1.035,R011
C03467,R0014,TRK007,road,234.1,1357.78,458.35,1385.7,186.22,305.23,41.13,0.0,3734.4,4.25,15.95,0.936,R014
C03468,R0018,TRK039,road,271.8,1576.44,536.88,1046.42,211.16,775.51,448.05,0.0,4594.46,2.29,16.9,0.968,R018
C03469,R0066,TRK033,road,525.8,3049.64,994.84,1331.89,424.1,653.95,317.05,447.92,7219.38,13.03,13.73,1.198,R066
C03470,R0089,TRK007,local,79.5,651.9,247.89,834.23,19.23,361.93,124.59,1777.4,4017.18,3.16,50.53,1.243,R089
C03471,R0074,TRK021,road,410.2,2379.16,1007.51,1190.88,291.33,195.61,143.83,728.49,5936.8,5.54,14.47,0.961,R074
C03472,R0097,TRK010,road,274.2,1590.36,647.54,1008.34,228.53,469.47,31.16,0.0,3975.4,1.44,14.5,1.19,R097
C03473,R0049,TRK017,local,85.7,702.74,244.75,936.08,22.9,394.28,187.1,0.0,2487.86,1.66,29.03,1.04,R049
C03474,R0065,TRK048,road,432.5,2508.5,847.12,1287.86,386.47,614.27,235.39,0.0,5879.62,1.36,13.59,0.921,R065
C03475,R0059,TRK010,rail,182.4,656.64,140.82,507.95,26.49,493.67,513.56,0.0,2339.14,0.52,12.82,0.968,R059
C03476,R0062,TRK009,road,305.8,1773.64,702.27,1081.23,218.49,519.11,369.48,0.0,4664.22,1.0,15.25,0.923,R062
C03477,R0052,TRK045,road,227.1,1317.18,552.7,985.52,173.23,282.56,70.71,0.0,3381.9,1.24,14.89,1.035,R052
C03478,R0035,TRK020,local,156.9,1286.58,470.83,896.99,33.14,287.31,178.25,0.0,3153.09,0.85,20.1,1.243,R035
C03479,R0046,TRK040,rail,454.3,1635.48,341.06,495.15,79.87,296.42,96.62,0.0,2944.6,1.54,6.48,1.191,R046
C03480,R0016,TRK039,road,297.5,1725.5,747.38,1167.04,216.39,728.94,318.56,1757.74,6661.56,3.25,22.39,1.01,R016
C03481,R0041,TRK022,road,357.2,2071.76,688.11,1157.05,276.69,303.69,446.85,0.0,4944.15,8.71,13.84,1.141,R041
C03482,R0052,TRK033,rail,221.3,796.68,154.43,456.86,33.9,673.25,593.1,733.95,3442.18,0.94,15.55,1.005,R052
C03483,R0019,TRK006,road,514.6,2984.68,989.99,1022.91,361.66,847.28,418.42,0.0,6624.96,2.03,12.87,1.043,R019
C03484,R0021,TRK025,road,415.7,2411.06,844.6,1052.19,307.27,556.08,209.77,902.81,6283.78,1.56,15.12,1.09,R021
C03485,R0082,TRK047,road,416.8,2417.44,828.08,1250.92,355.18,224.74,6.93,1400.8,6484.09,1.37,15.56,0.984,R082
C03486,R0051,TRK023,road,517.5,3001.5,1089.91,1000.51,353.79,675.56,371.53,0.0,6492.79,1.63,12.55,1.208,R051
C03487,R0054,TRK012,road,476.7,2764.86,1138.42,1201.08,423.93,303.57,285.6,774.6,6892.07,1.78,14.46,1.161,R054
C03488,R0076,TRK019,road,126.3,732.54,273.4,1132.11,104.78,882.58,157.66,0.0,3283.06,1.19,25.99,0.906,R076
C03489,R0025,TRK024,local,501.8,4114.76,1343.77,1028.17,126.63,519.26,297.4,631.92,8061.9,24.65,16.07,1.229,R025
C03490,R0086,TRK046,road,473.5,2746.3,1067.3,1082.73,326.84,184.78,514.88,247.4,6170.23,1.45,13.03,0.996,R086
C03491,R0050,TRK042,road,286.6,1662.28,549.55,1287.1,184.75,741.56,613.68,1710.32,6749.23,1.75,23.55,1.185,R050
C03492,R0076,TRK008,road,146.4,849.12,323.65,1026.0,108.14,521.59,443.98,0.0,3272.48,2.41,22.35,1.143,R076
C03493,R0029,TRK002,rail,127.2,457.92,110.89,386.67,15.37,262.28,360.04,358.31,1951.48,0.71,15.34,1.141,R029
C03494,R0083,TRK039,road,421.5,2444.7,1013.74,1035.67,332.55,679.97,577.03,291.93,6375.58,2.85,15.13,1.227,R083
C03495,R0029,TRK037,rail,144.6,520.56,109.75,414.09,23.0,547.11,115.79,948.31,2678.61,2.04,18.52,1.142,R029
C03496,R0030,TRK017,road,238.7,1384.46,558.13,1122.22,191.88,528.1,380.52,0.0,4165.31,3.75,17.45,1.208,R030
C03497,R0021,TRK043,rail,63.6,228.96,48.8,478.38,7.89,388.86,616.57,1582.09,3351.54,4.21,52.7,0.983,R021
C03498,R0097,TRK039,road,125.5,727.9,292.88,1192.2,89.4,694.62,339.51,0.0,3336.51,3.37,26.59,0.922,R097
C03499,R0068,TRK023,road,125.3,726.74,270.73,1180.92,106.54,865.97,102.71,0.0,3253.6,1.64,25.97,1.148,R068
C03500,R0011,TRK036,rail,74.0,266.4,62.52,499.73,10.48,696.84,667.06,1188.38,3391.42,0.7,45.83,1.082,R011
C03501,R0037,TRK007,rail,242.7,873.72,196.96,437.2,29.25,257.01,19.6,0.0,1813.74,0.42,7.47,1.105,R037
C03502,R0048,TRK017,road,438.7,2544.46,1058.12,1393.52,353.37,202.58,458.65,1333.95,7344.65,3.11,16.74,0.945,R048
C03503,R0024,TRK043,road,293.5,1702.3,637.48,1047.21,236.51,357.01,320.68,0.0,4301.2,1.63,14.65,0.932,R024
C03504,R0089,TRK035,road,35.6,206.48,71.65,1086.47,23.62,609.43,575.41,264.8,2837.87,1.68,79.72,1.01,R089
C03505,R0094,TRK034,road,435.1,2523.58,935.91,1165.46,298.74,825.09,485.17,1606.5,7840.45,2.29,18.02,1.247,R094
C03506,R0063,TRK016,rail,272.1,979.56,195.07,394.38,46.8,637.52,40.08,0.0,2293.42,3.78,8.43,0.94,R063
C03507,R0075,TRK001,rail,182.7,657.72,131.29,386.74,31.75,197.6,315.76,0.0,1720.86,0.88,9.42,1.153,R075
C03508,R0012,TRK019,local,119.1,976.62,304.94,891.3,24.85,480.13,257.2,318.1,3253.14,1.38,27.31,1.141,R012
C03509,R0078,TRK024,road,433.7,2515.46,855.83,1014.18,373.93,719.21,119.47,0.0,5598.09,1.38,12.91,1.107,R078
C03510,R0001,TRK037,road,262.2,1520.76,508.42,1246.22,181.38,658.93,344.4,0.0,4460.1,2.8,17.01,1.033,R001
C03511,R0026,TRK020,road,344.3,1996.94,741.68,1380.63,301.68,602.92,83.69,1625.22,6732.76,4.0,19.55,1.138,R026
C03512,R0006,TRK034,local,169.6,1390.72,410.49,964.06,34.03,769.69,119.34,0.0,3688.34,1.84,21.75,1.0,R006
C03513,R0001,TRK036,road,213.0,1235.4,406.32,1437.72,136.33,226.66,639.57,906.13,4988.13,2.56,23.42,1.031,R001
C03514,R0040,TRK043,road,207.3,1202.34,487.65,1103.69,159.25,441.82,535.53,0.0,3930.27,1.48,18.96,1.063,R040
C03515,R0050,TRK025,road,302.5,1754.5,660.46,1133.95,264.75,533.37,420.71,0.0,4767.73,1.1,15.76,1.05,R050
C03516,R0077,TRK016,local,134.5,1102.9,393.62,802.5,37.73,605.22,172.1,0.0,3114.06,0.88,23.15,1.13,R077
C03517,R0067,TRK005,rail,326.9,1176.84,276.94,517.1,53.21,429.67,559.88,0.0,3013.64,1.65,9.22,1.111,R067
C03518,R0062,TRK037,road,64.7,375.26,143.8,1278.68,39.08,294.45,233.36,1623.29,3987.9,1.52,61.64,0.92,R062
C03519,R0089,TRK040,road,129.7,752.26,288.08,1311.87,95.84,839.62,15.12,1434.64,4737.42,1.0,36.53,1.095,R089
C03520,R0063,TRK048,road,351.8,2040.44,835.58,1094.18,225.83,461.03,242.13,0.0,4899.18,1.66,13.93,1.057,R063
C03521,R0006,TRK011,rail,340.6,1226.16,300.25,405.07,58.04,560.46,342.13,0.0,2892.12,5.89,8.49,1.092,R006
C03522,R0007,TRK029,rail,251.7,906.12,203.81,418.75,40.24,814.18,471.49,0.0,2854.58,0.63,11.34,0.969,R007
C03523,R0077,TRK012,road,257.6,1494.08,646.37,1044.1,155.63,434.55,279.77,0.0,4054.5,0.89,15.74,1.037,R077
C03524,R0018,TRK023,road,255.9,1484.22,575.86,1435.17,184.64,511.45,585.33,0.0,4776.66,1.3,18.67,1.05,R018
C03525,R0057,TRK028,road,490.5,2844.9,1143.23,1339.35,392.5,857.31,11.24,0.0,6588.53,1.55,13.43,1.15,R057
C03526,R0036,TRK032,rail,299.5,1078.2,243.15,423.81,37.15,849.66,362.62,0.0,2994.59,1.32,10.0,1.025,R036
C03527,R0055,TRK016,road,303.4,1759.72,589.87,1395.48,224.98,713.7,195.56,596.76,5476.07,8.45,18.05,1.222,R055
C03528,R0079,TRK027,rail,153.3,551.88,138.29,439.09,22.95,600.42,198.94,0.0,1951.56,1.23,12.73,0.909,R079
C03529,R0071,TRK022,road,353.9,2052.62,893.27,1064.6,224.56,870.02,331.49,0.0,5436.55,3.9,15.36,1.023,R071
C03530,R0047,TRK036,rail,99.5,358.2,79.75,506.62,16.63,230.48,227.96,0.0,1419.64,0.74,14.27,0.919,R047
C03531,R0070,TRK015,local,352.4,2889.68,991.3,798.94,88.43,300.88,253.05,0.0,5322.28,2.37,15.1,1.235,R070
C03532,R0091,TRK023,rail,345.9,1245.24,276.91,515.28,61.88,555.23,298.22,0.0,2952.76,0.72,8.54,1.13,R091
C03533,R0070,TRK035,rail,107.3,386.28,88.32,467.59,14.33,497.04,456.33,0.0,1909.89,3.86,17.8,1.204,R070
C03534,R0041,TRK008,rail,249.8,899.28,219.35,373.82,44.66,472.12,472.92,782.87,3265.01,1.51,13.07,1.127,R041
C03535,R0065,TRK019,road,64.3,372.94,137.71,1387.99,40.38,893.63,220.26,0.0,3052.91,1.18,47.48,0.9,R065
C03536,R0099,TRK010,road,157.2,911.76,306.11,992.33,133.51,347.76,336.74,0.0,3028.2,1.56,19.26,0.949,R099
C03537,R0055,TRK049,road,463.7,2689.46,1085.26,1311.72,281.6,345.2,140.11,0.0,5853.35,7.17,12.62,1.061,R055
C03538,R0065,TRK024,road,386.1,2239.38,872.6,1433.06,285.34,464.85,292.47,0.0,5587.69,1.21,14.47,0.912,R065
C03539,R0018,TRK041,local,194.2,1592.44,623.61,830.25,41.47,736.98,204.12,0.0,4028.87,0.89,20.75,1.045,R018
C03540,R0028,TRK002,road,497.1,2883.18,1119.18,1259.38,358.88,543.9,249.86,0.0,6414.38,1.58,12.9,1.009,R028
C03541,R0069,TRK019,road,361.0,2093.8,839.41,1041.14,253.89,422.17,459.64,0.0,5110.04,1.19,14.16,1.115,R069
C03542,R0037,TRK002,road,134.1,777.78,257.82,1345.08,110.33,670.4,482.97,0.0,3644.38,0.91,27.18,1.131,R037
C03543,R0022,TRK028,road,110.6,641.48,247.1,964.72,73.66,509.91,209.37,533.2,3179.43,1.38,28.75,1.086,R022
C03544,R0071,TRK049,road,68.6,397.88,143.77,1153.78,52.92,584.87,282.33,119.3,2734.84,0.62,39.87,1.124,R071
C03545,R0036,TRK040,road,377.1,2187.18,721.3,1378.2,292.86,777.62,90.07,0.0,5447.23,3.01,14.45,1.158,R036
C03546,R0034,TRK034,road,493.9,2864.62,1153.09,1092.26,336.75,825.16,448.28,0.0,6720.17,4.16,13.61,1.13,R034
C03547,R0092,TRK025,road,55.6,322.48,130.7,1011.85,35.17,894.72,259.05,0.0,2653.97,1.45,47.73,1.107,R092
C03548,R0027,TRK043,local,170.6,1398.92,517.35,861.14,42.95,271.43,262.31,0.0,3354.1,3.27,19.66,1.135,R027
C03549,R0032,TRK048,local,93.8,769.16,284.84,721.17,25.31,236.99,196.59,0.0,2234.06,1.83,23.82,1.105,R032
C03550,R0069,TRK019,road,497.0,2882.6,934.41,1324.51,311.1,814.64,525.51,0.0,6792.76,3.44,13.67,1.005,R069
C03551,R0058,TRK006,rail,48.3,173.88,33.22,389.26,6.28,895.79,275.15,0.0,1773.58,0.78,36.72,1.104,R058
C03552,R0096,TRK007,rail,314.3,1131.48,268.52,365.24,55.07,841.45,624.79,0.0,3286.56,0.81,10.46,1.182,R096
C03553,R0084,TRK006,road,525.2,3046.16,1279.24,1429.69,416.55,251.25,525.56,0.0,6948.45,3.33,13.23,0.978,R084
C03554,R0009,TRK016,road,517.2,2999.76,1075.89,1305.05,388.35,454.86,177.1,0.0,6401.01,1.32,12.38,1.097,R009
C03555,R0048,TRK019,road,200.8,1164.64,469.85,981.36,130.57,655.81,503.77,0.0,3905.99,1.03,19.45,1.032,R048
C03556,R0022,TRK017,rail,199.2,717.12,155.48,375.52,26.38,824.32,230.7,0.0,2329.53,0.64,11.69,1.041,R022
C03557,R0099,TRK012,road,51.9,301.02,106.83,1017.72,35.2,340.21,92.95,0.0,1893.93,4.84,36.49,1.032,R099
C03558,R0068,TRK019,local,406.6,3334.12,1123.58,1067.47,84.01,479.67,83.54,0.0,6172.4,3.81,15.18,1.141,R068
C03559,R0088,TRK026,road,384.2,2228.36,753.06,1258.2,316.27,216.79,124.11,1571.26,6468.05,3.56,16.84,1.138,R088
C03560,R0092,TRK048,road,145.9,846.22,364.23,1365.11,103.12,821.51,454.51,95.71,4050.41,1.85,27.76,1.013,R092
C03561,R0042,TRK031,local,201.6,1653.12,595.48,1047.37,45.53,550.59,159.21,0.0,4051.3,1.44,20.1,1.193,R042
C03562,R0074,TRK049,road,344.3,1996.94,858.11,1201.5,292.13,897.39,618.9,1647.27,7512.24,12.06,21.82,1.044,R074
C03563,R0018,TRK039,rail,105.7,380.52,89.71,444.18,17.47,625.04,247.07,0.0,1804.0,1.12,17.07,1.104,R018
C03564,R0059,TRK035,road,108.3,628.14,271.71,1017.68,76.62,619.29,200.12,0.0,2813.56,0.95,25.98,1.102,R059
C03565,R0057,TRK032,road,115.9,672.22,259.44,970.24,71.14,687.42,609.26,622.05,3891.77,1.07,33.58,1.211,R057
C03566,R0013,TRK033,road,406.1,2355.38,985.27,1269.41,310.17,850.71,677.93,0.0,6448.88,2.18,15.88,1.093,R013
C03567,R0089,TRK039,local,111.9,917.58,340.25,912.18,22.95,156.71,20.71,850.55,3220.92,1.74,28.78,1.067,R089
C03568,R0096,TRK017,road,161.7,937.86,337.06,1169.34,108.83,188.94,321.51,0.0,3063.53,0.87,18.95,0.978,R096
C03569,R0072,TRK040,road,204.5,1186.1,391.05,1083.6,182.3,478.48,670.6,0.0,3992.14,1.57,19.52,0.901,R072
C03570,R0090,TRK004,road,351.0,2035.8,852.24,1048.53,297.64,540.23,322.37,1433.97,6530.78,2.59,18.61,1.075,R090
C03571,R0016,TRK001,road,336.3,1950.54,740.0,998.05,275.51,823.86,170.32,0.0,4958.28,7.79,14.74,1.247,R016
C03572,R0059,TRK038,road,151.5,878.7,313.13,1235.42,106.84,424.64,14.88,2.83,2976.43,1.01,19.65,1.197,R059
C03573,R0027,TRK050,road,441.3,2559.54,944.71,1285.97,347.75,436.98,415.83,1791.76,7782.55,7.11,17.64,1.091,R027
C03574,R0003,TRK016,road,352.9,2046.82,836.7,1027.64,243.93,282.97,427.98,0.0,4866.05,1.15,13.79,0.974,R003
C03575,R0005,TRK015,road,459.8,2666.84,1062.62,1065.8,407.59,574.5,392.63,0.0,6169.99,4.36,13.42,1.081,R005
C03576,R0045,TRK045,road,164.6,954.68,395.43,1361.61,145.46,168.13,396.56,933.42,4355.3,3.11,26.46,0.901,R045
C03577,R0060,TRK001,road,296.0,1716.8,718.13,1295.08,234.54,626.37,629.67,280.73,5501.32,16.18,18.59,1.171,R060
C03578,R0053,TRK012,road,74.5,432.1,141.44,1327.21,65.84,786.38,597.51,0.0,3350.48,0.94,44.97,1.035,R053
C03579,R0043,TRK032,road,142.6,827.08,352.81,1184.42,109.82,582.59,363.34,1044.68,4464.74,1.1,31.31,0.935,R043
C03580,R0090,TRK037,road,443.7,2573.46,954.3,1384.46,319.41,409.27,675.6,602.18,6918.67,5.56,15.59,1.238,R090
C03581,R0058,TRK006,road,374.0,2169.2,864.04,1385.27,253.81,514.0,260.95,1661.98,7109.25,6.78,19.01,1.214,R058
C03582,R0038,TRK001,road,162.1,940.18,386.93,1134.86,113.18,877.97,42.92,0.0,3496.05,0.77,21.57,0.997,R038
C03583,R0003,TRK017,road,176.9,1026.02,413.35,1278.99,126.68,730.27,189.69,1606.85,5371.85,1.19,30.37,1.093,R003
C03584,R0086,TRK026,road,354.9,2058.42,680.61,1144.55,278.8,786.33,298.55,300.6,5547.87,1.52,15.63,1.0,R086
C03585,R0007,TRK042,road,81.4,472.12,156.43,1122.27,63.97,489.99,134.27,0.0,2439.05,1.85,29.96,1.019,R007
C03586,R0059,TRK019,road,227.2,1317.76,459.59,1281.97,192.82,679.41,95.89,689.17,4716.61,2.37,20.76,1.014,R059
C03587,R0082,TRK006,road,280.4,1626.32,532.95,1155.12,172.87,735.12,93.02,1611.08,5926.47,1.9,21.14,1.232,R082
C03588,R0005,TRK036,road,168.9,979.62,383.38,1380.14,141.39,164.55,385.48,0.0,3434.56,0.93,20.33,1.15,R005
C03589,R0054,TRK039,rail,483.4,1740.24,354.52,496.42,66.95,517.21,299.74,0.0,3475.07,0.88,7.19,1.148,R054
C03590,R0083,TRK021,road,548.2,3179.56,1356.58,1103.02,477.33,863.44,296.89,1070.07,8346.89,1.73,15.23,1.239,R083
C03591,R0016,TRK008,road,337.3,1956.34,711.77,1123.99,227.26,397.85,605.11,0.0,5022.31,4.92,14.89,1.234,R016
C03592,R0036,TRK015,local,485.4,3980.28,1451.91,774.55,128.43,561.15,36.09,0.0,6932.4,5.57,14.28,0.901,R036
C03593,R0046,TRK021,road,389.7,2260.26,965.05,998.49,248.85,796.59,388.24,0.0,5657.48,1.73,14.52,1.125,R046
C03594,R0030,TRK002,local,396.3,3249.66,995.66,867.94,118.03,617.34,167.03,0.0,6015.67,1.31,15.18,1.079,R030
C03595,R0027,TRK044,road,399.3,2315.94,763.56,1407.4,331.88,206.42,620.78,0.0,5645.98,2.45,14.14,0.927,R027
C03596,R0095,TRK037,road,457.6,2654.08,1117.24,1149.63,317.91,166.92,380.92,466.45,6253.15,4.67,13.67,1.234,R095
C03597,R0006,TRK033,road,96.9,562.02,215.77,1217.61,74.49,231.52,640.18,0.0,2941.59,0.72,30.36,1.178,R006
C03598,R0045,TRK029,local,395.4,3242.28,1204.44,787.43,107.12,617.96,230.52,1267.78,7457.53,1.92,18.86,1.05,R045
C03599,R0081,TRK018,road,370.4,2148.32,803.55,1211.12,295.39,605.01,29.89,0.0,5093.28,12.36,13.75,0.969,R081
C03600,R0073,TRK008,rail,430.9,1551.24,374.29,376.92,73.83,363.05,60.98,1798.05,4598.37,1.42,10.67,1.229,R073
C03601,R0073,TRK032,local,158.8,1302.16,505.48,838.18,36.38,316.21,60.26,1218.76,4277.44,1.08,26.94,1.208,R073
C03602,R0005,TRK048,road,53.1,307.98,115.8,1293.23,40.31,623.28,562.53,503.99,3447.12,3.19,64.92,1.014,R005
C03603,R0063,TRK011,road,284.3,1648.94,596.27,1033.73,237.76,540.75,578.25,0.0,4635.71,8.19,16.31,0.956,R063
C03604,R0008,TRK032,rail,56.7,204.12,51.36,397.3,7.66,424.32,65.05,0.0,1149.82,0.82,20.28,0.942,R008
C03605,R0005,TRK050,road,455.3,2640.74,1022.59,1409.5,409.22,851.48,520.08,1054.95,7908.56,7.27,17.37,0.92,R005
C03606,R0065,TRK041,road,477.2,2767.76,1113.52,1229.85,333.82,790.45,80.38,173.49,6489.28,5.2,13.6,1.167,R065
C03607,R0034,TRK028,road,147.7,856.66,277.01,1037.26,121.21,844.15,498.64,0.0,3634.93,1.97,24.61,1.238,R034
C03608,R0070,TRK024,road,229.8,1332.84,539.98,1146.61,148.12,169.07,119.52,0.0,3456.14,3.38,15.04,1.097,R070
C03609,R0067,TRK034,road,476.4,2763.12,1101.43,1203.52,360.01,683.55,174.5,0.0,6286.14,3.81,13.2,0.951,R067
C03610,R0035,TRK011,local,259.2,2125.44,770.8,882.46,56.61,213.92,259.11,556.68,4865.02,3.14,18.77,1.105,R035
C03611,R0010,TRK049,road,270.7,1570.06,560.04,1117.81,203.69,209.95,166.29,0.0,3827.84,0.77,14.14,1.017,R010
C03612,R0014,TRK005,road,96.4,559.12,191.33,1290.2,70.98,632.32,242.29,919.04,3905.27,1.34,40.51,0.93,R014
C03613,R0038,TRK008,rail,455.5,1639.8,379.9,403.87,72.17,569.55,33.0,0.0,3098.29,1.71,6.8,1.131,R038
C03614,R0051,TRK015,rail,225.1,810.36,164.1,490.37,31.39,846.14,423.0,0.0,2765.35,4.19,12.28,1.049,R051
C03615,R0070,TRK006,local,478.5,3923.7,1287.56,1009.57,131.29,813.08,225.51,1111.39,8502.1,3.87,17.77,1.23,R070
C03616,R0048,TRK046,road,232.9,1350.82,572.17,1283.32,193.34,401.17,606.85,0.0,4407.66,1.59,18.93,1.216,R048
C03617,R0030,TRK010,rail,196.9,708.84,149.74,515.82,24.03,655.15,530.7,0.0,2584.29,0.68,13.12,0.941,R030
C03618,R0086,TRK023,road,272.8,1582.24,639.99,1377.65,223.8,462.41,501.42,0.0,4787.5,1.15,17.55,1.126,R086
C03619,R0046,TRK027,road,417.1,2419.18,888.94,1304.25,284.06,156.05,525.86,1034.94,6613.28,2.04,15.86,1.243,R046
C03620,R0086,TRK016,road,88.8,515.04,197.32,1410.9,71.22,157.29,354.33,0.0,2706.1,0.69,30.47,1.241,R086
C03621,R0078,TRK031,local,157.8,1293.96,455.0,983.28,45.33,482.53,270.64,0.0,3530.73,1.09,22.37,1.087,R078
C03622,R0035,TRK036,road,176.3,1022.54,408.0,1396.0,128.03,398.53,200.48,0.0,3553.58,0.75,20.16,1.008,R035
C03623,R0066,TRK039,road,40.6,235.48,96.29,967.76,31.12,229.35,601.08,0.0,2161.08,0.62,53.23,1.16,R066
C03624,R0079,TRK030,road,452.2,2622.76,985.57,1293.93,385.39,255.34,125.56,0.0,5668.54,3.09,12.54,1.167,R079
C03625,R0001,TRK014,road,325.9,1890.22,761.42,1351.33,270.07,731.58,264.47,0.0,5269.09,3.04,16.17,1.069,R001
C03626,R0089,TRK040,road,263.5,1528.3,566.98,1107.46,194.18,227.67,125.98,1125.31,4875.88,1.8,18.5,1.198,R089
C03627,R0005,TRK040,road,107.1,621.18,248.29,1151.98,64.96,273.52,196.77,1593.57,4150.27,0.91,38.75,1.045,R005
C03628,R0094,TRK011,road,329.4,1910.52,808.66,1414.36,230.13,643.81,551.06,0.0,5558.53,1.37,16.87,1.163,R094
C03629,R0025,TRK008,rail,355.3,1279.08,302.04,368.49,57.18,688.8,303.04,0.0,2998.64,0.68,8.44,0.971,R025
C03630,R0084,TRK001,road,353.9,2052.62,760.08,1126.27,284.26,165.97,314.33,0.0,4703.53,1.27,13.29,0.929,R084
C03631,R0049,TRK019,road,537.1,3115.18,1293.88,1369.17,401.61,287.48,304.02,847.64,7618.97,1.97,14.19,0.999,R049
C03632,R0042,TRK003,road,504.5,2926.1,1125.22,1219.54,365.15,164.13,548.93,0.0,6349.07,2.83,12.58,1.088,R042
C03633,R0092,TRK029,road,246.0,1426.8,608.25,1239.54,183.26,206.51,314.46,0.0,3978.81,1.0,16.17,1.045,R092
C03634,R0073,TRK027,local,256.7,2104.94,641.01,878.27,72.91,612.16,259.52,0.0,4568.81,0.95,17.8,1.233,R073
C03635,R0005,TRK045,road,432.4,2507.92,838.2,1217.88,375.4,353.0,245.53,950.11,6488.03,1.83,15.0,1.143,R005
C03636,R0046,TRK030,road,47.5,275.5,104.06,1235.47,41.25,449.45,681.38,1330.08,4117.19,1.68,86.68,0.915,R046
C03637,R0053,TRK003,road,70.9,411.22,157.54,1358.05,50.51,493.2,348.43,0.0,2818.94,0.58,39.76,1.05,R053
C03638,R0036,TRK025,rail,135.4,487.44,106.12,390.36,19.83,745.05,240.95,0.0,1989.76,0.8,14.7,1.193,R036
C03639,R0005,TRK031,rail,87.3,314.28,80.18,426.71,12.88,697.53,157.82,0.0,1689.4,2.26,19.35,1.067,R005
C03640,R0009,TRK008,local,463.3,3799.06,1463.71,854.19,116.62,802.02,219.77,0.0,7255.38,4.73,15.66,1.111,R009
C03641,R0082,TRK028,road,63.0,365.4,152.91,1005.67,55.11,453.79,290.78,0.0,2323.66,2.85,36.88,0.966,R082
C03642,R0046,TRK005,road,41.9,243.02,80.11,1346.39,37.03,305.52,272.59,386.96,2671.62,0.59,63.76,1.073,R046
C03643,R0034,TRK006,road,335.9,1948.22,693.5,1137.63,209.03,897.65,253.83,0.0,5139.86,1.14,15.3,1.145,R034
C03644,R0051,TRK042,rail,139.9,503.64,97.56,508.56,20.56,293.82,492.29,952.01,2868.45,9.33,20.5,1.066,R051
C03645,R0054,TRK026,road,61.1,354.38,135.91,1140.49,54.67,194.52,191.21,0.0,2071.17,4.33,33.9,1.181,R054
C03646,R0056,TRK030,road,165.9,962.22,310.49,1338.24,103.05,816.58,594.16,0.0,4124.74,7.83,24.86,1.053,R056
C03647,R0006,TRK037,rail,359.9,1295.64,286.81,538.65,60.83,198.71,423.63,1369.33,4173.61,1.21,11.6,0.931,R006
C03648,R0082,TRK025,road,258.2,1497.56,603.54,1382.81,192.26,349.3,211.0,1342.92,5579.39,1.41,21.61,1.158,R082
C03649,R0090,TRK011,rail,406.3,1462.68,299.66,464.91,56.55,600.78,229.59,732.71,3846.88,0.88,9.47,1.031,R090
C03650,R0069,TRK006,road,478.8,2777.04,1098.46,1346.72,406.65,344.03,511.26,1133.52,7617.68,1.55,15.91,1.019,R069
C03651,R0075,TRK013,local,282.1,2313.22,741.84,932.16,77.9,187.17,115.1,0.0,4367.39,1.05,15.48,1.132,R075
C03652,R0075,TRK007,local,353.9,2901.98,889.08,982.76,98.4,602.14,128.52,1104.01,6706.89,5.44,18.95,1.044,R075
C03653,R0084,TRK005,road,453.5,2630.3,944.51,1003.68,353.48,652.93,468.67,0.0,6053.58,1.54,13.35,1.085,R084
C03654,R0056,TRK001,local,353.9,2901.98,931.65,851.67,101.37,622.04,170.35,802.83,6381.88,1.53,18.03,1.213,R056
C03655,R0035,TRK047,rail,532.4,1916.64,392.19,383.78,65.92,827.86,277.73,0.0,3864.12,2.05,7.26,0.935,R035
C03656,R0065,TRK033,road,146.0,846.8,329.72,1128.67,92.58,876.86,585.3,0.0,3859.93,1.02,26.44,0.901,R065
C03657,R0089,TRK017,road,285.4,1655.32,651.5,1270.46,244.72,446.58,274.78,0.0,4543.36,1.27,15.92,0.975,R089
C03658,R0027,TRK034,rail,329.4,1185.84,287.13,402.31,58.78,174.39,349.37,0.0,2457.81,0.88,7.46,1.232,R027
C03659,R0079,TRK015,rail,102.5,369.0,83.04,383.28,16.23,225.25,546.85,966.63,2590.27,1.35,25.27,1.086,R079
C03660,R0075,TRK003,road,252.7,1465.66,477.94,1277.95,207.27,226.35,683.19,330.78,4669.13,15.08,18.48,0.981,R075
C03661,R0031,TRK047,road,301.3,1747.54,606.87,1245.56,221.31,707.48,123.38,1791.6,6443.73,9.16,21.39,1.011,R031
C03662,R0073,TRK031,road,255.9,1484.22,594.0,1431.53,189.04,769.77,355.18,443.09,5266.85,2.41,20.58,1.139,R073
C03663,R0010,TRK040,rail,502.7,1809.72,347.99,476.78,76.86,611.74,436.22,118.75,3878.06,1.03,7.71,1.229,R010
C03664,R0084,TRK036,road,412.6,2393.08,922.2,1297.33,339.93,655.19,335.26,0.0,5942.99,1.74,14.4,1.021,R084
C03665,R0036,TRK036,road,276.1,1601.38,596.93,1196.24,199.62,179.82,663.94,0.0,4437.95,1.22,16.07,1.092,R036
C03666,R0084,TRK049,rail,421.0,1515.6,293.91,408.14,66.7,733.4,383.78,0.0,3401.53,0.78,8.08,1.2,R084
C03667,R0068,TRK042,local,159.2,1305.44,422.66,789.22,47.42,219.26,128.95,0.0,2912.94,2.46,18.3,1.238,R068
C03668,R0098,TRK036,road,185.4,1075.32,376.6,1214.49,149.61,822.81,80.14,0.0,3718.98,2.85,20.06,0.957,R098
C03669,R0022,TRK047,road,142.7,827.66,319.5,1317.42,115.94,595.35,97.75,295.08,3568.7,2.21,25.01,1.202,R022
C03670,R0023,TRK003,road,287.5,1667.5,546.64,1171.15,236.21,376.61,238.03,897.54,5133.67,2.17,17.86,1.019,R023
C03671,R0026,TRK010,rail,176.1,633.96,151.37,360.31,28.76,353.86,29.77,1431.47,2989.51,5.66,16.98,0.936,R026
C03672,R0055,TRK048,road,93.2,540.56,194.18,1136.75,81.14,317.68,44.42,0.0,2314.73,1.41,24.84,1.025,R055
C03673,R0050,TRK018,road,194.1,1125.78,385.34,1178.32,153.22,687.43,486.97,724.65,4741.71,1.54,24.43,1.201,R050
C03674,R0011,TRK033,rail,414.0,1490.4,363.11,532.43,60.77,800.94,323.54,0.0,3571.19,0.81,8.63,1.101,R011
C03675,R0013,TRK018,road,312.6,1813.08,739.42,960.09,214.44,187.1,669.19,602.98,5186.3,1.36,16.59,1.136,R013
C03676,R0040,TRK021,road,535.9,3108.22,1133.0,967.45,365.75,891.41,9.65,0.0,6475.48,8.04,12.08,1.209,R040
C03677,R0043,TRK025,road,313.8,1820.04,676.6,1146.32,270.92,248.45,632.32,0.0,4794.65,4.21,15.28,1.012,R043
C03678,R0098,TRK032,rail,473.7,1705.32,340.18,483.64,81.58,252.68,140.24,222.3,3225.94,4.33,6.81,1.021,R098
C03679,R0065,TRK040,rail,316.8,1140.48,254.69,463.91,42.18,230.45,443.63,0.0,2575.33,1.28,8.13,1.024,R065
C03680,R0093,TRK025,road,245.2,1422.16,469.31,1219.37,204.19,534.73,601.73,1468.07,5919.56,4.0,24.14,1.048,R093
C03681,R0097,TRK044,local,349.9,2869.18,1060.8,745.38,100.14,822.29,179.91,713.68,6491.38,1.67,18.55,1.249,R097
C03682,R0036,TRK038,rail,275.2,990.72,241.27,417.78,34.21,252.24,468.38,0.0,2404.61,0.99,8.74,0.978,R036
C03683,R0058,TRK015,local,450.1,3690.82,1137.56,733.72,100.14,303.94,71.26,0.0,6037.44,1.41,13.41,1.094,R058
C03684,R0014,TRK020,road,263.0,1525.4,501.4,1208.45,169.9,638.18,511.44,998.67,5553.45,3.22,21.12,0.921,R014
C03685,R0088,TRK024,road,466.3,2704.54,1124.1,1433.44,316.09,306.43,493.64,865.11,7243.36,3.75,15.53,1.235,R088
C03686,R0056,TRK013,rail,346.9,1248.84,258.02,524.91,53.82,864.02,221.56,563.47,3734.63,0.82,10.77,1.146,R056
C03687,R0085,TRK019,road,160.8,932.64,340.71,1297.29,126.23,488.52,121.4,0.0,3306.78,0.9,20.56,1.027,R085
C03688,R0031,TRK044,road,84.4,489.52,193.67,1367.16,65.65,174.75,693.7,0.0,2984.46,2.36,35.36,1.11,R031
C03689,R0051,TRK049,road,75.4,437.32,177.08,1048.1,50.68,630.59,62.44,0.0,2406.21,2.87,31.91,1.241,R051
C03690,R0030,TRK032,road,290.1,1682.58,624.39,1024.53,199.61,491.6,296.01,0.0,4318.72,1.62,14.89,0.952,R030
C03691,R0043,TRK041,rail,421.0,1515.6,308.52,423.29,65.61,844.53,640.27,1594.68,5392.51,2.73,12.81,0.98,R043
C03692,R0038,TRK005,road,322.1,1868.18,639.7,981.74,210.82,716.79,319.1,1242.54,5978.88,1.76,18.56,1.054,R038
C03693,R0096,TRK012,road,102.4,593.92,251.52,1011.04,91.28,567.63,532.15,0.0,3047.54,1.07,29.76,0.95,R096
C03694,R0076,TRK024,local,423.9,3475.98,1127.18,978.73,106.38,467.05,83.26,1190.38,7428.97,1.96,17.53,1.16,R076
C03695,R0040,TRK038,road,507.3,2942.34,1254.39,974.31,304.55,571.1,575.78,0.0,6622.46,3.8,13.05,1.128,R040
C03696,R0020,TRK006,rail,544.4,1959.84,483.56,498.32,89.82,626.19,21.03,183.9,3862.67,2.47,7.1,1.012,R020
C03697,R0028,TRK042,road,400.5,2322.9,885.22,1430.42,317.19,580.67,157.42,956.58,6650.4,1.71,16.61,1.214,R028
C03698,R0015,TRK037,road,432.1,2506.18,954.02,969.47,357.58,661.96,455.23,0.0,5904.44,1.23,13.66,0.902,R015
C03699,R0013,TRK023,road,50.3,291.74,113.1,990.55,40.14,796.31,455.62,0.0,2687.45,1.15,53.43,0.907,R013
C03700,R0084,TRK035,road,243.3,1411.14,526.77,1126.34,153.24,284.82,462.71,0.0,3965.01,0.92,16.3,1.135,R084
C03701,R0059,TRK007,road,464.3,2692.94,911.43,1034.46,381.74,773.44,92.01,0.0,5886.0,1.74,12.68,1.24,R059
C03702,R0092,TRK025,road,378.2,2193.56,713.82,1371.0,237.72,876.45,288.33,0.0,5680.89,1.24,15.02,1.178,R092
C03703,R0075,TRK037,rail,123.6,444.96,110.86,449.02,21.53,248.74,118.17,0.0,1393.28,1.13,11.27,0.94,R075
C03704,R0049,TRK041,local,537.0,4403.4,1502.22,817.52,153.18,656.49,258.47,562.76,8354.05,2.26,15.56,1.229,R049
C03705,R0066,TRK025,local,276.1,2264.02,743.2,897.99,76.04,803.23,157.74,833.76,5775.99,1.72,20.92,1.191,R066
C03706,R0084,TRK005,road,369.2,2141.36,779.29,1179.07,226.81,592.83,185.62,791.53,5896.51,2.25,15.97,0.991,R084
C03707,R0060,TRK019,road,155.4,901.32,317.33,977.0,106.75,466.01,13.27,0.0,2781.68,0.72,17.9,1.245,R060
C03708,R0090,TRK024,road,51.8,300.44,115.38,1279.73,36.28,161.83,462.92,39.55,2396.14,0.93,46.26,0.977,R090
C03709,R0004,TRK024,road,270.3,1567.74,588.44,1043.73,192.42,263.12,206.67,0.0,3862.11,1.48,14.29,0.968,R004
C03710,R0019,TRK024,road,540.0,3132.0,1158.64,1100.84,454.61,717.45,345.53,0.0,6909.08,1.6,12.79,0.972,R019
C03711,R0070,TRK043,local,471.4,3865.48,1436.37,901.26,117.1,341.51,246.63,0.0,6908.34,9.25,14.65,1.117,R070
C03712,R0073,TRK005,road,263.2,1526.56,512.79,1395.76,170.55,249.94,110.42,0.0,3966.02,1.59,15.07,1.045,R073
C03713,R0064,TRK026,local,180.9,1483.38,460.87,741.75,46.77,242.09,277.33,839.44,4091.63,5.41,22.62,0.982,R064
C03714,R0069,TRK037,local,342.1,2805.22,825.83,902.91,97.97,500.81,41.83,0.0,5174.57,2.6,15.13,0.985,R069
C03715,R0007,TRK041,local,282.7,2318.14,673.64,855.14,72.66,389.38,220.42,659.21,5188.59,2.08,18.35,0.936,R007
C03716,R0008,TRK027,road,357.6,2074.08,846.72,1378.69,217.35,507.69,23.09,1616.17,6663.8,6.1,18.63,1.232,R008
C03717,R0062,TRK030,rail,342.8,1234.08,298.43,397.49,53.5,789.78,264.97,0.0,3038.26,0.96,8.86,1.146,R062
C03718,R0091,TRK038,local,220.2,1805.64,612.72,1019.66,47.98,298.75,192.13,1438.26,5415.14,2.02,24.59,1.193,R091
C03719,R0080,TRK032,local,344.3,2823.26,970.83,1032.48,88.42,717.31,231.37,1663.51,7527.19,2.86,21.86,0.958,R080
C03720,R0048,TRK009,road,346.6,2010.28,850.53,1059.04,269.64,788.24,541.19,0.0,5518.92,2.07,15.92,1.209,R048
C03721,R0089,TRK021,road,99.6,577.68,238.21,1289.78,79.19,537.53,171.6,1651.78,4545.78,2.16,45.64,0.921,R089
C03722,R0060,TRK026,road,66.5,385.7,131.71,1418.67,42.75,829.13,505.22,589.97,3903.14,1.8,58.69,1.064,R060
C03723,R0088,TRK037,rail,292.3,1052.28,235.85,536.6,44.32,165.7,218.18,1376.77,3629.7,0.93,12.42,1.064,R088
C03724,R0092,TRK033,road,55.2,320.16,112.33,1203.36,35.48,346.85,166.53,0.0,2184.71,0.46,39.58,1.198,R092
C03725,R0001,TRK036,rail,293.4,1056.24,218.87,360.81,47.91,416.76,137.19,0.0,2237.78,1.41,7.63,0.952,R001
C03726,R0078,TRK026,road,517.4,3000.92,1304.68,1024.05,414.28,341.64,445.19,233.43,6764.19,8.56,13.07,1.057,R078
C03727,R0011,TRK040,road,414.9,2406.42,850.19,1064.09,278.36,763.42,476.97,542.23,6381.68,1.33,15.38,1.082,R011
C03728,R0030,TRK020,rail,395.0,1422.0,323.84,443.68,56.35,212.16,14.8,0.0,2472.84,2.84,6.26,1.036,R030
C03729,R0016,TRK016,road,219.1,1270.78,433.01,1040.1,196.88,380.53,674.76,1147.8,5143.86,3.97,23.48,0.953,R016
C03730,R0089,TRK017,road,147.1,853.18,287.42,1204.93,90.98,342.29,589.58,773.22,4141.61,1.31,28.16,1.062,R089
C03731,R0019,TRK030,road,378.9,2197.62,891.47,960.2,238.53,165.83,637.46,0.0,5091.11,6.96,13.44,1.059,R019
C03732,R0085,TRK024,road,500.0,2900.0,1142.95,1024.88,351.87,892.94,49.27,0.0,6361.91,1.59,12.72,1.128,R085
C03733,R0067,TRK011,road,521.7,3025.86,1030.08,1344.96,347.14,288.7,28.59,0.0,6065.32,12.02,11.63,1.121,R067
C03734,R0013,TRK042,road,95.4,553.32,229.19,1020.32,62.05,673.09,263.87,0.0,2801.84,1.32,29.37,1.124,R013
C03735,R0086,TRK039,road,542.6,3147.08,1032.29,1143.1,348.65,813.52,6.4,613.62,7104.65,1.78,13.09,0.952,R086
C03736,R0045,TRK013,road,479.2,2779.36,1191.07,1051.9,315.12,830.84,313.24,0.0,6481.53,1.57,13.53,1.117,R045
C03737,R0065,TRK009,road,83.7,485.46,192.14,1035.7,56.9,236.76,397.95,1135.11,3540.02,3.38,42.29,0.937,R065
C03738,R0073,TRK015,rail,33.2,119.52,28.18,466.28,5.18,743.06,155.47,242.77,1760.45,0.36,53.03,0.905,R073
C03739,R0029,TRK041,local,253.7,2080.34,809.33,947.31,65.25,726.67,78.75,84.95,4792.6,1.84,18.89,1.13,R029
C03740,R0029,TRK008,local,510.0,4182.0,1337.67,993.36,112.44,580.47,59.73,0.0,7265.68,1.52,14.25,1.02,R029
C03741,R0094,TRK019,local,52.2,428.04,159.37,863.79,14.57,776.38,24.1,0.0,2266.25,2.13,43.41,0.914,R094
C03742,R0086,TRK015,rail,264.1,950.76,236.0,479.49,41.93,459.68,527.03,1741.96,4436.84,0.96,16.8,1.038,R086
C03743,R0010,TRK025,rail,159.0,572.4,110.94,502.97,26.67,269.93,358.3,0.0,1841.22,0.54,11.58,1.205,R010
C03744,R0083,TRK036,rail,85.8,308.88,65.39,467.1,11.02,255.75,666.09,0.0,1774.23,0.42,20.68,0.944,R083
C03745,R0097,TRK008,road,484.7,2811.26,1059.36,1149.63,292.23,776.79,270.55,0.0,6359.82,1.57,13.12,0.906,R097
C03746,R0011,TRK009,rail,368.7,1327.32,304.41,538.91,48.48,459.3,140.37,1752.82,4571.61,1.28,12.4,1.127,R011
C03747,R0033,TRK050,road,367.1,2129.18,785.75,1016.51,277.59,157.14,381.05,0.0,4747.22,4.13,12.93,1.246,R033
C03748,R0019,TRK013,road,73.2,424.56,141.46,993.71,59.71,296.35,646.51,0.0,2562.3,0.55,35.0,1.068,R019
C03749,R0026,TRK042,rail,143.1,515.16,131.1,388.38,23.92,362.67,274.74,998.42,2694.39,2.49,18.83,1.148,R026
C03750,R0094,TRK010,road,345.4,2003.32,803.16,1294.8,302.2,876.1,214.14,0.0,5493.72,1.34,15.91,1.043,R094
C03751,R0047,TRK010,rail,376.8,1356.48,328.32,425.07,57.66,470.46,598.93,1242.6,4479.53,6.63,11.89,1.166,R047
C03752,R0017,TRK005,road,213.3,1237.14,499.1,1152.59,174.67,759.23,169.64,0.0,3992.37,1.88,18.72,1.241,R017
C03753,R0027,TRK021,road,107.1,621.18,203.5,992.03,77.97,623.1,351.42,1088.8,3957.99,1.39,36.96,1.229,R027
C03754,R0057,TRK015,rail,126.2,454.32,113.81,405.96,22.37,174.12,523.75,0.0,1694.33,1.0,13.43,1.184,R057
C03755,R0085,TRK043,rail,413.6,1488.96,359.63,504.6,60.34,717.88,357.98,0.0,3489.39,1.66,8.44,0.944,R085
C03756,R0075,TRK047,road,170.4,988.32,342.74,1048.49,141.03,574.96,204.21,0.0,3299.75,0.99,19.36,0.901,R075
C03757,R0096,TRK031,road,249.0,1444.2,618.04,1347.6,192.58,885.37,506.11,0.0,4993.89,1.3,20.06,1.169,R096
C03758,R0010,TRK018,rail,134.4,483.84,103.16,459.37,22.65,237.08,335.87,0.0,1641.97,1.59,12.22,1.054,R010
C03759,R0010,TRK016,road,166.8,967.44,313.14,1086.11,137.56,808.5,108.1,1412.15,4833.01,1.59,28.97,1.032,R010
C03760,R0068,TRK014,road,42.0,243.6,102.92,1301.98,30.97,765.7,507.79,101.65,3054.61,1.44,72.73,1.17,R068
C03761,R0096,TRK040,rail,88.1,317.16,72.3,395.8,12.77,251.8,403.71,659.82,2113.36,0.65,23.99,1.236,R096
C03762,R0077,TRK033,road,175.9,1020.22,363.35,1082.06,106.99,836.54,487.31,0.0,3896.46,2.36,22.15,1.049,R077
C03763,R0016,TRK045,local,407.8,3343.96,1209.0,858.56,116.96,860.0,90.38,754.18,7233.05,2.64,17.74,0.973,R016
C03764,R0088,TRK028,road,68.2,395.56,162.26,1123.52,40.98,773.51,65.1,323.08,2884.0,2.37,42.29,1.059,R088
C03765,R0098,TRK047,road,167.4,970.92,401.45,1096.63,116.17,656.77,368.92,0.0,3610.85,0.76,21.57,0.948,R098
C03766,R0026,TRK012,road,118.8,689.04,298.88,1165.13,85.46,191.96,111.62,1484.23,4026.32,1.12,33.89,1.134,R026
C03767,R0014,TRK041,local,392.6,3219.32,1023.47,822.27,93.98,817.05,205.42,1203.16,7384.68,13.16,18.81,0.905,R014
C03768,R0055,TRK045,rail,77.9,280.44,70.75,414.2,10.59,746.05,569.59,0.0,2091.62,2.75,26.85,0.93,R055
C03769,R0096,TRK005,rail,170.4,613.44,150.59,530.95,24.75,300.7,80.3,0.0,1700.73,0.71,9.98,0.989,R096
C03770,R0084,TRK027,road,116.6,676.28,232.01,1047.42,86.28,420.93,105.44,0.0,2568.35,0.99,22.03,1.0,R084
C03771,R0030,TRK010,road,435.6,2526.48,956.54,960.61,293.39,364.11,667.96,0.0,5769.08,1.91,13.24,0.978,R030
C03772,R0010,TRK036,road,536.6,3112.28,1229.91,1117.38,366.99,420.92,16.53,0.0,6264.01,1.28,11.67,1.013,R010
C03773,R0053,TRK015,road,484.1,2807.78,1137.35,974.92,389.11,400.47,539.6,1275.8,7525.03,4.26,15.54,1.232,R053
C03774,R0071,TRK029,road,294.2,1706.36,716.57,1299.29,263.53,596.03,628.04,0.0,5209.82,3.63,17.71,1.126,R071
C03775,R0081,TRK001,road,361.2,2094.96,770.85,1427.41,308.67,607.08,679.54,0.0,5888.51,2.62,16.3,1.04,R081
C03776,R0078,TRK002,road,167.8,973.24,333.21,1165.46,117.28,232.16,176.28,0.0,2997.63,0.66,17.86,1.238,R078
C03777,R0078,TRK002,road,375.1,2175.58,806.71,1270.96,314.23,870.42,633.97,1472.06,7543.93,3.26,20.11,0.941,R078
C03778,R0076,TRK015,road,41.1,238.38,85.08,1183.29,26.67,177.93,120.52,0.0,1831.88,0.84,44.57,0.904,R076
C03779,R0008,TRK007,road,331.0,1919.8,670.56,962.36,229.28,192.87,87.67,0.0,4062.54,1.77,12.27,1.137,R008
C03780,R0006,TRK044,road,455.6,2642.48,969.33,1212.29,277.81,336.95,348.65,0.0,5787.51,8.31,12.7,1.11,R006
C03781,R0074,TRK037,road,102.9,596.82,244.49,1330.56,85.67,186.33,406.15,0.0,2850.02,0.8,27.7,0.97,R074
C03782,R0032,TRK041,road,195.4,1133.32,434.12,1339.7,158.63,389.18,668.03,1127.95,5250.94,5.84,26.87,0.959,R032
C03783,R0081,TRK045,road,227.2,1317.76,464.86,1283.47,194.96,741.93,325.65,0.0,4328.64,2.06,19.05,1.095,R081
C03784,R0073,TRK032,road,353.5,2050.3,803.45,1046.5,265.63,866.28,114.77,0.0,5146.92,1.79,14.56,1.212,R073
C03785,R0100,TRK034,rail,56.1,201.96,48.05,528.89,8.52,285.34,68.77,0.0,1141.53,0.34,20.35,1.138,R100
C03786,R0083,TRK002,road,308.9,1791.62,740.5,1272.34,207.68,835.99,426.19,0.0,5274.32,1.19,17.07,1.23,R083
C03787,R0014,TRK003,rail,76.0,273.6,66.16,511.05,11.19,283.77,196.16,0.0,1341.93,0.28,17.66,1.199,R014
C03788,R0027,TRK021,road,61.2,354.96,130.79,1430.92,54.03,412.55,107.43,1550.63,4041.31,1.32,66.03,1.012,R027
C03789,R0003,TRK049,rail,135.6,488.16,123.83,455.66,19.31,376.36,241.03,0.0,1704.35,3.73,12.57,0.9,R003
C03790,R0061,TRK030,road,80.1,464.58,154.52,1060.36,51.67,720.9,665.18,53.98,3171.2,2.39,39.59,1.154,R061
C03791,R0019,TRK015,road,108.4,628.72,224.27,1162.62,80.68,620.46,232.16,1625.08,4574.0,1.05,42.2,0.916,R019
C03792,R0023,TRK029,road,502.6,2915.08,1162.98,963.05,404.41,394.91,314.92,1391.94,7547.28,12.12,15.02,0.902,R023
C03793,R0094,TRK039,rail,333.9,1202.04,262.08,507.57,45.63,556.28,285.14,502.0,3360.73,1.11,10.07,0.917,R094
C03794,R0092,TRK041,road,305.3,1770.74,632.27,1287.76,238.8,303.11,369.63,0.0,4602.32,2.23,15.07,1.023,R092
C03795,R0052,TRK049,road,291.8,1692.44,591.63,978.98,228.0,285.14,621.78,0.0,4397.97,1.62,15.07,1.164,R052
C03796,R0021,TRK017,road,186.2,1079.96,427.27,1068.48,164.66,397.35,129.89,1606.23,4873.84,1.16,26.18,0.949,R021
C03797,R0050,TRK011,local,210.0,1722.0,519.83,985.99,46.8,219.98,198.07,0.0,3692.66,2.21,17.58,0.918,R050
C03798,R0061,TRK037,rail,214.3,771.48,152.51,503.51,33.53,667.99,89.87,717.26,2936.17,0.68,13.7,0.921,R061
C03799,R0013,TRK050,road,190.9,1107.22,447.0,1142.02,119.11,670.22,109.41,521.72,4116.69,4.85,21.56,0.916,R013
C03800,R0096,TRK019,local,202.4,1659.68,564.41,1009.33,53.38,760.59,273.88,551.09,4872.36,2.26,24.07,1.217,R096
C03801,R0080,TRK025,rail,504.1,1814.76,434.46,494.7,80.55,233.51,234.71,0.0,3292.69,1.92,6.53,1.1,R080
C03802,R0081,TRK030,road,31.0,179.8,73.72,1395.27,19.22,815.18,542.18,1743.26,4768.62,1.39,153.83,1.103,R081
C03803,R0056,TRK040,local,541.7,4441.94,1678.75,934.39,140.38,635.0,103.83,616.72,8551.01,11.64,15.79,1.11,R056
C03804,R0061,TRK026,local,302.4,2479.68,772.86,930.28,72.16,165.54,283.42,0.0,4703.94,10.38,15.56,1.195,R061
C03805,R0083,TRK042,road,225.3,1306.74,423.31,1153.14,140.0,266.88,170.03,1778.82,5238.91,1.85,23.25,1.105,R083
C03806,R0022,TRK025,local,57.9,474.78,146.68,1031.34,13.16,538.89,88.25,1690.78,3983.88,0.81,68.81,1.201,R022
C03807,R0073,TRK014,local,500.3,4102.46,1560.12,929.84,122.7,335.73,145.45,0.0,7196.3,10.4,14.38,1.154,R073
C03808,R0084,TRK004,local,212.5,1742.5,616.75,837.43,58.94,512.21,87.15,819.24,4674.23,0.98,22.0,0.972,R084
C03809,R0005,TRK045,local,359.7,2949.54,924.95,864.05,87.25,303.98,289.78,758.56,6178.12,5.88,17.18,1.094,R005
C03810,R0092,TRK045,rail,202.8,730.08,177.29,404.47,27.88,358.11,21.55,1505.81,3225.2,0.69,15.9,1.177,R092
C03811,R0074,TRK023,road,371.3,2153.54,719.85,1018.02,292.98,226.06,619.44,476.5,5506.39,1.51,14.83,1.012,R074
C03812,R0013,TRK028,road,158.5,919.3,391.97,1367.47,132.48,326.02,313.32,309.75,3760.31,6.67,23.72,1.052,R013
C03813,R0047,TRK013,road,445.4,2583.32,921.43,1377.57,297.27,460.85,171.39,0.0,5811.83,1.68,13.05,0.91,R047
C03814,R0078,TRK005,road,175.7,1019.06,418.26,1144.07,115.13,308.46,415.89,1503.53,4924.4,3.46,28.03,1.121,R078
C03815,R0002,TRK043,road,390.1,2262.58,790.9,1087.37,333.52,887.89,538.05,668.59,6568.89,12.98,16.84,1.075,R002
C03816,R0081,TRK041,rail,395.4,1423.44,272.99,520.92,56.76,770.68,499.91,0.0,3544.69,0.72,8.96,0.978,R081
C03817,R0013,TRK027,road,99.5,577.1,214.01,991.27,72.82,325.44,619.17,0.0,2799.82,1.46,28.14,0.901,R013
C03818,R0048,TRK024,road,67.0,388.6,152.46,1231.01,55.52,353.93,416.5,0.0,2598.02,0.63,38.78,1.147,R048
C03819,R0065,TRK011,road,118.9,689.62,271.0,1405.39,79.97,409.1,558.53,0.0,3413.61,0.86,28.71,1.226,R065
C03820,R0087,TRK013,road,403.6,2340.88,809.29,1218.08,272.39,240.11,680.46,1655.71,7216.92,3.03,17.88,1.075,R087
C03821,R0024,TRK014,rail,407.8,1468.08,341.06,524.89,67.24,464.67,551.82,227.93,3645.69,0.97,8.94,1.165,R024
C03822,R0030,TRK014,road,172.3,999.34,340.93,1385.06,127.45,503.3,441.2,0.0,3797.29,1.97,22.04,1.017,R030
C03823,R0007,TRK011,road,296.8,1721.44,571.43,1284.44,201.79,325.65,273.4,817.13,5195.29,1.45,17.5,1.202,R007
C03824,R0053,TRK026,road,408.2,2367.56,905.06,962.7,286.66,729.02,343.31,0.0,5594.3,1.53,13.7,0.938,R053
C03825,R0037,TRK019,local,536.1,4396.02,1437.29,1018.78,109.75,395.92,107.38,0.0,7465.15,4.26,13.92,0.942,R037
C03826,R0009,TRK045,road,266.3,1544.54,552.36,1021.17,206.14,785.69,99.96,0.0,4209.87,3.68,15.81,1.028,R009
C03827,R0003,TRK016,road,462.7,2683.66,1115.25,1046.39,314.34,373.63,181.91,489.43,6204.61,1.39,13.41,1.142,R003
C03828,R0028,TRK006,rail,337.0,1213.2,290.97,380.49,55.52,660.03,660.56,772.48,4033.26,11.71,11.97,1.115,R028
C03829,R0006,TRK038,rail,148.3,533.88,121.23,510.44,19.84,705.66,15.0,0.0,1906.04,1.07,12.85,1.004,R006
C03830,R0084,TRK005,road,146.7,850.86,339.34,1170.88,98.36,847.82,445.34,1702.89,5455.49,1.23,37.19,1.155,R084
C03831,R0082,TRK019,road,100.2,581.16,244.07,1098.48,82.35,468.24,104.93,1124.86,3704.09,0.94,36.97,1.143,R082
C03832,R0082,TRK034,road,319.5,1853.1,736.67,1163.34,275.65,456.87,64.18,717.57,5267.37,2.27,16.49,0.917,R082
C03833,R0094,TRK026,rail,301.5,1085.4,227.58,445.85,48.66,581.88,644.06,123.05,3156.49,0.73,10.47,1.087,R094
C03834,R0019,TRK018,local,513.8,4213.16,1233.75,1034.05,119.78,216.99,49.44,0.0,6867.17,1.94,13.37,0.914,R019
C03835,R0096,TRK029,road,471.9,2737.02,1122.66,1395.32,411.93,608.52,115.77,0.0,6391.23,2.36,13.54,1.245,R096
C03836,R0033,TRK005,road,194.1,1125.78,429.59,1200.61,131.95,557.03,593.65,0.0,4038.61,2.31,20.81,1.175,R033
C03837,R0079,TRK039,road,123.0,713.4,294.48,1016.65,98.75,460.47,401.01,0.0,2984.77,4.73,24.27,1.073,R079
C03838,R0074,TRK033,road,464.2,2692.36,889.78,1127.38,335.74,549.9,69.11,0.0,5664.27,2.56,12.2,1.072,R074
C03839,R0088,TRK028,road,386.3,2240.54,907.51,1144.31,293.26,898.4,391.71,0.0,5875.72,1.38,15.21,1.012,R088
C03840,R0016,TRK019,rail,125.6,452.16,90.74,476.5,18.37,586.78,166.52,0.0,1791.06,0.43,14.26,0.997,R016
C03841,R0085,TRK015,local,98.6,808.52,314.02,958.01,26.97,444.96,25.54,964.22,3542.24,3.43,35.93,1.021,R085
C03842,R0046,TRK024,rail,374.4,1347.84,282.35,368.01,63.62,889.53,235.48,1125.5,4312.33,1.82,11.52,1.097,R046
C03843,R0006,TRK032,local,121.4,995.48,306.18,751.87,24.73,522.33,109.63,196.65,2906.86,1.82,23.94,0.91,R006
C03844,R0062,TRK012,road,368.8,2139.04,927.44,1422.21,297.46,893.99,138.56,0.0,5818.7,12.0,15.78,1.011,R062
C03845,R0053,TRK049,road,448.2,2599.56,1120.48,1118.78,402.11,206.59,40.68,0.0,5488.19,3.98,12.24,0.97,R053
C03846,R0037,TRK005,rail,436.9,1572.84,314.53,390.3,59.59,349.45,539.08,0.0,3225.79,1.08,7.38,0.912,R037
C03847,R0054,TRK023,rail,414.8,1493.28,306.49,525.75,60.75,629.18,604.59,387.8,4007.83,1.01,9.66,1.052,R054
C03848,R0036,TRK013,rail,319.1,1148.76,275.79,518.71,56.43,584.17,250.28,1459.53,4293.66,3.71,13.46,0.949,R036
C03849,R0053,TRK009,road,163.0,945.4,397.22,1393.91,143.55,681.64,12.29,0.0,3574.01,1.31,21.93,1.072,R053
C03850,R0081,TRK038,rail,410.6,1478.16,339.28,539.38,61.64,499.13,325.1,0.0,3242.69,2.28,7.9,0.979,R081
C03851,R0085,TRK030,local,115.0,943.0,286.97,722.81,31.71,330.16,50.14,0.0,2364.8,0.97,20.56,1.238,R085
C03852,R0076,TRK031,road,146.8,851.44,368.09,1122.16,94.84,855.89,35.36,0.0,3327.78,1.03,22.67,1.119,R076
C03853,R0090,TRK023,local,282.6,2317.32,782.43,812.54,58.91,483.35,298.58,1520.06,6273.19,6.21,22.2,1.107,R090
C03854,R0018,TRK001,road,489.8,2840.84,1204.61,1181.12,340.28,319.93,665.06,0.0,6551.84,12.63,13.38,1.243,R018
C03855,R0042,TRK009,road,489.2,2837.36,1051.27,1256.81,300.86,526.49,125.52,0.0,6098.31,3.42,12.47,1.016,R042
C03856,R0069,TRK038,road,451.7,2619.86,899.36,1377.9,293.05,421.31,196.91,225.93,6034.33,1.55,13.36,1.228,R069
C03857,R0019,TRK045,road,490.4,2844.32,938.97,1046.55,339.81,318.59,427.45,111.99,6027.68,1.26,12.29,1.107,R019
C03858,R0088,TRK037,road,47.8,277.24,103.31,1023.0,30.62,765.77,53.12,1757.11,4010.16,1.44,83.89,1.104,R088
C03859,R0039,TRK013,road,362.7,2103.66,778.39,1398.28,244.85,800.59,295.72,0.0,5621.49,1.67,15.5,1.004,R039
C03860,R0084,TRK029,road,153.5,890.3,303.93,1283.04,109.16,854.05,117.78,406.73,3965.0,0.85,25.83,1.116,R084
C03861,R0015,TRK032,road,495.4,2873.32,992.14,1157.89,327.83,285.2,398.2,0.0,6034.58,1.22,12.18,1.18,R015
C03862,R0097,TRK001,road,247.0,1432.6,500.54,1013.32,190.84,362.53,98.37,261.09,3859.3,1.76,15.62,1.242,R097
C03863,R0063,TRK011,rail,230.5,829.8,185.39,525.32,31.69,203.91,372.73,0.0,2148.85,0.54,9.32,0.943,R063
C03864,R0012,TRK042,road,497.7,2886.66,1010.39,1322.76,350.32,860.84,9.89,0.0,6440.86,1.31,12.94,1.225,R012
C03865,R0096,TRK014,road,77.4,448.92,168.83,1343.1,54.68,257.65,387.45,0.0,2660.62,0.61,34.37,1.184,R096
C03866,R0037,TRK001,rail,124.1,446.76,114.14,459.36,15.1,584.17,583.33,0.0,2202.86,1.98,17.75,1.222,R037
C03867,R0050,TRK009,road,115.4,669.32,242.14,962.44,82.37,729.37,267.85,0.0,2953.5,0.86,25.59,1.241,R050
C03868,R0074,TRK015,rail,524.2,1887.12,421.86,537.84,85.25,822.04,86.85,0.0,3840.96,3.78,7.33,1.043,R074
C03869,R0060,TRK048,road,386.7,2242.86,772.27,1411.9,313.96,259.93,640.2,1223.69,6864.81,4.7,17.75,1.006,R060
C03870,R0042,TRK001,road,546.0,3166.8,1112.86,1264.73,394.82,664.52,130.03,1577.65,8311.4,3.2,15.22,1.097,R042
C03871,R0028,TRK050,road,182.7,1059.66,364.21,1262.88,124.79,682.46,325.78,1332.93,5152.73,1.07,28.2,0.979,R028
C03872,R0035,TRK044,rail,112.2,403.92,99.21,374.63,19.29,646.06,679.35,0.0,2222.45,1.58,19.81,0.948,R035
C03873,R0071,TRK040,road,303.0,1757.4,659.15,1122.02,261.19,428.06,91.74,626.34,4945.9,1.4,16.32,0.965,R071
C03874,R0051,TRK036,rail,56.9,204.84,40.74,474.72,8.1,167.66,242.82,216.76,1355.64,0.82,23.82,1.059,R051
C03875,R0086,TRK019,road,204.5,1186.1,385.43,1310.43,147.94,411.87,429.41,19.52,3890.7,0.9,19.03,1.076,R086
C03876,R0022,TRK040,local,84.2,690.44,214.37,1041.47,20.61,652.08,249.87,1183.75,4052.58,1.2,48.13,1.221,R022
C03877,R0020,TRK027,road,69.9,405.42,176.0,985.28,47.88,236.99,346.74,1058.55,3256.85,1.34,46.59,1.087,R020
C03878,R0088,TRK037,rail,404.3,1455.48,340.72,376.82,57.56,264.92,658.64,0.0,3154.14,0.86,7.8,1.077,R088
C03879,R0052,TRK023,local,82.2,674.04,230.58,1054.23,23.41,369.19,0.68,0.0,2352.12,0.57,28.61,0.916,R052
C03880,R0023,TRK047,road,177.0,1026.6,404.76,1035.03,148.87,873.49,574.14,1717.41,5780.3,1.99,32.66,1.221,R023
C03881,R0085,TRK007,road,250.8,1454.64,526.24,1018.1,204.92,651.09,616.04,0.0,4471.04,1.82,17.83,1.163,R085
C03882,R0007,TRK022,rail,68.1,245.16,62.26,484.15,11.28,749.11,511.68,0.0,2063.64,0.51,30.3,1.152,R007
C03883,R0035,TRK023,road,154.0,893.2,300.58,1373.21,94.7,212.94,232.61,1464.21,4571.46,1.45,29.68,1.215,R035
C03884,R0095,TRK034,road,350.0,2030.0,799.77,1232.28,270.94,300.07,326.19,0.0,4959.25,3.36,14.17,1.097,R095
C03885,R0002,TRK009,rail,302.0,1087.2,205.47,444.55,38.21,708.92,195.32,0.0,2679.67,0.78,8.87,1.247,R002
C03886,R0051,TRK003,rail,495.6,1784.16,368.08,374.57,77.32,280.15,689.76,334.5,3908.54,1.42,7.89,1.243,R051
C03887,R0011,TRK049,local,158.3,1298.06,477.57,1045.39,43.66,708.31,5.29,740.37,4318.65,5.96,27.28,1.145,R011
C03888,R0080,TRK040,local,248.3,2036.06,633.76,974.68,57.93,756.14,154.09,1516.52,6129.18,1.29,24.68,1.138,R080
C03889,R0032,TRK002,local,384.1,3149.62,1145.44,808.15,102.07,867.79,290.14,0.0,6363.2,1.36,16.57,1.12,R032
C03890,R0068,TRK023,road,216.1,1253.38,536.84,1016.22,178.6,241.68,319.45,1430.44,4976.62,2.58,23.03,1.231,R068
C03891,R0072,TRK034,road,95.6,554.48,220.48,1152.06,73.92,728.9,199.5,247.54,3176.88,1.02,33.23,1.079,R072
C03892,R0050,TRK027,road,91.2,528.96,209.83,1353.71,80.03,613.02,552.66,1462.92,4801.13,0.99,52.64,1.228,R050
C03893,R0084,TRK050,rail,183.8,661.68,146.32,456.12,31.89,571.79,529.67,129.64,2527.1,1.54,13.75,1.036,R084
C03894,R0001,TRK004,road,65.4,379.32,155.94,1193.4,52.82,557.03,242.74,0.0,2581.26,0.61,39.47,1.112,R001
C03895,R0086,TRK029,local,349.7,2867.54,877.91,1067.87,100.68,834.63,88.54,0.0,5837.16,1.42,16.69,1.236,R086
C03896,R0004,TRK038,road,178.8,1037.04,450.92,1346.51,123.04,781.42,60.42,1761.91,5561.26,1.2,31.1,1.126,R004
C03897,R0049,TRK046,rail,388.8,1399.68,334.25,399.39,47.34,599.24,406.65,0.0,3186.55,1.35,8.2,0.9,R049
C03898,R0079,TRK005,road,349.5,2027.1,810.76,1044.83,292.1,179.73,314.36,0.0,4668.88,2.4,13.36,1.036,R079
C03899,R0054,TRK003,local,108.3,888.06,335.76,1016.94,24.1,709.4,143.32,0.0,3117.57,2.24,28.79,1.005,R054
C03900,R0032,TRK006,rail,453.8,1633.68,355.7,388.77,59.49,852.86,545.8,1708.38,5544.68,1.34,12.22,1.139,R032
C03901,R0015,TRK036,local,513.0,4206.6,1270.88,1040.36,130.65,220.61,60.16,0.0,6929.26,2.23,13.51,1.243,R015
C03902,R0064,TRK021,road,523.1,3033.98,1281.53,1052.14,442.62,358.87,248.77,0.0,6417.91,1.32,12.27,0.979,R064
C03903,R0011,TRK018,rail,174.2,627.12,144.35,467.55,22.14,416.42,150.76,0.0,1828.34,0.42,10.5,0.91,R011
C03904,R0099,TRK017,road,312.1,1810.18,628.57,1241.22,227.04,221.57,179.98,0.0,4308.55,1.68,13.81,1.121,R099
C03905,R0079,TRK040,rail,46.8,168.48,37.04,383.41,5.99,701.65,418.32,324.99,2039.87,0.52,43.59,1.115,R079
C03906,R0009,TRK013,local,335.8,2753.56,927.5,921.15,71.03,472.41,142.52,854.54,6142.72,1.68,18.29,0.951,R009
C03907,R0066,TRK016,road,208.9,1211.62,506.41,1106.78,137.22,859.72,596.45,1120.49,5538.69,15.15,26.51,0.947,R066
C03908,R0038,TRK017,road,156.9,910.02,387.47,992.67,110.77,158.66,302.4,0.0,2861.99,0.73,18.24,1.034,R038
C03909,R0074,TRK033,road,212.2,1230.76,455.73,1274.79,184.12,603.41,169.21,1402.72,5320.75,2.23,25.07,1.23,R074
C03910,R0028,TRK012,road,161.7,937.86,385.77,1016.19,112.62,207.9,652.39,0.0,3312.73,0.8,20.49,1.119,R028
C03911,R0004,TRK030,rail,435.4,1567.44,330.51,520.71,64.47,833.56,6.11,1372.68,4695.49,1.21,10.78,1.112,R004
C03912,R0022,TRK032,road,127.7,740.66,277.12,1017.87,93.14,781.1,411.42,346.79,3668.09,1.39,28.72,1.139,R022
C03913,R0022,TRK009,road,221.8,1286.44,437.04,1072.1,180.29,855.05,457.53,916.59,5205.03,1.9,23.47,0.932,R022
C03914,R0011,TRK010,road,387.2,2245.76,864.65,1090.06,251.59,709.94,606.51,0.0,5768.5,3.12,14.9,1.176,R011
C03915,R0024,TRK048,rail,386.4,1391.04,294.61,537.4,62.45,667.75,672.89,0.0,3626.14,2.24,9.38,1.212,R024
C03916,R0042,TRK033,road,88.3,512.14,182.5,1364.56,59.15,217.76,592.19,0.0,2928.28,0.62,33.16,1.217,R042
C03917,R0005,TRK038,road,216.2,1253.96,430.61,1185.71,180.09,664.87,606.22,0.0,4321.45,0.89,19.99,1.249,R005
C03918,R0048,TRK036,rail,355.7,1280.52,260.76,403.75,55.22,871.06,278.4,0.0,3149.71,1.1,8.85,1.037,R048
C03919,R0095,TRK050,road,60.3,349.74,142.61,1406.22,38.99,177.18,55.84,1278.35,3448.93,1.0,57.2,1.019,R095
C03920,R0079,TRK007,road,272.8,1582.24,524.48,1288.35,227.75,708.77,185.17,0.0,4516.77,1.2,16.56,1.207,R079
C03921,R0032,TRK046,road,156.5,907.7,309.15,1384.11,109.96,208.33,576.23,0.0,3495.48,0.85,22.34,1.123,R032
C03922,R0050,TRK015,rail,176.6,635.76,155.96,502.11,21.39,600.56,667.38,547.28,3130.43,3.38,17.73,1.143,R050
C03923,R0081,TRK011,local,382.2,3134.04,954.16,1010.77,109.6,219.09,219.78,0.0,5647.43,1.82,14.78,1.206,R081
C03924,R0061,TRK012,local,496.6,4072.12,1295.88,996.75,143.92,744.76,215.01,0.0,7468.44,3.14,15.04,1.213,R061
C03925,R0084,TRK035,road,153.2,888.56,380.17,1367.5,134.22,559.25,333.04,0.0,3662.75,2.77,23.91,1.03,R084
C03926,R0007,TRK029,road,359.1,2082.78,894.29,1000.67,216.87,157.31,314.38,1254.19,5920.5,5.51,16.49,1.006,R007
C03927,R0088,TRK012,local,514.7,4220.54,1445.09,942.55,151.01,218.38,106.83,0.0,7084.41,3.47,13.76,0.974,R088
C03928,R0068,TRK004,road,325.8,1889.64,779.83,1032.7,258.43,569.93,449.95,0.0,4980.48,1.67,15.29,1.09,R068
C03929,R0002,TRK041,road,416.5,2415.7,855.26,1350.27,354.83,519.13,369.67,0.0,5864.86,3.8,14.08,0.914,R002
C03930,R0075,TRK043,road,261.3,1515.54,530.87,1351.05,226.52,313.59,631.55,0.0,4569.14,4.64,17.49,0.945,R075
C03931,R0085,TRK046,road,227.3,1318.34,501.31,1307.05,167.85,288.76,39.39,268.19,3890.89,2.57,17.12,1.12,R085
C03932,R0011,TRK006,road,42.2,244.76,79.68,1249.84,37.73,857.65,453.38,75.49,2998.54,0.65,71.06,1.024,R011
C03933,R0059,TRK001,road,36.5,211.7,77.68,973.86,26.69,587.12,50.21,0.0,1927.26,0.66,52.8,0.988,R059
C03934,R0006,TRK015,road,461.9,2679.02,937.18,1266.56,339.83,584.45,229.57,1120.82,7157.41,14.49,15.5,1.167,R006
C03935,R0075,TRK044,local,173.4,1421.88,477.2,879.54,40.94,606.75,19.67,1416.78,4862.76,1.13,28.04,1.159,R075
C03936,R0049,TRK050,road,444.8,2579.84,846.69,1311.25,361.28,536.13,49.57,0.0,5684.76,1.56,12.78,1.04,R049
C03937,R0077,TRK014,road,468.8,2719.04,1077.22,1073.71,328.81,237.65,627.68,122.19,6186.31,1.93,13.2,1.179,R077
C03938,R0087,TRK031,road,544.2,3156.36,1283.86,1001.25,343.13,513.04,397.51,400.07,7095.22,3.45,13.04,1.193,R087
C03939,R0100,TRK003,local,148.5,1217.7,355.38,838.55,38.63,750.21,122.72,1305.94,4629.13,9.47,31.17,0.938,R100
C03940,R0038,TRK048,rail,435.7,1568.52,335.1,421.52,67.1,426.78,164.61,0.0,2983.63,0.96,6.85,0.912,R038
C03941,R0054,TRK050,rail,101.1,363.96,78.14,519.39,16.17,821.82,108.66,790.06,2698.2,1.49,26.69,1.159,R054
C03942,R0019,TRK030,road,454.2,2634.36,882.67,1154.22,345.19,881.92,159.54,1588.2,7646.1,10.47,16.83,0.995,R019
C03943,R0073,TRK046,road,281.5,1632.7,558.57,1270.14,199.78,311.42,291.82,0.0,4264.44,1.01,15.15,0.99,R073
C03944,R0091,TRK023,road,236.2,1369.96,445.66,1296.98,148.96,561.22,239.2,1163.12,5225.09,2.29,22.12,1.075,R091
C03945,R0085,TRK020,rail,185.3,667.08,158.58,491.09,23.91,221.81,156.43,0.0,1718.91,5.34,9.28,0.934,R085
C03946,R0030,TRK030,rail,261.6,941.76,222.48,451.31,33.18,578.35,387.54,1584.63,4199.24,2.49,16.05,1.152,R030
C03947,R0085,TRK005,rail,241.6,869.76,168.52,407.42,35.63,170.72,561.08,428.92,2642.04,0.75,10.94,1.184,R085
C03948,R0078,TRK009,road,417.6,2422.08,920.45,961.16,311.37,598.66,213.54,0.0,5427.26,8.66,13.0,1.166,R078
C03949,R0036,TRK034,rail,293.0,1054.8,208.52,535.64,41.55,792.68,506.06,0.0,3139.26,0.65,10.71,1.105,R036
C03950,R0072,TRK027,road,208.0,1206.4,515.06,1362.84,169.98,410.92,99.69,0.0,3764.88,2.33,18.1,0.902,R072
C03951,R0039,TRK044,local,522.3,4282.86,1638.63,907.94,136.56,242.13,281.19,122.88,7612.2,5.29,14.57,0.955,R039
C03952,R0017,TRK014,local,237.6,1948.32,739.93,1055.5,65.53,403.98,206.23,443.51,4863.01,11.59,20.47,1.214,R017
C03953,R0039,TRK028,road,113.5,658.3,216.74,1233.47,91.35,618.89,610.73,656.78,4086.26,1.97,36.0,1.226,R039
C03954,R0056,TRK043,rail,150.7,542.52,126.58,420.32,24.89,820.84,168.86,0.0,2104.01,0.53,13.96,0.98,R056
C03955,R0032,TRK028,rail,65.8,236.88,55.89,521.19,8.79,153.81,358.9,0.0,1335.46,0.56,20.3,1.209,R032
C03956,R0014,TRK040,rail,147.4,530.64,130.29,487.28,22.94,228.95,569.06,1798.92,3768.09,1.08,25.56,1.071,R014
C03957,R0038,TRK039,rail,545.5,1963.8,430.56,463.31,67.03,809.23,77.1,0.0,3811.03,0.83,6.99,0.968,R038
C03958,R0026,TRK016,rail,407.8,1468.08,301.79,485.34,71.86,193.75,428.25,459.61,3408.68,2.55,8.36,1.048,R026
C03959,R0085,TRK048,road,540.0,3132.0,1205.33,964.48,429.48,377.19,50.05,0.0,6158.53,9.63,11.4,1.211,R085
C03960,R0022,TRK036,road,524.6,3042.68,1078.68,1400.43,386.18,338.13,539.18,0.0,6785.28,2.73,12.93,0.914,R022
C03961,R0060,TRK045,road,515.9,2992.22,1012.76,1326.1,432.52,784.38,316.17,0.0,6864.15,4.07,13.31,1.034,R060
C03962,R0033,TRK049,road,435.9,2528.22,998.67,1346.72,372.7,872.55,622.42,0.0,6741.28,2.81,15.47,1.188,R033
C03963,R0086,TRK030,road,419.6,2433.68,949.93,1195.9,370.09,170.28,287.46,0.0,5407.35,1.94,12.89,0.901,R086
C03964,R0040,TRK004,rail,509.9,1835.64,380.69,393.98,86.56,850.36,523.04,0.0,4070.27,0.94,7.98,1.013,R040
C03965,R0019,TRK030,road,405.9,2354.22,948.35,1401.9,337.87,674.56,51.01,1194.89,6962.81,2.05,17.15,1.107,R019
C03966,R0055,TRK027,road,543.9,3154.62,1069.25,1134.19,368.66,610.16,25.98,399.12,6761.99,3.95,12.43,1.127,R055
C03967,R0070,TRK006,road,156.5,907.7,301.24,1360.21,137.03,706.72,381.56,197.82,3992.27,1.51,25.51,0.942,R070
C03968,R0076,TRK028,road,43.6,252.88,94.45,1122.61,34.41,706.84,70.04,1667.41,3948.63,2.22,90.56,0.946,R076
C03969,R0087,TRK036,road,125.4,727.32,311.75,1254.32,77.01,462.23,331.3,604.59,3768.53,4.45,30.05,1.055,R087
C03970,R0041,TRK047,road,173.7,1007.46,421.6,1296.55,155.25,841.36,367.1,0.0,4089.32,2.93,23.54,1.093,R041
C03971,R0024,TRK036,road,116.8,677.44,255.96,1040.78,80.24,517.5,195.14,666.82,3433.88,2.0,29.4,1.108,R024
C03972,R0084,TRK016,road,272.2,1578.76,586.17,1202.67,223.55,264.47,457.88,0.0,4313.5,1.61,15.85,1.049,R084
C03973,R0018,TRK048,rail,251.2,904.32,175.63,430.39,30.61,729.51,85.09,404.37,2759.91,0.7,10.99,0.905,R018
C03974,R0069,TRK020,road,68.5,397.3,143.5,1128.47,52.75,829.22,680.84,1099.46,4331.53,3.66,63.23,1.068,R069
C03975,R0025,TRK022,road,106.1,615.38,261.37,1094.92,73.94,817.57,480.43,362.34,3705.96,10.53,34.93,1.242,R025
C03976,R0026,TRK024,rail,282.3,1016.28,251.5,431.26,43.63,532.39,251.62,0.0,2526.68,0.64,8.95,1.214,R026
C03977,R0035,TRK050,road,493.7,2863.46,1132.81,1183.85,393.72,526.33,685.08,298.95,7084.2,1.45,14.35,1.087,R035
C03978,R0039,TRK007,road,465.5,2699.9,1027.24,1292.09,351.65,555.62,423.65,1456.87,7807.02,2.16,16.77,1.105,R039
C03979,R0055,TRK041,local,526.4,4316.48,1384.62,1017.46,141.52,856.5,102.55,1241.99,9061.13,5.52,17.21,0.903,R055
C03980,R0007,TRK003,road,530.3,3075.74,1016.49,1265.09,457.81,339.12,16.55,0.0,6170.79,1.5,11.64,1.144,R007
C03981,R0052,TRK036,road,194.8,1129.84,389.73,1298.6,151.81,305.41,191.31,0.0,3466.71,1.04,17.8,1.15,R052
C03982,R0028,TRK013,road,77.2,447.76,184.52,1011.37,46.79,698.08,242.04,0.0,2630.57,1.11,34.07,1.17,R028
C03983,R0060,TRK028,local,49.4,405.08,147.36,748.25,10.19,387.32,72.51,0.0,1770.72,1.63,35.84,0.919,R060
C03984,R0038,TRK020,rail,172.0,619.2,124.91,465.19,24.3,354.06,115.0,0.0,1702.67,0.91,9.9,1.142,R038
C03985,R0031,TRK040,road,176.5,1023.7,349.88,1353.91,133.3,680.77,598.77,0.0,4140.32,0.86,23.46,1.184,R031
C03986,R0098,TRK035,rail,56.0,201.6,39.72,452.52,8.03,588.97,390.25,537.72,2218.81,0.51,39.62,1.144,R098
C03987,R0017,TRK032,road,501.6,2909.28,1143.95,1422.23,380.66,321.85,264.76,173.41,6616.14,2.62,13.19,1.142,R017
C03988,R0001,TRK022,road,188.1,1090.98,365.72,1379.83,152.98,447.84,413.59,0.0,3850.94,1.28,20.47,0.966,R001
C03989,R0020,TRK048,road,286.4,1661.12,600.03,1322.16,185.1,304.7,358.97,0.0,4432.06,0.95,15.48,1.01,R020
C03990,R0022,TRK029,road,353.1,2047.98,732.07,975.65,283.77,428.06,547.59,0.0,5015.12,3.28,14.2,0.984,R022
C03991,R0022,TRK022,local,258.5,2119.7,653.79,867.33,75.72,599.64,257.67,0.0,4573.85,10.92,17.69,1.001,R022
C03992,R0044,TRK038,road,440.0,2552.0,916.0,1021.85,313.24,255.97,586.43,771.91,6417.42,4.29,14.59,1.094,R044
C03993,R0096,TRK042,road,450.6,2613.48,1075.71,1045.11,304.51,503.22,207.61,935.45,6685.1,2.0,14.84,1.166,R096
C03994,R0032,TRK044,road,65.4,379.32,123.02,1128.92,55.43,832.25,182.79,1697.87,4399.59,4.93,67.27,1.016,R032
C03995,R0044,TRK044,rail,121.2,436.32,103.66,370.9,20.78,483.17,224.06,0.0,1638.89,1.25,13.52,0.918,R044
C03996,R0029,TRK001,rail,34.0,122.4,27.61,436.83,4.93,190.47,664.5,1734.9,3181.64,1.47,93.58,1.237,R029
C03997,R0090,TRK050,local,81.7,669.94,243.04,760.35,19.34,186.05,194.76,0.0,2073.48,1.06,25.38,0.948,R090
C03998,R0020,TRK042,road,470.9,2731.22,1153.63,1181.27,290.58,532.62,194.96,0.0,6084.27,2.01,12.92,1.217,R020
C03999,R0084,TRK050,road,200.3,1161.74,463.25,1239.48,123.53,613.13,345.01,0.0,3946.14,1.12,19.7,0.967,R084
C04000,R0039,TRK035,rail,343.9,1238.04,247.07,533.26,48.11,182.33,53.4,0.0,2302.2,0.77,6.69,1.019,R039
C04001,R0035,TRK018,road,179.0,1038.2,392.16,1098.32,107.75,569.34,156.59,0.0,3362.37,1.57,18.78,0.966,R035
C04002,R0061,TRK012,road,51.8,300.44,102.25,1430.97,35.61,437.72,350.94,0.0,2657.93,2.83,51.31,1.024,R061
C04003,R0065,TRK042,road,180.9,1049.22,343.16,1028.06,137.26,373.29,694.26,894.18,4519.44,1.84,24.98,1.032,R065
C04004,R0062,TRK003,rail,220.5,793.8,188.1,492.87,38.45,759.39,280.18,0.0,2552.79,1.34,11.58,0.971,R062
C04005,R0095,TRK008,road,443.4,2571.72,854.47,1008.04,329.06,765.57,33.45,0.0,5562.3,3.81,12.54,1.001,R095
C04006,R0003,TRK020,rail,84.5,304.2,77.66,467.01,13.2,532.32,364.41,0.0,1758.79,0.51,20.81,1.01,R003
C04007,R0034,TRK012,road,396.0,2296.8,763.32,1135.57,245.24,798.83,167.18,1683.17,7090.1,1.54,17.9,1.06,R034
C04008,R0071,TRK008,road,449.3,2605.94,938.5,1338.51,374.79,257.49,299.64,0.0,5814.87,5.13,12.94,0.971,R071
C04009,R0090,TRK042,rail,288.5,1038.6,215.55,397.68,42.37,835.19,542.52,188.63,3260.54,0.72,11.3,1.158,R090
C04010,R0021,TRK019,local,148.5,1217.7,429.79,723.01,34.44,200.33,108.86,0.0,2714.14,0.7,18.28,0.991,R021
C04011,R0059,TRK032,rail,333.1,1199.16,246.76,416.1,50.63,322.16,175.32,0.0,2410.12,0.73,7.24,1.034,R059
C04012,R0033,TRK031,local,118.7,973.34,302.47,720.32,33.21,232.6,57.73,128.33,2448.0,2.87,20.62,0.923,R033
C04013,R0055,TRK047,rail,283.5,1020.6,224.05,432.97,34.38,632.94,528.87,0.0,2873.81,1.12,10.14,1.041,R055
C04014,R0013,TRK016,road,207.7,1204.66,426.78,1289.25,128.23,285.97,153.07,0.0,3487.95,2.02,16.79,1.215,R013
C04015,R0096,TRK029,road,89.3,517.94,210.57,1090.74,75.21,799.71,124.27,332.12,3150.56,0.87,35.28,1.11,R096
C04016,R0057,TRK013,rail,285.3,1027.08,239.1,505.4,44.45,616.79,183.5,346.33,2962.65,1.78,10.38,1.211,R057
C04017,R0054,TRK048,road,368.7,2138.46,799.35,1272.87,260.96,564.33,215.11,0.0,5251.08,2.21,14.24,1.143,R054
C04018,R0067,TRK023,local,189.2,1551.44,469.15,984.83,49.05,335.54,254.52,1661.56,5306.1,1.32,28.04,1.085,R067
C04019,R0015,TRK018,road,231.8,1344.44,444.23,1337.88,141.39,741.85,28.75,0.0,4038.54,3.92,17.42,1.158,R015
C04020,R0100,TRK026,road,478.7,2776.46,929.06,1396.82,392.77,502.25,183.03,0.0,6180.38,1.25,12.91,0.916,R100
C04021,R0095,TRK008,rail,323.7,1165.32,280.4,469.42,54.0,642.74,479.07,0.0,3090.95,1.4,9.55,1.0,R095
C04022,R0023,TRK009,local,225.7,1850.74,602.24,731.43,66.42,755.76,294.78,1224.17,5525.54,3.35,24.48,0.907,R023
C04023,R0003,TRK024,road,477.2,2767.76,962.91,1351.98,350.91,664.98,203.61,0.0,6302.15,4.07,13.21,1.224,R003
C04024,R0037,TRK039,road,63.3,367.14,125.66,1154.05,41.79,175.7,684.49,0.0,2548.83,0.78,40.27,1.002,R037
C04025,R0036,TRK035,road,64.8,375.84,135.2,1370.44,44.51,576.8,468.97,514.06,3485.8,2.73,53.79,1.203,R036
C04026,R0033,TRK041,road,78.3,454.14,176.77,1106.27,66.77,440.18,627.8,1226.36,4098.28,1.92,52.34,1.14,R033
C04027,R0050,TRK027,rail,459.3,1653.48,318.44,515.24,75.39,372.14,155.93,0.0,3090.62,0.78,6.73,0.945,R050
C04028,R0068,TRK008,road,30.7,178.06,61.97,1223.64,22.21,476.29,535.59,0.0,2497.76,0.55,81.36,1.068,R068
C04029,R0071,TRK043,rail,264.7,952.92,203.21,384.55,34.8,611.5,517.38,140.62,2844.99,1.35,10.75,1.245,R071
C04030,R0028,TRK037,road,264.0,1531.2,636.03,1057.44,236.02,470.26,568.98,0.0,4499.93,1.12,17.05,1.146,R028
C04031,R0098,TRK037,local,507.7,4163.14,1451.48,1024.07,144.45,223.56,173.43,1715.4,8895.53,1.83,17.52,1.183,R098
C04032,R0035,TRK016,road,506.7,2938.86,1041.81,1088.43,444.88,242.12,428.26,164.81,6349.16,1.92,12.53,1.231,R035
C04033,R0073,TRK006,rail,467.8,1684.08,404.72,378.39,73.7,560.95,290.68,0.0,3392.51,8.08,7.25,1.166,R073
C04034,R0090,TRK007,road,435.6,2526.48,916.15,1022.34,349.14,722.28,409.82,0.0,5946.22,1.93,13.65,1.024,R090
C04035,R0014,TRK028,rail,476.9,1716.84,353.28,480.3,72.98,653.54,694.61,0.0,3971.54,1.81,8.33,1.13,R014
C04036,R0033,TRK045,road,417.7,2422.66,882.6,1281.66,289.27,605.64,17.69,49.17,5548.68,8.0,13.28,1.036,R033
C04037,R0090,TRK012,local,505.4,4144.28,1348.66,908.0,111.52,462.36,86.71,0.0,7061.53,2.25,13.97,1.04,R090
C04038,R0093,TRK028,rail,92.8,334.08,73.92,484.93,12.86,780.05,81.58,0.0,1767.43,0.56,19.05,0.914,R093
C04039,R0046,TRK048,local,372.9,3057.78,1043.1,934.6,104.73,619.59,241.73,0.0,6001.54,1.64,16.09,1.031,R046
C04040,R0090,TRK012,road,406.2,2355.96,904.74,1095.56,258.79,499.9,674.62,0.0,5789.56,1.57,14.25,0.929,R090
C04041,R0078,TRK010,road,72.7,421.66,177.8,1051.86,47.23,867.85,499.22,0.0,3065.6,1.62,42.17,1.214,R078
C04042,R0053,TRK019,local,307.5,2521.5,866.12,889.72,78.8,486.66,21.21,0.0,4864.03,1.36,15.82,1.075,R053
C04043,R0042,TRK041,local,370.8,3040.56,947.58,1014.08,91.91,750.22,132.19,0.0,5976.54,3.66,16.12,1.06,R042
C04044,R0100,TRK011,road,102.4,593.92,236.26,1357.0,67.69,208.11,153.5,324.54,2941.01,0.67,28.72,0.932,R100
C04045,R0017,TRK036,road,229.9,1333.42,460.11,1357.22,167.72,666.48,189.12,419.87,4593.94,1.82,19.98,0.927,R017
C04046,R0027,TRK043,road,107.9,625.82,253.24,1301.2,65.74,311.38,201.4,1687.31,4446.1,1.07,41.21,1.126,R027
C04047,R0019,TRK038,road,246.2,1427.96,613.95,1009.46,221.04,252.6,89.94,0.0,3614.95,1.07,14.68,1.124,R019
C04048,R0053,TRK021,road,47.7,276.66,97.79,1110.65,36.18,537.83,191.97,0.0,2251.09,6.11,47.19,1.165,R053
C04049,R0004,TRK040,road,351.1,2036.38,728.9,1211.92,252.37,820.34,470.3,0.0,5520.21,1.92,15.72,1.179,R004
C04050,R0076,TRK005,road,174.0,1009.2,352.65,1124.35,143.33,695.04,27.9,0.0,3352.47,2.97,19.27,1.183,R076
C04051,R0095,TRK007,rail,111.3,400.68,97.09,383.5,17.6,496.68,450.31,0.0,1845.85,0.53,16.58,1.101,R095
C04052,R0018,TRK032,road,355.3,2060.74,832.19,1033.33,308.55,429.62,270.67,0.0,4935.09,1.01,13.89,1.183,R018
C04053,R0081,TRK045,road,528.2,3063.56,1261.95,982.07,347.76,336.61,539.28,0.0,6531.23,1.63,12.37,1.046,R081
C04054,R0090,TRK046,road,95.0,551.0,181.81,1138.02,68.19,786.43,314.42,898.39,3938.27,4.16,41.46,1.157,R090
C04055,R0099,TRK013,road,380.1,2204.58,910.84,1054.36,295.99,289.85,446.24,0.0,5201.86,5.91,13.69,1.164,R099
C04056,R0017,TRK013,road,327.8,1901.24,664.19,1010.3,213.72,302.56,537.85,0.0,4629.85,1.05,14.12,0.95,R017
C04057,R0039,TRK038,rail,314.3,1131.48,247.12,400.11,40.29,360.37,141.8,0.0,2321.16,0.99,7.39,1.178,R039
C04058,R0008,TRK008,road,518.4,3006.72,1050.64,1037.95,362.1,489.41,595.41,0.0,6542.22,1.6,12.62,1.05,R008
C04059,R0096,TRK009,road,81.6,473.28,196.05,1421.51,72.86,661.04,55.1,1107.57,3987.43,3.8,48.87,1.023,R096
C04060,R0049,TRK013,road,508.2,2947.56,1036.22,1190.67,318.29,582.94,19.66,0.0,6095.34,1.95,11.99,0.948,R049
C04061,R0008,TRK025,road,104.4,605.52,211.34,1124.22,79.88,744.77,447.25,0.0,3212.99,0.7,30.78,1.07,R008
C04062,R0041,TRK017,rail,132.3,476.28,110.36,520.76,20.52,661.92,254.93,0.0,2044.77,0.5,15.46,1.223,R041
C04063,R0035,TRK046,road,74.5,432.1,185.24,1432.2,59.08,387.26,54.19,0.0,2550.07,0.7,34.23,0.936,R035
C04064,R0072,TRK030,road,66.8,387.44,127.72,1140.64,52.83,237.08,203.46,1305.66,3454.84,0.94,51.72,1.117,R072
C04065,R0033,TRK003,road,288.1,1670.98,542.18,1351.9,183.9,312.55,297.73,1093.33,5452.56,3.11,18.93,1.053,R033
C04066,R0044,TRK010,road,98.6,571.88,189.24,1186.84,83.53,399.26,681.3,0.0,3112.05,0.67,31.56,1.175,R044
C04067,R0096,TRK012,road,295.7,1715.06,711.47,1079.8,204.22,882.87,297.97,519.94,5411.31,5.17,18.3,0.952,R096
C04068,R0099,TRK035,rail,461.5,1661.4,353.5,387.72,81.0,599.61,246.9,0.0,3330.13,1.2,7.22,0.982,R099
C04069,R0060,TRK012,road,527.2,3057.76,1247.89,1379.91,398.4,407.88,459.76,0.0,6951.61,17.75,13.19,1.168,R060
C04070,R0088,TRK013,road,354.8,2057.84,762.24,1233.17,246.95,853.54,145.49,0.0,5299.22,2.34,14.94,0.906,R088
C04071,R0069,TRK036,rail,309.9,1115.64,261.49,410.13,38.3,190.12,662.33,0.0,2678.02,0.89,8.64,0.933,R069
C04072,R0049,TRK050,road,525.7,3049.06,1292.39,1354.45,317.76,389.41,192.31,1283.94,7879.31,1.84,14.99,1.107,R049
C04073,R0072,TRK032,road,213.7,1239.46,425.66,1387.08,163.8,813.5,527.35,0.0,4556.85,3.09,21.32,1.099,R072
C04074,R0014,TRK020,local,538.4,4414.88,1608.6,1005.88,112.13,494.15,205.66,0.0,7841.31,3.89,14.56,1.066,R014
C04075,R0077,TRK005,rail,35.2,126.72,26.36,443.14,4.24,267.86,688.46,0.0,1556.79,0.45,44.23,1.158,R077
C04076,R0067,TRK037,road,224.9,1304.42,562.36,1088.27,152.1,558.72,591.98,0.0,4257.86,1.12,18.93,1.226,R067
C04077,R0045,TRK050,rail,525.7,1892.52,381.0,505.16,93.97,656.77,553.7,0.0,4083.13,3.03,7.77,1.164,R045
C04078,R0015,TRK012,road,375.9,2180.22,909.6,1312.96,255.59,164.33,133.94,0.0,4956.64,1.54,13.19,0.953,R015
C04079,R0084,TRK012,road,141.0,817.8,278.97,1344.52,88.21,719.59,590.06,0.0,3839.16,1.86,27.23,1.214,R084
C04080,R0086,TRK035,road,488.2,2831.56,1046.32,1330.28,356.8,697.47,290.99,0.0,6553.43,13.44,13.42,1.196,R086
C04081,R0060,TRK046,road,300.0,1740.0,634.06,1220.08,213.01,227.21,385.23,1110.27,5529.86,5.25,18.43,1.227,R060
C04082,R0011,TRK003,road,386.0,2238.8,756.44,1094.19,288.44,425.49,241.33,0.0,5044.7,5.11,13.07,1.035,R011
C04083,R0018,TRK033,road,225.0,1305.0,514.22,1342.73,141.95,339.96,206.9,0.0,3850.76,1.61,17.11,1.144,R018
C04084,R0007,TRK045,local,377.2,3093.04,1133.54,947.62,105.06,378.86,188.89,0.27,5847.28,2.52,15.5,1.132,R007
C04085,R0003,TRK009,local,239.2,1961.44,748.87,864.17,70.76,511.04,227.68,1591.64,5975.6,10.52,24.98,1.033,R003
C04086,R0085,TRK046,road,69.5,403.1,140.13,1077.98,53.02,783.86,356.66,0.0,2814.75,0.78,40.5,0.953,R085
C04087,R0029,TRK037,local,288.3,2364.06,689.32,1063.68,72.83,828.31,199.23,698.35,5915.77,1.57,20.52,1.107,R029
C04088,R0047,TRK016,road,250.7,1454.06,567.22,1102.07,164.22,683.28,541.03,0.0,4511.88,1.13,18.0,0.945,R047
C04089,R0073,TRK048,rail,267.3,962.28,220.58,527.01,47.09,880.59,120.8,0.0,2758.35,0.69,10.32,1.146,R073
C04090,R0082,TRK036,road,404.1,2343.78,868.92,1388.11,354.22,650.26,645.84,0.0,6251.13,4.12,15.47,1.049,R082
C04091,R0063,TRK005,road,527.8,3061.24,1280.79,1229.27,430.68,151.71,147.89,818.34,7119.94,1.6,13.49,1.108,R063
C04092,R0067,TRK015,road,117.6,682.08,290.62,1208.58,95.17,780.2,464.2,153.48,3674.32,0.75,31.24,0.993,R067
C04093,R0052,TRK012,road,87.6,508.08,188.77,1028.24,68.61,227.55,381.23,0.0,2402.47,1.66,27.43,1.12,R052
C04094,R0008,TRK037,road,460.1,2668.58,921.15,1025.16,350.79,223.69,15.68,82.51,5287.56,1.3,11.49,1.02,R008
C04095,R0039,TRK013,road,239.3,1387.94,499.59,1313.04,146.73,670.09,417.47,917.25,5352.12,1.29,22.37,1.005,R039
C04096,R0019,TRK036,road,129.3,749.94,288.71,1138.47,84.9,708.2,17.32,1636.44,4623.98,3.15,35.76,1.217,R019
C04097,R0099,TRK019,road,329.8,1912.84,746.28,1273.77,232.28,449.72,234.79,756.78,5606.48,1.78,17.0,0.98,R099
C04098,R0008,TRK023,road,400.2,2321.16,846.63,991.14,280.64,870.72,617.6,993.89,6921.78,2.68,17.3,1.043,R008
C04099,R0051,TRK013,rail,227.7,819.72,207.3,373.15,39.38,671.7,308.09,0.0,2419.34,3.75,10.63,1.135,R051
C04100,R0013,TRK014,rail,486.0,1749.6,359.12,398.98,84.14,208.54,565.6,0.0,3365.99,1.46,6.93,0.907,R013
C04101,R0013,TRK026,rail,255.0,918.0,231.81,422.33,35.41,790.68,458.74,0.0,2856.98,0.95,11.2,1.073,R013
C04102,R0007,TRK001,road,460.5,2670.9,1133.99,986.54,309.84,285.51,566.84,0.0,5953.62,9.72,12.93,1.06,R007
C04103,R0021,TRK039,road,128.7,746.46,252.34,1120.29,82.66,485.47,651.06,0.0,3338.28,1.62,25.94,1.006,R021
C04104,R0089,TRK024,local,517.1,4240.22,1501.34,812.87,108.93,813.78,158.88,317.96,7953.99,4.6,15.38,0.915,R089
C04105,R0005,TRK032,road,434.1,2517.78,1019.14,1419.28,376.1,620.59,143.84,0.0,6096.73,5.44,14.04,1.154,R005
C04106,R0043,TRK042,local,193.5,1586.7,518.21,961.74,39.31,800.01,183.22,0.0,4089.19,1.2,21.13,1.041,R043
C04107,R0034,TRK006,local,543.5,4456.7,1727.78,968.11,146.07,165.51,13.5,0.0,7477.67,1.61,13.76,1.133,R034
C04108,R0073,TRK030,road,161.3,935.54,323.07,1084.28,102.94,723.14,332.52,0.0,3501.49,1.09,21.71,1.044,R073
C04109,R0093,TRK041,road,152.0,881.6,312.84,1029.76,101.4,866.89,530.42,0.0,3722.9,0.78,24.49,1.102,R093
C04110,R0030,TRK009,rail,311.6,1121.76,277.81,457.7,52.66,781.29,618.2,919.95,4229.39,1.75,13.57,0.905,R030
C04111,R0022,TRK024,road,250.1,1450.58,564.19,1092.67,173.84,471.22,145.22,1505.92,5403.63,1.1,21.61,1.094,R022
C04112,R0082,TRK008,road,412.8,2394.24,936.43,1238.16,315.4,588.96,651.55,0.0,6124.74,6.9,14.84,1.179,R082
C04113,R0074,TRK043,rail,158.2,569.52,108.57,487.3,21.18,634.83,562.33,0.0,2383.74,0.86,15.07,0.999,R074
C04114,R0048,TRK035,road,166.7,966.86,382.18,1110.93,103.29,253.47,169.36,0.0,2986.09,0.73,17.91,1.034,R048
C04115,R0076,TRK013,rail,357.0,1285.2,291.11,415.32,58.66,623.13,693.32,1104.43,4471.16,2.11,12.52,1.034,R076
C04116,R0081,TRK035,road,394.9,2290.42,948.12,1095.0,346.21,376.76,278.14,0.0,5334.66,1.2,13.51,1.011,R081
C04117,R0052,TRK003,road,281.8,1634.44,544.91,1075.09,178.41,614.65,114.28,0.0,4161.79,2.51,14.77,1.176,R052
C04118,R0030,TRK003,rail,422.3,1520.28,297.99,423.54,68.57,580.96,152.02,0.0,3043.36,1.29,7.21,0.936,R030
C04119,R0070,TRK006,road,282.5,1638.5,696.55,1353.28,200.86,303.12,628.74,0.0,4821.06,11.51,17.07,0.97,R070
C04120,R0043,TRK040,road,412.6,2393.08,1028.99,1185.85,311.23,867.56,4.72,0.0,5791.43,1.51,14.04,0.967,R043
C04121,R0079,TRK050,road,37.5,217.5,93.14,1156.34,23.35,738.32,509.23,0.0,2737.88,0.71,73.01,1.11,R079
C04122,R0064,TRK031,local,287.6,2358.32,793.48,759.49,83.44,187.64,297.46,0.0,4479.82,1.67,15.58,1.097,R064
C04123,R0071,TRK010,rail,182.5,657.0,149.87,514.17,31.68,651.84,275.36,853.54,3133.46,0.97,17.17,1.229,R071
C04124,R0080,TRK027,road,218.0,1264.4,494.3,1341.92,157.43,600.04,467.99,0.0,4326.07,3.4,19.84,1.169,R080
C04125,R0050,TRK019,road,521.8,3026.44,1115.62,1306.41,443.88,587.4,58.54,0.0,6538.29,2.11,12.53,1.218,R050
C04126,R0095,TRK036,road,281.6,1633.28,572.39,1125.87,218.51,690.28,128.14,0.0,4368.47,1.61,15.51,0.921,R095
C04127,R0079,TRK045,road,238.6,1383.88,496.21,989.03,196.78,452.82,439.3,0.0,3958.02,0.88,16.59,1.216,R079
C04128,R0056,TRK001,road,83.2,482.56,179.46,1217.61,74.86,457.69,106.03,1059.49,3577.71,1.41,43.0,1.211,R056
C04129,R0016,TRK011,road,477.2,2767.76,1002.45,1288.61,314.76,693.85,594.54,1007.62,7669.59,4.05,16.07,1.192,R016
C04130,R0012,TRK012,road,503.2,2918.56,1163.39,1260.31,435.12,748.28,671.91,0.0,7197.57,1.67,14.3,1.207,R012
C04131,R0083,TRK003,road,141.7,821.86,275.53,1399.73,114.45,687.05,127.99,764.08,4190.69,1.45,29.57,1.141,R083
C04132,R0012,TRK028,road,275.0,1595.0,603.87,1273.72,241.25,579.53,649.75,0.0,4943.13,3.96,17.98,0.94,R012
C04133,R0052,TRK028,road,470.5,2728.9,1002.6,1030.19,400.31,430.09,551.69,0.0,6143.78,1.38,13.06,1.218,R052
C04134,R0019,TRK033,road,294.6,1708.68,626.24,993.21,246.62,292.59,362.04,0.0,4229.39,0.87,14.36,1.085,R019
C04135,R0035,TRK043,road,69.4,402.52,139.62,1033.34,58.92,411.18,543.23,13.78,2602.59,0.58,37.5,1.034,R035
C04136,R0088,TRK038,rail,257.6,927.36,224.9,407.2,32.15,251.42,401.3,0.0,2244.31,4.5,8.71,1.024,R088
C04137,R0098,TRK018,road,470.0,2726.0,1139.47,1175.83,314.11,243.28,461.71,0.0,6060.4,1.7,12.89,1.028,R098
C04138,R0044,TRK043,road,103.2,598.56,210.39,1012.85,89.62,332.4,175.85,0.0,2419.67,1.06,23.45,0.967,R044
C04139,R0037,TRK041,road,396.3,2298.54,903.44,1352.05,328.91,193.29,264.23,26.26,5366.73,2.06,13.54,1.207,R037
C04140,R0080,TRK016,road,193.8,1124.04,426.47,1026.61,146.87,358.57,35.39,0.0,3117.94,1.7,16.09,1.094,R080
C04141,R0090,TRK030,rail,492.2,1771.92,419.47,373.93,71.74,861.24,492.8,0.0,3991.1,0.8,8.11,0.957,R090
C04142,R0027,TRK035,road,64.5,374.1,126.48,1083.46,39.45,347.31,459.4,0.0,2430.2,0.63,37.68,1.168,R027
C04143,R0026,TRK034,rail,185.4,667.44,145.25,368.96,25.78,286.0,212.93,1123.97,2830.32,2.05,15.27,1.056,R026
C04144,R0071,TRK016,local,408.5,3349.7,1040.5,910.84,116.1,670.22,127.94,0.0,6215.29,3.02,15.21,0.938,R071
C04145,R0089,TRK048,road,223.4,1295.72,538.44,1186.16,198.51,251.71,392.61,1789.05,5652.21,1.33,25.3,1.187,R089
C04146,R0034,TRK016,road,545.0,3161.0,1219.95,1251.01,332.75,520.0,314.86,0.0,6799.58,2.1,12.48,1.063,R034
C04147,R0033,TRK039,local,305.7,2506.74,832.14,938.93,74.12,883.96,191.46,0.0,5427.34,8.85,17.75,1.127,R033
C04148,R0049,TRK043,local,534.9,4386.18,1554.7,870.51,135.77,590.72,127.66,1795.61,9461.15,4.93,17.69,1.167,R049
C04149,R0015,TRK016,road,134.0,777.2,328.26,1112.12,104.59,644.71,646.04,414.27,4027.19,2.15,30.05,1.204,R015
C04150,R0086,TRK015,local,310.0,2542.0,792.55,807.26,75.7,203.17,266.6,0.0,4687.28,4.96,15.12,1.027,R086
C04151,R0050,TRK006,road,545.8,3165.64,1206.64,1302.98,385.02,327.36,184.62,0.0,6572.27,2.26,12.04,1.146,R050
C04152,R0052,TRK031,road,38.4,222.72,77.01,1176.09,24.39,480.75,333.78,0.0,2314.74,4.73,60.28,0.932,R052
C04153,R0058,TRK037,rail,212.2,763.92,180.29,471.01,26.35,728.52,651.12,1538.34,4359.54,0.97,20.54,1.09,R058
C04154,R0082,TRK042,rail,191.8,690.48,131.4,480.41,32.12,218.88,632.24,0.0,2185.52,0.58,11.39,1.046,R082
C04155,R0047,TRK016,road,451.1,2616.38,1003.27,1417.68,271.7,502.89,550.74,0.0,6362.67,1.47,14.1,0.938,R047
C04156,R0053,TRK011,local,419.0,3435.8,1256.27,828.65,106.57,166.83,102.69,0.0,5896.81,5.5,14.07,1.03,R053
C04157,R0043,TRK021,road,357.9,2075.82,716.4,1119.54,269.84,476.8,67.5,0.0,4725.91,2.52,13.2,1.015,R043
C04158,R0098,TRK025,rail,504.3,1815.48,377.0,467.7,85.2,726.47,166.02,0.0,3637.86,0.93,7.21,1.198,R098
C04159,R0044,TRK042,rail,488.6,1758.96,344.32,370.19,59.64,188.67,695.36,1141.8,4558.94,4.75,9.33,0.971,R044
C04160,R0069,TRK041,rail,235.1,846.36,170.22,385.98,42.13,360.37,265.19,0.0,2070.25,6.88,8.81,1.111,R069
C04161,R0033,TRK032,local,225.8,1851.56,637.95,924.61,66.55,279.16,17.68,0.0,3777.52,5.82,16.73,1.093,R033
C04162,R0010,TRK036,road,76.0,440.8,179.93,989.58,57.13,249.34,403.71,0.0,2320.48,0.53,30.53,1.164,R010
C04163,R0033,TRK001,rail,267.3,962.28,222.37,450.96,35.65,585.94,151.38,0.0,2408.58,4.7,9.01,1.083,R033
C04164,R0064,TRK021,road,158.8,921.04,313.43,1305.33,120.33,832.21,13.75,0.0,3506.1,0.74,22.08,1.217,R064
C04165,R0040,TRK007,road,341.6,1981.28,849.6,1094.4,226.61,650.15,97.18,0.0,4899.21,1.07,14.34,1.168,R040
C04166,R0051,TRK004,local,395.1,3239.82,1106.89,913.37,117.57,462.35,96.94,0.0,5936.95,2.42,15.03,0.941,R051
C04167,R0092,TRK049,rail,545.2,1962.72,389.79,478.55,95.51,188.17,314.3,0.0,3429.04,1.99,6.29,1.099,R092
C04168,R0002,TRK009,road,535.5,3105.9,1209.34,1095.36,434.82,881.35,195.5,25.7,6947.99,2.43,12.97,1.158,R002
C04169,R0069,TRK016,road,171.1,992.38,334.61,1063.7,107.45,739.41,685.54,0.0,3923.09,1.0,22.93,1.12,R069
C04170,R0049,TRK027,rail,174.4,627.84,133.66,427.78,21.57,272.86,536.46,0.0,2020.17,0.47,11.58,0.999,R049
C04171,R0055,TRK014,road,275.4,1597.32,640.71,1278.46,211.51,612.3,220.91,860.76,5421.98,2.31,19.69,1.134,R055
C04172,R0063,TRK024,road,471.1,2732.38,1000.12,1093.36,289.11,347.9,268.61,0.0,5731.49,1.32,12.17,0.974,R063
C04173,R0088,TRK043,rail,388.8,1399.68,311.07,384.83,68.0,649.75,356.92,420.97,3591.22,4.02,9.24,1.0,R088
C04174,R0079,TRK007,road,217.9,1263.82,489.45,1224.07,180.4,692.85,118.64,1417.33,5386.57,3.73,24.72,1.155,R079
C04175,R0006,TRK013,road,232.5,1348.5,549.26,1236.74,140.33,839.28,95.23,0.0,4209.34,0.93,18.1,1.03,R006
C04176,R0099,TRK002,road,503.5,2920.3,1037.08,1405.71,375.24,262.92,177.82,709.67,6888.75,3.07,13.68,1.085,R099
C04177,R0006,TRK008,rail,301.9,1086.84,252.58,516.55,51.12,757.09,243.68,1179.21,4087.07,5.2,13.54,1.059,R006
C04178,R0096,TRK047,road,218.7,1268.46,506.2,1335.12,183.1,659.43,637.3,125.81,4715.41,4.72,21.56,1.09,R096
C04179,R0007,TRK014,road,507.6,2944.08,1109.89,1438.34,381.89,594.06,578.99,0.0,7047.25,1.79,13.88,1.001,R007
C04180,R0068,TRK027,rail,460.2,1656.72,327.43,508.3,69.0,473.61,190.63,0.0,3225.69,2.97,7.01,0.924,R068
C04181,R0045,TRK035,road,128.9,747.62,307.57,1279.52,83.04,206.09,639.52,0.0,3263.35,9.09,25.32,1.18,R045
C04182,R0084,TRK009,road,294.6,1708.68,596.8,1163.03,213.77,797.72,692.36,0.0,5172.36,1.17,17.56,1.229,R084
C04183,R0028,TRK035,rail,73.1,263.16,62.97,449.02,9.27,431.49,88.33,0.0,1304.23,0.35,17.84,1.032,R028
C04184,R0084,TRK009,rail,345.8,1244.88,238.74,515.28,54.63,473.82,354.66,0.0,2882.01,3.76,8.33,1.209,R084
C04185,R0049,TRK018,rail,401.5,1445.4,310.42,461.37,63.04,439.82,631.49,1793.14,5144.68,1.17,12.81,1.15,R049
C04186,R0087,TRK006,road,435.4,2525.32,838.3,1377.06,343.12,288.4,595.04,0.0,5967.24,1.42,13.71,0.919,R087
C04187,R0084,TRK003,road,33.6,194.88,73.54,1188.0,25.22,848.66,144.17,1069.33,3543.8,0.72,105.47,1.009,R084
C04188,R0092,TRK019,road,305.6,1772.48,762.34,968.84,251.03,192.24,174.88,765.76,4887.57,0.98,15.99,1.225,R092
C04189,R0019,TRK035,local,354.6,2907.72,858.42,825.99,76.44,529.46,39.43,1521.94,6759.4,1.59,19.06,0.946,R019
C04190,R0037,TRK020,road,436.8,2533.44,888.2,1253.08,333.11,219.46,452.4,0.0,5679.69,2.04,13.0,1.134,R037
C04191,R0091,TRK049,rail,426.6,1535.76,382.49,431.74,64.14,790.65,512.21,0.0,3717.0,0.75,8.71,1.184,R091
C04192,R0044,TRK015,road,230.2,1335.16,530.95,1253.0,146.29,788.54,134.07,0.0,4188.01,0.89,18.19,0.958,R044
C04193,R0074,TRK047,rail,281.1,1011.96,212.3,537.57,36.83,786.9,520.34,0.0,3105.9,1.22,11.05,1.061,R074
C04194,R0061,TRK013,road,194.8,1129.84,446.18,1234.75,158.29,249.38,296.09,1749.14,5263.68,3.57,27.02,1.229,R061
C04195,R0075,TRK050,road,529.5,3071.1,1002.08,968.38,405.01,421.75,227.1,1691.12,7786.54,4.45,14.71,1.021,R075
C04196,R0033,TRK028,road,181.2,1050.96,400.67,1320.49,152.09,532.69,699.14,466.13,4622.18,1.17,25.51,1.003,R033
C04197,R0073,TRK025,road,125.0,725.0,278.43,1135.03,89.45,225.6,523.34,0.0,2976.85,0.88,23.81,1.154,R073
C04198,R0089,TRK019,rail,41.9,150.84,28.51,437.61,6.82,893.3,252.1,119.9,1889.09,0.39,45.09,1.196,R089
C04199,R0017,TRK013,road,210.0,1218.0,488.41,1079.37,163.83,270.94,612.53,0.0,3833.08,2.39,18.25,0.972,R017
C04200,R0060,TRK028,road,57.3,332.34,115.01,1135.19,36.39,534.73,191.83,0.0,2345.5,0.61,40.93,1.172,R060
C04201,R0093,TRK020,road,247.1,1433.18,507.73,1397.55,213.45,692.71,490.07,1091.36,5826.05,1.38,23.58,0.932,R093
C04202,R0001,TRK050,road,304.7,1767.26,723.0,1100.74,253.26,361.62,79.95,0.0,4285.83,3.47,14.07,0.98,R001
C04203,R0066,TRK028,road,541.0,3137.8,1359.14,1043.19,425.85,813.73,431.16,493.56,7704.42,15.93,14.24,1.035,R066
C04204,R0028,TRK032,road,486.6,2822.28,1076.46,1170.14,332.72,412.58,15.54,1050.17,6879.88,2.17,14.14,1.183,R028
C04205,R0092,TRK020,road,500.8,2904.64,1241.39,1355.26,316.41,394.68,310.88,65.01,6588.27,1.81,13.16,1.189,R092
C04206,R0031,TRK006,road,393.5,2282.3,743.82,1025.92,338.89,864.26,222.45,0.0,5477.64,10.54,13.92,1.154,R031
C04207,R0076,TRK001,road,168.2,975.56,388.38,1428.66,135.59,529.34,348.64,1544.86,5351.03,1.68,31.81,1.074,R076
C04208,R0020,TRK050,local,449.3,3684.26,1103.39,728.97,118.7,779.54,24.28,0.0,6439.13,2.93,14.33,1.189,R020
C04209,R0008,TRK032,rail,87.5,315.0,63.6,459.91,14.51,165.0,619.11,0.0,1637.14,0.38,18.71,1.107,R008
C04210,R0052,TRK015,road,305.3,1770.74,596.4,1082.9,193.38,878.43,129.45,0.0,4651.3,10.22,15.24,0.914,R052
C04211,R0033,TRK022,rail,542.7,1953.72,419.24,532.63,85.42,280.05,382.59,0.0,3653.64,0.73,6.73,0.917,R033
C04212,R0065,TRK030,local,312.7,2564.14,862.09,737.91,85.39,837.28,248.38,163.23,5498.42,7.24,17.58,1.129,R065
C04213,R0031,TRK008,road,232.9,1350.82,569.92,1012.92,176.09,889.47,689.77,1640.78,6329.78,2.39,27.18,1.11,R031
C04214,R0081,TRK023,road,436.4,2531.12,1081.76,1361.36,276.45,744.15,56.9,0.0,6051.74,5.15,13.87,1.246,R081
C04215,R0007,TRK045,rail,463.1,1667.16,370.88,392.6,81.69,784.14,347.54,0.0,3644.0,0.82,7.87,0.95,R007
C04216,R0070,TRK025,local,290.8,2384.56,798.18,779.9,71.92,473.87,45.52,0.0,4553.95,1.98,15.66,1.198,R070
C04217,R0010,TRK031,local,255.8,2097.56,634.87,1060.72,62.07,246.84,113.04,0.0,4215.1,1.32,16.48,0.967,R010
C04218,R0054,TRK002,road,86.7,502.86,169.04,1049.73,59.97,745.2,397.37,0.0,2924.17,0.8,33.73,0.923,R054
C04219,R0013,TRK008,rail,215.2,774.72,183.24,405.43,36.55,601.65,635.32,0.0,2636.9,0.68,12.25,0.903,R013
C04220,R0044,TRK015,road,499.0,2894.2,1243.16,1090.94,384.56,613.79,469.33,651.45,7347.44,1.95,14.72,1.211,R044
C04221,R0067,TRK015,road,87.9,509.82,200.92,1024.04,74.23,824.46,228.47,0.0,2861.93,1.85,32.56,1.168,R067
C04222,R0068,TRK001,rail,182.6,657.36,140.7,419.72,28.55,198.16,243.2,219.96,1907.65,0.64,10.45,0.955,R068
C04223,R0092,TRK040,rail,498.8,1795.68,422.55,451.2,79.41,312.74,627.46,0.0,3689.04,5.08,7.4,1.174,R092
C04224,R0091,TRK044,road,380.5,2206.9,928.12,1050.48,229.67,870.78,570.36,0.0,5856.3,3.22,15.39,1.178,R091
C04225,R0005,TRK004,road,110.2,639.16,263.85,1193.46,69.71,830.8,193.91,1634.74,4825.64,1.0,43.79,1.003,R005
C04226,R0083,TRK019,road,477.3,2768.34,949.01,1320.67,312.09,434.46,476.0,1063.07,7323.65,10.38,15.34,1.198,R083
C04227,R0061,TRK010,rail,520.5,1873.8,385.45,423.29,80.24,783.48,670.33,0.0,4216.59,0.89,8.1,1.101,R061
C04228,R0054,TRK050,rail,229.4,825.84,187.36,381.56,37.91,550.27,383.14,40.02,2406.11,0.57,10.49,1.181,R054
C04229,R0002,TRK049,road,72.0,417.6,170.26,1287.2,49.89,353.57,309.18,1706.34,4294.04,1.98,59.64,1.192,R002
C04230,R0080,TRK005,road,521.6,3025.28,1026.28,1191.56,461.36,627.42,415.19,0.0,6747.09,1.42,12.94,1.239,R080
C04231,R0032,TRK022,road,86.0,498.8,195.15,1317.68,54.52,662.23,594.13,0.0,3322.51,0.84,38.63,1.191,R032
C04232,R0081,TRK047,road,338.4,1962.72,785.13,1016.98,227.85,217.33,686.06,122.42,5018.49,1.01,14.83,1.04,R081
C04233,R0070,TRK010,rail,497.1,1789.56,361.83,485.63,73.73,681.21,203.28,398.08,3993.32,2.05,8.03,1.065,R070
C04234,R0093,TRK002,road,237.8,1379.24,475.35,1344.95,198.62,778.68,640.97,0.0,4817.82,1.69,20.26,0.948,R093
C04235,R0019,TRK024,local,424.2,3478.44,1081.79,944.72,107.71,723.95,63.64,0.0,6400.26,1.58,15.09,0.971,R019
C04236,R0037,TRK040,road,106.2,615.96,213.05,1386.17,80.64,373.51,422.31,0.0,3091.64,1.31,29.11,1.153,R037
C04237,R0073,TRK028,road,434.4,2519.52,823.41,1014.43,338.99,356.41,332.1,452.77,5837.63,1.22,13.44,1.201,R073
C04238,R0077,TRK037,road,240.1,1392.58,561.7,1380.15,205.12,421.82,377.87,0.0,4339.24,2.04,18.07,1.235,R077
C04239,R0020,TRK027,road,503.6,2920.88,1224.9,1241.41,407.38,853.59,41.87,0.0,6690.02,4.21,13.28,1.005,R020
C04240,R0028,TRK004,road,120.4,698.32,271.6,1075.18,106.29,461.31,179.18,0.0,2791.89,0.77,23.19,1.12,R028
C04241,R0051,TRK022,local,117.0,959.4,291.18,1076.83,24.76,817.75,235.82,0.0,3405.74,0.86,29.11,0.976,R051
C04242,R0090,TRK046,road,450.6,2613.48,1051.4,1126.91,363.43,188.22,413.89,1298.47,7055.81,2.08,15.66,1.088,R090
C04243,R0042,TRK047,road,519.9,3015.42,1026.94,1263.03,389.33,666.27,555.76,0.0,6916.75,2.68,13.3,1.089,R042
C04244,R0089,TRK020,road,99.0,574.2,217.8,1127.62,83.12,242.09,652.37,0.0,2897.21,0.68,29.26,0.985,R089
C04245,R0005,TRK035,road,61.2,354.96,117.31,1221.98,48.14,471.38,147.48,111.23,2472.48,1.28,40.4,1.055,R005
C04246,R0074,TRK034,road,93.4,541.72,215.22,1324.85,83.62,520.0,10.47,0.0,2695.88,0.61,28.86,1.218,R074
C04247,R0061,TRK022,road,337.7,1958.66,644.97,1374.4,286.61,403.15,450.91,1433.79,6552.48,1.33,19.4,0.986,R061
C04248,R0080,TRK030,rail,262.3,944.28,178.95,506.92,32.33,493.18,637.34,0.0,2793.0,3.22,10.65,1.029,R080
C04249,R0091,TRK009,road,494.1,2865.78,1091.11,1333.41,366.78,889.09,89.63,0.0,6635.8,2.44,13.43,1.164,R091
C04250,R0045,TRK001,local,248.1,2034.42,676.97,874.67,61.22,541.46,94.16,0.0,4282.9,1.03,17.26,1.189,R045
C04251,R0098,TRK036,road,441.4,2560.12,1043.09,1049.03,273.5,774.64,579.36,0.0,6279.74,2.91,14.23,1.151,R098
C04252,R0087,TRK027,road,382.8,2220.24,893.03,1152.58,296.03,524.82,34.36,990.32,6111.38,4.55,15.96,1.223,R087
C04253,R0002,TRK002,local,542.2,4446.04,1321.23,964.14,143.03,606.54,205.3,0.0,7686.29,1.55,14.18,0.901,R002
C04254,R0048,TRK010,road,475.5,2757.9,928.87,1008.27,367.86,298.13,618.83,0.0,5979.86,3.57,12.58,0.986,R048
C04255,R0009,TRK021,local,333.1,2731.42,875.09,726.34,73.62,554.97,88.13,0.0,5049.57,1.69,15.16,1.027,R009
C04256,R0099,TRK027,road,248.1,1438.98,571.08,1255.58,198.4,396.91,106.07,450.39,4417.41,1.58,17.8,0.903,R099
C04257,R0029,TRK025,road,130.4,756.32,328.03,1210.34,104.49,412.54,293.89,353.03,3458.65,9.07,26.52,0.949,R029
C04258,R0062,TRK004,road,299.8,1738.84,635.5,1273.13,210.34,267.8,78.05,0.0,4203.66,1.97,14.02,1.104,R062
C04259,R0072,TRK019,road,467.7,2712.66,1098.37,1324.82,406.29,887.25,276.42,1046.7,7752.51,12.5,16.58,1.099,R072
C04260,R0059,TRK001,local,341.0,2796.2,983.66,991.7,89.53,312.14,30.6,0.0,5203.83,1.13,15.26,1.188,R059
C04261,R0051,TRK043,road,455.3,2640.74,956.35,1422.91,399.84,807.04,85.96,0.0,6312.84,1.57,13.87,1.191,R051
C04262,R0017,TRK002,road,375.4,2177.32,827.43,1397.54,251.17,692.54,97.53,417.97,5861.49,2.17,15.61,0.972,R017
C04263,R0084,TRK046,road,330.6,1917.48,828.54,1201.93,272.51,716.91,216.79,0.0,5154.16,1.32,15.59,0.901,R084
C04264,R0008,TRK020,road,485.8,2817.64,1032.08,1097.21,410.55,749.76,96.69,0.0,6203.94,1.99,12.77,1.104,R008
C04265,R0051,TRK014,road,304.6,1766.68,609.55,1369.01,251.12,635.53,386.73,161.24,5179.86,5.91,17.01,1.153,R051
C04266,R0057,TRK047,rail,116.4,419.04,81.46,437.58,17.56,815.8,27.41,1253.02,3051.87,7.14,26.22,1.026,R057
C04267,R0043,TRK003,road,298.9,1733.62,651.09,1276.97,234.96,838.78,342.0,0.0,5077.43,2.15,16.99,1.127,R043
C04268,R0055,TRK032,road,185.5,1075.9,360.64,1079.67,126.41,717.93,277.43,0.0,3637.99,1.06,19.61,1.141,R055
C04269,R0065,TRK049,road,513.5,2978.3,981.79,961.29,383.71,795.78,92.87,0.0,6193.74,3.39,12.06,1.036,R065
C04270,R0043,TRK020,road,66.0,382.8,134.19,983.75,55.72,691.03,268.19,139.1,2654.79,6.41,40.22,1.145,R043
C04271,R0010,TRK049,road,267.2,1549.76,619.88,1283.2,235.39,306.27,664.54,0.0,4659.04,1.05,17.44,0.996,R010
C04272,R0040,TRK039,road,532.4,3087.92,1263.93,1253.84,352.2,375.73,0.12,0.0,6333.73,2.8,11.9,1.24,R040
C04273,R0081,TRK007,road,478.1,2772.98,933.77,1152.3,327.89,811.33,326.88,253.83,6578.99,10.78,13.76,1.126,R081
C04274,R0077,TRK037,road,208.1,1206.98,432.84,1329.21,132.11,266.1,268.86,0.0,3636.1,1.1,17.47,0.993,R077
C04275,R0018,TRK032,local,184.5,1512.9,547.74,829.8,53.13,737.38,175.45,10.54,3866.94,1.36,20.96,0.969,R018
C04276,R0021,TRK009,rail,262.9,946.44,241.5,451.21,47.18,627.3,482.73,0.0,2796.35,0.95,10.64,1.21,R021
C04277,R0037,TRK027,road,437.7,2538.66,846.82,1345.31,320.85,569.74,526.22,0.0,6147.6,1.48,14.05,1.014,R037
C04278,R0044,TRK031,road,42.0,243.6,78.65,1278.45,30.33,214.55,474.74,0.0,2320.32,0.49,55.25,1.133,R044
C04279,R0045,TRK004,road,295.0,1711.0,677.88,983.2,219.54,626.62,193.12,0.0,4411.36,1.5,14.95,1.105,R045
C04280,R0031,TRK009,local,44.0,360.8,106.64,789.07,12.94,844.14,231.12,0.0,2344.71,2.28,53.29,0.931,R031
C04281,R0038,TRK017,road,177.1,1027.18,396.31,1355.15,158.88,876.3,472.97,0.0,4286.79,1.38,24.21,1.075,R038
C04282,R0075,TRK028,road,39.9,231.42,90.39,1139.62,28.08,759.51,403.54,0.0,2652.56,1.09,66.48,0.92,R075
C04283,R0065,TRK029,road,436.5,2531.7,915.83,1244.7,356.51,499.39,308.89,1613.85,7470.87,2.26,17.12,1.084,R065
C04284,R0098,TRK022,rail,316.0,1137.6,284.64,466.56,47.59,498.95,121.51,0.0,2556.84,0.65,8.09,1.114,R098
C04285,R0012,TRK041,road,212.2,1230.76,515.67,1026.2,128.57,697.31,526.32,0.0,4124.82,2.19,19.44,1.026,R012
C04286,R0023,TRK017,rail,203.6,732.96,171.99,371.54,33.12,426.56,585.52,0.0,2321.69,1.3,11.4,1.226,R023
C04287,R0012,TRK033,road,325.1,1885.58,817.93,1222.96,291.8,734.04,39.06,0.0,4991.37,3.66,15.35,1.011,R012
C04288,R0057,TRK009,road,112.6,653.08,273.27,1064.83,80.79,244.94,36.54,699.68,3053.12,8.69,27.11,0.968,R057
C04289,R0022,TRK041,road,522.5,3030.5,1315.4,1341.5,367.11,676.99,679.21,1391.86,8802.58,10.22,16.85,0.978,R022
C04290,R0015,TRK049,rail,163.2,587.52,121.73,403.0,29.02,884.47,13.92,520.75,2560.39,0.92,15.69,1.144,R015
C04291,R0090,TRK035,road,408.0,2366.4,848.78,1154.49,364.07,779.25,190.03,1239.7,6942.74,3.28,17.02,0.979,R090
C04292,R0004,TRK039,rail,343.3,1235.88,284.6,532.84,41.96,694.22,364.1,0.0,3153.59,0.98,9.19,1.004,R004
C04293,R0038,TRK021,road,75.5,437.9,184.27,1370.73,61.84,321.7,39.3,1597.09,4012.83,0.94,53.15,0.991,R038
C04294,R0053,TRK023,road,290.5,1684.9,603.77,1145.11,251.46,606.53,2.24,0.0,4294.01,7.62,14.78,1.051,R053
C04295,R0030,TRK040,road,110.5,640.9,260.17,1374.19,97.05,485.64,276.76,0.0,3134.72,1.23,28.37,1.058,R030
C04296,R0052,TRK019,rail,38.8,139.68,34.1,398.97,5.99,155.04,354.92,0.0,1088.7,0.46,28.06,1.15,R052
C04297,R0034,TRK005,road,34.1,197.78,67.17,1422.42,29.19,165.04,358.38,0.0,2239.97,0.77,65.69,1.227,R034
C04298,R0064,TRK033,road,277.8,1611.24,634.12,1317.37,172.34,398.94,90.9,0.0,4224.93,2.09,15.21,1.204,R064
C04299,R0025,TRK034,road,399.1,2314.78,819.78,1343.46,319.04,617.49,539.98,0.0,5954.53,3.56,14.92,1.056,R025
C04300,R0067,TRK016,road,425.8,2469.64,1030.68,1077.64,281.65,625.59,297.64,0.0,5782.85,1.53,13.58,0.942,R067
C04301,R0037,TRK038,local,408.3,3348.06,1198.75,1026.18,87.5,733.46,271.02,0.0,6664.97,1.45,16.32,1.009,R037
C04302,R0055,TRK023,rail,497.0,1789.2,413.88,522.07,70.83,808.02,576.38,0.0,4180.37,0.92,8.41,1.012,R055
C04303,R0034,TRK032,road,329.1,1908.78,709.87,1318.19,198.53,172.53,630.08,1248.99,6186.97,1.5,18.8,1.028,R034
C04304,R0052,TRK012,road,348.1,2018.98,707.15,1046.3,226.1,663.09,175.66,98.4,4935.68,1.55,14.18,0.971,R052
C04305,R0086,TRK019,rail,158.8,571.68,113.22,484.4,25.34,399.75,206.57,505.73,2306.7,1.3,14.53,0.92,R086
C04306,R0043,TRK014,road,437.2,2535.76,846.66,1209.21,340.58,575.02,15.31,1617.63,7140.17,1.57,16.33,1.087,R043
C04307,R0004,TRK007,local,324.8,2663.36,882.55,783.48,65.07,165.59,74.46,1438.23,6072.74,7.85,18.7,1.052,R004
C04308,R0087,TRK007,local,543.3,4455.06,1659.35,905.99,127.73,677.22,13.11,1344.58,9183.05,2.42,16.9,1.085,R087
C04309,R0087,TRK005,road,392.9,2278.82,977.99,1395.84,285.71,670.94,634.45,0.0,6243.76,2.04,15.89,1.228,R087
C04310,R0025,TRK004,local,45.7,374.74,130.9,903.25,9.73,441.33,161.64,0.0,2021.6,0.98,44.24,1.026,R025
C04311,R0004,TRK043,road,163.6,948.88,330.57,1273.7,103.08,711.13,596.14,0.0,3963.5,0.99,24.23,1.14,R004
C04312,R0002,TRK029,road,35.6,206.48,87.91,1427.14,27.53,332.95,320.5,0.0,2402.51,0.51,67.49,1.168,R002
C04313,R0091,TRK011,road,100.3,581.74,200.33,1186.11,82.52,261.4,486.3,292.79,3091.19,1.78,30.82,1.133,R091
C04314,R0061,TRK016,road,386.5,2241.7,884.71,1364.44,305.13,711.49,387.51,389.72,6284.7,10.15,16.26,1.178,R061
C04315,R0043,TRK005,road,171.9,997.02,434.2,1028.28,121.06,494.81,532.14,0.0,3607.51,2.09,20.99,1.028,R043
C04316,R0088,TRK046,rail,512.1,1843.56,409.26,522.87,65.84,656.22,212.39,192.74,3902.89,1.71,7.62,1.051,R088
C04317,R0098,TRK016,road,33.8,196.04,79.39,1355.7,24.6,437.34,206.94,0.0,2300.0,0.95,68.05,0.98,R098
C04318,R0015,TRK047,local,184.7,1514.54,468.76,1001.52,54.83,579.12,103.75,1363.97,5086.5,3.75,27.54,1.188,R015
C04319,R0002,TRK009,road,508.4,2948.72,1181.14,1040.96,432.35,610.62,252.75,835.71,7302.25,2.01,14.36,1.105,R002
C04320,R0040,TRK005,road,272.5,1580.5,613.65,1091.14,196.65,475.85,496.13,0.0,4453.92,3.23,16.34,0.905,R040
C04321,R0095,TRK028,road,482.5,2798.5,906.88,1438.93,422.13,240.78,159.14,0.0,5966.36,7.05,12.37,1.005,R095
C04322,R0033,TRK006,road,344.9,2000.42,829.32,1031.19,220.77,897.87,517.98,0.0,5497.56,1.26,15.94,1.166,R033
C04323,R0059,TRK030,road,385.0,2233.0,746.24,1034.99,246.82,793.78,169.17,1642.77,6866.77,4.07,17.84,1.16,R059
C04324,R0002,TRK007,rail,144.3,519.48,107.32,510.94,21.16,737.73,519.99,0.0,2416.63,0.51,16.75,1.049,R002
C04325,R0056,TRK019,road,44.7,259.26,101.39,1109.9,36.69,768.86,311.81,454.95,3042.86,0.91,68.07,1.196,R056
C04326,R0024,TRK046,local,74.1,607.62,232.56,791.44,21.37,780.65,171.94,0.0,2605.58,0.81,35.16,1.09,R024
C04327,R0092,TRK007,road,44.7,259.26,85.0,1099.93,28.19,239.48,213.09,0.0,1924.95,0.81,43.06,1.05,R092
C04328,R0023,TRK033,road,179.3,1039.94,343.63,1192.88,131.83,840.92,437.68,320.04,4306.92,5.16,24.02,0.954,R023
C04329,R0027,TRK011,road,194.2,1126.36,370.84,1238.87,171.94,417.57,471.16,0.0,3796.74,12.2,19.55,0.913,R027
C04330,R0045,TRK050,rail,355.5,1279.8,270.15,434.61,54.22,440.91,151.05,544.36,3175.1,0.7,8.93,1.187,R045
C04331,R0008,TRK010,local,469.8,3852.36,1169.93,954.58,102.05,831.94,55.82,0.0,6966.68,1.82,14.83,0.948,R008
C04332,R0085,TRK012,road,285.7,1657.06,609.99,1196.61,253.37,267.55,421.65,0.0,4406.22,5.78,15.42,1.101,R085
C04333,R0091,TRK024,road,284.7,1651.26,602.8,1097.05,205.95,298.15,620.68,0.0,4475.89,2.47,15.72,1.19,R091
C04334,R0047,TRK048,road,346.1,2007.38,699.85,1288.39,282.81,366.66,9.92,0.0,4655.02,1.08,13.45,1.117,R047
C04335,R0004,TRK018,local,418.9,3434.98,1157.56,873.49,85.5,478.77,71.09,0.0,6101.38,1.9,14.57,0.979,R004
C04336,R0067,TRK012,road,408.7,2370.46,799.33,1035.54,272.03,821.03,477.86,343.44,6119.68,2.75,14.97,1.221,R067
C04337,R0068,TRK005,road,531.0,3079.8,1103.86,1123.85,358.35,660.81,492.94,0.0,6819.62,6.63,12.84,1.152,R068
C04338,R0031,TRK050,local,183.6,1505.52,525.44,907.99,38.03,190.47,32.13,0.0,3199.58,4.37,17.43,1.23,R031
C04339,R0082,TRK039,road,435.3,2524.74,919.1,1187.39,385.93,667.67,159.53,0.0,5844.37,10.26,13.43,1.073,R082
C04340,R0072,TRK036,local,302.2,2478.04,747.3,1076.16,65.16,793.11,78.86,0.0,5238.64,1.91,17.34,0.91,R072
C04341,R0062,TRK010,road,336.3,1950.54,652.2,1263.57,213.99,442.02,277.96,647.67,5447.96,1.14,16.2,1.115,R062
C04342,R0047,TRK022,road,78.4,454.72,178.66,1346.23,69.27,464.74,111.57,0.0,2625.19,0.62,33.48,0.919,R047
C04343,R0014,TRK018,road,324.0,1879.2,776.04,1213.53,245.83,878.86,687.82,0.0,5681.27,1.48,17.53,1.199,R014
C04344,R0071,TRK006,local,199.3,1634.26,541.66,974.48,59.18,720.03,12.29,0.0,3941.9,1.22,19.78,1.245,R071
C04345,R0035,TRK013,road,361.4,2096.12,687.45,1199.43,292.72,425.85,330.4,0.0,5031.97,1.1,13.92,1.083,R035
C04346,R0042,TRK033,road,513.3,2977.14,1157.61,1273.4,352.41,473.84,370.53,925.28,7530.21,2.64,14.67,1.102,R042
C04347,R0094,TRK019,road,365.7,2121.06,865.03,976.33,256.5,682.46,47.52,0.0,4948.91,1.57,13.53,1.154,R094
C04348,R0027,TRK027,local,388.7,3187.34,1211.99,1037.57,78.32,272.76,10.53,1621.9,7420.4,9.86,19.09,0.942,R027
C04349,R0085,TRK025,road,68.0,394.4,155.44,1084.32,55.59,870.09,410.2,0.0,2970.05,0.68,43.68,1.064,R085
C04350,R0078,TRK043,rail,97.3,350.28,71.15,370.85,11.89,602.07,521.21,0.0,1927.45,0.57,19.81,0.945,R078
C04351,R0045,TRK024,road,226.4,1313.12,453.88,1429.93,152.31,641.31,276.57,0.0,4267.12,2.66,18.85,1.057,R045
C04352,R0089,TRK007,road,76.0,440.8,153.17,1244.37,45.86,579.32,668.42,0.0,3131.93,0.67,41.21,1.018,R089
C04353,R0068,TRK036,road,409.9,2377.42,804.4,1108.28,329.76,265.33,531.12,0.0,5416.31,2.85,13.21,1.234,R068
C04354,R0005,TRK050,road,175.1,1015.58,358.63,1187.48,108.51,207.48,360.13,0.0,3237.8,0.88,18.49,1.223,R005
C04355,R0100,TRK043,road,368.0,2134.4,765.63,1238.16,262.99,244.53,479.59,129.81,5255.1,1.43,14.28,1.042,R100
C04356,R0038,TRK018,local,98.4,806.88,272.18,970.12,23.1,398.13,111.24,0.0,2581.65,0.75,26.24,0.956,R038
C04357,R0023,TRK011,road,142.8,828.24,353.0,1018.39,88.38,829.52,602.56,1656.47,5376.56,2.87,37.65,1.009,R023
C04358,R0018,TRK050,rail,540.6,1946.16,467.45,440.61,77.99,757.56,579.08,43.03,4311.87,0.96,7.98,1.237,R018
C04359,R0091,TRK033,road,416.1,2413.38,1009.37,1067.39,292.55,769.16,248.62,0.0,5800.47,18.3,13.94,1.208,R091
C04360,R0065,TRK014,road,48.8,283.04,116.62,1204.66,40.98,543.85,57.63,0.0,2246.79,0.45,46.04,0.905,R065
C04361,R0069,TRK040,rail,437.7,1575.72,343.03,399.75,59.87,808.99,294.69,603.16,4085.21,1.32,9.33,1.139,R069
C04362,R0080,TRK001,local,89.8,736.36,222.0,962.06,21.35,460.01,159.08,640.37,3201.23,0.91,35.65,1.243,R080
C04363,R0070,TRK047,rail,88.1,317.16,70.17,389.51,13.96,475.53,343.81,0.0,1610.14,0.33,18.28,0.984,R070
C04364,R0050,TRK014,road,444.7,2579.26,940.8,1209.83,362.17,716.24,311.28,0.0,6119.57,1.71,13.76,0.958,R050
C04365,R0070,TRK016,road,472.3,2739.34,1131.57,1125.48,419.56,627.18,622.58,0.0,6665.71,1.4,14.11,0.95,R070
C04366,R0087,TRK039,road,381.2,2210.96,861.61,1165.18,306.95,716.89,109.1,378.47,5749.16,1.65,15.08,1.173,R087
C04367,R0092,TRK050,road,162.7,943.66,340.52,1324.69,131.83,373.23,384.27,357.62,3855.82,0.9,23.7,1.145,R092
C04368,R0069,TRK026,local,287.3,2355.86,793.95,923.67,80.22,880.83,58.08,0.0,5092.61,1.25,17.73,1.204,R069
C04369,R0090,TRK009,road,408.8,2371.04,830.58,1142.51,311.7,537.15,489.24,0.0,5682.23,3.92,13.9,0.964,R090
C04370,R0052,TRK032,road,478.0,2772.4,1166.43,1021.07,402.27,739.38,571.23,0.0,6672.77,5.16,13.96,1.008,R052
C04371,R0058,TRK035,road,115.1,667.58,241.34,992.54,81.22,281.9,484.2,1525.28,4274.07,1.01,37.13,1.064,R058
C04372,R0068,TRK049,road,358.4,2078.72,902.83,1229.13,295.01,832.81,97.21,1034.67,6470.38,1.58,18.05,0.949,R068
C04373,R0043,TRK040,road,136.5,791.7,326.7,1194.89,120.7,362.77,446.38,1250.51,4493.64,4.59,32.92,1.135,R043
C04374,R0043,TRK035,road,198.5,1151.3,410.92,1342.85,175.51,604.31,184.33,0.0,3869.22,7.99,19.49,1.154,R043
C04375,R0006,TRK003,road,219.8,1274.84,485.02,960.46,141.93,826.99,644.1,0.0,4333.34,6.33,19.71,1.092,R006
C04376,R0013,TRK043,road,406.5,2357.7,766.49,1362.85,312.0,504.89,136.31,0.0,5440.25,2.41,13.38,1.079,R013
C04377,R0034,TRK013,rail,209.4,753.84,192.15,474.9,31.31,743.66,536.41,0.0,2732.27,0.69,13.05,1.212,R034
C04378,R0032,TRK042,road,338.6,1963.88,650.08,1351.08,297.1,168.19,690.01,0.0,5120.34,1.33,15.12,0.917,R032
C04379,R0005,TRK026,rail,202.4,728.64,148.62,517.02,26.03,784.47,508.04,0.0,2712.83,1.74,13.4,1.2,R005
C04380,R0011,TRK036,rail,511.0,1839.6,442.45,423.21,87.01,846.04,689.54,0.0,4327.86,1.54,8.47,1.248,R011
C04381,R0090,TRK001,road,318.8,1849.04,700.78,1407.02,283.78,155.5,287.79,0.0,4683.9,0.95,14.69,1.173,R090
C04382,R0022,TRK050,road,154.8,897.84,307.41,1367.61,115.8,476.39,146.61,810.02,4121.67,1.13,26.63,0.925,R022
C04383,R0050,TRK039,road,442.4,2565.92,1002.6,1122.72,373.78,364.59,451.98,0.0,5881.59,2.39,13.29,1.125,R050
C04384,R0065,TRK010,road,466.3,2704.54,945.43,1439.11,310.38,235.96,167.08,407.68,6210.17,1.71,13.32,0.945,R065
C04385,R0094,TRK009,road,328.3,1904.14,793.5,1202.76,259.78,879.82,536.97,0.0,5576.98,2.98,16.99,1.049,R094
C04386,R0043,TRK002,local,302.9,2483.78,876.98,870.75,76.33,586.71,126.58,0.0,5021.13,3.42,16.58,0.931,R043
C04387,R0065,TRK006,road,139.0,806.2,277.08,1385.36,104.77,531.27,280.04,55.43,3440.15,3.57,24.75,0.924,R065
C04388,R0080,TRK047,rail,167.2,601.92,134.5,439.53,24.9,180.17,230.21,0.0,1611.22,0.84,9.64,1.051,R080
C04389,R0096,TRK024,road,389.6,2259.68,734.83,1112.83,248.43,501.7,437.16,1520.85,6815.49,4.48,17.49,1.018,R096
C04390,R0088,TRK018,local,154.4,1266.08,447.59,793.94,35.2,387.34,230.36,0.0,3160.51,3.1,20.47,1.138,R088
C04391,R0040,TRK001,road,477.0,2766.6,1112.75,1000.97,327.35,365.82,642.92,0.0,6216.41,3.29,13.03,1.154,R040
C04392,R0023,TRK035,local,543.1,4453.42,1575.44,861.45,131.24,163.56,95.8,0.0,7280.91,1.48,13.41,0.903,R023
C04393,R0093,TRK023,local,108.9,892.98,283.47,1029.16,30.27,454.52,36.75,0.0,2727.16,0.85,25.04,1.077,R093
C04394,R0029,TRK009,road,70.3,407.74,145.06,967.61,48.42,519.39,456.5,840.83,3385.55,0.7,48.16,1.116,R029
C04395,R0061,TRK039,road,514.6,2984.68,1239.19,1208.09,402.92,639.73,202.86,588.36,7265.84,2.67,14.12,1.1,R061
C04396,R0028,TRK048,local,195.8,1605.56,543.73,1048.38,39.83,441.85,123.41,0.0,3802.76,3.42,19.42,0.969,R028
C04397,R0099,TRK012,road,464.7,2695.26,1064.57,1407.9,362.03,775.33,591.01,1041.15,7937.26,5.06,17.08,1.085,R099
C04398,R0066,TRK013,rail,373.6,1344.96,284.71,402.27,53.92,653.93,691.14,0.0,3430.92,1.94,9.18,1.109,R066
C04399,R0087,TRK009,road,222.0,1287.6,431.41,1310.66,163.43,357.79,206.84,1412.02,5169.75,6.41,23.29,0.921,R087
C04400,R0026,TRK025,road,460.3,2669.74,1127.93,1370.47,277.58,755.53,369.37,99.79,6670.42,4.8,14.49,1.248,R026
C04401,R0098,TRK044,local,181.9,1491.58,578.0,989.54,50.26,398.56,279.95,705.65,4493.53,0.91,24.7,1.205,R098
C04402,R0059,TRK025,road,173.2,1004.56,428.87,1019.22,104.71,470.22,157.45,0.0,3185.03,1.81,18.39,1.23,R059
C04403,R0026,TRK038,rail,515.1,1854.36,409.57,407.85,64.11,888.75,525.36,0.0,4150.0,4.66,8.06,1.035,R026
C04404,R0054,TRK028,road,72.6,421.08,140.74,1152.89,58.11,825.65,150.73,0.0,2749.19,2.43,37.87,1.25,R054
C04405,R0043,TRK049,road,171.3,993.54,359.44,1430.28,115.59,252.24,145.49,0.0,3296.58,0.96,19.24,0.992,R043
C04406,R0076,TRK011,road,485.0,2813.0,947.55,986.57,431.69,831.56,99.42,42.77,6152.56,2.92,12.69,1.164,R076
C04407,R0070,TRK003,road,504.2,2924.36,1047.37,1028.18,444.2,538.78,416.44,1727.53,8126.87,8.07,16.12,0.995,R070
C04408,R0034,TRK019,road,48.8,283.04,118.56,1017.91,35.22,306.4,48.6,0.0,1809.73,0.87,37.08,1.054,R034
C04409,R0063,TRK037,road,159.8,926.84,347.26,1204.99,119.31,482.28,135.51,0.0,3216.19,0.74,20.13,1.057,R063
C04410,R0015,TRK023,road,450.6,2613.48,1130.56,965.32,363.2,519.12,120.64,590.63,6302.95,5.39,13.99,0.926,R015
C04411,R0028,TRK038,road,246.1,1427.38,618.21,1352.17,202.92,192.97,114.66,0.0,3908.32,0.87,15.88,0.928,R028
C04412,R0016,TRK017,road,453.1,2627.98,987.29,1137.82,335.62,476.66,102.17,0.0,5667.55,6.5,12.51,0.981,R016
C04413,R0067,TRK049,road,525.9,3050.22,1298.17,1096.24,388.99,213.41,658.72,0.0,6705.76,2.5,12.75,0.978,R067
C04414,R0093,TRK020,local,481.6,3949.12,1208.33,1063.53,102.45,237.89,263.96,1100.44,7925.74,17.13,16.46,1.093,R093
C04415,R0055,TRK002,rail,195.4,703.44,156.23,451.47,34.97,321.3,268.39,0.0,1935.8,2.49,9.91,1.059,R055
C04416,R0022,TRK027,rail,236.0,849.6,204.89,387.36,28.43,256.43,594.78,0.0,2321.49,0.55,9.84,1.201,R022
C04417,R0031,TRK022,rail,45.0,162.0,34.93,367.04,7.54,842.44,89.9,246.4,1750.26,0.39,38.89,1.242,R031
C04418,R0053,TRK014,road,32.5,188.5,65.11,1413.13,22.46,786.92,390.13,0.0,2866.24,0.65,88.19,1.195,R053
C04419,R0089,TRK013,road,237.5,1377.5,522.24,1208.46,160.6,451.92,123.57,0.0,3844.28,3.1,16.19,1.095,R089
C04420,R0090,TRK034,road,384.5,2230.1,893.15,1416.17,319.12,843.82,472.82,0.0,6175.17,2.94,16.06,0.971,R090
C04421,R0100,TRK046,local,541.1,4437.02,1631.45,972.14,136.87,673.26,185.88,1699.37,9735.98,2.44,17.99,1.181,R100
C04422,R0008,TRK020,rail,333.9,1202.04,251.26,381.07,53.85,564.61,682.87,61.46,3197.16,1.04,9.58,1.108,R008
C04423,R0011,TRK038,road,30.9,179.22,74.95,1270.21,21.18,334.47,21.6,0.0,1901.63,0.65,61.54,1.034,R011
C04424,R0042,TRK036,rail,122.6,441.36,89.88,483.43,17.41,153.9,196.33,0.0,1382.3,0.52,11.27,1.032,R042
C04425,R0048,TRK003,road,69.9,405.42,136.49,1186.9,55.24,832.65,187.11,0.0,2803.82,0.78,40.11,1.186,R048
C04426,R0062,TRK002,road,533.1,3091.98,1083.53,1314.98,431.24,155.96,194.83,1140.14,7412.66,2.36,13.9,0.972,R062
C04427,R0044,TRK040,road,83.8,486.04,166.25,1204.94,72.33,845.79,416.5,0.0,3191.85,0.7,38.09,1.157,R044
C04428,R0033,TRK024,rail,240.9,867.24,180.67,402.21,31.21,293.37,498.7,0.0,2273.4,0.74,9.44,1.204,R033
C04429,R0063,TRK029,road,547.1,3173.18,1282.5,964.76,356.31,813.92,522.57,0.0,7113.25,8.88,13.0,1.181,R063
C04430,R0019,TRK040,road,424.2,2460.36,966.41,960.49,344.37,708.69,263.23,0.0,5703.56,1.18,13.45,1.12,R019
C04431,R0064,TRK045,rail,262.0,943.2,223.24,443.73,40.08,285.4,412.11,1539.94,3887.69,1.24,14.84,1.181,R064
C04432,R0068,TRK044,rail,67.6,243.36,46.98,384.8,11.15,246.09,322.14,0.0,1254.52,0.66,18.56,0.997,R068
C04433,R0060,TRK036,rail,383.5,1380.6,319.41,488.32,60.69,281.47,493.41,217.87,3241.77,0.71,8.45,1.129,R060
C04434,R0051,TRK019,road,169.2,981.36,322.43,1068.75,108.82,736.95,31.65,818.02,4067.98,0.89,24.04,1.235,R051
C04435,R0029,TRK022,rail,264.4,951.84,232.35,372.55,39.35,727.73,613.74,0.0,2937.55,2.06,11.11,0.949,R029
C04436,R0071,TRK043,road,397.5,2305.5,878.59,1422.44,323.14,714.67,110.72,574.3,6329.37,4.18,15.92,1.221,R071
C04437,R0080,TRK027,road,129.5,751.1,243.58,1271.0,111.07,747.97,43.39,0.0,3168.11,2.6,24.46,1.14,R080
C04438,R0016,TRK010,road,30.4,176.32,72.29,1144.04,24.62,739.42,364.25,1070.97,3591.91,0.73,118.15,0.94,R016
C04439,R0018,TRK041,road,302.2,1752.76,616.86,1051.45,269.94,759.31,461.86,767.7,5679.89,18.15,18.8,0.948,R018
C04440,R0012,TRK004,rail,157.5,567.0,118.2,499.35,24.88,242.09,636.2,0.0,2087.72,0.53,13.26,0.901,R012
C04441,R0083,TRK046,local,262.2,2150.04,813.82,1054.97,75.74,189.24,10.54,1460.58,5754.93,1.35,21.95,1.143,R083
C04442,R0093,TRK012,local,123.6,1013.52,302.99,864.87,35.44,781.83,12.75,0.0,3011.4,2.24,24.36,0.934,R093
C04443,R0059,TRK043,rail,170.5,613.8,128.92,510.58,21.63,807.02,27.55,235.11,2344.61,0.64,13.75,1.01,R059
C04444,R0097,TRK030,road,408.9,2371.62,789.57,1207.25,342.99,166.08,256.33,0.0,5133.84,1.19,12.56,0.939,R097
C04445,R0020,TRK032,road,283.6,1644.88,685.12,1187.86,180.41,412.44,645.63,0.0,4756.34,1.1,16.77,1.171,R020
C04446,R0070,TRK046,rail,521.8,1878.48,436.12,448.81,92.81,676.03,646.66,0.0,4178.9,5.56,8.01,1.155,R070
C04447,R0027,TRK025,road,232.6,1349.08,560.34,1262.46,179.33,510.61,319.16,717.64,4898.63,3.69,21.06,1.157,R027
C04448,R0076,TRK025,road,412.8,2394.24,975.24,1382.99,284.24,214.62,422.17,0.0,5673.5,2.68,13.74,1.121,R076
C04449,R0091,TRK024,local,448.4,3676.88,1253.12,792.04,97.54,687.02,48.41,647.48,7202.48,3.2,16.06,0.929,R091
C04450,R0072,TRK046,road,293.2,1700.56,660.23,994.06,222.65,464.72,416.86,0.0,4459.08,1.16,15.21,1.219,R072
C04451,R0010,TRK017,road,407.6,2364.08,979.04,1267.34,287.38,208.03,614.48,0.0,5720.36,3.39,14.03,1.203,R010
C04452,R0062,TRK010,rail,411.7,1482.12,376.94,442.95,50.63,388.78,293.48,477.68,3512.58,2.33,8.53,0.942,R062
C04453,R0099,TRK014,rail,399.4,1437.84,282.05,385.32,63.84,434.43,131.08,1609.1,4343.64,1.89,10.88,0.919,R099
C04454,R0009,TRK022,road,505.2,2930.16,965.3,1089.49,410.66,740.77,412.77,1778.21,8327.35,11.29,16.48,1.156,R009
C04455,R0007,TRK020,rail,302.9,1090.44,261.51,377.28,39.31,196.67,51.39,913.34,2929.94,1.48,9.67,1.068,R007
C04456,R0098,TRK032,rail,183.8,661.68,131.0,499.0,31.03,314.67,474.67,0.0,2112.05,0.44,11.49,1.181,R098
C04457,R0050,TRK026,road,217.8,1263.24,504.36,994.67,134.79,768.88,523.78,0.0,4189.72,3.48,19.24,1.134,R050
C04458,R0080,TRK024,local,288.0,2361.6,742.8,964.28,72.82,198.33,189.26,0.0,4529.09,1.41,15.73,1.142,R080
C04459,R0076,TRK036,road,435.3,2524.74,848.61,1269.86,292.45,379.13,479.8,0.0,5794.59,1.41,13.31,1.091,R076
C04460,R0084,TRK015,road,370.9,2151.22,741.65,1056.67,231.14,831.19,84.87,0.0,5096.74,6.82,13.74,1.193,R084
C04461,R0077,TRK026,road,261.0,1513.8,634.24,1377.67,216.86,653.66,125.41,1772.15,6293.8,4.07,24.11,1.121,R077
C04462,R0085,TRK033,local,437.5,3587.5,1319.61,768.44,103.51,879.45,291.5,862.94,7812.95,7.12,17.86,1.223,R085
C04463,R0074,TRK010,road,257.6,1494.08,482.78,1194.4,169.19,765.8,23.45,0.0,4129.7,2.49,16.03,0.949,R074
C04464,R0073,TRK038,road,78.4,454.72,195.97,1140.96,56.79,418.05,370.16,0.0,2636.65,5.14,33.63,1.166,R073
C04465,R0098,TRK039,road,236.9,1374.02,447.85,1357.83,205.43,319.18,4.49,0.0,3708.81,0.8,15.66,0.93,R098
C04466,R0090,TRK026,road,68.3,396.14,167.51,1342.13,61.11,673.86,535.91,0.0,3176.66,0.71,46.51,1.155,R090
C04467,R0055,TRK025,rail,403.5,1452.6,313.11,372.06,55.84,516.37,589.42,0.0,3299.41,2.12,8.18,1.006,R055
C04468,R0089,TRK015,road,355.8,2063.64,818.58,1321.74,215.72,598.85,581.06,0.0,5599.59,1.27,15.74,1.081,R089
C04469,R0002,TRK004,rail,66.7,240.12,56.8,514.33,8.9,713.84,240.26,1616.27,3390.51,5.0,50.83,1.091,R002
C04470,R0063,TRK016,rail,53.3,191.88,45.74,446.34,6.76,357.38,99.91,0.0,1148.01,0.46,21.54,1.116,R063
C04471,R0082,TRK025,road,400.7,2324.06,934.54,1041.16,332.0,258.05,268.92,0.0,5158.73,2.04,12.87,1.226,R082
C04472,R0067,TRK019,road,317.4,1840.92,723.36,1063.6,276.74,552.19,623.42,0.0,5080.24,3.5,16.01,1.157,R067
C04473,R0075,TRK033,rail,112.3,404.28,84.33,539.9,16.14,675.7,345.46,0.0,2065.81,0.46,18.4,0.959,R075
C04474,R0083,TRK029,road,347.5,2015.5,837.17,1295.56,253.43,836.49,252.15,0.0,5490.29,1.19,15.8,1.131,R083
C04475,R0061,TRK013,road,526.4,3053.12,1008.78,1277.07,320.19,767.92,139.89,0.0,6566.98,1.4,12.48,1.08,R061
C04476,R0022,TRK003,road,361.7,2097.86,792.93,1167.44,232.22,770.99,674.69,1276.72,7012.85,1.62,19.39,0.986,R022
C04477,R0058,TRK017,rail,62.8,226.08,43.87,537.22,9.55,751.59,316.43,0.0,1884.74,1.71,30.01,1.053,R058
C04478,R0085,TRK032,rail,77.6,279.36,65.18,511.37,10.94,713.03,225.27,0.0,1805.15,0.53,23.26,0.909,R085
C04479,R0071,TRK020,road,210.4,1220.32,428.02,1146.41,176.27,426.84,281.35,0.0,3679.23,0.87,17.49,1.023,R071
C04480,R0070,TRK018,local,167.0,1369.4,415.33,745.61,40.85,651.56,291.87,375.73,3890.34,1.82,23.3,1.209,R070
C04481,R0069,TRK050,road,244.3,1416.94,469.13,1378.08,148.05,677.85,617.35,386.77,5094.18,1.65,20.85,0.962,R069
C04482,R0090,TRK020,road,512.9,2974.82,1046.91,1118.48,451.66,621.79,135.11,23.67,6372.44,2.25,12.42,1.163,R090
C04483,R0094,TRK006,rail,429.3,1545.48,306.22,362.09,71.78,255.13,648.25,0.0,3188.97,2.48,7.43,1.088,R094
C04484,R0047,TRK041,rail,449.7,1618.92,411.85,486.43,59.88,803.88,600.66,0.0,3981.62,12.47,8.85,1.121,R047
C04485,R0099,TRK036,rail,379.9,1367.64,323.17,447.54,50.35,520.27,526.51,937.89,4173.36,1.0,10.99,0.997,R099
C04486,R0015,TRK014,road,388.2,2251.56,786.74,1224.23,261.68,521.66,559.58,0.0,5605.46,1.77,14.44,0.908,R015
C04487,R0007,TRK017,road,179.5,1041.1,408.17,1282.28,151.0,257.56,535.29,504.87,4180.27,1.65,23.29,0.984,R007
C04488,R0039,TRK004,road,365.1,2117.58,729.39,1397.31,309.66,873.52,119.13,0.0,5546.59,1.62,15.19,1.016,R039
C04489,R0087,TRK009,rail,264.5,952.2,210.37,526.9,33.51,594.06,354.94,26.51,2698.49,1.11,10.2,1.209,R087
C04490,R0003,TRK021,rail,126.7,456.12,97.44,459.17,17.35,320.78,76.26,1295.51,2722.61,0.55,21.49,1.243,R003
C04491,R0012,TRK004,road,500.9,2905.22,950.85,1209.31,386.22,350.55,447.72,0.0,6249.87,1.98,12.48,0.947,R012
C04492,R0024,TRK026,rail,238.4,858.24,164.08,466.32,33.01,863.98,41.86,539.09,2966.57,2.59,12.44,0.982,R024
C04493,R0012,TRK040,road,125.7,729.06,238.0,1325.45,90.0,839.0,441.89,14.13,3677.53,0.8,29.26,1.062,R012
C04494,R0042,TRK037,rail,354.0,1274.4,299.81,372.22,52.03,699.71,43.54,0.0,2741.7,0.74,7.74,1.164,R042
C04495,R0045,TRK046,local,500.4,4103.28,1194.23,905.52,116.53,727.69,13.14,0.0,7060.39,1.69,14.11,1.152,R045
C04496,R0007,TRK030,road,121.7,705.86,247.47,1201.59,89.87,783.92,250.8,597.92,3877.43,3.62,31.86,1.133,R007
C04497,R0050,TRK035,local,284.8,2335.36,795.34,915.34,69.07,785.74,293.76,964.98,6159.59,3.17,21.63,1.22,R050
C04498,R0033,TRK042,rail,281.3,1012.68,202.25,448.46,38.91,183.74,506.3,0.0,2392.34,0.6,8.5,1.067,R033
C04499,R0045,TRK001,road,274.9,1594.42,616.84,1209.4,170.98,742.47,334.21,942.92,5611.24,2.19,20.41,1.208,R045
C04500,R0093,TRK021,road,154.1,893.78,322.61,1297.55,110.54,614.39,481.69,0.0,3720.55,1.02,24.14,1.169,R093
C04501,R0069,TRK008,road,163.0,945.4,322.7,1264.28,128.31,610.86,56.55,527.4,3855.5,1.51,23.65,1.157,R069
C04502,R0068,TRK031,road,260.6,1511.48,615.06,973.48,184.75,378.12,195.9,0.0,3858.8,1.07,14.81,1.192,R068
C04503,R0064,TRK025,road,155.9,904.22,369.24,1433.65,134.95,707.36,563.92,0.0,4113.35,10.63,26.38,1.047,R064
C04504,R0062,TRK014,road,499.5,2897.1,1160.73,1008.59,348.58,256.58,659.44,716.92,7047.95,2.64,14.11,1.031,R062
C04505,R0089,TRK001,road,433.1,2511.98,943.67,961.28,345.77,441.81,32.04,0.0,5236.55,3.22,12.09,1.15,R089
C04506,R0040,TRK042,road,167.4,970.92,360.97,961.33,115.48,794.52,230.07,634.74,4068.04,8.07,24.3,1.143,R040
C04507,R0025,TRK017,road,494.1,2865.78,1040.75,1295.83,378.65,876.07,12.2,1402.82,7872.1,5.86,15.93,1.236,R025
C04508,R0050,TRK036,local,369.7,3031.54,944.65,727.51,87.29,270.59,283.78,0.0,5345.36,3.52,14.46,1.147,R050
C04509,R0055,TRK017,road,274.9,1594.42,543.0,1393.32,179.32,797.44,268.53,0.0,4776.04,3.49,17.37,1.074,R055
C04510,R0063,TRK002,local,381.2,3125.84,1104.52,960.56,81.95,504.41,21.3,0.0,5798.57,1.84,15.21,1.045,R063
C04511,R0003,TRK047,road,538.6,3123.88,1145.55,1204.09,455.43,276.1,328.26,0.0,6533.31,1.58,12.13,1.005,R003
C04512,R0004,TRK008,road,349.2,2025.36,852.01,1391.45,302.34,487.76,92.06,1497.18,6648.15,1.41,19.04,1.074,R004
C04513,R0065,TRK038,road,73.4,425.72,149.42,1305.89,53.92,393.1,12.7,0.0,2340.74,1.17,31.89,0.942,R065
C04514,R0080,TRK006,road,353.2,2048.56,686.9,991.78,313.94,878.73,31.19,0.0,4951.1,1.03,14.02,1.05,R080
C04515,R0034,TRK011,road,497.5,2885.5,1002.79,1161.78,301.18,411.56,197.17,80.07,6040.04,1.47,12.14,1.216,R034
C04516,R0047,TRK037,road,367.1,2129.18,916.73,1015.13,304.34,250.29,382.04,0.0,4997.71,2.37,13.61,1.07,R047
C04517,R0083,TRK004,road,313.5,1818.3,681.41,1407.92,243.94,597.06,586.6,0.0,5335.22,1.29,17.02,1.006,R083
C04518,R0041,TRK001,road,157.7,914.66,368.71,1396.67,128.84,276.88,7.73,1540.96,4634.45,1.36,29.39,0.954,R041
C04519,R0083,TRK008,road,318.6,1847.88,752.57,1151.18,213.8,217.73,463.36,252.78,4899.3,1.14,15.38,1.092,R083
C04520,R0072,TRK032,road,473.1,2743.98,906.62,1383.79,412.6,316.91,260.34,0.0,6024.22,1.37,12.73,1.164,R072
C04521,R0049,TRK038,rail,58.5,210.6,51.7,444.38,9.17,490.12,48.29,1151.44,2405.7,2.1,41.12,1.161,R049
C04522,R0085,TRK024,rail,33.9,122.04,24.15,455.92,5.39,668.69,125.05,815.45,2216.69,0.74,65.39,1.188,R085
C04523,R0028,TRK041,rail,43.5,156.6,33.14,483.91,6.59,154.66,487.37,0.0,1322.28,0.7,30.4,0.982,R028
C04524,R0058,TRK005,road,542.1,3144.18,1278.01,1249.66,429.02,544.05,105.94,0.0,6750.86,2.46,12.45,0.902,R058
C04525,R0004,TRK034,road,125.3,726.74,304.29,1405.51,103.29,416.4,306.35,11.55,3274.14,1.63,26.13,0.965,R004
C04526,R0052,TRK023,road,114.4,663.52,225.2,1127.02,87.47,725.75,73.71,969.44,3872.1,0.81,33.85,0.932,R052
C04527,R0053,TRK007,road,329.1,1908.78,638.85,1293.51,267.55,441.63,669.26,0.0,5219.58,14.78,15.86,1.036,R053
C04528,R0079,TRK006,road,310.2,1799.16,613.78,965.12,270.92,584.67,230.3,285.19,4749.14,1.42,15.31,0.943,R079
C04529,R0045,TRK009,rail,30.3,109.08,21.62,421.9,4.06,470.24,690.4,0.0,1717.3,0.34,56.68,1.138,R045
C04530,R0084,TRK012,road,409.7,2376.26,932.87,1183.34,262.69,158.93,140.74,0.0,5054.82,1.52,12.34,1.187,R084
C04531,R0013,TRK015,rail,317.9,1144.44,278.15,474.1,41.35,562.59,473.27,0.0,2973.92,0.83,9.35,1.075,R013
C04532,R0014,TRK012,road,439.5,2549.1,1095.81,1342.58,378.01,219.05,484.82,0.0,6069.36,2.64,13.81,1.133,R014
C04533,R0040,TRK012,rail,368.6,1326.96,324.75,415.26,49.18,296.23,403.07,0.0,2815.44,0.84,7.64,1.144,R040
C04534,R0004,TRK003,local,189.4,1553.08,566.48,929.31,42.72,521.19,114.45,655.08,4382.31,1.37,23.14,1.059,R004
C04535,R0077,TRK011,road,536.4,3111.12,1120.44,1233.57,336.79,616.92,335.61,0.0,6754.45,1.96,12.59,1.128,R077
C04536,R0076,TRK034,local,346.8,2843.76,973.28,981.92,78.13,187.02,213.87,0.0,5277.98,2.07,15.22,1.181,R076
C04537,R0039,TRK022,rail,438.1,1577.16,373.22,528.85,65.73,633.83,237.41,0.0,3416.2,5.06,7.8,1.199,R039
C04538,R0018,TRK009,road,309.4,1794.52,765.27,1272.76,201.17,342.34,428.85,1190.15,5995.07,2.36,19.38,1.196,R018
C04539,R0016,TRK024,road,200.6,1163.48,448.77,1178.15,159.92,710.95,178.93,0.0,3840.21,2.14,19.14,1.047,R016
C04540,R0066,TRK035,rail,106.8,384.48,75.97,365.4,12.91,342.94,114.57,0.0,1296.26,1.09,12.14,1.195,R066
C04541,R0091,TRK036,road,470.7,2730.06,994.8,1429.4,307.03,174.62,102.58,1324.52,7063.02,2.74,15.01,1.12,R091
C04542,R0099,TRK011,road,170.4,988.32,381.1,1099.96,126.43,775.47,620.87,0.0,3992.15,2.32,23.43,1.249,R099
C04543,R0007,TRK049,rail,142.0,511.2,130.57,457.38,21.08,652.79,216.82,0.0,1989.85,0.49,14.01,0.948,R007
C04544,R0026,TRK034,local,266.0,2181.2,736.58,873.48,67.09,184.01,252.74,443.46,4738.55,5.31,17.81,1.099,R026
C04545,R0049,TRK014,rail,248.5,894.6,179.35,381.31,34.01,183.76,259.01,0.0,1932.04,0.9,7.77,1.071,R049
C04546,R0084,TRK018,road,530.5,3076.9,1334.14,1153.69,427.29,475.45,406.37,0.0,6873.84,2.41,12.96,1.055,R084
C04547,R0027,TRK003,road,520.0,3016.0,1151.84,1349.83,332.0,665.25,242.81,982.4,7740.13,2.77,14.88,1.227,R027
C04548,R0074,TRK036,road,215.3,1248.74,514.77,1313.85,136.88,841.21,529.54,0.0,4584.99,1.15,21.3,1.026,R074
C04549,R0052,TRK016,road,293.3,1701.14,672.83,1043.27,257.21,596.75,101.41,0.0,4372.61,1.19,14.91,1.071,R052
C04550,R0018,TRK045,rail,429.1,1544.76,326.02,520.42,66.99,645.6,351.84,0.0,3455.64,1.16,8.05,0.959,R018
C04551,R0052,TRK041,road,324.9,1884.42,720.71,1355.9,221.14,434.13,690.68,0.0,5306.97,1.9,16.33,0.949,R052
C04552,R0097,TRK043,road,267.2,1549.76,543.26,1167.84,215.73,371.29,67.62,0.0,3915.51,1.03,14.65,1.197,R097
C04553,R0034,TRK040,road,86.8,503.44,182.57,1023.03,69.41,154.53,482.06,0.0,2415.02,6.55,27.82,1.094,R034
C04554,R0021,TRK038,road,419.2,2431.36,985.53,1343.0,367.19,467.7,520.95,1186.55,7302.28,1.5,17.42,1.138,R021
C04555,R0096,TRK042,road,92.5,536.5,209.95,1151.91,67.47,551.85,596.44,1074.77,4188.88,1.65,45.29,1.133,R096
C04556,R0064,TRK041,road,448.5,2601.3,1057.25,1107.37,314.65,733.12,529.49,1535.19,7878.38,1.77,17.57,1.175,R064
C04557,R0065,TRK020,road,184.6,1070.68,360.22,1161.21,152.24,180.83,452.23,850.03,4227.45,1.12,22.9,1.056,R065
C04558,R0077,TRK019,road,34.7,201.26,78.34,978.56,26.5,322.9,598.46,0.0,2206.01,1.37,63.57,0.931,R077
C04559,R0006,TRK016,road,272.5,1580.5,672.03,1119.98,210.35,344.03,208.39,0.0,4135.28,2.77,15.18,1.199,R006
C04560,R0040,TRK034,road,280.1,1624.58,609.29,1412.55,245.63,728.72,133.65,1482.27,6236.69,3.29,22.27,0.99,R040
C04561,R0060,TRK049,rail,160.0,576.0,137.88,529.65,24.3,762.64,222.47,0.0,2252.95,3.08,14.08,1.186,R060
C04562,R0008,TRK049,road,47.7,276.66,111.37,1271.14,30.07,548.96,491.8,940.85,3670.85,2.69,76.96,1.02,R008
C04563,R0040,TRK031,road,340.8,1976.64,689.83,1387.83,255.61,293.99,170.16,1340.64,6114.69,3.06,17.94,1.06,R040
C04564,R0087,TRK018,rail,49.2,177.12,38.02,422.97,7.63,394.9,598.95,667.15,2306.74,1.96,46.88,0.902,R087
C04565,R0036,TRK003,road,277.4,1608.92,569.73,1027.52,228.56,716.59,120.53,0.0,4271.85,4.57,15.4,1.114,R036
C04566,R0030,TRK021,rail,511.3,1840.68,373.09,427.17,89.16,329.66,372.13,0.0,3431.9,2.05,6.71,0.918,R030
C04567,R0023,TRK032,local,411.0,3370.2,1249.77,876.84,98.93,506.85,53.34,0.0,6155.93,1.27,14.98,0.971,R023
C04568,R0035,TRK046,road,492.8,2858.24,1047.9,1232.3,344.98,682.26,292.65,0.0,6458.33,2.26,13.11,1.013,R035
C04569,R0078,TRK003,road,143.0,829.4,298.18,1178.82,106.95,684.15,630.51,0.0,3728.01,0.76,26.07,1.003,R078
C04570,R0068,TRK044,road,444.5,2578.1,877.22,1301.32,267.05,170.28,280.09,0.0,5474.06,2.52,12.32,1.024,R068
C04571,R0092,TRK011,rail,216.3,778.68,165.42,507.81,27.27,582.12,691.61,0.0,2752.92,0.55,12.73,0.91,R092
C04572,R0095,TRK034,road,401.2,2326.96,997.0,1375.36,350.26,210.6,198.21,0.0,5458.39,1.26,13.61,0.969,R095
C04573,R0094,TRK002,rail,467.0,1681.2,338.73,499.61,73.46,415.51,264.33,934.93,4207.78,1.07,9.01,0.976,R094
C04574,R0039,TRK002,road,186.5,1081.7,377.43,1225.78,164.23,465.15,121.79,0.0,3436.08,3.4,18.42,1.218,R039
C04575,R0086,TRK036,road,208.7,1210.46,434.24,1224.28,164.06,361.06,141.56,1349.13,4884.8,3.43,23.41,1.104,R086
C04576,R0002,TRK040,road,472.3,2739.34,988.62,993.72,347.88,680.16,34.0,0.0,5783.72,2.22,12.25,1.101,R002
C04577,R0057,TRK005,road,340.0,1972.0,701.24,1413.91,242.14,337.49,413.17,355.37,5435.32,2.39,15.99,1.191,R057
C04578,R0052,TRK005,road,57.6,334.08,144.43,1295.13,38.45,251.55,632.8,0.0,2696.44,0.67,46.81,0.943,R052
C04579,R0035,TRK016,road,151.7,879.86,350.9,1178.02,123.92,806.29,341.12,0.0,3680.12,0.81,24.26,0.984,R035
C04580,R0100,TRK018,road,245.9,1426.22,556.1,979.74,190.0,225.74,683.39,0.0,4061.2,1.25,16.52,0.95,R100
C04581,R0100,TRK049,road,374.3,2170.94,818.62,1267.56,288.57,354.16,339.63,0.0,5239.49,2.02,14.0,1.117,R100
C04582,R0050,TRK007,road,360.5,2090.9,810.03,1202.7,223.29,600.88,473.78,0.0,5401.58,9.47,14.98,1.05,R050
C04583,R0088,TRK048,road,71.6,415.28,167.03,1413.24,44.32,150.32,640.2,0.0,2830.4,0.78,39.53,1.193,R088
C04584,R0044,TRK034,road,499.1,2894.78,1217.12,1203.17,340.14,248.41,696.21,671.38,7271.22,2.7,14.57,0.951,R044
C04585,R0034,TRK024,road,518.4,3006.72,1252.97,1124.3,457.78,354.07,198.06,797.54,7191.44,1.83,13.87,0.929,R034
C04586,R0071,TRK012,road,258.0,1496.4,549.56,1305.97,207.56,752.12,253.48,0.0,4565.09,2.03,17.69,0.935,R071
C04587,R0014,TRK047,rail,483.2,1739.52,333.52,503.41,62.18,525.34,657.28,0.0,3821.24,1.02,7.91,1.236,R014
C04588,R0013,TRK041,road,289.7,1680.26,669.99,1238.33,240.8,267.11,451.99,0.0,4548.48,1.18,15.7,1.035,R013
C04589,R0018,TRK026,local,333.3,2733.06,908.49,959.82,96.39,721.55,60.67,0.0,5479.98,1.39,16.44,1.086,R018
C04590,R0097,TRK036,road,52.7,305.66,103.3,1173.1,35.51,457.59,404.59,0.0,2479.75,2.86,47.05,0.917,R097
C04591,R0017,TRK033,rail,527.2,1897.92,450.56,500.97,65.75,848.91,181.59,0.0,3945.7,2.77,7.48,1.185,R017
C04592,R0054,TRK032,road,42.9,248.82,93.39,1252.38,29.84,563.36,161.43,673.03,3022.26,0.78,70.45,1.222,R054
C04593,R0019,TRK050,road,120.9,701.22,262.93,1117.23,92.58,492.66,196.32,0.0,2862.95,1.29,23.68,1.052,R019
C04594,R0014,TRK035,road,284.2,1648.36,595.8,1218.56,177.2,322.54,355.94,630.47,4948.87,1.67,17.41,1.016,R014
C04595,R0070,TRK018,road,475.2,2756.16,1184.98,1201.97,382.89,361.73,515.89,0.0,6403.62,1.53,13.48,1.249,R070
C04596,R0074,TRK035,local,269.8,2212.36,645.99,787.43,70.78,638.55,205.22,0.0,4560.34,1.33,16.9,1.003,R074
C04597,R0065,TRK041,road,201.1,1166.38,481.7,1416.47,125.22,234.15,128.1,0.0,3552.01,0.85,17.66,0.94,R065
C04598,R0059,TRK038,rail,69.2,249.12,55.36,442.72,10.95,531.06,118.81,642.05,2050.07,0.47,29.63,0.903,R059
C04599,R0029,TRK041,road,297.0,1722.6,666.43,1295.36,258.81,172.63,493.82,0.0,4609.64,0.94,15.52,1.125,R029
C04600,R0035,TRK003,rail,240.3,865.08,165.44,534.17,30.13,350.28,245.46,0.0,2190.56,0.58,9.12,1.032,R035
C04601,R0054,TRK043,road,396.0,2296.8,757.89,1134.62,294.25,792.38,98.98,645.05,6019.98,8.13,15.2,0.978,R054
C04602,R0072,TRK002,road,82.5,478.5,206.94,1138.05,49.73,203.06,423.66,0.0,2499.94,1.83,30.3,0.963,R072
C04603,R0057,TRK036,road,481.1,2790.38,1137.68,1271.76,390.98,576.51,468.81,0.0,6636.13,2.53,13.79,1.074,R057
C04604,R0004,TRK004,road,541.4,3140.12,1151.46,1209.62,472.91,297.05,685.15,0.0,6956.32,1.86,12.85,0.965,R004
C04605,R0088,TRK019,rail,281.1,1011.96,230.78,526.04,39.76,399.08,412.98,0.0,2620.61,0.61,9.32,0.964,R088
C04606,R0010,TRK002,rail,294.3,1059.48,202.29,508.7,43.73,634.69,373.4,0.0,2822.28,0.62,9.59,0.936,R010
C04607,R0059,TRK010,local,428.1,3510.42,1177.93,974.76,90.47,438.03,36.96,0.0,6228.57,4.1,14.55,1.231,R059
C04608,R0035,TRK015,road,444.5,2578.1,989.01,1150.36,267.23,526.01,442.06,336.21,6288.98,3.31,14.15,1.146,R035
C04609,R0016,TRK018,road,264.2,1532.36,584.38,1240.83,204.72,746.33,687.2,0.0,4995.82,1.19,18.91,1.203,R016
C04610,R0073,TRK030,road,420.9,2441.22,957.14,1219.0,286.27,499.19,673.7,0.0,6076.52,2.13,14.44,1.055,R073
C04611,R0003,TRK008,rail,496.5,1787.4,434.21,435.75,59.8,494.99,620.61,391.19,4223.95,6.43,8.51,1.028,R003
C04612,R0048,TRK005,rail,508.3,1829.88,368.82,472.36,85.81,224.65,257.21,0.0,3238.72,1.75,6.37,1.033,R048
C04613,R0001,TRK029,road,128.3,744.14,282.7,1317.29,84.02,308.4,98.4,1253.6,4088.55,0.9,31.87,1.082,R001
C04614,R0052,TRK042,road,423.3,2455.14,1061.98,983.13,292.51,478.87,285.25,0.0,5556.88,1.83,13.13,1.161,R052
C04615,R0003,TRK011,road,63.2,366.56,153.28,964.46,45.27,476.3,679.61,1430.58,4116.06,7.71,65.13,1.008,R003
C04616,R0092,TRK030,road,41.0,237.8,77.69,1328.18,31.81,401.53,146.6,1181.84,3405.45,1.2,83.06,1.136,R092
C04617,R0087,TRK005,road,392.6,2277.08,979.47,1088.36,265.73,188.49,69.54,1449.43,6318.1,1.65,16.09,1.135,R087
C04618,R0072,TRK019,road,203.9,1182.62,426.36,1118.78,139.52,227.42,591.54,0.0,3686.24,2.25,18.08,1.099,R072
C04619,R0062,TRK032,road,154.4,895.52,304.0,981.08,97.57,799.16,207.76,0.0,3285.09,0.84,21.28,1.201,R062
C04620,R0095,TRK037,rail,265.7,956.52,182.7,384.39,33.12,510.67,405.08,0.0,2472.49,0.92,9.31,1.072,R095
C04621,R0034,TRK004,road,66.8,387.44,128.21,1387.9,40.57,680.78,91.57,483.54,3200.01,1.04,47.9,1.058,R034
C04622,R0031,TRK007,road,493.0,2859.4,1042.67,994.76,424.29,240.26,692.08,0.0,6253.47,17.28,12.68,1.052,R031
C04623,R0004,TRK011,local,523.7,4294.34,1529.41,918.89,155.23,719.77,50.44,1451.07,9119.15,1.86,17.41,1.073,R004
C04624,R0002,TRK015,road,226.6,1314.28,484.74,1370.46,193.59,785.21,352.98,0.0,4501.27,1.15,19.86,1.019,R002
C04625,R0021,TRK023,road,73.1,423.98,157.07,1331.72,48.43,300.99,124.03,0.0,2386.22,0.77,32.64,1.097,R021
C04626,R0055,TRK035,road,458.6,2659.88,1147.1,1413.66,343.42,258.53,272.79,95.76,6191.15,2.21,13.5,1.226,R055
C04627,R0070,TRK012,road,537.3,3116.34,1243.0,972.55,472.31,544.34,86.99,508.35,6943.88,6.31,12.92,1.08,R070
C04628,R0048,TRK027,rail,147.7,531.72,110.27,473.42,24.74,494.34,373.91,0.0,2008.4,0.73,13.6,1.216,R048
C04629,R0020,TRK041,road,244.2,1416.36,458.01,1252.33,178.3,771.03,509.29,1471.84,6057.16,1.89,24.8,1.065,R020
C04630,R0026,TRK033,rail,58.5,210.6,43.2,395.31,8.46,663.23,64.33,0.0,1385.14,0.64,23.68,1.229,R026
C04631,R0094,TRK002,road,315.0,1827.0,708.82,1104.08,250.9,495.38,206.66,0.0,4592.84,1.56,14.58,1.241,R094
C04632,R0094,TRK004,local,529.0,4337.8,1555.67,857.26,155.02,611.34,7.16,0.0,7524.25,10.64,14.22,1.009,R094
C04633,R0007,TRK017,road,118.9,689.62,236.55,1181.57,73.05,234.75,67.53,0.0,2483.07,4.5,20.88,1.201,R007
C04634,R0023,TRK047,road,419.7,2434.26,988.63,1219.17,361.74,172.31,426.42,0.0,5602.53,1.73,13.35,1.022,R023
C04635,R0037,TRK027,road,72.9,422.82,138.21,1375.07,54.01,544.54,118.91,492.74,3146.29,0.91,43.16,1.051,R037
C04636,R0013,TRK018,rail,505.1,1818.36,401.47,375.07,60.95,681.62,17.17,0.0,3354.64,1.59,6.64,0.993,R013
C04637,R0070,TRK046,road,285.3,1654.74,674.65,1162.2,221.27,659.58,445.24,0.0,4817.68,0.98,16.89,0.925,R070
C04638,R0013,TRK011,road,135.6,786.48,337.88,998.3,101.3,796.1,464.39,0.0,3484.45,4.76,25.7,1.017,R013
C04639,R0017,TRK030,rail,539.3,1941.48,471.86,514.63,96.59,396.15,82.66,485.32,3988.69,1.07,7.4,1.018,R017
C04640,R0048,TRK001,road,385.5,2235.9,867.34,1437.27,337.85,207.43,112.31,197.39,5395.49,2.03,14.0,1.189,R048
C04641,R0019,TRK032,road,302.6,1755.08,580.2,1387.14,230.95,525.09,602.92,1208.7,6290.07,2.58,20.79,1.138,R019
C04642,R0072,TRK037,rail,33.2,119.52,24.01,444.74,4.05,728.85,296.33,0.0,1617.5,1.69,48.72,1.154,R072
C04643,R0072,TRK042,road,35.3,204.74,69.07,1287.47,22.6,443.55,594.57,0.0,2621.99,0.95,74.28,0.929,R072
C04644,R0006,TRK046,road,425.9,2470.22,843.62,1079.31,350.18,319.99,188.91,1338.37,6590.61,3.05,15.47,0.937,R006
C04645,R0005,TRK031,rail,369.6,1330.56,294.89,462.2,66.33,197.03,606.5,0.0,2957.51,0.85,8.0,1.212,R005
C04646,R0078,TRK020,local,267.4,2192.68,758.88,833.93,66.51,392.6,54.77,452.76,4752.13,0.99,17.77,1.241,R078
C04647,R0014,TRK005,road,506.0,2934.8,985.34,1181.95,313.4,539.66,98.08,0.0,6053.24,8.82,11.96,1.046,R014
C04648,R0039,TRK041,local,533.3,4373.06,1693.84,943.62,120.92,350.77,39.17,548.06,8069.44,1.71,15.13,1.19,R039
C04649,R0080,TRK004,local,85.4,700.28,235.18,906.99,21.83,650.1,275.32,1025.37,3815.07,1.16,44.67,1.121,R080
C04650,R0055,TRK011,road,268.6,1557.88,568.95,1174.9,229.53,460.37,698.05,989.57,5679.25,5.85,21.14,0.902,R055
C04651,R0002,TRK047,local,52.0,426.4,152.82,934.99,13.79,630.46,32.62,0.0,2191.07,0.66,42.14,0.941,R002
C04652,R0063,TRK010,local,175.9,1442.38,490.72,827.78,43.46,541.14,207.34,1360.09,4912.91,2.76,27.93,1.044,R063
C04653,R0076,TRK025,local,367.9,3016.78,1024.38,767.4,86.91,720.54,273.95,363.8,6253.75,1.8,17.0,1.019,R076
C04654,R0071,TRK031,rail,487.3,1754.28,401.75,393.78,74.98,641.71,541.49,191.0,3998.99,4.0,8.21,0.911,R071
C04655,R0065,TRK042,road,439.9,2551.42,927.16,1276.86,386.87,710.14,519.4,0.0,6371.86,1.82,14.48,1.005,R065
C04656,R0050,TRK044,road,38.4,222.72,95.32,1395.24,32.09,246.24,251.58,0.0,2243.19,1.21,58.42,1.136,R050
C04657,R0062,TRK019,road,439.2,2547.36,1104.48,1080.03,293.04,427.18,547.76,1519.19,7519.04,1.58,17.12,1.114,R062
C04658,R0083,TRK009,road,218.1,1264.98,421.94,1389.49,157.37,737.72,257.63,0.0,4229.13,1.23,19.39,1.051,R083
C04659,R0013,TRK040,road,286.4,1661.12,660.29,1272.61,256.92,546.89,343.93,0.0,4741.75,2.26,16.56,1.175,R013
C04660,R0063,TRK015,rail,348.5,1254.6,303.19,428.62,45.19,205.4,397.18,0.0,2634.19,2.62,7.56,1.127,R063
C04661,R0084,TRK015,road,292.6,1697.08,652.8,1427.38,262.16,722.13,584.59,0.0,5346.13,1.28,18.27,1.081,R084
C04662,R0071,TRK045,rail,295.6,1064.16,240.05,431.24,45.93,304.78,328.22,1737.34,4151.73,0.95,14.05,1.006,R071
C04663,R0088,TRK035,road,530.9,3079.22,1247.38,1048.86,409.89,746.35,60.23,0.0,6591.94,3.11,12.42,0.981,R088
C04664,R0090,TRK046,road,168.1,974.98,397.56,1109.3,134.33,163.46,387.9,0.0,3167.53,1.46,18.84,0.926,R090
C04665,R0078,TRK014,road,71.6,415.28,160.61,1020.82,56.63,807.51,180.87,971.45,3613.18,0.98,50.46,0.992,R078
C04666,R0011,TRK014,road,450.3,2611.74,1038.54,1422.54,387.07,224.16,245.83,1187.74,7117.62,2.15,15.81,0.996,R011
C04667,R0001,TRK015,road,145.8,845.64,332.35,1059.51,108.64,445.64,501.45,0.0,3293.23,2.25,22.59,1.202,R001
C04668,R0017,TRK039,road,362.3,2101.34,821.31,1257.79,325.72,721.73,496.28,80.68,5804.87,11.59,16.02,0.995,R017
C04669,R0066,TRK016,road,238.6,1383.88,573.47,976.56,182.56,275.86,308.86,0.0,3701.19,2.37,15.51,1.143,R066
C04670,R0020,TRK032,rail,42.4,152.64,32.13,395.23,6.15,338.31,379.57,0.0,1304.03,1.28,30.76,1.038,R020
C04671,R0005,TRK039,road,225.5,1307.9,556.6,967.34,200.37,380.0,674.03,1779.94,5866.18,1.76,26.01,1.192,R005
C04672,R0096,TRK032,road,164.7,955.26,338.37,1355.79,126.75,878.33,151.71,979.18,4785.39,1.71,29.06,1.011,R096
C04673,R0042,TRK050,road,458.2,2657.56,882.0,1183.55,342.26,193.71,556.43,0.0,5815.51,2.23,12.69,1.057,R042
C04674,R0019,TRK036,road,235.9,1368.22,555.85,975.97,190.33,470.59,94.33,450.74,4106.03,0.96,17.41,1.243,R019
C04675,R0041,TRK018,local,352.6,2891.32,1100.2,721.38,79.02,461.78,207.95,0.0,5461.66,1.75,15.49,0.957,R041
C04676,R0085,TRK025,road,95.4,553.32,190.13,1139.23,63.79,890.72,242.5,1176.11,4255.79,1.34,44.61,1.211,R085
C04677,R0068,TRK036,road,172.9,1002.82,386.4,1437.72,132.72,711.64,172.0,337.23,4180.52,9.32,24.18,0.926,R068
C04678,R0080,TRK050,rail,395.5,1423.8,351.06,432.38,60.26,506.41,630.23,0.0,3404.15,2.58,8.61,1.028,R080
C04679,R0012,TRK015,rail,291.4,1049.04,230.82,438.65,51.42,214.55,247.11,0.0,2231.6,0.95,7.66,1.063,R012
C04680,R0063,TRK022,road,327.9,1901.82,648.08,1243.41,290.66,601.01,631.7,0.0,5316.68,1.08,16.21,1.115,R063
C04681,R0035,TRK005,rail,502.3,1808.28,393.35,431.96,69.84,347.99,470.6,877.64,4399.65,6.97,8.76,1.097,R035
C04682,R0036,TRK010,road,488.5,2833.3,1216.72,978.75,409.19,532.63,418.76,0.0,6389.34,1.36,13.08,1.059,R036
C04683,R0086,TRK007,road,425.5,2467.9,913.14,1007.24,352.49,799.26,545.91,0.0,6085.94,8.18,14.3,1.042,R086
C04684,R0072,TRK017,road,345.3,2002.74,679.16,1345.25,280.38,427.4,676.53,0.0,5411.46,3.34,15.67,1.028,R072
C04685,R0045,TRK047,road,231.1,1340.38,465.92,1208.64,185.94,505.11,228.98,0.0,3934.96,1.67,17.03,1.035,R045
C04686,R0097,TRK003,road,395.6,2294.48,890.17,1408.95,310.28,788.58,546.22,1361.09,7599.78,5.85,19.21,1.032,R097
C04687,R0085,TRK005,rail,224.2,807.12,203.1,457.69,37.41,822.77,90.97,0.0,2419.06,1.82,10.79,1.072,R085
C04688,R0034,TRK033,road,201.3,1167.54,444.4,1421.99,134.85,793.06,135.72,0.0,4097.56,1.2,20.36,1.178,R034
C04689,R0075,TRK034,road,458.3,2658.14,925.53,1071.9,356.08,401.49,531.11,307.8,6252.06,1.99,13.64,1.114,R075
C04690,R0007,TRK024,road,305.7,1773.06,747.79,1143.66,255.12,758.23,102.37,1431.45,6211.68,1.45,20.32,1.198,R007
C04691,R0092,TRK031,rail,402.9,1450.44,348.05,466.88,62.48,717.17,507.78,0.0,3552.82,0.95,8.82,0.953,R092
C04692,R0091,TRK012,road,471.0,2731.8,1170.62,1426.02,320.41,392.47,64.4,0.0,6105.73,2.5,12.96,1.224,R091
C04693,R0049,TRK004,road,230.7,1338.06,575.44,1439.06,166.14,512.16,653.03,1456.39,6140.29,1.7,26.62,0.966,R049
C04694,R0084,TRK047,road,311.9,1809.02,594.16,1135.19,198.21,650.22,320.85,1304.61,6012.26,1.7,19.28,1.235,R084
C04695,R0010,TRK036,rail,118.8,427.68,103.03,527.57,21.26,427.46,374.07,0.0,1881.07,1.08,15.83,0.954,R010
C04696,R0097,TRK041,rail,532.7,1917.72,440.5,478.62,94.09,643.45,242.12,523.92,4340.42,2.89,8.15,1.243,R097
C04697,R0083,TRK029,road,341.3,1979.54,722.19,1277.45,258.73,829.83,13.11,0.0,5080.86,6.6,14.89,1.052,R083
C04698,R0050,TRK015,road,490.2,2843.16,1203.7,1421.49,294.83,636.11,183.56,0.0,6582.85,1.74,13.43,1.23,R050
C04699,R0043,TRK022,road,467.9,2713.82,1026.8,1184.35,403.69,452.25,87.49,0.0,5868.4,1.6,12.54,1.234,R043
C04700,R0053,TRK018,road,536.4,3111.12,1008.57,1251.83,429.43,846.92,529.3,310.55,7487.71,9.89,13.96,1.083,R053
C04701,R0081,TRK038,local,65.0,533.0,174.17,1044.67,15.97,515.74,260.57,0.0,2544.12,0.64,39.14,1.117,R081
C04702,R0035,TRK025,road,217.2,1259.76,421.02,1032.68,172.64,256.72,365.2,0.0,3508.03,1.26,16.15,0.918,R035
C04703,R0087,TRK041,road,286.4,1661.12,650.08,1179.38,253.55,661.28,22.78,0.0,4428.19,0.92,15.46,1.212,R087
C04704,R0058,TRK006,road,83.5,484.3,174.86,1010.2,52.59,225.29,670.32,0.0,2617.56,1.07,31.35,1.116,R058
C04705,R0059,TRK014,road,282.6,1639.08,632.21,1424.34,216.62,423.69,509.14,0.0,4845.08,2.13,17.14,1.177,R059
C04706,R0081,TRK020,road,311.0,1803.8,674.96,1199.2,217.08,449.98,530.47,1502.46,6377.95,3.41,20.51,0.93,R081
C04707,R0050,TRK027,road,116.2,673.96,246.46,1105.82,87.44,797.9,273.28,0.0,3184.87,10.49,27.41,1.055,R050
C04708,R0080,TRK014,road,141.8,822.44,269.42,1146.93,90.98,301.99,84.53,0.0,2716.29,0.96,19.16,1.039,R080
C04709,R0084,TRK005,road,179.0,1038.2,431.8,1295.25,139.99,668.77,464.4,1293.12,5331.53,2.07,29.79,1.037,R084
C04710,R0057,TRK048,road,306.0,1774.8,719.58,1185.7,219.42,586.85,375.5,0.0,4861.85,2.25,15.89,1.14,R057
C04711,R0094,TRK028,road,469.9,2725.42,949.21,1221.63,333.27,560.61,57.15,1390.75,7238.02,2.22,15.4,0.937,R094
C04712,R0059,TRK039,road,314.0,1821.2,735.81,1250.75,268.69,843.03,205.72,0.0,5125.2,3.21,16.32,0.915,R059
C04713,R0032,TRK004,road,58.5,339.3,125.03,1351.17,39.6,750.31,453.88,248.44,3307.72,1.2,56.54,0.976,R032
C04714,R0036,TRK010,rail,396.3,1426.68,302.43,428.84,54.42,874.06,536.92,0.0,3623.36,5.94,9.14,1.189,R036
C04715,R0027,TRK039,local,66.7,546.94,161.8,807.16,15.41,382.7,30.34,0.0,1944.36,0.76,29.15,1.022,R027
C04716,R0073,TRK045,road,176.1,1021.38,346.16,1339.52,149.85,687.64,356.65,0.0,3901.2,0.83,22.15,1.081,R073
C04717,R0086,TRK038,local,329.0,2697.8,795.74,1064.85,70.65,202.85,52.73,0.0,4884.63,3.09,14.85,1.073,R086
C04718,R0048,TRK030,road,233.6,1354.88,463.75,1068.7,152.04,452.3,54.48,0.0,3546.15,0.74,15.18,1.084,R048
C04719,R0033,TRK020,rail,198.0,712.8,144.51,463.82,29.94,234.13,210.92,1229.23,3025.35,1.69,15.28,1.062,R033
C04720,R0020,TRK049,road,347.4,2014.92,693.64,1008.95,276.92,496.79,478.41,0.0,4969.63,1.65,14.31,0.929,R020
C04721,R0014,TRK017,road,159.2,923.36,356.07,1411.43,132.75,568.52,532.18,0.0,3924.31,2.35,24.65,0.944,R014
C04722,R0019,TRK042,road,311.0,1803.8,592.12,1315.93,197.84,703.14,576.15,796.35,5985.33,2.07,19.25,0.975,R019
C04723,R0048,TRK035,road,131.4,762.12,271.12,1195.72,81.96,176.5,15.86,0.0,2503.28,0.57,19.05,1.221,R048
C04724,R0053,TRK045,local,497.9,4082.78,1471.18,1023.21,143.56,861.21,154.34,1743.59,9479.87,2.65,19.04,1.105,R053
C04725,R0077,TRK048,road,464.3,2692.94,918.59,1376.7,382.79,431.29,158.36,0.0,5960.68,1.29,12.84,1.101,R077
C04726,R0044,TRK003,road,84.7,491.26,188.13,1180.65,72.06,567.64,201.97,635.39,3337.11,0.67,39.4,1.032,R044
C04727,R0075,TRK033,road,321.2,1862.96,745.81,1070.84,285.03,554.09,193.52,0.0,4712.25,1.08,14.67,1.054,R075
C04728,R0014,TRK047,rail,220.4,793.44,195.83,377.93,35.62,738.3,371.6,0.0,2512.72,1.39,11.4,1.244,R014
C04729,R0048,TRK038,road,166.6,966.28,321.36,1318.8,114.15,637.38,17.56,1192.4,4567.94,1.32,27.42,1.174,R048
C04730,R0020,TRK043,road,429.8,2492.84,977.54,1221.11,342.5,861.93,512.38,0.0,6408.3,2.07,14.91,0.908,R020
C04731,R0011,TRK005,road,275.9,1600.22,656.2,1038.05,214.81,842.66,527.82,1798.11,6677.87,2.38,24.2,0.902,R011
C04732,R0014,TRK007,road,197.5,1145.5,369.33,1091.25,131.11,304.53,442.77,1297.0,4781.49,1.71,24.21,1.143,R014
C04733,R0013,TRK011,rail,44.7,160.92,33.81,415.0,5.68,547.33,616.69,0.0,1779.44,0.43,39.81,0.901,R013
C04734,R0051,TRK041,local,293.9,2409.98,775.81,1062.5,82.83,452.62,198.73,1421.13,6403.6,3.33,21.79,1.004,R051
C04735,R0082,TRK021,road,468.0,2714.4,1151.79,1399.2,416.64,806.99,28.05,0.0,6517.08,5.7,13.93,1.057,R082
C04736,R0026,TRK016,road,201.8,1170.44,450.14,1125.73,164.32,492.55,358.21,0.0,3761.38,0.87,18.64,1.138,R026
C04737,R0100,TRK031,road,212.1,1230.18,442.65,1397.22,142.99,172.36,120.21,89.68,3595.29,2.35,16.95,0.999,R100
C04738,R0083,TRK039,rail,219.8,791.28,183.75,362.53,26.85,414.64,61.97,0.0,1841.02,0.38,8.38,1.224,R083
C04739,R0069,TRK021,local,47.9,392.78,128.28,860.63,9.63,361.59,152.94,0.0,1905.84,2.04,39.79,1.152,R069
C04740,R0083,TRK045,road,530.5,3076.9,1209.38,1163.82,403.13,207.19,422.43,0.0,6482.86,1.6,12.22,1.013,R083
C04741,R0039,TRK030,road,318.3,1846.14,651.64,1006.29,226.67,598.49,471.81,0.0,4801.04,1.82,15.08,1.125,R039
C04742,R0074,TRK015,road,451.7,2619.86,872.49,1353.23,384.98,736.99,61.06,0.0,6028.61,2.66,13.35,1.083,R074
C04743,R0016,TRK012,road,496.3,2878.54,997.84,1308.9,374.34,248.08,259.27,499.87,6566.84,4.41,13.23,1.149,R016
C04744,R0022,TRK018,road,100.4,582.32,218.49,1119.96,82.94,337.8,317.16,329.81,2988.49,0.89,29.77,1.136,R022
C04745,R0015,TRK037,road,119.5,693.1,294.44,1177.16,85.91,565.49,124.1,1273.1,4213.29,3.49,35.26,1.179,R015
C04746,R0030,TRK005,road,177.2,1027.76,406.06,996.28,113.37,665.3,19.9,0.0,3228.68,3.47,18.22,1.085,R030
C04747,R0077,TRK020,road,520.6,3019.48,1237.34,1428.08,379.91,328.05,204.25,0.0,6597.11,1.91,12.67,0.949,R077
C04748,R0097,TRK004,road,538.9,3125.62,1186.89,1315.01,410.59,277.68,264.62,0.0,6580.4,2.97,12.21,1.132,R097
C04749,R0085,TRK043,road,142.1,824.18,347.8,1322.57,97.43,717.81,687.54,547.3,4544.63,7.02,31.98,1.095,R085
C04750,R0071,TRK028,rail,277.2,997.92,240.03,437.97,43.8,633.99,462.4,1421.97,4238.07,0.88,15.29,1.086,R071
C04751,R0056,TRK007,road,132.0,765.6,272.97,1093.35,99.55,782.25,154.12,0.0,3167.84,1.04,24.0,1.079,R056
C04752,R0002,TRK038,rail,501.7,1806.12,375.3,444.42,84.91,586.26,144.38,0.0,3441.39,1.4,6.86,0.91,R002
C04753,R0028,TRK030,road,216.3,1254.54,466.96,1428.55,140.19,443.96,322.72,1555.36,5612.27,3.54,25.95,1.018,R028
C04754,R0002,TRK001,local,427.3,3503.86,1253.51,734.63,93.93,359.75,73.98,0.0,6019.66,1.49,14.09,1.116,R002
C04755,R0063,TRK047,road,355.5,2061.9,820.67,1067.04,243.03,605.37,543.68,1551.32,6893.02,3.41,19.39,1.127,R063
C04756,R0075,TRK009,road,102.4,593.92,208.53,1001.02,76.77,634.83,269.3,0.0,2784.37,1.31,27.19,1.218,R075
C04757,R0034,TRK024,road,181.6,1053.28,379.22,1379.25,136.36,691.23,453.9,0.0,4093.24,1.1,22.54,1.085,R034
C04758,R0070,TRK039,rail,435.5,1567.8,342.07,453.73,72.23,494.23,518.64,1177.67,4626.38,0.94,10.62,0.942,R070
C04759,R0038,TRK019,road,238.4,1382.72,464.82,1091.63,182.87,152.56,94.52,0.0,3369.12,10.24,14.13,1.191,R038
C04760,R0002,TRK018,road,341.5,1980.7,770.3,1319.63,211.78,778.71,311.72,0.0,5372.85,2.95,15.73,1.043,R002
C04761,R0034,TRK050,road,328.7,1906.46,823.92,988.47,268.94,234.94,75.98,847.95,5146.66,2.94,15.66,1.247,R034
C04762,R0019,TRK003,road,63.0,365.4,129.21,1382.96,48.22,274.95,281.57,0.0,2482.32,1.7,39.4,1.193,R019
C04763,R0068,TRK012,road,482.9,2800.82,903.12,1256.11,373.45,228.95,311.2,1121.47,6995.12,1.72,14.49,1.039,R068
C04764,R0008,TRK015,road,97.3,564.34,211.27,1080.96,78.13,322.22,254.4,376.72,2888.06,0.78,29.68,1.142,R008
C04765,R0062,TRK031,rail,333.5,1200.6,288.95,381.7,49.76,476.86,458.77,0.0,2856.63,2.45,8.57,1.044,R062
C04766,R0025,TRK018,road,279.8,1622.84,547.58,1172.35,192.54,247.43,212.29,1413.92,5408.96,1.35,19.33,0.905,R025
C04767,R0002,TRK010,road,448.1,2598.98,990.52,1020.12,376.95,498.29,281.51,1432.75,7199.11,3.48,16.07,1.096,R002
C04768,R0019,TRK010,local,149.0,1221.8,473.84,1049.44,32.64,536.53,189.23,43.27,3546.76,0.93,23.8,1.072,R019
C04769,R0028,TRK009,road,203.4,1179.72,382.44,1191.53,123.83,873.26,244.29,0.0,3995.08,1.67,19.64,1.226,R028
C04770,R0097,TRK032,road,173.8,1008.04,372.11,1116.17,111.35,541.17,505.79,0.0,3654.63,2.02,21.03,1.103,R097
C04771,R0086,TRK006,road,529.0,3068.2,1302.76,1292.42,331.23,623.27,343.35,0.0,6961.23,2.46,13.16,1.045,R086
C04772,R0029,TRK043,rail,393.5,1416.6,286.69,529.29,53.52,758.49,603.23,0.0,3647.82,1.48,9.27,1.184,R029
C04773,R0085,TRK033,road,176.3,1022.54,383.44,1418.11,109.75,565.93,144.77,0.0,3644.53,4.28,20.67,1.226,R085
C04774,R0056,TRK008,local,176.8,1449.76,434.32,850.11,40.55,664.23,78.88,0.0,3517.86,5.46,19.9,1.238,R056
C04775,R0030,TRK025,road,422.0,2447.6,851.74,1034.8,274.63,331.74,299.47,0.0,5239.98,2.13,12.42,1.225,R030
C04776,R0065,TRK035,road,404.0,2343.2,804.41,1290.26,317.03,485.52,349.15,0.0,5589.58,2.78,13.84,1.124,R065
C04777,R0045,TRK034,road,188.6,1093.88,382.77,1412.64,115.67,731.67,364.22,719.58,4820.44,2.28,25.56,1.172,R045
C04778,R0006,TRK020,road,39.7,230.26,95.56,1423.05,26.2,800.25,227.94,977.87,3781.14,1.43,95.24,0.957,R006
C04779,R0036,TRK034,rail,342.7,1233.72,249.94,374.82,57.73,705.87,194.15,44.93,2861.15,1.3,8.35,1.017,R036
C04780,R0035,TRK007,road,288.7,1674.46,565.68,1090.59,198.34,623.4,459.09,0.0,4611.55,0.94,15.97,1.093,R035
C04781,R0016,TRK041,road,323.6,1876.88,634.5,1256.43,268.43,641.25,696.02,0.0,5373.5,1.78,16.61,0.997,R016
C04782,R0038,TRK024,road,327.3,1898.34,715.08,1195.58,263.68,611.24,340.39,525.36,5549.66,1.13,16.96,1.096,R038
C04783,R0080,TRK028,rail,295.9,1065.24,271.7,486.12,52.41,199.17,276.64,0.0,2351.28,0.99,7.95,1.061,R080
C04784,R0094,TRK012,road,247.8,1437.24,614.19,1412.24,205.98,844.7,298.97,0.0,4813.31,1.63,19.42,1.09,R094
C04785,R0039,TRK027,rail,145.8,524.88,103.64,453.52,22.83,632.1,470.88,0.0,2207.86,0.55,15.14,1.035,R039
C04786,R0067,TRK017,local,55.0,451.0,166.01,859.52,11.66,711.52,244.24,0.0,2443.95,0.91,44.44,0.924,R067
C04787,R0069,TRK018,rail,345.1,1242.36,276.8,519.74,45.32,893.82,493.64,0.0,3471.67,1.71,10.06,1.184,R069
C04788,R0050,TRK005,road,530.5,3076.9,1023.5,1336.38,329.17,495.47,328.02,253.73,6843.17,4.79,12.9,1.081,R050
C04789,R0046,TRK010,rail,428.6,1542.96,294.03,533.88,60.99,834.69,414.73,0.0,3681.28,4.82,8.59,1.202,R046
C04790,R0035,TRK038,road,372.6,2161.08,822.51,1268.1,226.82,317.31,412.57,0.0,5208.4,1.9,13.98,1.083,R035
C04791,R0098,TRK034,rail,388.6,1398.96,264.58,415.15,56.28,807.46,572.55,1458.34,4973.33,1.5,12.8,1.117,R098
C04792,R0095,TRK022,rail,431.6,1553.76,382.44,482.71,72.3,648.48,500.43,828.44,4468.55,1.92,10.35,1.055,R095
C04793,R0070,TRK026,road,149.0,864.2,288.94,1344.33,98.84,504.15,183.69,0.0,3284.14,0.97,22.04,0.997,R070
C04794,R0019,TRK023,local,357.1,2928.22,930.11,863.83,104.69,261.42,207.71,1259.85,6555.84,1.95,18.36,1.192,R019
C04795,R0029,TRK005,local,402.9,3303.78,980.94,1051.96,112.25,770.53,189.95,0.0,6409.4,2.54,15.91,1.171,R029
C04796,R0023,TRK003,road,56.8,329.44,124.88,1146.33,37.25,323.02,5.01,0.0,1965.93,0.87,34.61,1.036,R023
C04797,R0002,TRK017,road,522.8,3032.24,1244.94,1058.69,371.42,745.97,616.52,1564.19,8633.97,3.14,16.51,1.234,R002
C04798,R0044,TRK047,local,80.2,657.64,248.29,726.72,17.34,565.4,210.64,744.8,3170.83,7.7,39.54,1.138,R044
C04799,R0085,TRK024,local,334.1,2739.62,972.86,917.83,67.21,795.42,19.46,0.0,5512.4,1.21,16.5,0.941,R085
C04800,R0081,TRK012,rail,367.1,1321.56,337.06,495.86,48.65,508.37,0.74,0.0,2712.26,0.83,7.39,1.135,R081
C04801,R0065,TRK010,road,408.0,2366.4,833.25,1423.52,330.37,619.35,294.22,0.0,5867.11,1.93,14.38,1.129,R065
C04802,R0068,TRK008,road,521.4,3024.12,1196.58,1214.68,457.74,563.65,662.32,184.18,7303.28,3.65,14.01,1.177,R068
C04803,R0048,TRK045,road,401.6,2329.28,859.95,1377.81,323.57,574.36,659.81,655.51,6780.29,2.83,16.88,1.141,R048
C04804,R0014,TRK042,road,415.2,2408.16,855.3,1425.45,293.86,321.12,418.78,0.0,5722.67,1.48,13.78,1.12,R014
C04805,R0041,TRK032,road,480.3,2785.74,1030.38,1291.7,313.3,551.26,253.22,0.0,6225.6,1.51,12.96,1.135,R041
C04806,R0093,TRK035,road,415.2,2408.16,1017.47,1299.66,300.7,591.28,3.64,595.52,6216.42,1.35,14.97,1.101,R093
C04807,R0022,TRK049,road,513.2,2976.56,1230.01,1415.65,446.95,389.2,128.43,0.0,6586.81,7.84,12.83,1.095,R022
C04808,R0086,TRK032,rail,79.6,286.56,63.69,454.19,10.6,346.85,32.54,0.0,1194.43,0.3,15.01,0.95,R086
C04809,R0066,TRK004,road,444.4,2577.52,866.83,998.94,370.55,870.89,4.35,0.0,5689.07,1.29,12.8,0.982,R066
C04810,R0021,TRK026,road,234.2,1358.36,537.08,1003.43,205.0,736.27,543.24,0.0,4383.38,4.84,18.72,0.909,R021
C04811,R0042,TRK012,road,480.5,2786.9,1075.31,1190.42,288.46,848.5,37.72,225.14,6452.44,1.81,13.43,1.06,R042
C04812,R0007,TRK037,road,229.9,1333.42,573.69,1146.94,147.38,438.13,589.1,0.0,4228.66,4.11,18.39,0.952,R007
C04813,R0047,TRK032,rail,549.1,1976.76,403.05,392.91,94.88,611.61,625.87,1244.49,5349.57,12.99,9.74,1.108,R047
C04814,R0007,TRK044,road,195.2,1132.16,490.93,1287.36,174.51,228.5,462.83,0.0,3776.29,1.29,19.35,1.081,R007
C04815,R0034,TRK001,road,77.6,450.08,148.64,1388.34,53.48,531.49,161.49,970.12,3703.64,10.54,47.73,0.923,R034
C04816,R0013,TRK045,rail,303.2,1091.52,217.06,433.9,45.69,798.29,464.38,1175.86,4226.7,2.82,13.94,1.189,R013
C04817,R0071,TRK041,rail,199.5,718.2,177.42,534.9,28.94,786.29,684.66,0.0,2930.42,0.92,14.69,0.975,R071
C04818,R0083,TRK010,road,175.5,1017.9,359.18,979.0,153.03,613.06,43.12,0.0,3165.29,1.43,18.04,1.093,R083
C04819,R0067,TRK030,rail,283.9,1022.04,254.35,528.21,37.02,778.78,543.93,0.0,3164.33,1.25,11.15,1.049,R067
C04820,R0021,TRK048,local,52.7,432.14,151.4,914.15,12.07,822.19,180.96,72.63,2585.53,2.29,49.06,1.164,R021
C04821,R0062,TRK025,rail,180.9,651.24,127.27,437.99,24.16,193.39,253.74,0.0,1687.78,0.35,9.33,1.017,R062
C04822,R0047,TRK049,road,486.2,2819.96,982.72,1344.39,393.49,731.58,449.25,0.0,6721.39,2.8,13.82,0.953,R047
C04823,R0067,TRK019,road,463.5,2688.3,938.43,1394.47,298.19,597.17,588.2,903.95,7408.72,2.02,15.98,1.002,R067
C04824,R0070,TRK032,rail,146.4,527.04,125.35,504.81,25.89,850.2,201.3,105.03,2339.62,0.62,15.98,1.135,R070
C04825,R0007,TRK033,road,309.6,1795.68,628.45,1199.47,261.26,875.61,20.01,0.0,4780.47,1.74,15.44,0.912,R007
C04826,R0019,TRK007,road,100.7,584.06,227.07,1339.44,71.0,782.47,340.94,0.0,3344.98,4.98,33.22,1.057,R019
C04827,R0044,TRK020,road,337.6,1958.08,695.27,1341.23,231.42,232.3,457.8,0.0,4916.11,1.53,14.56,1.196,R044
C04828,R0092,TRK042,road,181.3,1051.54,351.68,1403.08,140.09,700.37,74.04,0.0,3720.81,4.23,20.52,1.008,R092
C04829,R0075,TRK016,road,410.8,2382.64,821.57,1415.68,275.3,625.79,7.48,1443.85,6972.31,1.58,16.97,1.185,R075
C04830,R0071,TRK033,road,206.6,1198.28,407.35,1405.52,167.68,342.82,357.46,0.0,3879.11,6.25,18.78,0.918,R071
C04831,R0004,TRK048,local,369.6,3030.72,1069.58,1010.54,109.93,443.37,86.74,0.0,5750.89,1.28,15.56,0.939,R004
C04832,R0018,TRK025,rail,114.4,411.84,88.52,422.75,19.67,382.45,227.28,1378.92,2931.41,0.8,25.62,1.006,R018
C04833,R0032,TRK011,road,59.0,342.2,126.82,1151.63,36.12,879.67,289.87,0.0,2826.31,0.93,47.9,1.159,R032
C04834,R0018,TRK005,road,295.9,1716.22,702.42,1043.09,190.29,515.05,194.94,0.0,4362.01,1.47,14.74,0.926,R018
C04835,R0046,TRK050,local,453.6,3719.52,1359.6,1017.8,118.9,626.01,78.12,0.0,6919.95,1.55,15.26,1.182,R046
C04836,R0084,TRK024,local,353.7,2900.34,940.7,745.35,80.57,682.39,297.08,0.0,5646.43,1.94,15.96,1.22,R084
C04837,R0057,TRK008,road,200.8,1164.64,440.23,1023.19,120.67,219.64,438.59,1586.19,4993.14,1.25,24.87,1.185,R057
C04838,R0015,TRK027,road,347.4,2014.92,749.42,1356.87,217.18,352.04,265.82,0.0,4956.25,2.17,14.27,0.975,R015
C04839,R0031,TRK031,road,69.3,401.94,138.12,1213.32,47.74,336.04,348.05,160.83,2646.05,3.22,38.18,1.123,R031
C04840,R0094,TRK027,local,307.5,2521.5,802.83,869.93,73.2,567.77,281.99,0.0,5117.22,12.27,16.64,1.091,R094
C04841,R0008,TRK014,road,134.5,780.1,326.45,1157.03,120.55,219.5,132.35,661.61,3397.57,1.44,25.26,1.162,R008
C04842,R0063,TRK035,road,445.7,2585.06,910.06,1326.23,367.02,728.97,600.28,0.0,6517.62,2.3,14.62,1.181,R063
C04843,R0047,TRK018,road,255.8,1483.64,550.13,965.88,205.28,493.16,96.04,0.0,3794.14,1.51,14.83,1.126,R047
C04844,R0088,TRK004,road,63.4,367.72,120.74,1423.63,44.74,840.95,535.98,0.0,3333.75,0.79,52.58,1.033,R088
C04845,R0072,TRK018,road,91.8,532.44,231.76,1073.08,68.04,403.56,23.3,0.0,2332.18,0.47,25.41,1.143,R072
C04846,R0018,TRK007,local,527.0,4321.4,1380.82,1027.44,154.79,761.89,293.82,0.0,7940.15,3.23,15.07,1.034,R018
C04847,R0073,TRK035,road,52.3,303.34,118.57,1047.77,35.35,677.86,571.63,0.0,2754.51,8.54,52.67,1.064,R073
C04848,R0036,TRK005,road,37.7,218.66,80.03,1176.32,31.35,459.54,24.51,0.0,1990.41,1.08,52.8,1.117,R036
C04849,R0026,TRK019,rail,413.2,1487.52,304.14,500.69,66.02,859.77,125.74,1341.76,4685.64,3.59,11.34,0.961,R026
C04850,R0019,TRK023,road,72.6,421.08,164.59,962.71,54.1,400.04,99.5,0.0,2102.02,0.45,28.95,1.201,R019
C04851,R0056,TRK030,rail,242.0,871.2,214.01,421.55,30.77,857.1,97.09,0.0,2491.72,0.84,10.3,0.953,R056
C04852,R0044,TRK047,road,154.8,897.84,319.86,1438.29,103.09,264.74,222.61,0.0,3246.44,3.42,20.97,1.138,R044
C04853,R0075,TRK013,road,164.2,952.36,384.9,1151.88,110.27,384.83,256.9,0.0,3241.15,0.98,19.74,0.933,R075
C04854,R0022,TRK045,road,88.2,511.56,165.19,1435.84,79.27,218.44,332.84,1375.21,4118.35,1.32,46.69,0.914,R022
C04855,R0018,TRK042,local,500.1,4100.82,1581.08,1036.25,131.25,277.49,204.3,292.86,7624.07,2.13,15.25,1.039,R018
C04856,R0084,TRK019,local,265.9,2180.38,642.86,858.71,78.17,507.81,13.81,39.01,4320.76,2.55,16.25,1.086,R084
C04857,R0047,TRK024,road,278.4,1614.72,613.78,1047.74,167.45,448.23,142.56,0.0,4034.47,2.2,14.49,0.906,R047
C04858,R0014,TRK040,road,530.4,3076.32,1155.43,1419.56,322.39,370.46,534.29,357.92,7236.36,1.5,13.64,0.994,R014
C04859,R0085,TRK043,road,369.8,2144.84,842.1,1105.9,224.26,247.91,108.92,133.99,4807.92,9.7,13.0,1.102,R085
C04860,R0065,TRK030,rail,400.8,1442.88,322.02,446.05,53.43,414.09,395.46,0.0,3073.93,5.15,7.67,0.952,R065
C04861,R0078,TRK007,road,525.4,3047.32,1096.57,1417.5,335.15,561.24,235.34,1541.31,8234.43,1.7,15.67,0.96,R078
C04862,R0047,TRK025,road,232.8,1350.24,539.71,1026.78,181.07,387.1,238.63,0.0,3723.54,1.23,15.99,1.053,R047
C04863,R0017,TRK001,road,121.2,702.96,245.54,1056.86,73.99,882.22,672.11,1036.29,4669.97,1.94,38.53,0.96,R017
C04864,R0040,TRK004,road,123.3,715.14,266.6,1100.81,92.69,420.86,313.9,1123.51,4033.52,1.14,32.71,1.086,R040
C04865,R0093,TRK019,local,322.8,2646.96,794.1,1060.97,88.05,243.72,107.24,0.0,4941.03,4.84,15.31,1.087,R093
C04866,R0025,TRK020,local,258.5,2119.7,774.64,875.46,54.75,532.89,38.79,1593.12,5989.34,3.67,23.17,1.098,R025
C04867,R0043,TRK017,road,111.7,647.86,270.22,1149.22,93.93,533.48,453.84,0.0,3148.55,0.8,28.19,0.902,R043
C04868,R0066,TRK013,road,529.8,3072.84,1127.65,1263.51,409.74,247.33,396.02,0.0,6517.09,1.43,12.3,1.085,R066
C04869,R0099,TRK024,road,144.1,835.78,279.53,1222.85,117.2,163.44,328.5,0.0,2947.29,0.86,20.45,1.01,R099
C04870,R0044,TRK023,road,537.1,3115.18,1123.54,1116.53,482.46,269.47,47.61,1267.92,7422.71,6.22,13.82,1.004,R044
C04871,R0092,TRK027,road,103.7,601.46,243.15,1016.46,78.78,296.33,192.79,0.0,2428.96,1.18,23.42,1.158,R092
C04872,R0041,TRK018,road,143.5,832.3,333.39,1117.44,113.58,736.1,196.34,0.0,3329.14,1.11,23.2,1.019,R041
C04873,R0014,TRK008,road,336.4,1951.12,665.96,1417.19,274.36,254.27,586.55,0.0,5149.46,4.32,15.31,0.925,R014
C04874,R0009,TRK007,rail,56.2,202.32,50.38,463.4,7.29,831.75,133.16,0.0,1688.31,0.93,30.04,1.104,R009
C04875,R0016,TRK050,road,334.5,1940.1,642.09,1038.84,233.37,218.49,292.64,0.0,4365.53,1.62,13.05,1.071,R016
C04876,R0100,TRK015,road,532.6,3089.08,1229.87,1340.87,347.18,348.08,574.83,559.5,7489.41,4.68,14.06,1.114,R100
C04877,R0082,TRK037,road,142.3,825.34,267.77,1339.0,107.22,406.5,351.49,0.0,3297.31,1.29,23.17,1.13,R082
C04878,R0071,TRK011,rail,280.6,1010.16,236.08,433.99,36.81,323.05,268.36,0.0,2308.45,1.25,8.23,1.08,R071
C04879,R0051,TRK038,rail,224.0,806.4,158.58,422.56,39.4,268.75,630.04,1362.11,3687.84,0.95,16.46,1.232,R051
C04880,R0099,TRK050,road,348.2,2019.56,748.39,1287.9,297.51,429.39,618.15,0.0,5400.9,4.45,15.51,1.207,R099
C04881,R0004,TRK047,local,535.2,4388.64,1375.47,777.53,152.92,253.69,290.93,0.0,7239.18,2.92,13.53,1.024,R004
C04882,R0038,TRK044,road,247.9,1437.82,500.63,1241.04,217.8,405.22,224.66,0.0,4027.17,0.93,16.25,0.906,R038
C04883,R0070,TRK009,road,57.7,334.66,141.63,1425.05,38.99,253.41,19.49,0.0,2213.24,0.74,38.36,1.091,R070
C04884,R0043,TRK031,road,147.9,857.82,282.77,1108.48,107.58,219.53,530.45,0.0,3106.63,0.75,21.0,0.995,R043
C04885,R0049,TRK047,road,148.2,859.56,347.88,1273.13,126.96,515.09,564.28,135.74,3822.65,1.7,25.79,1.124,R049
C04886,R0007,TRK009,rail,454.5,1636.2,367.13,460.73,80.51,198.05,551.38,84.24,3378.25,0.69,7.43,1.078,R007
C04887,R0056,TRK027,road,510.3,2959.74,1131.87,1279.1,310.18,641.22,341.08,266.76,6929.95,2.1,13.58,1.121,R056
C04888,R0065,TRK005,road,451.0,2615.8,868.48,1320.15,340.16,656.78,228.06,0.0,6029.44,5.43,13.37,1.236,R065
C04889,R0006,TRK003,road,488.4,2832.72,1045.54,1009.54,397.9,247.48,298.94,94.46,5926.58,2.13,12.13,1.08,R006
C04890,R0075,TRK026,rail,355.4,1279.44,253.26,516.74,47.82,283.14,263.73,0.0,2644.14,0.77,7.44,1.007,R075
C04891,R0013,TRK006,road,155.7,903.06,296.16,1143.74,120.49,408.02,628.22,0.0,3499.69,0.94,22.48,1.214,R013
C04892,R0010,TRK050,road,382.7,2219.66,756.38,1204.64,312.75,402.49,697.87,1236.62,6830.42,1.44,17.85,1.14,R010
C04893,R0084,TRK020,road,471.9,2737.02,1094.32,1365.95,422.27,162.36,156.02,0.0,5937.94,6.25,12.58,1.025,R084
C04894,R0100,TRK040,rail,307.9,1108.44,217.68,510.1,37.21,638.93,464.39,0.0,2976.73,5.15,9.67,1.209,R100
C04895,R0086,TRK036,road,368.6,2137.88,704.94,1018.86,299.8,229.0,204.72,0.0,4595.19,0.92,12.47,0.952,R086
C04896,R0006,TRK003,road,291.9,1693.02,668.39,1078.1,234.31,582.92,308.63,0.0,4565.37,1.9,15.64,1.021,R006
C04897,R0050,TRK027,road,384.3,2228.94,801.15,997.98,279.28,226.92,559.61,0.0,5093.87,2.67,13.25,1.167,R050
C04898,R0050,TRK003,rail,308.5,1110.6,255.9,373.16,52.95,865.96,654.59,0.0,3313.15,0.79,10.74,1.022,R050
C04899,R0039,TRK021,rail,132.3,476.28,93.36,490.56,16.39,357.47,553.51,0.0,1987.57,0.43,15.02,1.137,R039
C04900,R0031,TRK027,road,415.1,2407.58,1035.42,1138.89,309.74,874.88,400.41,0.0,6166.92,1.59,14.86,0.922,R031
C04901,R0056,TRK014,rail,354.0,1274.4,253.47,442.78,52.86,241.43,248.89,1185.41,3699.23,10.97,10.45,0.938,R056
C04902,R0006,TRK034,road,301.5,1748.7,743.09,1166.3,267.27,158.23,365.26,0.0,4448.84,1.96,14.76,1.009,R006
C04903,R0019,TRK006,local,165.7,1358.74,450.05,749.18,44.46,687.91,100.43,0.0,3390.76,2.2,20.46,0.928,R019
C04904,R0047,TRK017,road,350.6,2033.48,804.91,1397.36,301.47,435.63,320.65,1676.95,6970.45,3.22,19.88,1.086,R047
C04905,R0007,TRK047,rail,301.4,1085.04,262.16,420.39,39.39,880.56,505.39,0.0,3192.94,0.66,10.59,0.979,R007
C04906,R0070,TRK004,rail,493.8,1777.68,445.5,469.07,73.76,295.61,70.01,0.0,3131.63,1.21,6.34,0.962,R070
C04907,R0071,TRK012,road,326.7,1894.86,807.43,1337.58,208.78,656.31,524.7,0.0,5429.65,1.8,16.62,1.243,R071
C04908,R0047,TRK036,rail,333.1,1199.16,262.4,403.43,50.05,281.18,513.84,1468.04,4178.1,1.0,12.54,0.907,R047
C04909,R0009,TRK046,road,402.0,2331.6,996.02,1039.33,251.95,848.73,595.85,0.0,6063.48,1.82,15.08,1.09,R009
C04910,R0041,TRK002,road,47.4,274.92,114.35,1148.83,31.53,421.64,377.74,0.0,2369.01,3.23,49.98,1.014,R041
C04911,R0053,TRK011,rail,370.1,1332.36,278.78,511.73,60.33,511.47,49.84,0.0,2744.5,2.0,7.42,1.193,R053
C04912,R0049,TRK015,rail,136.9,492.84,95.63,413.53,16.97,743.22,58.12,1179.84,3000.16,0.67,21.91,1.073,R049
C04913,R0054,TRK045,road,427.6,2480.08,1051.74,1348.7,298.24,507.66,139.01,1036.01,6861.44,2.15,16.05,1.068,R054
C04914,R0014,TRK033,local,420.5,3448.1,1257.58,946.58,118.84,629.16,97.97,222.8,6721.02,2.53,15.98,1.185,R014
C04915,R0041,TRK010,road,543.4,3151.72,1230.96,1152.01,391.59,337.5,650.89,0.0,6914.68,2.52,12.72,1.236,R041
C04916,R0094,TRK032,road,487.4,2826.92,1147.47,1191.99,415.51,287.59,113.36,1238.54,7221.4,3.31,14.82,1.249,R094
C04917,R0086,TRK031,road,526.3,3052.54,1228.78,1230.36,348.49,578.66,318.25,1348.7,8105.79,3.58,15.4,1.073,R086
C04918,R0009,TRK008,road,79.1,458.78,189.11,1367.79,55.87,472.83,37.89,964.19,3546.46,0.79,44.84,0.97,R009
C04919,R0028,TRK028,rail,372.8,1342.08,297.66,466.38,56.1,843.52,274.97,0.0,3280.71,2.01,8.8,1.069,R028
C04920,R0080,TRK021,rail,67.3,242.28,52.83,424.77,8.25,766.04,312.52,1151.19,2957.88,1.61,43.95,0.919,R080
C04921,R0098,TRK039,road,242.7,1407.66,498.05,1239.94,195.36,877.3,470.47,1135.37,5824.15,1.47,24.0,1.037,R098
C04922,R0082,TRK013,road,164.3,952.94,397.99,1231.04,108.68,656.6,147.93,1122.11,4617.29,2.3,28.1,1.231,R082
C04923,R0043,TRK044,road,222.2,1288.76,461.05,1240.94,144.81,333.98,540.05,0.0,4009.59,8.28,18.04,0.979,R043
C04924,R0051,TRK040,local,419.1,3436.62,1290.6,838.77,117.87,557.84,46.86,0.0,6288.57,8.2,15.0,0.943,R051
C04925,R0004,TRK012,rail,521.6,1877.76,422.61,453.5,74.53,296.68,419.8,0.0,3544.88,2.91,6.8,1.203,R004
C04926,R0012,TRK024,road,87.8,509.24,189.33,1248.83,62.53,348.18,487.21,0.0,2845.32,0.6,32.41,1.181,R012
C04927,R0016,TRK015,road,317.4,1840.92,633.41,1298.01,195.36,352.94,130.68,897.81,5349.13,1.28,16.85,1.157,R016
C04928,R0033,TRK009,road,365.1,2117.58,685.62,1113.02,289.09,376.27,14.92,0.0,4596.5,1.68,12.59,1.045,R033
C04929,R0029,TRK047,road,414.4,2403.52,875.8,1092.35,273.64,550.06,622.87,0.0,5818.24,1.24,14.04,1.143,R029
C04930,R0088,TRK025,road,280.6,1627.48,529.4,1410.38,186.01,464.0,441.27,0.0,4658.53,6.91,16.6,0.932,R088
C04931,R0077,TRK032,road,60.3,349.74,122.68,1067.75,44.8,261.42,220.11,1362.63,3429.14,1.01,56.87,1.076,R077
C04932,R0100,TRK027,rail,71.7,258.12,57.23,534.82,11.45,640.85,296.85,368.62,2167.95,1.04,30.24,1.208,R100
C04933,R0094,TRK023,local,438.7,3597.34,1240.76,887.25,108.29,238.1,9.57,0.0,6081.31,1.23,13.86,1.16,R094
C04934,R0056,TRK048,road,243.4,1411.72,597.41,1385.11,190.77,483.12,267.55,739.09,5074.78,1.79,20.85,1.033,R056
C04935,R0089,TRK047,rail,161.8,582.48,134.01,440.95,26.83,277.33,441.53,662.32,2565.45,2.03,15.86,0.994,R089
C04936,R0017,TRK016,road,112.1,650.18,256.69,1300.52,91.9,576.28,546.27,0.0,3421.83,0.89,30.52,0.906,R017
C04937,R0049,TRK039,local,239.4,1963.08,705.33,993.57,68.83,859.47,26.28,1605.83,6222.4,2.86,25.99,1.054,R049
C04938,R0006,TRK041,road,523.9,3038.62,1221.66,1251.7,385.55,747.26,65.72,0.0,6710.51,3.79,12.81,1.075,R006
C04939,R0011,TRK036,road,290.4,1684.32,651.23,1209.06,248.71,438.24,173.81,0.0,4405.37,1.42,15.17,1.135,R011
C04940,R0073,TRK016,road,496.6,2880.28,1008.71,1154.17,370.23,268.27,154.73,67.66,5904.05,1.23,11.89,1.216,R073
C04941,R0035,TRK031,local,262.9,2155.78,640.01,746.22,70.62,406.35,115.07,1429.33,5563.38,1.87,21.16,1.221,R035
C04942,R0099,TRK020,rail,101.8,366.48,79.61,510.51,14.84,892.78,660.94,215.64,2740.79,1.28,26.92,0.977,R099
C04943,R0032,TRK039,road,326.0,1890.8,701.38,1403.5,255.7,274.48,223.3,813.58,5562.74,1.37,17.06,1.203,R032
C04944,R0035,TRK049,local,537.1,4404.22,1724.38,765.35,128.36,150.02,290.85,146.7,7609.88,1.83,14.17,1.127,R035
C04945,R0074,TRK005,road,450.0,2610.0,1116.53,1316.11,360.51,721.25,354.24,1775.68,8254.32,2.27,18.34,1.085,R074
C04946,R0057,TRK002,road,321.0,1861.8,794.74,1230.72,216.46,836.34,58.69,0.0,4998.75,2.96,15.57,1.131,R057
C04947,R0063,TRK036,road,179.2,1039.36,395.02,1182.92,136.69,881.96,110.04,1474.86,5220.84,4.24,29.13,1.066,R063
C04948,R0013,TRK026,road,30.8,178.64,68.09,1342.35,22.84,737.05,319.72,612.85,3281.55,1.18,106.54,0.909,R013
C04949,R0064,TRK038,road,195.7,1135.06,453.81,1142.27,160.74,286.97,83.48,0.0,3262.32,3.81,16.67,1.186,R064
C04950,R0068,TRK036,rail,408.3,1469.88,358.31,441.88,56.1,869.57,256.02,0.0,3451.77,0.98,8.45,1.185,R068
C04951,R0028,TRK016,road,140.9,817.22,350.37,990.61,106.42,517.24,131.12,0.0,2912.98,4.23,20.67,1.179,R028
C04952,R0006,TRK005,road,365.5,2119.9,722.24,1094.31,315.32,897.69,156.72,483.65,5789.84,5.78,15.84,0.953,R006
C04953,R0062,TRK014,road,237.3,1376.34,525.18,1269.42,207.28,485.68,596.23,0.0,4460.13,1.04,18.8,1.198,R062
C04954,R0009,TRK006,local,356.6,2924.12,1124.64,898.83,99.91,864.21,138.63,0.0,6050.34,4.38,16.97,0.999,R009
C04955,R0030,TRK013,road,376.2,2181.96,880.4,1012.21,288.71,690.52,193.49,0.0,5247.28,2.15,13.95,1.142,R030
C04956,R0071,TRK019,road,161.6,937.28,370.37,1078.3,104.24,158.82,245.64,260.9,3155.54,0.77,19.53,1.059,R071
C04957,R0066,TRK045,road,366.4,2125.12,746.44,1170.14,284.81,763.46,322.48,575.64,5988.1,1.23,16.34,1.209,R066
C04958,R0044,TRK042,road,384.5,2230.1,916.02,1390.25,240.81,283.38,384.9,574.49,6019.96,2.91,15.66,1.244,R044
C04959,R0052,TRK013,road,206.8,1199.44,460.64,1025.15,138.26,387.77,569.02,1183.13,4963.42,7.62,24.0,1.015,R052
C04960,R0092,TRK005,local,361.5,2964.3,944.06,945.15,107.78,864.93,288.22,977.23,7091.67,3.72,19.62,1.074,R092
C04961,R0021,TRK003,road,141.0,817.8,298.97,1109.64,92.59,807.89,312.68,1457.11,4896.67,1.0,34.73,0.959,R021
C04962,R0078,TRK020,rail,304.5,1096.2,236.09,508.38,45.97,182.44,580.03,0.0,2649.11,2.35,8.7,1.193,R078
C04963,R0082,TRK034,road,141.3,819.54,330.22,1127.19,117.91,278.89,184.96,0.0,2858.71,0.77,20.23,1.121,R082
C04964,R0050,TRK037,local,528.6,4334.52,1576.52,928.77,152.55,466.45,249.75,0.0,7708.55,2.44,14.58,1.213,R050
C04965,R0059,TRK026,rail,210.4,757.44,165.24,531.15,26.57,523.14,430.01,0.0,2433.54,0.81,11.57,1.173,R059
C04966,R0100,TRK040,road,173.1,1003.98,362.71,1003.77,133.2,527.18,34.38,1688.88,4754.09,1.4,27.46,1.2,R100
C04967,R0004,TRK029,road,162.5,942.5,399.35,983.07,117.37,250.71,286.52,0.0,2979.52,0.68,18.34,1.088,R004
C04968,R0045,TRK041,road,71.7,415.86,143.03,1374.85,47.4,185.11,692.51,963.34,3822.1,1.03,53.31,1.0,R045
C04969,R0099,TRK029,road,281.3,1631.54,616.63,1278.87,187.63,877.83,679.36,0.0,5271.87,1.83,18.74,1.158,R099
C04970,R0045,TRK050,rail,149.8,539.28,136.29,510.44,21.63,312.3,132.78,1740.43,3393.17,0.75,22.65,1.18,R045
C04971,R0096,TRK044,rail,238.6,858.96,210.14,395.3,35.01,876.9,584.61,86.02,3046.94,0.8,12.77,0.96,R096
C04972,R0031,TRK050,road,52.6,305.08,121.64,1322.19,33.92,738.78,539.24,213.72,3274.57,0.87,62.25,0.976,R031
C04973,R0049,TRK035,road,508.1,2946.98,1140.96,961.24,449.09,775.98,42.77,0.0,6317.02,2.15,12.43,0.937,R049
C04974,R0015,TRK046,road,200.6,1163.48,434.39,1027.23,169.3,794.04,418.17,0.0,4006.6,7.14,19.97,0.905,R015
C04975,R0017,TRK047,local,462.4,3791.68,1149.36,1013.39,93.33,502.77,140.31,886.3,7577.14,1.65,16.39,0.953,R017
C04976,R0060,TRK018,road,492.3,2855.34,1083.76,1035.14,429.43,680.16,189.22,0.0,6273.06,1.68,12.74,1.211,R060
C04977,R0026,TRK020,rail,376.2,1354.32,334.89,528.9,60.67,253.74,657.48,0.0,3190.01,5.92,8.48,1.019,R026
C04978,R0015,TRK018,rail,394.3,1419.48,274.97,525.14,60.89,892.97,200.88,0.0,3374.33,0.97,8.56,1.141,R015
C04979,R0090,TRK039,road,335.3,1944.74,732.36,1255.79,270.11,528.55,426.24,489.72,5647.51,2.13,16.84,1.05,R090
C04980,R0094,TRK047,road,287.2,1665.76,543.11,1437.49,245.81,406.17,316.89,0.0,4615.23,2.37,16.07,0.919,R094
C04981,R0074,TRK013,rail,102.2,367.92,81.84,409.63,13.89,199.49,495.04,0.0,1567.81,0.78,15.34,1.139,R074
C04982,R0021,TRK037,road,510.9,2963.22,1042.95,1043.94,418.01,454.72,505.14,0.0,6427.97,2.09,12.58,1.019,R021
C04983,R0086,TRK005,road,130.7,758.06,258.27,1172.27,91.34,549.83,43.67,1391.97,4265.42,1.46,32.64,0.953,R086
C04984,R0079,TRK009,local,390.1,3198.82,1058.56,962.81,111.09,291.43,113.21,0.0,5735.92,1.84,14.7,1.051,R079
C04985,R0001,TRK038,road,348.0,2018.4,876.64,1404.98,281.2,825.58,419.22,0.0,5826.02,7.1,16.74,1.003,R001
C04986,R0086,TRK020,rail,70.5,253.8,54.88,420.74,9.06,699.97,660.38,417.11,2515.94,0.51,35.69,1.09,R086
C04987,R0043,TRK005,road,186.9,1084.02,435.54,1418.76,117.27,343.06,492.72,0.0,3891.36,3.56,20.82,1.184,R043
C04988,R0067,TRK043,road,389.4,2258.52,816.71,1071.46,283.13,732.02,201.82,0.0,5363.66,1.24,13.77,0.952,R067
C04989,R0051,TRK021,rail,418.7,1507.32,288.02,472.34,53.1,714.49,133.45,111.62,3280.35,1.89,7.83,1.003,R051
C04990,R0037,TRK043,road,243.4,1411.72,532.62,1310.55,166.84,429.49,662.54,1135.55,5649.31,2.71,23.21,1.102,R037
C04991,R0078,TRK014,rail,192.6,693.36,140.97,379.58,25.02,197.72,601.91,970.49,3009.05,1.91,15.62,0.93,R078
C04992,R0026,TRK034,rail,103.2,371.52,78.08,447.68,13.21,385.77,112.06,0.0,1408.33,1.48,13.65,1.131,R026
C04993,R0062,TRK016,road,415.9,2412.22,843.9,1368.7,271.15,177.31,478.95,0.0,5552.23,5.3,13.35,1.119,R062
C04994,R0008,TRK042,road,319.8,1854.84,726.09,1026.18,280.03,786.14,47.19,1157.2,5877.66,2.12,18.38,0.949,R008
C04995,R0088,TRK039,rail,178.3,641.88,132.39,411.79,29.65,566.1,305.68,0.0,2087.48,0.51,11.71,1.057,R088
C04996,R0087,TRK011,road,140.2,813.16,313.96,1154.65,118.75,202.83,188.17,1396.73,4188.26,3.7,29.87,1.116,R087
C04997,R0094,TRK002,road,457.5,2653.5,923.11,1229.1,352.18,454.71,583.12,0.0,6195.72,1.5,13.54,1.121,R094
C04998,R0035,TRK035,rail,415.9,1497.24,293.76,502.54,55.34,757.43,133.54,0.0,3239.85,1.51,7.79,1.248,R035
C04999,R0033,TRK046,road,423.5,2456.3,944.11,1170.83,316.59,883.02,74.62,0.0,5845.47,2.04,13.8,1.113,R033
C05000,R0022,TRK042,rail,331.9,1194.84,232.03,394.77,45.44,535.15,641.78,1313.41,4357.42,7.97,13.13,1.225,R022
C05001,R0045,TRK003,road,211.3,1225.54,487.51,1329.6,141.98,356.76,326.11,809.07,4676.57,1.91,22.13,0.997,R045
C05002,R0043,TRK031,road,106.8,619.44,225.42,1131.67,96.1,420.43,636.37,0.0,3129.43,2.23,29.3,1.163,R043
C05003,R0073,TRK009,rail,208.2,749.52,150.9,384.87,27.33,405.99,185.21,0.0,1903.83,0.47,9.14,1.202,R073
C05004,R0006,TRK049,rail,258.8,931.68,233.59,376.4,32.17,463.01,306.06,0.0,2342.92,1.12,9.05,0.902,R006
C05005,R0045,TRK006,road,449.5,2607.1,854.26,1152.14,396.57,255.45,415.39,0.0,5680.92,1.15,12.64,1.153,R045
C05006,R0081,TRK017,road,224.0,1299.2,453.45,1122.02,137.12,700.11,527.85,1587.67,5827.41,7.2,26.02,1.032,R081
C05007,R0006,TRK048,road,291.8,1692.44,646.04,1262.22,261.57,199.0,573.17,30.57,4665.01,1.82,15.99,1.215,R006
C05008,R0010,TRK008,road,295.8,1715.64,592.2,1255.79,232.0,777.3,397.6,0.0,4970.54,2.46,16.8,1.141,R010
C05009,R0039,TRK038,road,488.7,2834.46,1206.09,1342.74,341.67,190.06,501.29,1624.86,8041.16,2.4,16.45,1.165,R039
C05010,R0051,TRK025,road,373.6,2166.88,837.96,1294.5,282.18,242.72,61.52,0.0,4885.76,5.91,13.08,1.249,R051
C05011,R0073,TRK033,road,359.0,2082.2,767.0,1069.18,228.37,356.83,608.79,279.61,5391.99,5.26,15.02,1.099,R073
C05012,R0019,TRK044,local,100.6,824.92,243.15,853.32,27.61,410.57,73.71,0.0,2433.28,0.67,24.19,1.219,R019
C05013,R0037,TRK006,road,312.3,1811.34,629.06,1291.65,221.31,794.09,197.92,109.68,5055.05,2.55,16.19,1.134,R037
C05014,R0058,TRK003,road,348.1,2018.98,688.0,1138.48,290.75,665.69,663.47,57.43,5522.79,1.7,15.87,1.011,R058
C05015,R0004,TRK044,rail,469.0,1688.4,348.21,516.73,84.24,447.65,547.86,0.0,3633.09,4.91,7.75,1.132,R004
C05016,R0046,TRK046,rail,347.6,1251.36,268.49,536.72,58.42,542.08,643.15,0.0,3300.22,0.73,9.49,0.978,R046
C05017,R0078,TRK042,road,146.1,847.38,334.32,1300.98,89.3,498.71,651.31,0.0,3722.0,1.08,25.48,1.014,R078
C05018,R0040,TRK032,rail,400.6,1442.16,335.26,384.7,62.76,200.49,636.04,0.0,3061.41,2.55,7.64,1.227,R040
C05019,R0049,TRK004,road,67.3,390.34,148.64,1079.65,53.84,307.36,139.49,662.44,2781.76,1.26,41.33,0.937,R049
C05020,R0021,TRK032,rail,525.6,1892.16,438.51,426.9,88.25,503.85,603.57,20.16,3973.4,2.27,7.56,1.201,R021
C05021,R0094,TRK029,road,192.7,1117.66,386.8,1415.84,150.55,441.22,512.13,1326.61,5350.81,7.75,27.77,1.24,R094
C05022,R0063,TRK013,road,501.3,2907.54,1243.67,1005.73,380.13,266.27,160.57,0.0,5963.92,1.48,11.9,1.082,R063
C05023,R0006,TRK022,rail,239.8,863.28,190.47,424.98,30.23,634.88,621.21,0.0,2765.05,1.33,11.53,1.058,R006
C05024,R0073,TRK001,local,226.9,1860.58,570.11,928.19,59.97,278.94,205.08,0.0,3902.87,1.37,17.2,1.177,R073
C05025,R0077,TRK028,rail,507.5,1827.0,371.28,524.48,75.26,381.34,361.65,617.62,4158.62,1.5,8.19,0.968,R077
C05026,R0069,TRK026,road,283.2,1642.56,612.77,1273.26,231.16,489.67,369.15,167.84,4786.4,1.37,16.9,1.019,R069
C05027,R0019,TRK008,local,396.3,3249.66,1108.5,818.07,93.13,335.12,180.12,0.0,5784.58,1.29,14.6,1.049,R019
C05028,R0021,TRK028,local,134.4,1102.08,353.36,986.95,34.99,241.99,132.58,146.45,2998.41,0.76,22.31,1.163,R021
C05029,R0093,TRK046,rail,174.1,626.76,130.67,397.65,21.44,740.82,543.23,1061.63,3522.21,1.54,20.23,0.916,R093
C05030,R0035,TRK017,road,144.3,836.94,315.63,1285.46,107.15,535.12,184.15,1215.33,4479.77,1.31,31.04,1.034,R035
C05031,R0050,TRK009,road,316.4,1835.12,599.05,1284.51,247.04,532.85,681.79,0.0,5180.37,2.5,16.37,1.189,R050
C05032,R0076,TRK014,road,208.3,1208.14,402.64,1133.14,166.75,832.99,542.55,0.0,4286.2,1.55,20.58,0.99,R076
C05033,R0083,TRK039,local,407.0,3337.4,1304.15,852.36,99.7,440.83,186.59,0.0,6221.03,1.72,15.29,0.937,R083
C05034,R0089,TRK048,road,229.7,1332.26,463.24,1165.43,147.93,368.0,676.57,0.0,4153.43,1.58,18.08,1.063,R089
C05035,R0045,TRK047,road,346.3,2008.54,701.63,1196.42,252.48,284.56,1.26,0.0,4444.9,0.98,12.84,1.114,R045
C05036,R0089,TRK039,road,450.0,2610.0,897.21,1236.29,395.97,528.71,19.79,0.0,5687.98,2.64,12.64,1.091,R089
C05037,R0072,TRK040,road,120.8,700.64,247.24,999.39,104.71,480.44,107.8,1797.69,4437.91,0.89,36.74,0.971,R072
C05038,R0051,TRK033,road,183.1,1061.98,457.34,1006.14,121.93,242.1,216.7,856.88,3963.06,1.37,21.64,1.007,R051
C05039,R0049,TRK033,road,389.5,2259.1,896.63,1077.69,348.5,764.29,640.46,1596.8,7583.46,2.34,19.47,1.023,R049
C05040,R0012,TRK002,road,450.5,2612.9,972.76,1314.98,378.74,225.19,91.87,0.0,5596.45,5.41,12.42,1.245,R012
C05041,R0025,TRK028,road,131.3,761.54,302.66,1257.96,89.84,869.83,500.27,66.71,3848.8,6.83,29.31,0.909,R025
C05042,R0088,TRK034,road,101.1,586.38,222.05,1428.45,71.41,535.97,578.93,673.65,4096.84,13.54,40.52,1.03,R088
C05043,R0044,TRK036,road,308.9,1791.62,654.35,1155.1,207.27,313.74,121.07,0.0,4243.14,1.03,13.74,1.194,R044
C05044,R0053,TRK021,road,259.4,1504.52,519.6,1096.39,158.37,769.54,313.09,0.0,4361.5,2.25,16.81,1.147,R053
C05045,R0030,TRK025,road,38.4,222.72,76.99,1399.75,31.78,572.46,665.45,0.0,2969.16,3.27,77.32,0.952,R030
C05046,R0037,TRK009,road,159.5,925.1,325.35,1208.4,116.58,485.21,567.74,0.0,3628.37,2.51,22.75,0.918,R037
C05047,R0053,TRK046,road,300.3,1741.74,607.01,973.54,253.23,819.32,315.65,1337.14,6047.61,1.63,20.14,1.18,R053
C05048,R0007,TRK046,road,218.0,1264.4,548.44,1006.22,144.95,343.48,251.35,1049.69,4608.52,1.94,21.14,1.081,R007
C05049,R0029,TRK047,road,192.5,1116.5,390.87,1092.6,121.14,835.99,650.4,0.0,4207.51,0.98,21.86,1.109,R029
C05050,R0055,TRK012,road,431.3,2501.54,1074.58,1120.77,284.97,747.19,510.84,0.0,6239.88,3.86,14.47,0.917,R055
C05051,R0046,TRK021,rail,183.2,659.52,139.57,452.85,32.11,277.9,344.06,0.0,1906.02,0.91,10.4,1.104,R046
C05052,R0084,TRK010,local,490.6,4022.92,1454.65,968.44,108.29,500.93,135.52,0.0,7190.75,3.97,14.66,1.087,R084
C05053,R0016,TRK048,road,72.5,420.5,136.87,1255.24,44.56,419.54,659.31,0.0,2936.01,2.17,40.5,1.117,R016
C05054,R0049,TRK028,road,67.8,393.24,170.88,1082.23,48.76,763.15,412.02,0.0,2870.28,0.71,42.33,1.124,R049
C05055,R0100,TRK028,road,177.7,1030.66,398.93,1223.05,114.93,371.25,66.78,964.03,4169.62,2.85,23.46,1.087,R100
C05056,R0073,TRK043,road,264.5,1534.1,552.21,1362.62,165.55,282.76,313.9,0.0,4211.15,1.39,15.92,1.016,R073
C05057,R0063,TRK023,road,514.1,2981.78,1183.47,1180.09,372.78,595.18,698.69,0.0,7011.99,5.02,13.64,1.239,R063
C05058,R0039,TRK011,road,486.6,2822.28,1152.6,1369.99,337.03,474.92,467.9,0.0,6624.71,7.0,13.61,1.108,R039
C05059,R0039,TRK018,local,318.0,2607.6,971.22,877.16,76.83,615.44,285.38,898.85,6332.48,6.2,19.91,1.213,R039
C05060,R0069,TRK041,rail,457.9,1648.44,411.06,444.88,57.45,685.57,480.81,0.0,3728.21,0.96,8.14,0.975,R069
C05061,R0039,TRK012,road,442.5,2566.5,1074.58,997.91,338.09,309.35,324.7,0.0,5611.12,3.48,12.68,1.248,R039
C05062,R0067,TRK040,local,176.7,1448.94,527.93,842.58,52.58,241.3,263.11,0.0,3376.43,2.37,19.11,1.194,R067
C05063,R0074,TRK021,road,530.9,3079.22,1220.72,1109.77,404.94,409.76,282.36,0.0,6506.76,5.56,12.26,1.207,R074
C05064,R0089,TRK037,road,351.0,2035.8,700.02,1116.18,270.17,257.21,84.28,0.0,4463.66,1.08,12.72,1.241,R089
C05065,R0051,TRK010,local,391.2,3207.84,1066.46,886.59,86.53,349.16,157.24,828.51,6582.33,19.41,16.83,1.129,R051
C05066,R0003,TRK036,road,209.7,1216.26,480.32,1051.55,159.01,278.36,533.95,327.97,4047.42,0.98,19.3,1.137,R003
C05067,R0046,TRK012,road,167.9,973.82,410.66,1276.89,143.71,197.97,343.91,0.0,3346.96,2.18,19.93,1.034,R046
C05068,R0038,TRK015,road,334.2,1938.36,661.87,1314.72,218.27,544.17,373.22,0.0,5050.6,1.12,15.11,0.965,R038
C05069,R0031,TRK045,rail,67.1,241.56,50.45,384.2,8.51,689.94,587.09,0.0,1961.75,0.57,29.24,1.161,R031
C05070,R0006,TRK019,road,35.9,208.22,70.18,1283.12,21.99,834.3,63.9,1258.93,3740.65,2.03,104.2,0.927,R006
C05071,R0020,TRK046,rail,264.5,952.2,190.84,502.2,46.52,785.78,249.1,0.0,2726.65,0.64,10.31,1.015,R020
C05072,R0060,TRK008,local,86.8,711.76,249.54,722.41,24.64,542.67,63.63,0.0,2314.65,0.55,26.67,1.171,R060
C05073,R0088,TRK048,road,354.8,2057.84,779.28,1393.1,269.66,669.32,690.67,705.83,6565.71,1.44,18.51,1.173,R088
C05074,R0064,TRK030,road,217.1,1259.18,500.84,1075.92,178.82,518.87,178.06,0.0,3711.69,1.06,17.1,1.185,R064
C05075,R0062,TRK023,road,480.7,2788.06,1137.8,1215.53,342.17,839.48,609.38,948.87,7881.28,4.05,16.4,1.121,R062
C05076,R0010,TRK017,rail,267.7,963.72,186.73,395.39,40.73,812.33,537.22,0.0,2936.12,3.98,10.97,1.122,R010
C05077,R0013,TRK039,rail,176.9,636.84,124.17,424.86,26.83,759.2,56.53,0.0,2028.43,0.49,11.47,1.167,R013
C05078,R0012,TRK020,local,118.9,974.98,307.77,831.66,28.54,801.8,154.09,0.0,3098.83,0.77,26.06,0.983,R012
C05079,R0023,TRK004,local,299.3,2454.26,723.11,859.74,83.21,881.47,97.44,0.0,5099.22,14.35,17.04,0.969,R023
C05080,R0001,TRK021,local,162.7,1334.14,498.82,1069.88,41.37,379.12,71.6,0.0,3394.93,1.35,20.87,0.977,R001
C05081,R0051,TRK032,road,445.9,2586.22,936.54,1434.24,395.82,163.45,246.78,0.0,5763.05,1.53,12.92,0.936,R051
C05082,R0069,TRK017,road,356.8,2069.44,881.82,1124.45,236.37,618.48,605.05,34.26,5569.87,3.95,15.61,0.91,R069
C05083,R0077,TRK008,road,366.2,2123.96,722.02,1005.7,252.75,576.36,407.65,0.0,5088.44,7.21,13.9,1.194,R077
C05084,R0088,TRK015,local,317.1,2600.22,1015.38,924.28,83.79,302.87,91.29,283.76,5301.6,1.41,16.72,1.184,R088
C05085,R0026,TRK029,rail,120.5,433.8,106.02,440.67,21.4,331.68,170.88,1214.4,2718.85,2.96,22.56,0.976,R026
C05086,R0084,TRK048,rail,365.5,1315.8,310.43,390.66,56.87,647.56,613.44,0.0,3334.76,3.09,9.12,0.926,R084
C05087,R0044,TRK026,road,403.4,2339.72,760.58,1242.98,250.95,744.18,133.76,124.84,5597.02,2.81,13.87,0.943,R044
C05088,R0031,TRK021,local,511.8,4196.76,1315.59,1009.67,119.22,876.48,22.13,0.0,7539.85,4.61,14.73,0.938,R031
C05089,R0006,TRK045,road,151.2,876.96,360.68,1100.5,133.15,623.85,102.65,0.0,3197.79,2.42,21.15,1.228,R006
C05090,R0048,TRK047,road,465.7,2701.06,1165.79,1307.34,337.83,522.26,294.01,1314.55,7642.83,1.69,16.41,1.215,R048
C05091,R0027,TRK045,road,167.1,969.18,362.11,1205.06,128.0,622.15,618.01,0.0,3904.51,1.3,23.37,1.2,R027
C05092,R0038,TRK048,local,391.0,3206.2,1133.3,784.29,95.95,457.36,172.05,1057.42,6906.56,5.35,17.66,1.245,R038
C05093,R0026,TRK020,road,38.9,225.62,74.08,1363.67,32.15,715.81,162.91,1706.32,4280.56,0.87,110.04,1.04,R026
C05094,R0006,TRK018,local,226.8,1859.76,562.13,771.01,60.1,175.65,151.91,0.0,3580.56,2.05,15.79,1.217,R006
C05095,R0022,TRK019,road,351.1,2036.38,869.03,1107.03,260.02,250.58,51.13,0.0,4574.17,1.62,13.03,1.118,R022
C05096,R0064,TRK002,road,213.8,1240.04,445.09,1216.41,145.34,154.72,99.0,0.0,3300.6,0.77,15.44,1.027,R064
C05097,R0060,TRK006,local,380.5,3120.1,999.18,876.14,89.58,637.42,65.63,456.1,6244.16,2.11,16.41,0.971,R060
C05098,R0055,TRK011,road,417.9,2423.82,1000.82,960.35,345.36,602.81,538.03,774.29,6645.48,5.96,15.9,1.218,R055
C05099,R0046,TRK039,rail,254.6,916.56,200.07,440.5,36.33,266.09,66.59,0.0,1926.14,0.49,7.57,1.156,R046
C05100,R0021,TRK001,rail,295.4,1063.44,250.62,459.64,46.11,555.69,12.41,0.0,2387.92,1.3,8.08,0.965,R021
C05101,R0078,TRK013,local,262.9,2155.78,692.51,938.87,70.29,263.06,7.11,1090.16,5217.78,2.93,19.85,1.0,R078
C05102,R0036,TRK030,road,292.7,1697.66,551.52,981.42,197.57,536.19,645.35,0.0,4609.71,1.68,15.75,1.191,R036
C05103,R0002,TRK012,road,358.0,2076.4,850.02,1388.76,264.75,574.3,522.59,0.0,5676.82,12.84,15.86,1.144,R002
C05104,R0015,TRK002,road,147.8,857.24,293.71,1345.99,131.59,762.27,271.33,0.0,3662.13,3.38,24.78,1.072,R015
C05105,R0087,TRK027,road,162.1,940.18,402.32,1132.89,107.97,174.38,502.19,0.0,3259.94,1.57,20.11,0.933,R087
C05106,R0033,TRK008,road,460.1,2668.58,973.63,1254.22,313.17,799.63,519.32,1696.58,8225.13,2.61,17.88,1.163,R033
C05107,R0043,TRK044,rail,534.5,1924.2,416.64,530.71,76.62,324.33,343.9,0.0,3616.41,1.77,6.77,1.125,R043
C05108,R0067,TRK021,road,191.3,1109.54,414.61,1329.92,150.11,356.86,12.99,64.34,3438.36,1.01,17.97,1.061,R067
C05109,R0068,TRK011,road,282.6,1639.08,676.07,1286.2,206.22,305.36,662.96,0.0,4775.89,1.82,16.9,0.972,R068
C05110,R0046,TRK046,rail,449.4,1617.84,322.13,379.12,75.54,159.26,179.37,892.0,3625.27,1.49,8.07,0.904,R046
C05111,R0081,TRK009,road,351.2,2036.96,850.68,1035.39,299.87,382.43,653.42,397.24,5655.99,1.22,16.1,0.974,R081
C05112,R0020,TRK023,road,480.1,2784.58,954.73,1331.35,400.36,841.42,417.61,0.0,6730.06,6.73,14.02,1.083,R020
C05113,R0022,TRK045,road,50.6,293.48,105.51,1212.24,37.19,332.27,551.04,0.0,2531.74,5.26,50.03,1.049,R022
C05114,R0043,TRK026,road,372.2,2158.76,757.75,1088.55,283.51,223.83,178.17,559.23,5249.8,1.37,14.1,0.951,R043
C05115,R0039,TRK001,road,425.8,2469.64,860.27,1349.73,306.35,252.87,429.83,0.0,5668.71,3.09,13.31,1.166,R039
C05116,R0028,TRK030,local,203.8,1671.16,552.14,913.13,60.37,702.76,198.28,126.43,4224.27,1.26,20.73,1.091,R028
C05117,R0027,TRK027,local,194.4,1594.08,569.34,810.1,45.99,786.27,94.95,0.0,3900.73,2.38,20.07,1.073,R027
C05118,R0055,TRK008,rail,251.5,905.4,198.98,533.85,30.82,879.78,390.49,536.26,3475.59,0.87,13.82,1.147,R055
C05119,R0040,TRK007,road,161.8,938.44,366.49,1086.31,135.02,355.08,498.54,1529.45,4909.32,5.18,30.34,1.175,R040
C05120,R0034,TRK039,road,407.9,2365.82,912.99,1248.54,352.1,290.06,682.12,0.0,5851.63,1.88,14.35,0.973,R034
C05121,R0009,TRK040,road,249.1,1444.78,495.6,1163.07,203.85,342.06,68.66,0.0,3718.03,8.26,14.93,1.009,R009
C05122,R0018,TRK026,local,498.7,4089.34,1292.67,842.5,120.23,218.08,19.79,1453.23,8035.84,1.9,16.11,0.928,R018
C05123,R0016,TRK003,road,537.2,3115.76,1128.89,1398.6,325.36,507.78,418.23,1679.97,8574.59,3.27,15.96,1.082,R016
C05124,R0008,TRK026,road,65.7,381.06,147.87,1189.03,52.82,513.82,514.19,0.0,2798.79,0.74,42.6,0.963,R008
C05125,R0027,TRK009,local,417.2,3421.04,1012.45,1039.29,88.23,366.14,233.63,1331.4,7492.19,2.12,17.96,1.066,R027
C05126,R0056,TRK038,rail,321.6,1157.76,267.47,453.73,39.92,176.01,100.44,0.0,2195.33,2.06,6.83,1.106,R056
C05127,R0079,TRK002,road,517.9,3003.82,1010.34,1148.01,378.49,617.93,258.7,0.0,6417.29,8.49,12.39,0.975,R079
C05128,R0085,TRK010,local,165.3,1355.46,404.68,1039.99,36.89,771.5,211.36,0.0,3819.89,1.01,23.11,1.05,R085
C05129,R0039,TRK044,local,204.4,1676.08,579.11,932.06,54.78,640.79,233.31,0.0,4116.14,2.65,20.14,0.992,R039
C05130,R0027,TRK045,road,453.3,2629.14,905.39,1203.01,388.77,246.0,626.83,634.8,6633.95,4.58,14.63,1.126,R027
C05131,R0041,TRK009,road,463.5,2688.3,896.78,1056.24,313.48,578.51,226.89,0.0,5760.2,4.33,12.43,0.906,R041
C05132,R0060,TRK047,road,129.5,751.1,282.39,1247.39,82.54,544.27,94.96,0.0,3002.65,1.5,23.19,1.215,R060
C05133,R0100,TRK034,road,257.7,1494.66,536.9,1141.35,225.04,596.87,45.25,0.0,4040.07,1.5,15.68,0.924,R100
C05134,R0080,TRK027,local,461.9,3787.58,1454.12,751.29,116.31,835.98,4.25,0.0,6949.53,2.02,15.05,1.069,R080
C05135,R0047,TRK050,road,125.3,726.74,292.36,1339.57,80.34,712.13,436.66,644.4,4232.2,1.1,33.78,1.131,R047
C05136,R0023,TRK027,road,63.2,366.56,145.95,1285.88,50.19,738.35,629.02,0.0,3215.94,1.28,50.89,1.14,R023
C05137,R0080,TRK007,road,110.6,641.48,238.25,1380.37,80.71,751.74,611.44,0.0,3704.0,1.78,33.49,1.186,R080
C05138,R0063,TRK006,road,56.4,327.12,118.98,1267.47,47.05,658.07,149.63,0.0,2568.32,4.08,45.54,1.142,R063
C05139,R0072,TRK037,road,549.5,3187.1,1183.82,1069.41,400.44,397.63,22.84,0.0,6261.24,1.38,11.39,0.926,R072
C05140,R0010,TRK050,road,214.9,1246.42,445.47,1030.51,147.49,582.81,63.73,919.94,4436.37,1.28,20.64,0.965,R010
C05141,R0089,TRK046,road,413.3,2397.14,891.81,1428.75,293.25,822.88,247.54,0.0,6081.38,4.38,14.71,1.11,R089
C05142,R0001,TRK040,local,213.8,1753.16,576.88,1044.6,58.25,217.65,122.83,1192.48,4965.86,1.3,23.23,1.179,R001
C05143,R0050,TRK045,local,323.8,2655.16,953.08,1026.61,77.2,847.88,59.18,916.55,6535.65,3.89,20.18,1.032,R050
C05144,R0002,TRK005,road,67.3,390.34,144.2,1174.19,50.73,232.82,699.95,0.0,2692.22,0.79,40.0,1.027,R002
C05145,R0078,TRK033,road,255.8,1483.64,535.86,1054.18,205.8,774.49,326.42,484.86,4865.25,1.31,19.02,0.915,R078
C05146,R0099,TRK035,local,452.3,3708.86,1225.9,872.56,95.12,541.43,227.12,0.0,6670.99,1.5,14.75,1.084,R099
C05147,R0039,TRK050,road,399.6,2317.68,972.82,1146.48,242.5,880.44,230.85,800.97,6591.73,5.61,16.5,0.912,R039
C05148,R0088,TRK023,road,303.1,1757.98,589.65,1233.18,213.07,233.11,106.83,1560.47,5694.3,1.27,18.79,0.925,R088
C05149,R0019,TRK026,road,265.0,1537.0,649.54,1290.45,159.43,700.37,350.39,0.0,4687.17,3.85,17.69,0.911,R019
C05150,R0012,TRK008,road,408.4,2368.72,941.58,1037.25,326.45,336.44,540.79,1249.1,6800.32,1.71,16.65,1.105,R012
C05151,R0059,TRK006,road,427.4,2478.92,1034.76,1311.91,335.58,606.13,378.43,1641.78,7787.49,2.6,18.22,0.94,R059
C05152,R0036,TRK050,local,400.5,3284.1,1014.07,1024.93,82.13,706.91,128.34,1721.8,7962.28,2.2,19.88,0.994,R036
C05153,R0050,TRK033,road,370.2,2147.16,815.0,1211.99,234.06,636.48,683.97,0.0,5728.66,1.43,15.47,1.225,R050
C05154,R0081,TRK002,road,475.8,2759.64,1127.62,1250.65,315.67,365.82,88.97,1406.04,7314.41,2.05,15.37,1.174,R081
C05155,R0055,TRK032,local,528.3,4332.06,1532.98,1067.35,144.83,209.15,170.9,0.0,7457.27,1.6,14.12,1.072,R055
C05156,R0065,TRK020,local,125.2,1026.64,323.61,975.88,29.59,531.23,47.23,0.0,2934.18,5.66,23.44,1.069,R065
C05157,R0025,TRK031,road,100.2,581.16,220.04,1287.31,88.93,526.38,174.38,0.0,2878.2,0.85,28.72,0.903,R025
C05158,R0021,TRK015,road,218.4,1266.72,483.06,1267.98,189.25,778.47,133.16,0.0,4118.65,5.92,18.86,0.948,R021
C05159,R0053,TRK042,rail,256.0,921.6,184.19,446.33,37.94,783.17,57.92,177.38,2608.54,1.11,10.19,1.024,R053
C05160,R0009,TRK010,road,269.2,1561.36,642.77,1392.12,203.46,664.57,233.78,1626.5,6324.56,6.14,23.49,0.959,R009
C05161,R0100,TRK050,road,502.0,2911.6,1011.9,1254.52,407.89,707.1,648.81,0.0,6941.81,2.53,13.83,0.91,R100
C05162,R0024,TRK046,road,241.8,1402.44,486.47,1283.39,200.21,211.75,567.1,0.0,4151.37,0.96,17.17,1.088,R024
C05163,R0003,TRK021,road,115.5,669.9,274.42,1271.4,78.03,524.8,95.79,1276.41,4190.75,2.22,36.28,1.225,R003
C05164,R0001,TRK008,local,216.3,1773.66,661.0,912.1,62.11,273.7,108.96,0.0,3791.53,0.85,17.53,1.028,R001
C05165,R0072,TRK010,local,370.5,3038.1,966.4,734.18,94.63,485.51,281.38,0.0,5600.19,3.7,15.12,1.116,R072
C05166,R0071,TRK009,road,221.5,1284.7,537.82,1347.82,146.54,561.04,439.09,0.0,4317.02,2.26,19.49,1.209,R071
C05167,R0094,TRK034,local,324.7,2662.54,864.72,731.93,77.37,201.97,263.89,0.0,4802.42,1.92,14.79,1.089,R094
C05168,R0064,TRK032,road,278.8,1617.04,641.94,1165.75,208.53,457.97,428.54,0.0,4519.77,1.52,16.21,1.209,R064
C05169,R0025,TRK009,road,394.6,2288.68,937.08,1049.73,241.31,274.75,475.49,0.0,5267.04,1.91,13.35,1.147,R025
C05170,R0015,TRK041,rail,418.1,1505.16,284.62,515.75,52.3,536.31,42.0,0.0,2936.14,3.27,7.02,1.249,R015
C05171,R0081,TRK045,road,31.8,184.44,69.26,1075.12,27.42,789.62,154.83,0.0,2300.7,0.46,72.35,1.11,R081
C05172,R0004,TRK039,road,74.6,432.68,187.58,1235.63,51.51,426.78,395.28,943.05,3672.52,2.55,49.23,1.217,R004
C05173,R0051,TRK024,road,356.6,2068.28,828.05,1082.73,297.61,877.49,80.79,783.2,6018.15,1.62,16.88,1.061,R051
C05174,R0006,TRK050,rail,100.6,362.16,83.22,414.65,17.81,291.85,204.38,0.0,1374.07,0.3,13.66,0.953,R006
C05175,R0026,TRK010,rail,260.5,937.8,209.9,362.94,39.03,826.79,649.74,0.0,3026.19,2.23,11.62,1.094,R026
C05176,R0032,TRK013,road,162.5,942.5,386.4,994.47,97.58,286.05,194.42,75.11,2976.53,1.15,18.32,1.022,R032
C05177,R0087,TRK048,road,56.2,325.96,115.5,985.05,41.08,567.47,439.5,182.7,2657.26,1.79,47.28,0.944,R087
C05178,R0089,TRK004,road,321.1,1862.38,667.48,1000.69,205.88,751.94,383.06,352.81,5224.24,1.57,16.27,0.93,R089
C05179,R0091,TRK024,road,166.6,966.28,316.69,1098.9,149.74,310.99,4.66,0.0,2847.26,1.14,17.09,1.054,R091
C05180,R0083,TRK019,road,123.6,716.88,255.62,1238.27,97.21,520.12,410.7,0.0,3238.8,3.91,26.2,1.181,R083
C05181,R0072,TRK002,road,37.0,214.6,87.48,1111.35,31.62,263.77,633.78,424.99,2767.58,0.84,74.8,1.063,R072
C05182,R0086,TRK041,road,386.3,2240.54,785.31,961.57,332.25,846.69,121.68,0.0,5288.05,9.11,13.69,1.077,R086
C05183,R0050,TRK044,road,223.7,1297.46,486.12,1201.62,137.52,277.28,425.25,0.0,3825.24,1.25,17.1,1.242,R050
C05184,R0036,TRK049,local,378.8,3106.16,1167.9,852.38,108.43,568.56,245.11,571.1,6619.62,1.9,17.48,1.241,R036
C05185,R0074,TRK030,rail,337.1,1213.56,306.17,382.76,51.71,229.49,340.31,798.16,3322.16,6.33,9.86,1.0,R074
C05186,R0095,TRK042,local,227.7,1867.14,608.43,793.27,59.12,666.73,252.95,0.0,4247.64,1.26,18.65,0.967,R095
C05187,R0076,TRK015,rail,396.7,1428.12,288.58,426.73,49.64,589.07,318.92,1194.33,4295.38,0.87,10.83,0.936,R076
C05188,R0099,TRK040,rail,428.3,1541.88,365.34,405.88,62.2,396.22,22.14,596.51,3390.18,1.15,7.92,1.083,R099
C05189,R0098,TRK012,road,53.8,312.04,132.54,1413.43,39.96,441.23,43.61,0.0,2382.81,0.56,44.29,1.113,R098
C05190,R0011,TRK037,local,89.7,735.54,265.85,733.2,21.22,787.5,8.96,0.0,2552.26,0.64,28.45,1.137,R011
C05191,R0026,TRK015,local,530.6,4350.92,1553.62,1027.75,109.38,172.4,145.17,0.0,7359.24,5.93,13.87,1.036,R026
C05192,R0004,TRK018,road,91.6,531.28,195.06,1157.15,75.2,257.91,635.89,0.0,2852.5,1.35,31.14,1.176,R004
C05193,R0045,TRK035,local,218.6,1792.52,623.16,989.42,47.68,470.89,111.81,738.18,4773.66,9.17,21.84,1.1,R045
C05194,R0045,TRK030,road,208.8,1211.04,435.44,1173.36,173.97,781.7,580.87,0.0,4356.37,1.16,20.86,1.072,R045
C05195,R0070,TRK029,local,406.2,3330.84,1146.0,794.5,102.68,841.32,135.68,0.0,6351.02,3.54,15.64,0.958,R070
C05196,R0027,TRK002,local,444.4,3644.08,1121.88,909.59,131.1,849.41,292.77,1201.87,8150.7,2.37,18.34,1.063,R027
C05197,R0049,TRK044,road,396.8,2301.44,811.39,1181.92,239.95,517.77,393.65,0.0,5446.12,5.14,13.73,1.239,R049
C05198,R0083,TRK042,road,365.3,2118.74,841.23,1181.39,317.83,207.82,426.21,0.0,5093.22,1.13,13.94,1.2,R083
C05199,R0081,TRK042,rail,287.5,1035.0,219.07,486.46,49.72,860.93,311.8,527.53,3490.5,1.25,12.14,1.16,R081
C05200,R0001,TRK013,road,279.2,1619.36,630.42,1189.13,235.94,308.37,663.1,62.16,4708.47,2.68,16.86,0.963,R001
C05201,R0043,TRK008,road,524.1,3039.78,1106.98,1026.69,315.96,663.43,393.1,0.0,6545.94,1.32,12.49,0.915,R043
C05202,R0089,TRK020,road,205.5,1191.9,432.69,1126.27,145.96,723.93,575.32,0.0,4196.08,1.15,20.42,0.911,R089
C05203,R0005,TRK016,road,398.2,2309.56,749.18,1400.9,283.36,244.69,478.19,0.0,5465.88,1.5,13.73,1.164,R005
C05204,R0010,TRK049,road,117.0,678.6,240.83,1317.5,83.0,613.83,600.04,1266.54,4800.33,2.32,41.03,1.083,R010
C05205,R0024,TRK016,road,209.4,1214.52,475.94,1326.8,168.66,316.87,496.63,1310.03,5309.45,6.41,25.36,0.973,R024
C05206,R0069,TRK005,road,400.4,2322.32,1011.29,1374.71,286.94,548.9,324.97,0.0,5869.13,4.62,14.66,0.972,R069
C05207,R0072,TRK035,local,82.3,674.86,217.01,935.14,21.8,369.35,66.76,1056.01,3340.93,4.08,40.59,1.227,R072
C05208,R0074,TRK028,local,34.9,286.18,92.37,733.39,7.87,798.16,220.44,193.5,2331.9,0.92,66.82,0.978,R074
C05209,R0041,TRK009,local,35.3,289.46,97.94,907.48,8.38,677.57,76.2,0.0,2057.03,0.6,58.27,1.205,R041
C05210,R0067,TRK005,rail,431.4,1553.04,327.98,459.16,67.87,368.75,318.31,1405.39,4500.51,4.81,10.43,1.058,R067
C05211,R0059,TRK039,local,484.4,3972.08,1465.26,820.83,119.02,729.04,17.14,0.0,7123.36,3.34,14.71,1.205,R059
C05212,R0009,TRK010,road,390.1,2262.58,891.04,1017.86,258.61,867.83,309.69,0.0,5607.61,1.86,14.37,1.083,R009
C05213,R0011,TRK001,rail,342.9,1234.44,263.84,531.54,48.46,525.82,242.51,0.0,2846.61,0.59,8.3,1.245,R011
C05214,R0068,TRK041,road,275.6,1598.48,611.27,1149.05,171.06,212.24,610.52,2.79,4355.41,1.08,15.8,1.052,R068
C05215,R0043,TRK038,road,166.5,965.7,334.89,1165.39,117.1,717.34,250.24,0.0,3550.66,4.17,21.33,1.157,R043
C05216,R0092,TRK049,road,304.6,1766.68,659.88,1439.63,195.39,340.28,499.37,1780.44,6681.66,6.84,21.94,1.013,R092
C05217,R0052,TRK012,rail,263.1,947.16,222.94,538.27,36.44,844.03,157.16,1019.6,3765.6,4.87,14.31,1.187,R052
C05218,R0031,TRK023,rail,302.0,1087.2,218.69,502.73,45.63,228.82,621.99,0.0,2705.06,0.57,8.96,1.226,R031
C05219,R0070,TRK045,rail,488.5,1758.6,419.44,478.94,81.13,887.47,434.63,535.83,4596.04,1.26,9.41,0.92,R070
C05220,R0014,TRK025,road,508.5,2949.3,970.57,1100.55,437.32,473.23,166.04,0.0,6097.01,1.93,11.99,0.903,R014
C05221,R0010,TRK027,local,202.4,1659.68,517.8,854.83,48.92,792.65,122.51,0.0,3996.39,2.06,19.75,0.942,R010
C05222,R0008,TRK020,rail,224.3,807.48,158.83,363.97,29.1,820.25,561.69,0.0,2741.32,0.55,12.22,1.06,R008
C05223,R0027,TRK026,road,64.5,374.1,159.37,1247.57,56.12,593.96,441.98,0.0,2873.09,1.65,44.54,1.231,R027
C05224,R0028,TRK004,road,97.6,566.08,186.26,991.66,82.98,229.6,558.71,0.0,2615.29,3.63,26.8,0.933,R028
C05225,R0021,TRK013,rail,203.1,731.16,185.3,373.29,33.57,628.27,63.3,0.0,2014.89,1.01,9.92,1.074,R021
C05226,R0069,TRK042,rail,159.0,572.4,119.58,437.3,26.71,664.86,9.07,63.14,1893.06,0.72,11.91,1.029,R069
C05227,R0076,TRK034,road,205.0,1189.0,498.71,1120.51,150.91,894.56,476.76,786.64,5117.1,1.14,24.96,1.085,R076
C05228,R0063,TRK014,local,234.4,1922.08,636.43,1026.08,49.11,788.49,198.81,666.5,5287.51,4.42,22.56,0.958,R063
C05229,R0025,TRK024,local,251.8,2064.76,799.71,996.08,69.27,481.18,38.07,813.21,5262.27,2.32,20.9,1.117,R025
C05230,R0097,TRK016,road,171.7,995.86,400.07,1044.85,118.99,658.49,599.78,126.95,3944.99,1.57,22.98,0.986,R097
C05231,R0011,TRK021,road,434.9,2522.42,934.51,1200.37,297.11,324.77,132.77,0.0,5411.96,2.01,12.44,1.229,R011
C05232,R0033,TRK019,rail,369.0,1328.4,292.14,435.29,60.22,377.25,555.55,0.0,3048.84,0.64,8.26,1.25,R033
C05233,R0057,TRK046,local,528.8,4336.16,1436.0,895.97,156.05,395.19,90.18,545.05,7854.6,4.63,14.85,0.974,R057
C05234,R0031,TRK005,rail,544.2,1959.12,372.13,379.58,83.39,818.04,667.71,0.0,4279.97,3.64,7.86,1.125,R031
C05235,R0017,TRK041,road,395.4,2293.32,900.35,1170.92,245.33,193.89,240.96,1534.0,6578.77,3.68,16.64,1.124,R017
C05236,R0067,TRK021,road,307.0,1780.6,728.09,1266.89,230.71,529.92,447.57,0.0,4983.78,7.84,16.23,0.92,R067
C05237,R0052,TRK049,rail,422.6,1521.36,292.0,374.19,62.49,800.83,517.92,0.0,3568.79,1.61,8.44,1.136,R052
C05238,R0019,TRK020,road,303.3,1759.14,567.38,1278.2,199.47,407.67,243.53,0.0,4455.38,1.9,14.69,1.024,R019
C05239,R0047,TRK049,road,483.2,2802.56,1066.8,1064.28,325.32,804.43,42.43,0.0,6105.82,1.54,12.64,1.069,R047
C05240,R0024,TRK047,road,366.5,2125.7,715.94,1383.64,299.22,688.76,500.82,600.41,6314.49,6.28,17.23,1.008,R024
C05241,R0059,TRK026,local,178.3,1462.06,482.39,950.38,44.27,613.37,48.02,423.54,4024.03,1.38,22.57,0.993,R059
C05242,R0092,TRK020,rail,503.8,1813.68,387.15,379.13,84.38,501.47,216.3,0.0,3382.12,1.4,6.71,0.91,R092
C05243,R0021,TRK019,road,154.6,896.68,372.86,1073.62,134.21,668.47,654.69,514.37,4314.91,1.46,27.91,1.104,R021
C05244,R0099,TRK022,road,476.1,2761.38,1044.33,973.7,424.71,574.35,434.32,0.0,6212.79,3.34,13.05,1.18,R099
C05245,R0042,TRK009,rail,206.2,742.32,141.53,518.46,27.04,259.46,626.49,405.43,2720.72,5.02,13.19,1.118,R042
C05246,R0037,TRK050,road,200.1,1160.58,391.05,1415.79,171.67,613.87,94.71,0.0,3847.67,0.81,19.23,0.939,R037
C05247,R0059,TRK045,road,403.8,2342.04,841.98,1335.49,331.05,851.97,630.1,1684.47,8017.11,7.2,19.85,1.132,R059
C05248,R0088,TRK032,road,117.0,678.6,222.58,1302.08,98.89,226.16,688.68,0.0,3216.99,1.08,27.5,0.916,R088
C05249,R0001,TRK041,rail,31.3,112.68,27.9,539.43,5.56,375.34,11.83,0.0,1072.73,0.3,34.27,1.059,R001
C05250,R0030,TRK009,road,465.6,2700.48,985.23,1204.39,371.91,431.52,244.6,753.54,6691.67,5.46,14.37,1.075,R030
C05251,R0049,TRK047,road,269.6,1563.68,621.62,1179.64,179.56,501.17,674.57,1078.64,5798.88,1.41,21.51,1.113,R049
C05252,R0075,TRK040,rail,43.3,155.88,29.56,485.23,7.11,319.38,592.9,1408.86,2998.92,4.36,69.26,1.218,R075
C05253,R0006,TRK004,road,265.7,1541.06,516.47,1203.99,230.95,836.16,326.29,0.0,4654.92,1.58,17.52,0.934,R006
C05254,R0057,TRK048,road,469.5,2723.1,1088.08,1226.59,411.43,558.31,417.66,0.0,6425.17,6.72,13.69,1.044,R057
C05255,R0045,TRK010,road,261.6,1517.28,492.63,1224.06,189.69,579.51,318.97,0.0,4322.13,6.43,16.52,1.004,R045
C05256,R0061,TRK018,road,90.6,525.48,212.62,1119.78,59.96,825.27,226.53,306.68,3276.32,0.92,36.16,1.091,R061
C05257,R0064,TRK016,rail,304.9,1097.64,220.27,414.07,44.12,447.01,200.62,0.0,2423.73,0.64,7.95,1.081,R064
C05258,R0025,TRK035,road,362.4,2101.92,799.89,1307.0,266.7,606.82,490.81,0.0,5573.14,1.48,15.38,1.085,R025
C05259,R0073,TRK043,rail,383.0,1378.8,341.03,420.9,62.32,787.6,510.97,0.0,3501.62,1.13,9.14,1.054,R073
C05260,R0047,TRK014,road,315.2,1828.16,717.11,1312.75,240.69,772.68,624.55,0.0,5495.93,2.25,17.44,0.916,R047
C05261,R0085,TRK046,local,176.1,1444.02,441.9,1004.78,51.2,782.29,244.07,0.0,3968.25,1.76,22.53,1.049,R085
C05262,R0064,TRK014,road,374.0,2169.2,804.76,1102.44,292.15,733.45,227.74,0.0,5329.74,8.2,14.25,1.125,R064
C05263,R0072,TRK021,rail,287.1,1033.56,218.77,384.84,48.04,704.83,216.2,0.0,2606.24,0.53,9.08,1.022,R072
C05264,R0100,TRK049,road,34.0,197.2,83.27,1020.49,23.1,543.02,172.02,1112.09,3151.2,2.09,92.68,1.133,R100
C05265,R0020,TRK049,road,178.8,1037.04,421.16,975.18,111.24,586.26,1.25,182.06,3314.2,1.74,18.54,1.106,R020
C05266,R0088,TRK049,road,486.3,2820.54,1114.98,1080.76,393.29,714.04,484.17,257.89,6865.68,3.97,14.12,1.164,R088
C05267,R0014,TRK043,road,439.3,2547.94,1108.25,1077.89,275.93,339.89,366.87,0.0,5716.76,1.97,13.01,0.91,R014
C05268,R0055,TRK044,rail,424.0,1526.4,384.92,405.37,65.72,318.91,158.39,1241.2,4100.92,1.84,9.67,1.071,R055
C05269,R0041,TRK037,rail,129.2,465.12,110.01,511.66,16.89,714.57,312.85,0.0,2131.1,0.51,16.49,0.955,R041
C05270,R0022,TRK016,rail,75.9,273.24,52.85,440.83,11.98,885.41,448.55,1545.44,3658.3,1.38,48.2,1.11,R022
C05271,R0092,TRK013,road,443.6,2572.88,1014.17,1249.88,314.25,410.92,70.68,0.0,5632.79,1.85,12.7,0.986,R092
C05272,R0083,TRK031,road,505.7,2933.06,1235.55,1335.56,363.51,532.18,670.17,0.0,7070.03,3.23,13.98,1.179,R083
C05273,R0024,TRK050,local,203.7,1670.34,505.98,848.45,59.07,662.17,29.66,0.0,3775.66,1.03,18.54,1.147,R024
C05274,R0068,TRK011,road,175.7,1019.06,379.46,1351.19,123.29,635.99,218.71,643.45,4371.15,1.0,24.88,1.127,R068
C05275,R0043,TRK022,road,449.7,2608.26,962.23,1047.14,390.61,195.87,549.21,1141.99,6895.31,12.44,15.33,0.945,R043
C05276,R0060,TRK037,road,95.2,552.16,201.61,1308.68,66.63,281.27,497.94,0.0,2908.28,1.83,30.55,0.972,R060
C05277,R0092,TRK013,rail,92.4,332.64,69.56,423.98,13.09,846.44,535.11,0.0,2220.82,0.75,24.03,0.982,R092
C05278,R0078,TRK031,local,440.4,3611.28,1347.09,1078.67,111.28,739.74,266.67,0.0,7154.72,2.82,16.25,1.196,R078
C05279,R0005,TRK002,road,171.7,995.86,340.62,1266.64,152.39,764.1,332.21,0.0,3851.83,0.99,22.43,1.222,R005
C05280,R0062,TRK011,road,328.2,1903.56,827.91,1149.05,251.14,852.53,331.35,0.0,5315.54,2.27,16.2,1.049,R062
C05281,R0014,TRK005,rail,508.8,1831.68,451.32,434.44,87.81,753.74,55.31,0.0,3614.31,0.84,7.1,1.021,R014
C05282,R0093,TRK043,road,203.4,1179.72,511.71,1332.19,163.53,184.52,71.68,0.0,3443.34,1.55,16.93,1.157,R093
C05283,R0085,TRK034,rail,351.7,1266.12,284.93,405.55,48.69,444.4,54.06,1417.78,3921.51,6.25,11.15,0.912,R085
C05284,R0070,TRK039,rail,480.4,1729.44,352.22,513.16,61.51,366.43,451.71,0.0,3474.47,2.33,7.23,1.003,R070
C05285,R0091,TRK023,road,305.3,1770.74,758.39,1058.25,192.67,524.11,498.64,296.01,5098.81,1.06,16.7,1.2,R091
C05286,R0053,TRK045,road,141.3,819.54,284.2,1257.59,116.87,649.63,352.3,0.0,3480.13,0.8,24.63,1.043,R053
C05287,R0090,TRK033,road,69.3,401.94,139.53,1114.97,44.62,771.31,6.98,1079.26,3558.61,2.52,51.35,1.218,R090
C05288,R0060,TRK009,road,547.9,3177.82,1254.06,1253.68,469.67,153.4,555.11,0.0,6863.74,1.86,12.53,1.063,R060
C05289,R0066,TRK008,rail,257.8,928.08,190.5,371.81,31.55,235.85,201.33,1020.14,2979.26,4.85,11.56,0.954,R066
C05290,R0008,TRK026,rail,531.6,1913.76,403.18,448.14,69.18,644.25,31.11,0.0,3509.62,2.46,6.6,0.994,R008
C05291,R0048,TRK017,road,329.5,1911.1,803.9,1244.31,248.08,711.08,253.1,0.0,5171.58,2.11,15.7,1.185,R048
C05292,R0056,TRK050,rail,221.3,796.68,197.73,454.15,32.87,839.55,532.98,0.0,2853.96,1.14,12.9,1.105,R056
C05293,R0005,TRK024,rail,299.5,1078.2,245.28,407.71,47.58,471.7,679.06,0.0,2929.52,2.57,9.78,1.15,R005
C05294,R0094,TRK044,road,491.9,2853.02,1201.96,1014.22,380.2,208.04,318.96,0.0,5976.41,6.15,12.15,1.051,R094
C05295,R0076,TRK013,rail,278.4,1002.24,194.74,380.71,47.07,686.41,559.86,0.0,2871.03,0.69,10.31,1.073,R076
C05296,R0076,TRK045,road,215.0,1247.0,454.61,1392.34,166.19,809.81,310.79,0.0,4380.74,3.05,20.38,0.936,R076
C05297,R0027,TRK015,road,416.1,2413.38,1051.63,1309.43,304.76,228.73,127.4,1045.22,6480.56,1.91,15.57,1.151,R027
C05298,R0011,TRK045,road,95.2,552.16,200.21,970.48,70.49,525.25,96.46,0.0,2415.05,1.28,25.37,0.906,R011
C05299,R0092,TRK039,rail,511.4,1841.04,352.54,504.38,78.5,393.43,308.71,0.0,3478.59,6.66,6.8,1.178,R092
C05300,R0061,TRK029,road,148.0,858.4,363.8,1258.95,120.53,243.73,231.51,1501.74,4578.67,10.02,30.94,1.242,R061
C05301,R0008,TRK043,road,371.4,2154.12,714.18,1129.0,243.01,562.72,258.3,0.0,5061.33,2.42,13.63,0.913,R008
C05302,R0037,TRK003,road,416.7,2416.86,979.82,1101.76,297.05,359.11,597.19,0.0,5751.78,1.39,13.8,1.031,R037
C05303,R0013,TRK002,road,408.2,2367.56,886.02,1172.04,257.6,239.92,485.58,1127.5,6536.21,1.7,16.01,1.092,R013
C05304,R0007,TRK040,road,285.5,1655.9,634.86,1156.94,223.19,190.19,533.55,0.0,4394.63,0.89,15.39,1.084,R007
C05305,R0060,TRK031,road,297.8,1727.24,723.47,1323.02,248.85,763.24,676.62,0.0,5462.45,1.74,18.34,1.218,R060
C05306,R0096,TRK008,road,373.2,2164.56,904.47,1190.64,257.79,373.77,419.43,0.0,5310.67,6.12,14.23,1.056,R096
C05307,R0023,TRK036,local,399.4,3275.08,1151.76,1003.1,98.94,306.42,229.74,0.0,6065.04,1.28,15.19,1.035,R023
C05308,R0084,TRK035,road,299.7,1738.26,607.46,977.46,180.55,617.4,126.86,0.0,4247.99,5.63,14.17,1.055,R084
C05309,R0051,TRK032,road,526.2,3051.96,1207.17,1072.28,366.34,462.23,104.61,757.98,7022.57,8.16,13.35,1.058,R051
C05310,R0081,TRK044,road,328.3,1904.14,653.02,1052.96,283.59,419.86,81.33,0.0,4394.9,2.6,13.39,0.926,R081
C05311,R0017,TRK033,rail,158.5,570.6,125.76,438.89,26.89,207.76,210.33,1374.04,2954.26,1.85,18.64,1.147,R017
C05312,R0019,TRK017,local,170.2,1395.64,510.03,860.46,40.61,628.2,275.61,1531.11,5241.67,1.23,30.8,1.161,R019
C05313,R0088,TRK034,local,187.3,1535.86,568.17,788.31,55.26,258.85,172.98,1758.89,5138.32,1.33,27.43,0.916,R088
C05314,R0031,TRK009,local,88.3,724.06,229.91,739.76,25.13,386.21,161.58,1697.44,3964.1,4.13,44.89,1.097,R031
C05315,R0069,TRK007,local,41.4,339.48,116.27,1057.74,10.98,231.94,96.39,1549.19,3401.98,0.79,82.17,0.936,R069
C05316,R0092,TRK023,road,97.5,565.5,202.26,1025.76,70.81,707.62,488.86,0.0,3060.81,1.09,31.39,1.224,R092
C05317,R0045,TRK004,road,349.6,2027.68,798.87,1423.99,271.33,812.54,523.34,0.0,5857.75,2.46,16.76,1.153,R045
C05318,R0080,TRK009,road,41.9,243.02,89.53,1422.66,33.39,692.28,639.68,0.0,3120.56,0.79,74.48,1.02,R080
C05319,R0026,TRK048,local,269.2,2207.44,704.92,950.2,77.28,780.03,168.46,0.0,4888.33,3.81,18.16,1.057,R026
C05320,R0044,TRK050,road,496.7,2880.86,1032.94,979.04,343.69,546.19,186.62,0.0,5969.33,2.59,12.02,1.119,R044
C05321,R0075,TRK044,rail,130.7,470.52,93.31,479.59,19.37,645.86,217.86,1693.37,3619.88,10.34,27.7,1.01,R075
C05322,R0060,TRK047,road,200.6,1163.48,405.92,972.69,166.72,372.64,61.77,0.0,3143.23,1.26,15.67,1.06,R060
C05323,R0054,TRK009,rail,103.6,372.96,85.5,460.07,15.13,724.45,248.38,747.49,2653.98,3.76,25.62,1.012,R054
C05324,R0049,TRK022,road,269.5,1563.1,513.92,978.24,197.59,224.29,79.96,0.0,3557.09,1.07,13.2,1.088,R049
C05325,R0062,TRK013,road,515.1,2987.58,1249.24,991.78,334.45,474.98,63.92,382.66,6484.6,5.75,12.59,0.956,R062
C05326,R0041,TRK043,road,144.3,836.94,314.76,1147.71,117.18,797.03,135.07,0.0,3348.7,0.91,23.21,0.915,R041
C05327,R0004,TRK029,local,67.1,550.22,186.09,1039.81,17.27,497.74,152.23,0.0,2443.37,0.9,36.41,1.08,R004
C05328,R0008,TRK009,road,415.8,2411.64,950.29,1206.49,274.1,565.86,390.43,990.93,6789.75,1.6,16.33,0.902,R008
C05329,R0090,TRK015,rail,105.7,380.52,92.18,412.94,15.77,840.36,395.44,0.0,2137.22,1.08,20.22,0.947,R090
C05330,R0041,TRK006,road,274.5,1592.1,609.72,1017.52,178.53,263.75,432.19,0.0,4093.81,0.94,14.91,1.171,R041
C05331,R0093,TRK014,road,508.6,2949.88,1279.14,971.45,440.53,215.14,642.07,0.0,6498.21,1.3,12.78,1.204,R093
C05332,R0061,TRK033,road,271.4,1574.12,604.23,1201.98,169.04,493.22,56.04,1082.79,5181.42,1.51,19.09,1.026,R061
C05333,R0028,TRK034,local,236.8,1941.76,615.21,853.92,56.01,817.67,68.62,0.0,4353.18,1.08,18.38,1.247,R028
C05334,R0097,TRK005,rail,487.4,1754.64,393.73,417.01,87.01,868.38,249.57,474.11,4244.45,7.31,8.71,1.029,R097
C05335,R0022,TRK018,road,71.8,416.44,139.76,1311.71,51.82,260.46,176.96,361.14,2718.3,0.59,37.86,1.112,R022
C05336,R0100,TRK041,rail,511.8,1842.48,395.63,504.25,79.76,675.17,30.55,0.0,3527.84,1.51,6.89,0.95,R100
C05337,R0023,TRK032,rail,377.2,1357.92,288.51,431.58,54.51,334.27,270.23,0.0,2737.02,3.47,7.26,1.219,R023
C05338,R0065,TRK031,rail,248.3,893.88,176.49,448.98,36.81,486.23,273.58,0.0,2315.96,0.64,9.33,1.242,R065
C05339,R0051,TRK026,road,305.4,1771.32,738.3,1078.42,273.83,504.51,202.84,1451.36,6020.58,7.47,19.71,1.169,R051
C05340,R0007,TRK044,local,123.5,1012.7,373.07,984.21,36.63,847.45,35.96,0.0,3290.02,1.13,26.64,1.195,R007
C05341,R0038,TRK036,road,482.8,2800.24,1052.37,992.26,311.58,597.74,38.38,0.0,5792.56,1.31,12.0,0.912,R038
C05342,R0032,TRK029,road,329.3,1909.94,815.04,1271.84,257.46,182.83,696.21,0.0,5133.31,1.98,15.59,0.983,R032
C05343,R0038,TRK030,rail,445.5,1603.8,399.13,511.41,63.3,260.87,17.35,0.0,2855.86,1.12,6.41,1.05,R038
C05344,R0068,TRK004,road,465.2,2698.16,1086.2,1182.58,378.87,580.59,264.83,0.0,6191.22,2.22,13.31,1.068,R068
C05345,R0009,TRK020,road,531.8,3084.44,1209.55,1033.81,455.26,822.36,188.38,0.0,6793.8,8.24,12.78,1.118,R009
C05346,R0075,TRK019,road,505.3,2930.74,972.77,974.7,338.06,625.45,537.47,0.0,6379.2,1.69,12.62,1.126,R075
C05347,R0056,TRK039,road,484.8,2811.84,1210.06,1311.15,313.16,811.23,268.11,0.0,6725.55,1.46,13.87,1.097,R056
C05348,R0022,TRK002,road,125.7,729.06,291.44,1386.15,78.26,898.44,514.32,1122.75,5020.42,1.01,39.94,1.165,R022
C05349,R0090,TRK002,road,305.2,1770.16,748.83,1279.31,230.76,695.8,41.54,1324.56,6090.96,1.28,19.96,1.019,R090
C05350,R0010,TRK043,road,390.6,2265.48,930.33,1226.83,269.97,251.02,658.17,0.0,5601.81,2.23,14.34,1.126,R010
C05351,R0070,TRK007,road,96.1,557.38,181.37,1152.78,60.4,290.35,578.88,0.0,2821.15,0.65,29.36,1.117,R070
C05352,R0049,TRK039,road,231.4,1342.12,456.68,1394.38,152.95,223.17,647.67,0.0,4216.98,1.69,18.22,1.173,R049
C05353,R0030,TRK045,rail,380.3,1369.08,285.65,480.09,64.5,816.9,291.11,1418.77,4726.11,2.4,12.43,1.176,R030
C05354,R0053,TRK017,rail,150.2,540.72,126.54,484.87,21.7,361.45,655.7,1010.51,3201.49,0.89,21.31,1.2,R053
C05355,R0082,TRK024,road,388.8,2255.04,974.98,1263.27,331.0,798.65,188.16,0.0,5811.11,1.75,14.95,1.096,R082
C05356,R0033,TRK044,local,349.0,2861.8,878.8,889.91,81.56,161.28,168.88,0.0,5042.23,1.24,14.45,1.241,R033
C05357,R0094,TRK033,road,317.8,1843.24,701.1,1286.2,255.31,742.25,658.77,0.0,5486.86,3.47,17.27,1.168,R094
C05358,R0058,TRK016,road,142.0,823.6,284.11,1161.82,93.58,232.26,474.85,993.63,4063.85,11.0,28.62,1.161,R058
C05359,R0035,TRK038,road,340.4,1974.32,676.01,1106.79,247.61,708.3,274.07,0.0,4987.09,9.59,14.65,1.06,R035
C05360,R0053,TRK015,road,278.6,1615.88,554.06,989.2,227.61,541.49,535.2,736.69,5200.13,2.14,18.67,0.955,R053
C05361,R0077,TRK041,rail,429.1,1544.76,367.52,383.36,74.45,529.67,22.68,0.0,2922.43,0.7,6.81,1.194,R077
C05362,R0053,TRK036,rail,229.3,825.48,197.91,472.76,35.36,152.66,293.03,542.28,2519.47,0.81,10.99,0.989,R053
C05363,R0088,TRK020,road,148.3,860.14,363.42,981.65,124.19,550.97,82.43,465.77,3428.55,1.02,23.12,1.16,R088
C05364,R0021,TRK042,rail,125.5,451.8,96.38,431.8,18.48,499.17,342.11,773.38,2613.12,0.99,20.82,1.123,R021
C05365,R0065,TRK019,rail,66.9,240.84,49.69,362.17,11.21,852.06,650.22,0.0,2166.2,1.61,32.38,1.044,R065
C05366,R0045,TRK034,road,63.4,367.72,143.75,1263.58,56.39,388.44,195.82,526.37,2942.07,3.1,46.4,0.915,R045
C05367,R0094,TRK036,road,127.0,736.6,275.05,1430.53,84.95,234.06,504.04,31.64,3296.88,1.11,25.96,1.131,R094
C05368,R0088,TRK050,rail,144.2,519.12,114.92,534.28,21.31,169.38,695.99,892.96,2947.95,1.17,20.44,1.212,R088
C05369,R0038,TRK027,road,181.5,1052.7,390.79,1038.0,135.8,687.08,7.02,0.0,3311.4,0.72,18.24,1.048,R038
C05370,R0083,TRK007,road,218.6,1267.88,500.12,1375.21,171.19,603.15,146.96,0.0,4064.52,1.96,18.59,1.14,R083
C05371,R0024,TRK041,road,34.3,198.94,65.67,1144.74,24.93,510.62,512.12,498.29,2955.31,0.76,86.16,0.965,R024
C05372,R0052,TRK031,local,43.0,352.6,113.32,799.7,12.72,222.35,282.61,0.0,1783.32,0.38,41.47,1.219,R052
C05373,R0071,TRK032,local,162.2,1330.04,401.28,880.99,42.43,728.3,212.68,1227.01,4822.74,3.66,29.73,0.939,R071
C05374,R0046,TRK049,road,303.7,1761.46,634.17,1326.29,235.7,658.5,572.81,0.0,5188.93,5.81,17.09,1.22,R046
C05375,R0033,TRK001,road,393.1,2279.98,971.56,1154.3,301.66,329.21,264.47,0.0,5301.16,1.06,13.49,1.032,R033
C05376,R0026,TRK024,rail,248.7,895.32,196.5,415.17,30.86,365.73,332.55,0.0,2236.13,3.26,8.99,1.142,R026
C05377,R0095,TRK014,road,173.0,1003.4,417.08,1003.21,138.58,876.1,505.18,0.0,3943.56,1.53,22.8,1.143,R095
C05378,R0088,TRK013,local,192.6,1579.32,475.44,923.86,49.99,809.16,83.08,0.0,3920.84,0.84,20.36,0.917,R088
C05379,R0096,TRK015,road,441.7,2561.86,873.45,1112.82,387.35,154.45,481.1,1023.26,6594.29,1.88,14.93,0.937,R096
C05380,R0067,TRK031,rail,287.1,1033.56,206.6,523.44,49.72,871.62,684.98,0.0,3369.94,0.87,11.74,0.9,R067
C05381,R0099,TRK040,rail,280.7,1010.52,201.47,519.17,48.53,166.65,580.82,0.0,2527.15,0.85,9.0,1.183,R099
C05382,R0092,TRK002,rail,173.7,625.32,145.21,409.38,25.45,419.49,664.3,1397.38,3686.53,0.81,21.22,0.912,R092
C05383,R0042,TRK035,road,224.2,1300.36,441.46,1357.67,137.51,779.77,564.38,0.0,4581.15,1.97,20.43,1.013,R042
C05384,R0015,TRK025,road,61.2,354.96,154.73,1162.59,42.5,563.04,186.43,0.0,2464.24,0.79,40.27,1.121,R015
C05385,R0099,TRK042,rail,132.0,475.2,102.05,381.02,17.74,642.57,185.06,1310.48,3114.12,3.63,23.59,1.005,R099
C05386,R0034,TRK048,road,493.2,2860.56,1009.68,1379.13,386.31,331.39,90.32,0.0,6057.39,1.49,12.28,1.124,R034
C05387,R0014,TRK028,road,269.2,1561.36,573.09,1327.36,192.91,237.13,578.13,199.67,4669.65,2.58,17.35,0.975,R014
C05388,R0014,TRK044,road,357.2,2071.76,709.1,1120.8,294.51,656.33,492.83,1470.73,6816.07,10.98,19.08,1.249,R014
C05389,R0068,TRK028,local,371.6,3047.12,926.44,724.2,79.78,883.88,58.03,996.88,6716.33,2.86,18.07,1.249,R068
C05390,R0048,TRK010,road,352.4,2043.92,746.41,1100.74,287.77,609.87,230.37,172.15,5191.23,1.07,14.73,1.178,R048
C05391,R0053,TRK046,road,433.5,2514.3,993.61,1191.67,353.98,740.93,358.16,0.0,6152.64,2.89,14.19,1.115,R053
C05392,R0043,TRK050,road,345.6,2004.48,676.8,1219.04,273.66,290.3,565.53,1628.89,6658.69,21.31,19.27,1.11,R043
C05393,R0052,TRK020,road,441.9,2563.02,1077.91,1170.36,374.2,416.61,73.61,0.0,5675.7,1.9,12.84,0.973,R052
C05394,R0018,TRK006,road,317.6,1842.08,689.03,1059.86,254.21,812.81,174.14,0.0,4832.13,1.77,15.21,1.142,R018
C05395,R0072,TRK004,rail,400.1,1440.36,295.87,475.29,70.69,662.4,414.81,0.0,3359.43,1.35,8.4,0.944,R072
C05396,R0100,TRK044,road,195.7,1135.06,378.74,1108.56,137.76,521.29,548.65,0.0,3830.05,0.96,19.57,0.922,R100
C05397,R0048,TRK031,road,469.4,2722.52,946.99,1339.12,390.31,661.67,213.95,671.83,6946.39,8.54,14.8,1.071,R048
C05398,R0068,TRK015,local,485.2,3978.64,1175.41,950.86,144.2,866.33,207.91,122.37,7445.72,4.08,15.35,1.143,R068
C05399,R0040,TRK042,road,508.0,2946.4,1212.99,1378.74,421.56,520.52,455.09,0.0,6935.31,1.55,13.65,0.969,R040
C05400,R0096,TRK036,local,62.5,512.5,179.05,1033.73,14.24,416.02,5.07,1515.73,3676.34,1.05,58.82,1.193,R096
C05401,R0093,TRK026,road,170.1,986.58,322.88,1224.57,117.93,485.98,120.16,0.0,3258.1,1.11,19.15,0.901,R093
C05402,R0065,TRK038,rail,264.7,952.92,198.83,531.91,39.14,648.21,519.38,1683.78,4574.17,1.63,17.28,0.92,R065
C05403,R0094,TRK025,local,347.6,2850.32,1051.76,767.12,87.93,657.39,167.89,0.0,5582.41,1.42,16.06,1.227,R094
C05404,R0096,TRK012,rail,131.1,471.96,95.04,371.86,19.65,583.92,433.76,1741.5,3717.69,1.04,28.36,1.015,R096
C05405,R0037,TRK020,road,128.7,746.46,322.9,1185.96,87.78,444.46,234.77,1055.18,4077.51,1.03,31.68,1.055,R037
C05406,R0054,TRK013,local,90.1,738.82,283.77,792.27,21.07,499.77,294.45,1021.83,3651.98,1.27,40.53,1.159,R054
C05407,R0058,TRK050,rail,495.9,1785.24,404.63,512.41,71.19,271.82,400.28,0.0,3445.57,4.39,6.95,1.225,R058
C05408,R0025,TRK025,road,475.8,2759.64,1146.89,1307.6,287.61,893.0,502.73,0.0,6897.47,9.5,14.5,1.177,R025
C05409,R0089,TRK015,road,513.6,2978.88,1091.17,1264.44,355.93,252.8,611.91,0.0,6555.14,2.39,12.76,0.96,R089
C05410,R0086,TRK011,road,325.6,1888.48,642.65,1234.58,255.81,172.25,435.34,0.0,4629.1,3.6,14.22,0.926,R086
C05411,R0070,TRK024,local,216.5,1775.3,577.47,1015.57,61.2,784.23,274.87,1509.67,5998.32,1.32,27.71,0.985,R070
C05412,R0001,TRK013,rail,220.9,795.24,177.37,529.69,29.53,467.09,72.65,1214.96,3286.53,1.02,14.88,1.219,R001
C05413,R0056,TRK029,road,440.1,2552.58,847.37,1329.47,279.94,212.4,579.17,0.0,5800.93,1.52,13.18,1.123,R056
C05414,R0015,TRK024,road,546.3,3168.54,1072.41,1290.52,485.02,851.05,645.72,1351.15,8864.41,1.89,16.23,0.941,R015
C05415,R0060,TRK029,rail,450.3,1621.08,306.33,478.32,74.09,897.18,106.92,1207.2,4691.11,14.28,10.42,0.933,R060
C05416,R0080,TRK027,road,283.1,1641.98,676.2,1178.91,243.53,844.63,542.89,0.0,5128.14,2.49,18.11,0.948,R080
C05417,R0091,TRK032,road,350.4,2032.32,655.47,1108.55,287.75,216.48,211.67,276.94,4789.18,1.18,13.67,0.995,R091
C05418,R0091,TRK044,rail,542.9,1954.44,442.55,493.6,65.45,222.27,34.15,262.08,3474.55,5.36,6.4,1.123,R091
C05419,R0085,TRK008,road,526.2,3051.96,1243.3,1247.04,347.95,151.06,21.07,22.53,6084.91,4.63,11.56,0.94,R085
C05420,R0058,TRK042,road,360.0,2088.0,893.75,1436.16,294.87,306.79,316.56,1601.31,6937.44,1.42,19.27,0.919,R058
C05421,R0046,TRK038,road,527.0,3056.6,1090.44,1390.71,364.4,794.13,628.39,0.0,7324.67,2.59,13.9,1.093,R046
C05422,R0022,TRK032,rail,443.7,1597.32,350.78,440.71,71.36,333.72,678.17,0.0,3472.07,1.06,7.83,1.078,R022
C05423,R0081,TRK014,local,159.5,1307.9,493.72,985.77,35.38,244.7,284.8,0.0,3352.26,1.75,21.02,1.112,R081
C05424,R0068,TRK022,road,234.5,1360.1,511.59,1118.94,146.15,429.43,419.29,821.68,4807.18,2.66,20.5,1.084,R068
C05425,R0060,TRK046,local,189.5,1553.9,523.53,953.89,56.1,738.72,150.84,477.41,4454.4,1.0,23.51,1.227,R060
C05426,R0059,TRK009,road,433.8,2516.04,925.76,1407.79,273.76,533.39,549.39,489.81,6695.93,3.82,15.44,0.983,R059
C05427,R0030,TRK017,road,375.8,2179.64,816.86,1112.23,255.02,192.08,200.34,443.27,5199.44,2.29,13.84,1.196,R030
C05428,R0087,TRK046,road,331.0,1919.8,626.37,1428.79,229.5,354.48,135.69,1343.01,6037.66,1.56,18.24,1.168,R087
C05429,R0017,TRK047,road,468.2,2715.56,888.84,963.67,308.51,494.91,57.41,0.0,5428.9,3.26,11.6,1.065,R017
C05430,R0093,TRK046,road,353.0,2047.4,736.85,1276.53,223.08,398.43,406.99,0.0,5089.29,2.89,14.42,1.227,R093
C05431,R0099,TRK023,road,462.6,2683.08,1126.4,1407.87,279.76,279.02,483.62,0.0,6259.74,15.58,13.53,1.083,R099
C05432,R0020,TRK048,road,493.4,2861.72,1226.24,1234.98,377.96,798.51,167.06,159.81,6826.29,1.74,13.84,1.031,R020
C05433,R0060,TRK011,local,78.6,644.52,220.87,728.49,23.38,488.07,277.51,0.0,2382.86,0.64,30.32,0.917,R060
C05434,R0024,TRK006,rail,211.8,762.48,171.66,462.27,29.19,343.23,24.62,0.0,1793.45,0.37,8.47,1.064,R024
C05435,R0023,TRK025,rail,225.9,813.24,191.7,506.31,27.96,422.99,563.19,124.03,2649.42,1.84,11.73,1.179,R023
C05436,R0058,TRK028,road,492.9,2858.82,1039.32,1386.21,370.85,216.11,594.92,0.0,6466.24,1.49,13.12,0.932,R058
C05437,R0024,TRK046,road,450.2,2611.16,902.58,1224.03,292.97,466.57,633.28,662.56,6793.16,2.31,15.09,0.98,R024
C05438,R0033,TRK041,road,157.1,911.18,369.71,1109.54,128.23,250.32,457.15,290.42,3516.55,1.23,22.38,1.131,R033
C05439,R0016,TRK028,local,365.8,2999.56,1131.82,1066.66,107.94,852.99,148.65,1745.49,8053.12,2.37,22.02,1.117,R016
C05440,R0011,TRK018,local,519.3,4258.26,1403.35,848.07,129.86,677.21,223.49,1413.0,8953.25,4.14,17.24,1.123,R011
C05441,R0076,TRK024,road,242.0,1403.6,526.09,989.91,191.88,835.55,667.29,0.0,4614.33,2.05,19.07,1.072,R076
C05442,R0053,TRK036,rail,368.9,1328.04,308.58,471.43,51.48,342.09,154.46,169.39,2825.47,1.19,7.66,0.966,R053
C05443,R0027,TRK046,road,484.7,2811.26,1163.15,1020.12,360.96,713.63,353.01,60.73,6482.87,2.08,13.38,1.163,R027
C05444,R0072,TRK022,road,36.9,214.02,88.03,1138.27,26.78,433.42,615.1,0.0,2515.62,0.73,68.17,0.972,R072
C05445,R0056,TRK021,road,313.3,1817.14,691.36,1378.74,226.24,192.33,452.3,0.0,4758.11,3.1,15.19,0.906,R056
C05446,R0097,TRK048,road,460.8,2672.64,1096.28,984.25,393.18,848.5,521.16,0.0,6516.01,1.56,14.14,1.16,R097
C05447,R0081,TRK016,road,266.9,1548.02,630.39,999.91,183.51,692.94,481.51,0.0,4536.28,4.47,17.0,1.18,R081
C05448,R0033,TRK050,road,34.5,200.1,83.72,1159.26,20.84,691.89,537.81,0.0,2693.61,0.68,78.08,0.932,R033
C05449,R0002,TRK046,road,189.8,1100.84,453.59,1005.83,161.31,713.22,367.76,1279.52,5082.07,1.39,26.78,1.214,R002
C05450,R0070,TRK037,local,321.3,2634.66,845.68,972.02,95.57,496.33,184.9,0.0,5229.16,4.26,16.28,0.967,R070
C05451,R0009,TRK027,road,515.9,2992.22,1242.83,1196.39,374.13,894.12,93.25,365.15,7158.09,6.2,13.87,0.907,R009
C05452,R0070,TRK041,road,226.1,1311.38,468.71,1326.33,145.11,714.23,293.73,0.0,4259.48,1.36,18.84,1.029,R070
C05453,R0027,TRK045,local,164.4,1348.08,471.41,995.31,39.85,534.17,158.72,0.0,3547.54,2.98,21.58,0.968,R027
C05454,R0015,TRK007,road,245.5,1423.9,480.15,1112.88,158.62,743.12,307.94,0.0,4226.61,1.94,17.22,0.988,R015
C05455,R0013,TRK044,road,505.2,2930.16,951.97,1070.71,442.19,795.76,606.88,493.55,7291.22,2.54,14.43,1.081,R013
C05456,R0047,TRK046,local,423.3,3471.06,1281.59,1037.44,113.63,764.21,196.63,1361.68,8226.25,5.33,19.43,1.244,R047
C05457,R0018,TRK028,rail,474.2,1707.12,338.14,394.77,71.26,421.12,477.0,0.0,3409.41,1.91,7.19,1.18,R018
C05458,R0042,TRK042,rail,103.5,372.6,85.14,536.92,14.6,630.9,196.6,952.4,2789.16,3.45,26.95,0.979,R042
C05459,R0004,TRK050,road,471.3,2733.54,1191.69,1039.04,374.0,359.58,169.88,1137.13,7004.87,14.68,14.86,1.071,R004
C05460,R0004,TRK004,road,533.0,3091.4,1137.13,1049.6,349.1,451.04,439.62,574.6,7092.5,11.52,13.31,0.913,R004
C05461,R0030,TRK015,road,380.8,2208.64,853.03,1037.82,319.76,390.99,39.58,0.0,4849.81,1.18,12.74,1.222,R030
C05462,R0095,TRK042,rail,239.3,861.48,163.82,489.05,35.3,196.31,60.14,0.0,1806.1,0.55,7.55,0.969,R095
C05463,R0013,TRK035,rail,325.8,1172.88,293.1,524.23,46.0,744.81,434.95,0.0,3215.97,0.79,9.87,1.229,R013
C05464,R0069,TRK035,road,94.6,548.68,206.0,1225.58,78.97,464.97,398.86,0.0,2923.07,0.61,30.9,0.961,R069
C05465,R0083,TRK043,rail,117.7,423.72,98.93,451.36,18.35,210.13,406.42,0.0,1608.9,0.73,13.67,0.998,R083
C05466,R0076,TRK036,local,138.2,1133.24,331.94,850.15,29.18,621.51,74.47,0.0,3040.49,0.71,22.0,1.19,R076
C05467,R0019,TRK002,road,299.7,1738.26,604.26,1185.59,180.84,234.88,627.04,0.0,4570.87,2.21,15.25,1.176,R019
C05468,R0079,TRK004,road,105.2,610.16,242.72,1193.2,68.83,718.13,76.42,0.0,2909.46,5.17,27.66,1.177,R079
C05469,R0041,TRK028,road,214.9,1246.42,530.0,1246.06,192.6,562.08,182.08,945.64,4904.89,1.04,22.82,1.153,R041
C05470,R0048,TRK020,rail,60.1,216.36,45.08,436.53,8.26,772.62,374.44,624.36,2477.65,6.25,41.23,1.181,R048
C05471,R0094,TRK036,road,216.9,1258.02,496.31,1393.1,142.71,225.24,458.47,0.0,3973.85,1.03,18.32,0.988,R094
C05472,R0062,TRK043,road,348.0,2018.4,781.85,1355.89,256.47,694.87,184.92,0.0,5292.39,1.61,15.21,1.082,R062
C05473,R0085,TRK044,road,437.8,2539.24,872.03,1199.6,360.72,784.49,248.6,0.0,6004.67,2.68,13.72,0.927,R085
C05474,R0058,TRK042,road,451.0,2615.8,1127.68,1271.93,345.08,282.85,609.44,0.0,6252.78,3.08,13.86,1.05,R058
C05475,R0087,TRK038,road,457.9,2655.82,1115.02,1006.48,390.22,741.2,658.42,0.0,6567.15,5.04,14.34,1.243,R087
C05476,R0046,TRK036,local,97.5,799.5,267.97,1062.94,19.96,515.64,35.46,912.85,3614.32,0.75,37.07,1.238,R046
C05477,R0048,TRK049,road,268.7,1558.46,663.57,1187.26,220.9,584.84,589.93,0.0,4804.97,0.98,17.88,1.14,R048
C05478,R0095,TRK026,road,47.1,273.18,107.16,1139.44,40.78,721.52,685.37,0.0,2967.46,1.38,63.0,1.211,R095
C05479,R0063,TRK020,road,272.5,1580.5,688.1,1160.41,210.46,279.0,469.22,0.0,4387.68,5.88,16.1,1.0,R063
C05480,R0019,TRK016,road,533.1,3091.98,1140.07,1351.89,478.29,673.79,449.58,0.0,7185.6,2.14,13.48,0.988,R019
C05481,R0085,TRK002,road,402.5,2334.5,904.49,1308.29,317.4,675.35,258.75,1502.94,7301.71,2.76,18.14,1.013,R085
C05482,R0027,TRK002,local,49.2,403.44,123.04,844.78,11.55,476.04,144.77,1110.8,3114.42,0.82,63.3,0.923,R027
C05483,R0071,TRK037,rail,545.3,1963.08,387.08,486.96,68.31,415.88,420.21,0.0,3741.53,0.84,6.86,0.948,R071
C05484,R0097,TRK036,road,195.2,1132.16,469.16,1321.28,132.58,768.92,429.0,0.0,4253.11,4.51,21.79,1.177,R097
C05485,R0094,TRK034,road,91.2,528.96,195.97,1036.85,64.85,351.76,393.59,0.0,2571.98,1.05,28.2,0.953,R094
C05486,R0037,TRK027,local,101.6,833.12,269.98,1050.02,27.5,804.18,139.05,0.0,3123.84,0.93,30.75,1.109,R037
C05487,R0008,TRK034,road,327.5,1899.5,615.62,1026.74,293.51,666.4,675.24,0.0,5177.01,1.37,15.81,0.991,R008
C05488,R0013,TRK026,rail,183.6,660.96,163.78,391.17,27.99,231.64,477.57,68.76,2021.87,3.31,11.01,1.101,R013
C05489,R0030,TRK042,road,545.2,3162.16,1351.12,1352.43,395.96,613.14,353.36,0.0,7228.16,1.67,13.26,1.238,R030
C05490,R0009,TRK029,road,365.7,2121.06,775.46,1358.69,292.37,342.36,386.09,0.0,5276.03,1.38,14.43,0.976,R009
C05491,R0070,TRK026,road,224.6,1302.68,446.5,1205.42,178.83,600.83,43.05,463.78,4241.09,7.91,18.88,0.93,R070
C05492,R0049,TRK030,road,440.7,2556.06,865.56,1083.85,291.72,689.31,156.59,0.0,5643.09,3.35,12.8,1.052,R049
C05493,R0006,TRK008,road,439.9,2551.42,824.59,1151.32,314.71,389.83,120.81,0.0,5352.69,1.78,12.17,1.071,R006
C05494,R0014,TRK020,road,382.7,2219.66,836.87,1434.21,317.52,678.75,114.27,143.36,5744.64,1.62,15.01,0.991,R014
C05495,R0079,TRK030,road,145.2,842.16,358.31,1396.57,114.81,766.92,264.26,0.0,3743.03,1.09,25.78,1.001,R079
C05496,R0068,TRK020,road,327.1,1897.18,650.59,991.19,227.89,337.81,146.36,696.48,4947.5,4.41,15.13,1.0,R068
C05497,R0094,TRK015,road,459.1,2662.78,1004.69,1261.3,401.32,803.44,260.01,1683.9,8077.46,3.24,17.59,1.244,R094
C05498,R0046,TRK010,local,45.8,375.56,116.52,1021.68,9.68,217.09,145.3,0.0,1885.83,3.33,41.18,1.105,R046
C05499,R0010,TRK029,road,209.5,1215.1,456.95,1372.85,184.73,536.96,367.38,562.49,4696.46,4.46,22.42,1.218,R010
C05500,R0034,TRK012,local,462.9,3795.78,1460.85,960.55,107.47,468.74,224.73,0.0,7018.13,3.88,15.16,1.11,R034
C05501,R0075,TRK010,local,33.1,271.42,95.47,970.73,7.79,349.21,249.73,1474.48,3418.83,1.05,103.29,1.115,R075
C05502,R0088,TRK036,rail,286.5,1031.4,245.5,379.77,44.75,825.29,503.33,0.0,3030.04,0.73,10.58,1.083,R088
C05503,R0022,TRK023,road,93.2,540.56,196.66,1090.7,70.45,211.47,547.81,1716.04,4373.7,1.8,46.93,1.043,R022
C05504,R0079,TRK007,road,303.5,1760.3,737.4,962.88,198.6,523.71,161.47,0.0,4344.36,1.94,14.31,0.996,R079
C05505,R0072,TRK037,road,496.8,2881.44,1013.27,1197.61,315.22,274.94,595.7,0.0,6278.17,1.42,12.64,1.149,R072
C05506,R0071,TRK044,road,393.6,2282.88,964.15,1287.35,239.89,456.44,374.97,0.0,5605.69,2.91,14.24,0.991,R071
C05507,R0080,TRK046,road,43.2,250.56,108.8,1210.98,28.26,460.76,544.85,0.0,2604.2,0.79,60.28,1.161,R080
C05508,R0038,TRK020,road,233.7,1355.46,512.28,1110.44,205.38,308.79,496.39,0.0,3988.73,1.02,17.07,0.919,R038
C05509,R0094,TRK030,road,222.0,1287.6,533.38,1037.0,154.77,339.3,253.37,0.0,3605.43,1.04,16.24,1.223,R094
C05510,R0025,TRK023,road,499.8,2898.84,1019.33,1104.37,362.43,219.27,140.88,0.0,5745.12,1.31,11.49,1.04,R025
C05511,R0096,TRK044,road,377.6,2190.08,949.26,963.62,240.1,291.73,104.3,1741.22,6480.31,2.4,17.16,1.132,R096
C05512,R0060,TRK018,road,511.5,2966.7,1182.29,1016.84,375.29,479.39,175.26,0.0,6195.78,1.34,12.11,1.127,R060
C05513,R0083,TRK003,rail,299.8,1079.28,222.31,527.97,41.52,737.15,103.88,1312.14,4024.26,1.01,13.42,1.024,R083
C05514,R0092,TRK018,road,321.4,1864.12,649.25,1257.91,267.6,231.02,250.12,833.43,5353.45,3.57,16.66,1.05,R092
C05515,R0044,TRK031,road,410.6,2381.48,923.57,1017.81,267.58,172.27,501.2,0.0,5263.91,6.94,12.82,1.219,R044
C05516,R0077,TRK030,road,101.5,588.7,221.53,1322.12,64.53,800.12,444.87,0.0,3441.88,1.03,33.91,0.999,R077
C05517,R0006,TRK038,local,294.9,2418.18,785.16,890.21,77.02,525.52,204.85,924.5,5825.44,3.28,19.75,1.151,R006
C05518,R0079,TRK048,road,465.7,2701.06,1046.88,1379.22,317.91,554.07,61.34,96.21,6156.7,4.3,13.22,1.171,R079
C05519,R0056,TRK041,road,94.9,550.42,224.18,1175.0,74.92,691.2,574.01,0.0,3289.74,1.05,34.67,1.137,R056
C05520,R0065,TRK031,rail,202.7,729.72,163.59,505.93,29.86,490.92,56.97,0.0,1976.99,0.55,9.75,1.08,R065
C05521,R0058,TRK030,road,307.6,1784.08,736.07,1039.95,195.12,700.92,608.54,0.0,5064.68,3.65,16.47,0.992,R058
C05522,R0018,TRK019,road,244.6,1418.68,459.49,1244.45,181.94,613.38,520.41,0.0,4438.36,1.5,18.15,1.072,R018
C05523,R0030,TRK030,rail,130.9,471.24,89.29,474.73,19.17,519.68,451.6,0.0,2025.7,1.25,15.48,1.124,R030
C05524,R0029,TRK010,road,526.8,3055.44,1189.54,1254.89,347.54,396.62,206.92,1394.37,7845.32,3.72,14.89,1.247,R029
C05525,R0066,TRK023,road,432.8,2510.24,819.94,1101.02,371.04,265.85,93.4,450.29,5611.78,1.91,12.97,0.995,R066
C05526,R0050,TRK048,rail,498.1,1793.16,421.52,492.32,89.15,437.36,389.03,0.0,3622.55,0.99,7.27,0.948,R050
C05527,R0017,TRK044,rail,448.6,1614.96,305.38,438.34,54.51,432.52,565.51,0.0,3411.22,1.37,7.6,1.113,R017
C05528,R0020,TRK043,road,441.4,2560.12,859.29,1172.01,268.59,311.68,614.28,0.0,5785.96,3.5,13.11,0.95,R020
C05529,R0093,TRK001,rail,522.7,1881.72,445.98,383.84,77.99,235.55,474.25,0.0,3499.34,0.92,6.69,1.085,R093
C05530,R0048,TRK050,local,387.3,3175.86,928.52,833.8,105.19,627.57,293.14,0.0,5964.08,1.61,15.4,1.093,R048
C05531,R0009,TRK018,road,343.3,1991.14,692.84,1150.47,293.47,781.04,497.57,0.0,5406.52,7.79,15.75,0.982,R009
C05532,R0070,TRK039,road,409.5,2375.1,939.91,1114.66,366.65,763.04,392.91,0.0,5952.27,18.23,14.54,0.984,R070
C05533,R0037,TRK019,road,381.7,2213.86,874.74,970.14,313.36,806.09,27.27,1445.45,6650.93,2.25,17.42,1.128,R037
C05534,R0087,TRK039,rail,65.6,236.16,55.13,532.0,10.89,468.43,109.47,0.0,1412.09,0.53,21.53,1.122,R087
C05535,R0088,TRK021,road,404.9,2348.42,765.31,962.67,348.67,246.43,79.79,0.0,4751.29,1.57,11.73,1.007,R088
C05536,R0066,TRK046,road,174.0,1009.2,404.09,1154.42,141.15,163.2,425.4,1725.16,5022.62,6.75,28.87,0.921,R066
C05537,R0096,TRK049,local,100.3,822.46,245.81,838.43,26.66,414.06,96.01,0.0,2443.43,1.63,24.36,1.079,R096
C05538,R0073,TRK004,road,527.5,3059.5,1298.42,974.67,444.01,201.39,137.46,322.6,6438.05,4.23,12.2,1.193,R073
C05539,R0050,TRK002,road,123.0,713.4,296.01,1387.37,103.0,448.53,410.5,924.34,4283.15,3.48,34.82,0.926,R050
C05540,R0093,TRK004,rail,254.5,916.2,177.11,517.77,45.14,299.38,476.79,0.0,2432.38,1.31,9.56,1.086,R093
C05541,R0056,TRK035,rail,302.4,1088.64,221.54,497.87,46.3,867.99,193.72,0.0,2916.06,0.77,9.64,1.202,R056
C05542,R0012,TRK001,road,303.7,1761.46,585.83,1338.51,187.28,829.69,92.09,0.0,4794.84,1.45,15.79,1.067,R012
C05543,R0044,TRK010,road,148.3,860.14,299.82,1429.72,95.72,848.99,438.24,0.0,3972.63,1.05,26.79,1.141,R044
C05544,R0084,TRK006,road,491.1,2848.38,1039.71,1028.89,383.61,196.48,32.09,107.88,5637.05,1.33,11.48,1.074,R084
C05545,R0078,TRK023,road,76.6,444.28,187.01,1324.28,64.61,289.04,318.1,0.0,2627.32,2.74,34.3,1.175,R078
C05546,R0008,TRK011,road,287.6,1668.08,547.77,1393.32,241.36,311.13,412.29,29.44,4603.39,5.75,16.01,1.145,R008
C05547,R0048,TRK012,road,276.6,1604.28,591.5,1378.08,176.89,760.59,163.86,1758.34,6433.53,6.74,23.26,1.202,R048
C05548,R0065,TRK023,road,53.0,307.4,102.47,1373.45,43.66,531.9,377.46,794.74,3531.08,8.8,66.62,1.131,R065
C05549,R0010,TRK021,road,159.5,925.1,373.29,1316.86,108.34,614.91,373.74,0.0,3712.24,0.77,23.27,1.166,R010
C05550,R0017,TRK020,road,187.1,1085.18,461.45,1264.95,116.71,770.59,407.43,1310.94,5417.26,1.73,28.95,1.026,R017
C05551,R0042,TRK046,rail,546.2,1966.32,497.93,453.95,95.89,542.76,589.61,789.47,4935.93,2.68,9.04,1.156,R042
C05552,R0029,TRK042,local,244.9,2008.18,618.37,1004.99,59.01,526.35,28.43,0.0,4245.32,1.21,17.33,0.995,R029
C05553,R0067,TRK016,road,393.3,2281.14,745.59,1022.24,342.42,176.56,531.45,838.42,5937.82,2.92,15.1,0.911,R067
C05554,R0063,TRK014,road,78.2,453.56,162.23,1364.62,52.66,193.24,229.12,1786.6,4242.04,2.03,54.25,1.224,R063
C05555,R0003,TRK010,road,229.3,1329.94,578.46,1394.23,139.8,234.11,229.73,0.0,3906.27,4.56,17.04,1.196,R003
C05556,R0045,TRK039,rail,547.3,1970.28,388.44,475.13,83.41,286.83,283.29,0.0,3487.37,10.18,6.37,1.193,R045
C05557,R0092,TRK022,local,386.5,3169.3,937.17,1003.28,91.64,243.42,5.82,850.59,6301.23,2.13,16.3,0.912,R092
C05558,R0008,TRK005,rail,379.3,1365.48,344.6,423.57,67.92,280.33,568.35,0.0,3050.25,0.89,8.04,1.095,R008
C05559,R0096,TRK006,road,487.8,2829.24,1150.52,1309.95,318.4,692.52,294.52,0.0,6595.15,2.44,13.52,0.984,R096
C05560,R0097,TRK026,road,437.5,2537.5,1054.29,1198.75,303.03,835.8,444.7,1763.96,8138.02,15.52,18.6,0.935,R097
C05561,R0031,TRK007,road,298.0,1728.4,639.82,1152.7,224.83,288.38,332.51,0.0,4366.63,4.55,14.65,1.169,R031
C05562,R0002,TRK003,road,215.5,1249.9,501.19,1302.38,183.69,868.85,75.49,0.0,4181.5,0.97,19.4,1.052,R002
C05563,R0056,TRK004,rail,39.6,142.56,34.6,454.46,4.76,487.45,95.05,0.0,1218.89,0.27,30.78,1.241,R056
C05564,R0007,TRK023,rail,388.3,1397.88,288.69,419.89,59.69,849.53,585.62,608.86,4210.16,2.34,10.84,0.926,R007
C05565,R0036,TRK014,road,194.2,1126.36,373.69,1374.68,148.57,699.17,657.46,0.0,4379.93,5.16,22.55,1.115,R036
C05566,R0087,TRK027,road,385.9,2238.22,937.05,1020.49,269.99,440.62,171.9,714.66,5792.93,1.5,15.01,1.085,R087
C05567,R0063,TRK003,rail,463.2,1667.52,364.31,384.61,68.12,310.61,473.05,486.46,3754.66,1.11,8.11,0.973,R063
C05568,R0003,TRK023,road,118.2,685.56,233.73,1024.94,101.71,796.58,557.9,0.0,3400.41,7.55,28.77,1.115,R003
C05569,R0073,TRK004,road,245.5,1423.9,577.93,1324.3,173.05,703.52,259.38,1778.38,6240.46,1.29,25.42,1.056,R073
C05570,R0001,TRK037,road,269.9,1565.42,665.6,1140.75,182.02,393.27,628.98,0.0,4576.03,1.35,16.95,1.073,R001
C05571,R0066,TRK049,rail,177.5,639.0,123.17,498.09,22.23,174.97,255.04,0.0,1712.5,1.54,9.65,0.994,R066
C05572,R0052,TRK003,road,236.0,1368.8,525.32,1425.87,196.34,315.49,663.38,293.51,4788.71,8.84,20.29,1.198,R052
C05573,R0065,TRK005,road,206.1,1195.38,450.46,973.76,150.56,289.0,284.45,818.4,4162.0,3.75,20.19,1.039,R065
C05574,R0085,TRK034,road,84.0,487.2,167.54,1024.34,57.84,301.12,581.06,0.0,2619.09,1.06,31.18,0.924,R085
C05575,R0082,TRK030,road,478.1,2772.98,1084.61,1172.33,382.53,232.05,611.76,0.0,6256.25,1.82,13.09,1.246,R082
C05576,R0033,TRK021,road,76.5,443.7,188.78,1075.16,53.59,325.5,671.71,1711.04,4469.48,8.86,58.42,1.154,R033
C05577,R0093,TRK028,road,51.9,301.02,125.51,1360.45,35.09,413.45,560.48,1254.78,4050.79,2.7,78.05,0.955,R093
C05578,R0045,TRK023,road,174.5,1012.1,433.57,1024.32,105.54,443.45,569.17,0.0,3588.14,0.77,20.56,1.239,R045
C05579,R0018,TRK027,road,486.2,2819.96,1046.67,1043.26,319.08,352.08,480.0,1104.25,7165.31,2.8,14.74,1.079,R018
C05580,R0016,TRK026,road,252.7,1465.66,503.01,1109.01,171.4,587.76,50.49,0.0,3887.35,0.82,15.38,1.194,R016
C05581,R0079,TRK025,road,524.0,3039.2,1132.62,1243.02,464.42,899.52,179.81,0.0,6958.6,1.88,13.28,0.974,R079
C05582,R0056,TRK031,rail,51.9,186.84,39.68,465.4,6.73,552.94,25.04,0.0,1276.63,3.04,24.6,1.21,R056
C05583,R0087,TRK006,road,508.6,2949.88,1257.3,1284.07,352.94,762.57,644.11,0.0,7250.87,1.55,14.26,1.203,R087
C05584,R0093,TRK038,rail,385.1,1386.36,268.79,518.02,47.83,234.34,457.56,0.0,2912.9,0.59,7.56,1.133,R093
C05585,R0060,TRK030,rail,156.8,564.48,125.77,401.08,23.78,175.37,74.52,1091.73,2456.73,1.13,15.67,1.008,R060
C05586,R0049,TRK017,road,350.7,2034.06,738.69,1425.01,215.22,615.87,595.61,0.0,5624.47,2.16,16.04,1.018,R049
C05587,R0027,TRK017,road,412.9,2394.82,775.23,1419.29,249.01,226.36,680.94,1254.89,7000.53,13.83,16.95,0.945,R027
C05588,R0044,TRK019,road,538.3,3122.14,1292.58,1222.68,422.01,881.8,92.49,0.0,7033.7,10.32,13.07,0.986,R044
C05589,R0067,TRK007,road,422.8,2452.24,1042.34,1366.32,331.0,556.71,308.76,1240.12,7297.5,2.7,17.26,1.174,R067
C05590,R0058,TRK010,road,59.9,347.42,150.11,1378.96,47.86,724.81,258.03,0.0,2907.19,1.38,48.53,1.113,R058
C05591,R0046,TRK005,road,284.3,1648.94,655.95,1047.81,201.69,397.24,375.36,0.0,4326.99,1.05,15.22,0.994,R046
C05592,R0072,TRK050,road,241.6,1401.28,563.11,1119.78,191.79,426.93,140.54,911.38,4754.81,4.06,19.68,1.102,R072
C05593,R0097,TRK025,road,153.2,888.56,317.6,1247.5,118.45,706.78,181.37,199.98,3660.25,3.27,23.89,1.016,R097
C05594,R0061,TRK044,rail,168.1,605.16,114.48,394.85,28.84,618.56,439.67,963.81,3165.37,7.93,18.83,1.238,R061
C05595,R0090,TRK044,road,58.3,338.14,140.93,1411.33,44.17,878.26,525.87,458.08,3796.78,2.3,65.12,1.08,R090
C05596,R0025,TRK037,road,132.8,770.24,308.46,1337.41,114.78,609.85,297.43,0.0,3438.18,1.23,25.89,1.093,R025
C05597,R0089,TRK046,road,43.5,252.3,105.07,985.49,37.05,320.75,641.23,1755.09,4096.99,5.64,94.18,1.06,R089
C05598,R0060,TRK035,road,177.9,1031.82,368.04,1346.32,153.46,521.2,32.65,0.0,3453.5,0.7,19.41,1.143,R060
C05599,R0012,TRK019,road,215.0,1247.0,526.46,1303.8,173.23,576.8,202.45,987.1,5016.86,5.28,23.33,1.239,R012
C05600,R0039,TRK041,road,386.2,2239.96,770.27,1275.29,255.71,899.43,613.06,0.0,6053.71,1.57,15.68,1.014,R039
C05601,R0046,TRK047,road,234.7,1361.26,511.3,1187.66,208.86,569.09,141.6,1248.63,5228.39,2.58,22.28,1.068,R046
C05602,R0057,TRK036,road,526.6,3054.28,1000.64,1358.27,470.57,521.8,160.22,418.96,6984.74,3.76,13.26,1.175,R057
C05603,R0001,TRK043,rail,502.0,1807.2,448.97,447.46,76.89,740.38,306.01,1635.78,5462.68,1.17,10.88,1.045,R001
C05604,R0047,TRK014,road,233.5,1354.3,582.33,1202.83,154.32,547.66,239.86,0.0,4081.3,1.42,17.48,0.994,R047
C05605,R0019,TRK043,road,223.7,1297.46,529.47,1382.06,164.71,573.84,135.95,0.0,4083.49,4.05,18.25,1.001,R019
C05606,R0045,TRK026,rail,275.9,993.24,240.14,530.28,44.71,472.39,61.42,0.0,2342.18,2.11,8.49,1.131,R045
C05607,R0060,TRK030,road,395.9,2296.22,905.6,1313.11,334.94,351.01,507.41,0.0,5708.29,1.41,14.42,1.157,R060
C05608,R0043,TRK047,road,308.6,1789.88,714.65,1196.16,220.54,185.5,7.05,0.0,4113.78,0.94,13.33,0.903,R043
C05609,R0077,TRK030,local,342.7,2810.14,965.08,823.13,71.28,547.16,192.23,0.0,5409.02,12.45,15.78,0.972,R077
C05610,R0002,TRK050,road,200.9,1165.22,504.77,1147.79,156.36,757.73,172.31,0.0,3904.18,1.59,19.43,1.02,R002
C05611,R0093,TRK044,road,229.7,1332.26,555.26,1307.11,160.38,808.24,577.37,1171.04,5911.65,1.23,25.74,0.988,R093
C05612,R0067,TRK009,rail,510.6,1838.16,367.93,433.42,88.23,312.19,285.98,0.0,3325.92,0.92,6.51,1.034,R067
C05613,R0001,TRK050,road,527.5,3059.5,1170.71,1111.71,417.29,691.28,454.23,1037.71,7942.42,1.9,15.06,1.167,R001
C05614,R0063,TRK019,road,78.7,456.46,179.76,1310.5,63.54,619.09,27.18,0.0,2656.54,2.32,33.76,0.987,R063
C05615,R0030,TRK041,road,400.9,2325.22,1007.27,1105.84,359.97,862.22,501.53,0.0,6162.05,7.43,15.37,0.982,R030
C05616,R0053,TRK037,road,133.2,772.56,310.47,1080.13,101.51,374.94,454.44,0.0,3094.05,0.68,23.23,1.133,R053
C05617,R0073,TRK040,road,445.1,2581.58,916.93,1114.33,371.91,348.44,510.16,1388.27,7231.61,1.97,16.25,1.036,R073
C05618,R0027,TRK020,rail,459.7,1654.92,319.39,511.4,67.16,637.91,583.02,78.07,3851.87,0.79,8.38,1.066,R027
C05619,R0087,TRK035,road,472.6,2741.08,1037.31,1145.72,418.08,700.82,336.42,0.0,6379.43,2.12,13.5,1.127,R087
C05620,R0038,TRK003,rail,149.5,538.2,136.29,473.41,23.86,751.76,167.79,397.55,2488.87,0.91,16.65,1.142,R038
C05621,R0080,TRK022,road,284.7,1651.26,587.12,1256.36,210.06,157.3,484.63,352.17,4698.9,1.5,16.5,1.11,R080
C05622,R0042,TRK028,road,401.3,2327.54,809.03,1351.73,292.51,371.32,647.02,0.0,5799.15,5.04,14.45,1.041,R042
C05623,R0062,TRK044,rail,366.8,1320.48,294.14,442.32,56.66,390.85,252.74,0.0,2757.2,1.12,7.52,1.074,R062
C05624,R0011,TRK048,road,241.1,1398.38,583.53,1428.83,168.32,712.01,238.6,0.0,4529.68,1.08,18.79,1.001,R011
C05625,R0006,TRK043,road,112.2,650.76,258.29,1351.56,68.13,880.0,345.23,1525.61,5079.58,2.61,45.27,0.976,R006
C05626,R0074,TRK019,road,296.8,1721.44,711.89,1187.99,202.84,224.63,499.99,0.0,4548.78,7.73,15.33,1.243,R074
C05627,R0023,TRK040,road,465.9,2702.22,1125.8,1346.1,418.64,348.25,306.94,309.18,6557.12,10.25,14.07,1.161,R023
C05628,R0036,TRK012,road,141.0,817.8,276.33,1262.59,123.39,862.19,675.83,0.0,4018.14,5.07,28.5,0.985,R036
C05629,R0067,TRK039,road,545.1,3161.58,1352.97,1393.95,456.72,739.16,591.12,0.0,7695.5,3.26,14.12,1.198,R067
C05630,R0070,TRK046,road,275.3,1596.74,644.76,1318.68,199.64,860.77,260.95,1180.08,6061.64,2.52,22.02,1.164,R070
C05631,R0027,TRK024,rail,309.4,1113.84,270.82,477.53,47.13,603.53,262.58,0.0,2775.43,1.51,8.97,0.967,R027
C05632,R0059,TRK004,road,102.9,596.82,197.48,1046.99,66.21,717.67,370.56,0.0,2995.73,0.79,29.11,1.055,R059
C05633,R0024,TRK042,road,468.2,2715.56,1106.43,1122.17,417.48,262.99,337.07,0.0,5961.7,4.6,12.73,1.17,R024
C05634,R0097,TRK037,road,482.4,2797.92,1165.12,1310.95,433.78,154.64,668.35,0.0,6530.76,1.47,13.54,1.011,R097
C05635,R0092,TRK003,rail,219.3,789.48,159.77,404.72,31.34,379.25,337.37,0.0,2101.93,0.91,9.58,0.93,R092
C05636,R0069,TRK039,road,189.5,1099.1,407.06,1131.02,123.15,891.27,162.4,0.0,3814.0,4.2,20.13,0.982,R069
C05637,R0053,TRK043,rail,510.5,1837.8,440.18,434.06,82.75,494.81,395.56,0.0,3685.16,1.11,7.22,0.943,R053
C05638,R0073,TRK042,road,470.1,2726.58,1183.79,1327.88,286.31,239.08,484.71,0.0,6248.36,3.72,13.29,1.181,R073
C05639,R0076,TRK005,road,189.3,1097.94,421.67,1202.12,136.13,465.44,593.74,0.0,3917.04,8.43,20.69,0.931,R076
C05640,R0044,TRK011,rail,468.4,1686.24,394.45,421.94,64.9,470.53,684.9,873.82,4596.77,1.14,9.81,1.244,R044
C05641,R0059,TRK025,rail,542.4,1952.64,392.89,361.33,95.03,663.05,255.94,0.0,3720.87,1.54,6.86,0.963,R059
C05642,R0082,TRK012,local,318.9,2614.98,971.82,1055.73,90.37,770.99,250.04,0.0,5753.93,1.37,18.04,1.194,R082
C05643,R0095,TRK012,road,358.6,2079.88,893.46,1141.95,263.35,894.92,590.9,1054.5,6918.97,2.78,19.29,1.051,R095
C05644,R0069,TRK037,road,103.4,599.72,229.87,1371.81,82.26,196.87,268.91,0.0,2749.44,1.82,26.59,1.158,R069
C05645,R0096,TRK014,rail,495.9,1785.24,342.93,494.68,63.1,725.4,171.53,1149.92,4732.8,3.09,9.54,1.041,R096
C05646,R0033,TRK009,local,351.0,2878.2,875.03,820.67,103.88,875.56,176.82,111.14,5841.3,2.78,16.64,1.089,R033
C05647,R0028,TRK014,road,149.7,868.26,346.07,1094.67,101.01,399.39,265.83,142.11,3217.34,1.42,21.49,1.213,R028
C05648,R0030,TRK042,local,332.7,2728.14,1039.31,787.94,87.22,855.76,172.2,0.0,5670.58,1.2,17.04,1.11,R030
C05649,R0030,TRK037,road,31.6,183.28,69.46,984.88,24.24,442.15,260.13,0.0,1964.13,0.46,62.16,1.189,R030
C05650,R0085,TRK007,rail,152.4,548.64,135.4,476.21,25.39,558.84,472.84,0.0,2217.32,1.07,14.55,1.078,R085
C05651,R0076,TRK009,road,283.3,1643.14,692.36,1270.83,212.63,365.81,434.88,398.0,5017.64,1.49,17.71,1.111,R076
C05652,R0061,TRK039,road,149.9,869.42,335.51,982.69,109.55,327.45,290.91,0.0,2915.53,0.7,19.45,1.062,R061
C05653,R0048,TRK015,road,215.7,1251.06,493.93,1071.52,132.32,823.24,512.81,300.88,4585.75,1.74,21.26,0.954,R048
C05654,R0094,TRK030,road,247.0,1432.6,605.72,1011.84,220.8,848.24,27.7,492.62,4639.51,9.45,18.78,1.002,R094
C05655,R0024,TRK006,road,208.8,1211.04,520.57,1206.04,133.19,536.42,208.97,1509.78,5326.02,16.3,25.51,1.176,R024
C05656,R0080,TRK039,rail,433.9,1562.04,312.44,471.67,73.23,634.1,254.24,0.0,3307.73,0.75,7.62,0.999,R080
C05657,R0014,TRK045,road,49.7,288.26,106.17,1348.42,36.42,545.93,391.25,0.0,2716.44,1.09,54.66,1.087,R014
C05658,R0029,TRK018,road,242.2,1404.76,532.49,1337.4,204.38,227.22,337.22,0.0,4043.48,1.19,16.69,0.901,R029
C05659,R0026,TRK025,road,44.8,259.84,83.82,1308.4,29.69,669.3,183.77,0.0,2534.82,5.02,56.58,1.218,R026
C05660,R0011,TRK005,local,525.1,4305.82,1670.68,1001.77,115.08,484.87,252.28,0.0,7830.49,1.86,14.91,0.908,R011
C05661,R0056,TRK002,road,407.6,2364.08,870.12,1283.38,255.92,468.51,189.34,0.0,5431.35,5.18,13.33,1.078,R056
C05662,R0079,TRK003,road,225.4,1307.32,515.88,1236.65,138.51,498.35,584.0,0.0,4280.71,0.98,18.99,1.015,R079
C05663,R0045,TRK015,road,174.8,1013.84,376.95,1191.79,146.02,552.63,604.21,820.41,4705.84,1.76,26.92,1.217,R045
C05664,R0004,TRK004,road,480.0,2784.0,1139.52,1265.07,361.09,463.04,126.92,0.0,6139.65,3.88,12.79,1.109,R004
C05665,R0039,TRK047,road,192.3,1115.34,385.75,1342.27,163.2,722.86,440.68,0.0,4170.09,0.85,21.69,1.061,R039
C05666,R0001,TRK049,rail,405.6,1460.16,285.73,361.86,63.5,790.39,296.01,0.0,3257.65,2.24,8.03,1.127,R001
C05667,R0086,TRK026,road,381.6,2213.28,848.39,1022.54,237.53,473.97,259.99,0.0,5055.71,1.9,13.25,0.906,R086
C05668,R0094,TRK039,road,73.3,425.14,161.32,1376.55,54.3,187.96,574.34,1402.8,4182.41,3.43,57.06,1.232,R094
C05669,R0075,TRK019,road,352.5,2044.5,753.67,1036.77,310.93,443.38,293.06,1261.58,6143.89,1.31,17.43,0.973,R075
C05670,R0060,TRK004,rail,332.5,1197.0,226.33,433.98,56.12,793.51,603.49,833.57,4144.01,1.91,12.46,1.055,R060
C05671,R0099,TRK036,road,131.3,761.54,274.32,1381.43,117.64,243.35,354.34,0.0,3132.63,1.23,23.86,0.972,R099
C05672,R0089,TRK016,road,55.4,321.32,105.02,1419.49,48.44,375.8,548.92,0.0,2818.99,0.57,50.88,0.911,R089
C05673,R0071,TRK049,rail,99.8,359.28,87.36,394.51,16.38,274.24,143.49,0.0,1275.26,0.3,12.78,1.029,R071
C05674,R0018,TRK005,road,123.2,714.56,308.95,1109.18,87.46,824.93,213.23,223.58,3481.9,1.13,28.26,0.916,R018
C05675,R0077,TRK038,local,505.3,4143.46,1338.55,732.01,106.27,350.31,218.21,1675.55,8564.35,8.34,16.95,1.023,R077
C05676,R0029,TRK034,local,330.4,2709.28,920.57,905.77,69.85,705.9,153.34,0.0,5464.71,11.83,16.54,1.22,R029
C05677,R0030,TRK045,road,523.8,3038.04,1197.14,1079.1,458.1,456.9,141.17,0.0,6370.45,1.46,12.16,1.22,R030
C05678,R0058,TRK039,rail,92.7,333.72,73.72,465.48,15.74,248.32,280.1,35.06,1452.15,0.31,15.67,1.136,R058
C05679,R0084,TRK008,road,438.6,2543.88,960.42,1030.75,273.55,671.38,100.19,934.28,6514.45,2.0,14.85,1.214,R084
C05680,R0090,TRK021,road,269.3,1561.94,661.64,1305.14,204.0,232.26,558.69,824.59,5348.25,9.27,19.86,1.067,R090
C05681,R0072,TRK019,road,437.2,2535.76,936.36,1129.07,264.76,478.7,313.93,1234.16,6892.74,2.43,15.77,1.119,R072
C05682,R0066,TRK028,road,119.9,695.42,290.55,1361.71,99.62,662.25,665.78,1399.93,5175.26,1.09,43.16,0.952,R066
C05683,R0081,TRK048,rail,135.5,487.8,106.44,431.79,18.18,867.15,60.21,0.0,1971.58,2.91,14.55,0.909,R081
C05684,R0015,TRK047,local,362.4,2971.68,1067.72,1020.96,77.33,579.01,80.88,117.68,5915.26,4.45,16.32,1.008,R015
C05685,R0034,TRK005,road,420.7,2440.06,787.47,1090.79,265.86,600.79,302.32,0.0,5487.29,2.51,13.04,0.911,R034
C05686,R0087,TRK016,rail,84.6,304.56,76.1,416.83,14.59,436.43,526.49,898.1,2673.1,5.04,31.6,1.206,R087
C05687,R0076,TRK005,local,287.9,2360.78,831.73,850.46,59.51,762.86,140.25,0.0,5005.58,2.75,17.39,1.01,R076
C05688,R0011,TRK045,rail,199.6,718.56,181.66,361.21,32.15,354.72,82.6,128.32,1859.23,1.79,9.31,1.007,R011
C05689,R0051,TRK043,rail,124.6,448.56,91.05,426.8,18.53,254.31,276.57,1297.56,2813.38,0.96,22.58,1.219,R051
C05690,R0050,TRK007,road,140.9,817.22,305.12,1067.73,84.92,700.38,208.0,0.0,3183.37,0.83,22.59,0.955,R050
C05691,R0070,TRK045,local,223.0,1828.6,575.52,761.5,59.71,772.12,180.17,0.0,4177.62,1.1,18.73,1.077,R070
C05692,R0045,TRK016,road,220.6,1279.48,456.03,1022.06,188.84,530.33,56.58,0.0,3533.32,3.27,16.02,1.126,R045
C05693,R0082,TRK016,rail,116.4,419.04,90.14,413.87,20.56,770.91,161.56,1426.16,3302.24,1.29,28.37,1.228,R082
C05694,R0018,TRK047,local,268.1,2198.42,687.46,1036.64,72.15,716.76,34.35,0.0,4745.79,1.31,17.7,1.244,R018
C05695,R0036,TRK043,rail,254.8,917.28,233.24,446.17,38.47,830.39,189.9,915.57,3571.01,2.02,14.01,1.183,R036
C05696,R0100,TRK042,road,245.5,1423.9,618.59,1274.38,155.06,430.49,472.69,0.0,4375.12,5.53,17.82,1.029,R100
C05697,R0067,TRK041,local,527.9,4328.78,1623.51,1068.34,148.43,824.82,199.21,0.0,8193.1,7.54,15.52,1.083,R067
C05698,R0099,TRK034,road,459.2,2663.36,891.27,1320.3,397.19,681.3,694.3,0.0,6647.73,1.41,14.48,1.034,R099
C05699,R0073,TRK003,road,327.8,1901.24,644.35,1196.77,293.01,809.68,479.94,0.0,5325.0,1.09,16.24,0.99,R073
C05700,R0076,TRK048,local,338.4,2774.88,1001.73,888.38,94.89,788.34,16.34,0.0,5564.57,1.72,16.44,1.231,R076
C05701,R0067,TRK029,road,375.8,2179.64,748.36,1079.17,232.22,725.17,646.01,37.93,5648.5,1.65,15.03,1.135,R067
C05702,R0083,TRK047,road,247.1,1433.18,586.56,1270.77,153.11,442.53,593.03,620.74,5099.93,1.93,20.64,1.162,R083
C05703,R0035,TRK005,road,281.4,1632.12,542.81,1289.29,250.73,563.34,243.4,0.0,4521.7,1.09,16.07,1.055,R035
C05704,R0017,TRK027,road,88.6,513.88,168.74,1127.03,69.53,386.1,681.55,0.0,2946.82,0.73,33.26,1.051,R017
C05705,R0068,TRK030,rail,548.1,1973.16,437.79,433.37,78.86,347.92,163.4,0.0,3434.49,1.57,6.27,0.919,R068
C05706,R0011,TRK003,road,480.9,2789.22,1212.51,975.87,374.43,803.33,304.22,1736.62,8196.21,1.89,17.04,0.949,R011
C05707,R0086,TRK032,local,76.6,628.12,217.34,991.88,22.27,498.77,215.0,358.02,2931.4,0.76,38.27,0.907,R086
C05708,R0006,TRK027,road,329.3,1909.94,626.3,1050.33,224.7,495.35,420.6,1301.51,6028.74,16.89,18.31,0.917,R006
C05709,R0042,TRK019,road,457.5,2653.5,904.21,1139.53,315.2,806.13,39.72,0.0,5858.29,1.24,12.81,0.983,R042
C05710,R0043,TRK046,rail,32.3,116.28,24.86,406.99,4.33,797.1,99.36,739.33,2188.23,0.7,67.75,0.922,R043
C05711,R0044,TRK007,local,476.9,3910.58,1289.56,988.38,97.22,241.34,28.12,1008.37,7563.57,2.27,15.86,1.141,R044
C05712,R0088,TRK044,local,117.3,961.86,363.04,885.61,24.43,733.92,165.14,865.08,3999.07,10.59,34.09,0.999,R088
C05713,R0054,TRK017,rail,168.0,604.8,123.32,366.32,21.24,689.29,350.59,1335.44,3491.0,0.88,20.78,1.066,R054
C05714,R0065,TRK001,road,395.5,2293.9,957.47,1012.29,283.42,232.48,183.85,836.82,5800.22,1.64,14.67,1.236,R065
C05715,R0051,TRK001,road,222.3,1289.34,457.5,1157.97,155.23,623.27,152.06,0.0,3835.37,2.32,17.25,0.924,R051
C05716,R0072,TRK012,road,286.8,1663.44,715.83,1340.63,229.44,279.29,541.88,1422.16,6192.67,1.72,21.59,1.237,R072
C05717,R0038,TRK017,road,403.0,2337.4,951.99,1162.33,252.34,396.72,599.49,0.0,5700.27,2.96,14.14,1.132,R038
C05718,R0082,TRK032,road,409.0,2372.2,855.49,1008.66,297.92,217.61,176.74,991.25,5919.85,6.72,14.47,1.012,R082
C05719,R0029,TRK014,road,154.9,898.42,325.4,1076.49,102.93,508.1,113.26,0.0,3024.6,0.68,19.53,1.152,R029
C05720,R0077,TRK039,road,136.4,791.12,319.6,1421.17,112.94,216.85,144.74,316.19,3322.61,0.81,24.36,1.062,R077
C05721,R0022,TRK016,road,490.4,2844.32,988.48,1276.18,419.56,284.63,699.11,551.77,7064.05,7.2,14.4,0.927,R022
C05722,R0011,TRK017,road,304.8,1767.84,681.82,1423.0,229.78,413.11,265.9,0.0,4781.46,5.7,15.69,0.901,R011
C05723,R0002,TRK014,road,226.4,1313.12,509.13,988.59,144.83,329.76,658.81,0.0,3944.23,1.54,17.42,0.95,R002
C05724,R0035,TRK047,road,204.7,1187.26,440.97,995.79,167.05,703.05,611.95,0.0,4106.06,13.3,20.06,1.197,R035
C05725,R0033,TRK031,road,491.6,2851.28,973.19,1306.51,419.02,360.22,55.98,0.0,5966.19,2.56,12.14,0.968,R033
C05726,R0024,TRK048,local,249.5,2045.9,662.93,903.56,66.91,763.66,237.45,0.0,4680.41,1.48,18.76,0.941,R024
C05727,R0091,TRK014,local,410.3,3364.46,985.7,834.02,90.19,442.99,162.99,0.0,5880.34,1.55,14.33,1.209,R091
C05728,R0026,TRK048,local,378.5,3103.7,966.43,876.52,79.82,531.06,145.41,1321.61,7024.54,15.66,18.56,0.917,R026
C05729,R0001,TRK002,road,383.9,2226.62,725.73,1075.41,338.63,876.41,34.53,0.0,5277.33,1.31,13.75,1.155,R001
C05730,R0079,TRK012,road,120.0,696.0,243.03,996.99,80.14,714.92,324.27,0.0,3055.33,1.64,25.46,1.04,R079
C05731,R0016,TRK039,road,133.9,776.62,296.56,1125.31,98.76,672.87,315.62,1325.09,4610.84,0.93,34.43,1.241,R016
C05732,R0048,TRK019,rail,352.7,1269.72,322.48,531.46,55.93,225.52,91.11,0.0,2496.22,1.01,7.08,1.112,R048
C05733,R0026,TRK041,road,252.1,1462.18,530.37,1015.74,168.64,484.72,161.21,172.27,3995.12,0.82,15.85,0.982,R026
C05734,R0015,TRK033,rail,116.2,418.32,80.07,438.58,14.5,608.42,523.56,1790.9,3874.34,2.12,33.34,1.147,R015
C05735,R0064,TRK002,road,143.6,832.88,287.59,1254.51,103.58,334.42,80.66,0.0,2893.63,4.25,20.15,1.095,R064
C05736,R0057,TRK030,rail,35.9,129.24,29.31,459.75,5.0,558.91,647.64,0.0,1829.86,0.46,50.97,1.185,R057
C05737,R0066,TRK045,road,541.8,3142.44,1150.89,1059.56,406.89,287.47,164.95,0.0,6212.2,1.27,11.47,1.077,R066
C05738,R0099,TRK020,road,178.1,1032.98,428.8,1406.23,154.55,270.52,324.56,0.0,3617.64,1.02,20.31,0.919,R099
C05739,R0082,TRK017,road,448.5,2601.3,1018.26,1091.58,373.59,152.42,116.65,0.0,5353.8,3.24,11.94,1.064,R082
C05740,R0010,TRK050,road,228.2,1323.56,556.79,1116.02,180.2,535.5,154.33,0.0,3866.4,0.8,16.94,0.964,R010
C05741,R0028,TRK004,rail,405.8,1460.88,294.13,438.88,65.26,612.03,189.47,992.19,4052.85,0.88,9.99,1.133,R028
C05742,R0051,TRK016,local,446.4,3660.48,1121.2,1073.08,119.19,672.08,176.85,0.0,6822.88,11.03,15.28,1.238,R051
C05743,R0071,TRK027,local,340.1,2788.82,865.55,756.56,101.35,284.24,220.4,2.28,5019.2,7.86,14.76,1.052,R071
C05744,R0070,TRK007,road,321.1,1862.38,797.91,991.34,203.11,690.06,609.51,0.0,5154.32,4.7,16.05,1.206,R070
C05745,R0053,TRK022,road,365.7,2121.06,749.79,1030.18,278.24,676.4,637.75,0.0,5493.42,10.17,15.02,1.032,R053
C05746,R0054,TRK047,road,380.6,2207.48,921.72,1117.32,239.88,618.23,183.16,0.0,5287.78,11.89,13.89,0.905,R054
C05747,R0073,TRK017,rail,348.8,1255.68,317.33,447.07,47.7,548.66,433.94,484.43,3534.8,1.43,10.13,0.928,R073
C05748,R0023,TRK038,road,77.7,450.66,169.19,1277.54,47.11,488.79,632.49,0.0,3065.79,1.08,39.46,1.182,R023
C05749,R0065,TRK036,road,421.3,2443.54,906.94,1410.88,260.08,228.31,447.71,1245.44,6942.88,21.47,16.48,1.103,R065
C05750,R0062,TRK017,local,242.4,1987.68,707.26,803.89,56.96,404.8,221.34,0.0,4181.93,4.78,17.25,1.16,R062
C05751,R0007,TRK007,rail,473.6,1704.96,392.14,500.78,63.49,729.51,460.62,1691.67,5543.17,1.63,11.7,1.117,R007
C05752,R0075,TRK049,road,493.0,2859.4,925.14,1410.01,299.56,561.28,197.91,723.0,6976.3,8.92,14.15,0.931,R075
C05753,R0028,TRK032,road,198.2,1149.56,425.9,970.54,150.81,677.12,171.75,244.6,3790.27,0.81,19.12,0.975,R028
C05754,R0004,TRK009,road,335.3,1944.74,672.82,1026.08,286.69,433.7,657.45,0.0,5021.47,1.44,14.98,1.188,R004
C05755,R0034,TRK039,road,519.2,3011.36,1312.26,1105.11,412.32,284.23,648.61,0.0,6773.89,18.42,13.05,1.046,R034
C05756,R0040,TRK041,local,444.8,3647.36,1279.33,988.17,96.56,624.98,280.15,0.0,6916.55,1.88,15.55,1.063,R040
C05757,R0065,TRK019,local,170.1,1394.82,514.77,841.23,34.04,317.03,141.69,0.0,3243.58,0.95,19.07,0.907,R065
C05758,R0060,TRK046,local,41.2,337.84,104.29,1054.47,8.82,174.8,91.87,0.0,1772.08,0.82,43.01,1.013,R060
C05759,R0076,TRK035,road,102.5,594.5,206.02,1418.22,86.09,678.18,288.48,0.0,3271.5,1.35,31.92,1.105,R076
C05760,R0028,TRK046,road,336.4,1951.12,649.91,1156.39,220.31,665.05,328.74,0.0,4971.52,7.68,14.78,0.927,R028
C05761,R0079,TRK018,local,437.9,3590.78,1277.35,1034.58,90.6,434.42,256.71,0.0,6684.44,11.54,15.26,0.96,R079
C05762,R0077,TRK010,road,263.0,1525.4,607.37,1332.23,235.73,407.84,630.81,0.0,4739.37,5.9,18.02,1.127,R077
C05763,R0033,TRK045,road,411.3,2385.54,955.82,999.83,311.51,867.32,34.63,0.0,5554.66,1.94,13.51,1.229,R033
C05764,R0069,TRK012,rail,483.4,1740.24,393.49,483.7,75.14,506.21,144.06,0.0,3342.82,0.87,6.92,1.133,R069
C05765,R0045,TRK040,road,377.3,2188.34,754.47,1323.27,233.08,158.09,121.02,397.44,5175.71,5.44,13.72,1.105,R045
C05766,R0070,TRK044,road,431.4,2502.12,944.61,1307.01,291.07,173.86,265.36,1067.1,6551.14,1.66,15.19,1.084,R070
C05767,R0020,TRK032,road,244.7,1419.26,512.02,1167.99,149.65,535.23,162.99,0.0,3947.14,1.93,16.13,0.91,R020
C05768,R0068,TRK011,road,59.3,343.94,136.43,1194.32,37.84,238.36,682.41,0.0,2633.3,2.37,44.41,1.183,R068
C05769,R0044,TRK021,rail,66.2,238.32,59.07,512.61,9.87,538.39,144.81,0.0,1503.07,0.35,22.7,1.164,R044
C05770,R0096,TRK026,road,272.2,1578.76,648.33,1419.92,213.91,351.93,1.5,0.0,4214.34,0.91,15.48,1.004,R096
C05771,R0039,TRK028,rail,61.3,220.68,47.05,448.52,10.0,366.8,86.71,0.0,1179.76,1.31,19.25,0.933,R039
C05772,R0004,TRK028,road,226.8,1315.44,481.79,1070.47,192.64,240.4,180.68,0.0,3481.43,2.74,15.35,1.1,R004
C05773,R0067,TRK001,local,526.7,4318.94,1499.06,749.6,141.19,209.63,21.18,1257.64,8197.23,3.72,15.56,0.94,R067
C05774,R0034,TRK046,local,140.1,1148.82,366.22,864.62,36.39,317.9,265.11,0.0,2999.06,1.6,21.41,1.072,R034
C05775,R0084,TRK005,road,382.4,2217.92,880.37,1083.3,260.24,399.08,190.0,0.0,5030.9,2.13,13.16,1.078,R084
C05776,R0040,TRK021,local,530.6,4350.92,1587.46,948.83,116.21,570.67,24.0,1134.41,8732.49,4.06,16.46,0.941,R040
C05777,R0092,TRK031,rail,182.3,656.28,144.1,438.91,28.0,787.9,686.78,0.0,2741.97,1.69,15.04,1.062,R092
C05778,R0100,TRK027,road,417.4,2420.92,937.33,1134.63,351.07,346.8,258.42,0.0,5449.15,2.02,13.05,1.029,R100
C05779,R0051,TRK030,road,467.0,2708.6,1094.89,1256.39,327.34,306.66,491.54,425.64,6611.07,1.43,14.16,0.943,R051
C05780,R0046,TRK048,road,243.1,1409.98,570.0,1155.77,155.01,572.15,412.57,1607.81,5883.3,11.38,24.2,1.188,R046
C05781,R0008,TRK006,road,175.2,1016.16,373.41,1058.25,135.09,169.73,414.64,828.78,3996.06,1.06,22.81,0.91,R008
C05782,R0017,TRK031,rail,375.7,1352.52,310.24,452.71,61.15,570.78,500.77,0.0,3248.17,1.32,8.65,1.036,R017
C05783,R0097,TRK023,rail,206.9,744.84,185.32,433.45,32.51,469.96,439.29,0.0,2305.38,0.72,11.14,1.075,R097
C05784,R0013,TRK017,road,188.4,1092.72,395.0,1228.5,132.7,770.22,81.35,0.0,3700.49,1.18,19.64,1.062,R013
C05785,R0083,TRK032,road,425.4,2467.32,920.71,1059.66,278.86,680.87,536.14,395.59,6339.14,5.42,14.9,1.234,R083
C05786,R0096,TRK008,road,398.1,2308.98,884.91,1123.3,341.35,785.44,260.91,763.91,6468.8,1.84,16.25,1.062,R096
C05787,R0086,TRK044,road,254.0,1473.2,631.57,1245.86,212.8,847.98,1.46,0.0,4412.87,1.31,17.37,1.165,R086
C05788,R0079,TRK039,road,65.4,379.32,141.03,1261.44,58.45,248.1,115.32,0.0,2203.65,1.78,33.69,0.967,R079
C05789,R0086,TRK033,road,411.8,2388.44,943.3,1264.59,340.84,335.41,545.73,1164.27,6982.59,9.75,16.96,1.03,R086
C05790,R0081,TRK034,rail,201.8,726.48,173.76,414.83,25.78,409.12,522.53,0.0,2272.5,0.54,11.26,1.146,R081
C05791,R0038,TRK007,rail,272.0,979.2,201.32,515.78,40.54,327.45,233.16,850.75,3148.19,0.64,11.57,1.075,R038
C05792,R0072,TRK014,road,32.4,187.92,66.23,971.89,20.53,498.61,231.04,0.0,1976.21,0.55,60.99,0.917,R072
C05793,R0030,TRK046,road,296.3,1718.54,578.38,1149.56,216.04,677.94,429.66,0.0,4770.11,1.04,16.1,1.032,R030
C05794,R0045,TRK019,road,439.0,2546.2,986.72,1182.17,283.23,884.3,166.57,1607.26,7656.45,6.83,17.44,1.152,R045
C05795,R0005,TRK049,rail,358.2,1289.52,267.92,361.69,49.98,884.29,574.95,0.0,3428.35,0.87,9.57,1.1,R005
C05796,R0018,TRK028,rail,511.5,1841.4,417.18,532.23,75.74,374.17,88.0,541.02,3869.74,2.71,7.57,1.138,R018
C05797,R0077,TRK029,road,424.1,2459.78,1026.7,1213.39,290.92,242.71,335.14,1497.57,7066.21,2.85,16.66,1.066,R077
C05798,R0021,TRK016,road,273.1,1583.98,611.99,1381.59,244.39,897.36,425.07,0.0,5144.39,1.12,18.84,1.131,R021
C05799,R0030,TRK012,road,103.9,602.62,262.74,1064.08,77.64,889.19,218.75,0.0,3115.02,0.73,29.98,1.099,R030
C05800,R0028,TRK029,rail,402.4,1448.64,285.09,409.34,61.9,199.06,76.14,0.0,2480.18,0.78,6.16,0.939,R028
C05801,R0027,TRK017,local,530.7,4351.74,1421.43,778.0,156.41,310.17,158.64,0.0,7176.39,2.23,13.52,0.925,R027
C05802,R0081,TRK018,rail,412.9,1486.44,366.97,363.38,52.9,822.92,303.06,0.0,3395.67,1.32,8.22,1.104,R081
C05803,R0011,TRK036,local,278.1,2280.42,681.14,1003.64,64.19,783.1,56.12,1667.51,6536.13,1.36,23.5,1.23,R011
C05804,R0074,TRK048,road,458.1,2656.98,875.12,1052.52,320.66,610.22,688.7,0.0,6204.2,1.75,13.54,1.192,R074
C05805,R0032,TRK041,rail,156.6,563.76,106.92,494.79,25.24,357.05,544.09,1722.16,3814.0,0.82,24.36,1.067,R032
C05806,R0037,TRK020,road,170.0,986.0,369.77,1372.3,150.0,537.6,696.75,0.0,4112.43,0.89,24.19,1.043,R037
C05807,R0076,TRK038,road,403.7,2341.46,988.89,1389.11,310.51,468.43,303.1,0.0,5801.51,4.59,14.37,1.201,R076
C05808,R0015,TRK014,road,306.7,1778.86,654.8,1408.25,197.44,870.49,688.51,0.0,5598.36,1.17,18.25,1.012,R015
C05809,R0036,TRK037,road,391.4,2270.12,930.21,1376.48,238.58,558.85,4.51,0.0,5378.74,1.27,13.74,1.079,R036
C05810,R0069,TRK008,road,232.3,1347.34,437.59,1315.47,172.41,188.63,187.47,0.0,3648.9,1.5,15.71,0.964,R069
C05811,R0088,TRK036,road,81.7,473.86,155.25,1209.9,63.48,545.65,520.03,0.0,2968.16,0.7,36.33,1.205,R088
C05812,R0004,TRK002,rail,58.7,211.32,43.93,414.81,9.9,259.36,271.27,0.0,1210.58,1.65,20.62,1.179,R004
C05813,R0026,TRK015,road,185.7,1077.06,460.86,1243.69,116.49,468.89,273.38,0.0,3640.38,1.5,19.6,0.936,R026
C05814,R0074,TRK007,road,339.9,1971.42,737.6,1282.92,243.31,876.42,597.78,1595.0,7304.45,1.95,21.49,1.049,R074
C05815,R0007,TRK044,road,241.0,1397.8,551.57,971.44,185.61,247.01,320.81,0.0,3674.23,0.8,15.25,0.957,R007
C05816,R0021,TRK045,local,116.3,953.66,324.16,979.12,32.67,226.87,76.15,1701.09,4293.72,7.16,36.92,1.042,R021
C05817,R0028,TRK007,road,199.6,1157.68,432.25,1266.46,175.07,298.85,698.76,0.0,4029.07,4.47,20.19,0.982,R028
C05818,R0039,TRK022,rail,243.0,874.8,202.36,364.26,37.37,215.71,37.25,0.0,1731.74,2.76,7.13,0.912,R039
C05819,R0008,TRK011,local,234.0,1918.8,723.72,1048.12,48.5,834.1,284.41,0.0,4857.64,2.84,20.76,1.209,R008
C05820,R0082,TRK006,rail,322.9,1162.44,284.33,483.5,41.93,341.9,501.35,0.0,2815.45,1.6,8.72,1.213,R082
C05821,R0088,TRK003,road,113.9,660.62,239.03,1238.99,71.34,364.92,354.14,0.0,2929.05,0.73,25.72,0.907,R088
C05822,R0093,TRK043,local,76.1,624.02,232.14,949.67,16.34,298.54,20.57,0.0,2141.28,1.55,28.14,0.91,R093
C05823,R0096,TRK034,road,402.2,2332.76,895.72,1365.17,353.66,603.72,174.22,122.76,5848.01,1.2,14.54,1.25,R096
C05824,R0023,TRK021,road,65.6,380.48,136.94,1267.17,53.14,714.21,157.49,1147.35,3856.78,0.83,58.79,1.132,R023
C05825,R0008,TRK022,road,449.3,2605.94,1039.62,970.44,279.5,819.32,222.27,363.61,6300.71,20.21,14.02,1.148,R008
C05826,R0001,TRK002,road,206.0,1194.8,510.14,1196.61,156.48,347.2,409.64,0.0,3814.86,0.85,18.52,0.914,R001
C05827,R0088,TRK042,road,141.6,821.28,285.86,1361.33,121.64,309.81,327.02,0.0,3226.94,1.18,22.79,1.082,R088
C05828,R0091,TRK005,road,54.9,318.42,116.12,970.7,38.17,629.41,274.49,0.0,2347.31,4.93,42.76,1.054,R091
C05829,R0020,TRK030,road,433.8,2516.04,888.44,1406.73,271.4,866.65,527.67,0.0,6476.92,4.65,14.93,1.204,R020
C05830,R0008,TRK031,road,94.4,547.52,188.53,1223.88,66.9,687.14,406.92,0.0,3120.89,2.58,33.06,0.977,R008
C05831,R0092,TRK013,road,262.6,1523.08,585.86,1321.77,170.21,851.34,346.21,0.0,4798.47,1.05,18.27,1.217,R092
C05832,R0068,TRK040,road,292.3,1695.34,702.91,1246.86,252.92,885.14,600.91,0.0,5384.07,1.79,18.42,1.084,R068
C05833,R0055,TRK045,rail,434.8,1565.28,348.1,451.02,53.32,532.3,132.44,0.0,3082.47,0.76,7.09,0.931,R055
C05834,R0088,TRK038,road,111.1,644.38,225.78,1359.02,96.51,187.52,399.49,0.0,2912.69,0.89,26.22,1.064,R088
C05835,R0046,TRK017,rail,216.3,778.68,151.75,483.41,31.38,600.4,642.12,0.0,2687.73,0.66,12.43,0.901,R046
C05836,R0077,TRK028,road,36.4,211.12,85.65,1043.64,31.42,606.26,77.94,0.0,2056.03,0.92,56.48,1.028,R077
C05837,R0091,TRK029,road,44.9,260.42,105.42,1276.52,39.04,779.52,694.82,0.0,3155.74,1.52,70.28,1.207,R091
C05838,R0025,TRK050,road,108.0,626.4,271.71,1124.71,83.78,417.82,15.17,0.0,2539.59,0.74,23.51,1.107,R025
C05839,R0068,TRK049,local,321.4,2635.48,942.57,835.96,89.82,829.85,183.9,827.43,6345.02,2.68,19.74,1.15,R068
C05840,R0093,TRK031,road,242.6,1407.08,609.04,1037.54,152.06,562.31,554.02,40.18,4362.22,1.27,17.98,1.242,R093
C05841,R0050,TRK047,rail,426.8,1536.48,337.79,526.17,71.42,666.78,489.63,0.0,3628.28,2.7,8.5,1.153,R050
C05842,R0060,TRK027,rail,182.9,658.44,136.43,407.18,31.36,424.57,139.95,0.0,1797.94,5.16,9.83,1.139,R060
C05843,R0090,TRK006,road,220.2,1277.16,554.39,1009.8,152.97,216.81,195.29,0.0,3406.41,0.81,15.47,1.232,R090
C05844,R0060,TRK003,road,281.2,1630.96,621.72,1085.35,248.03,889.03,650.21,1129.86,6255.14,1.57,22.24,1.164,R060
C05845,R0096,TRK039,rail,406.2,1462.32,285.27,423.02,54.47,702.13,370.83,0.0,3298.05,4.6,8.12,1.06,R096
C05846,R0015,TRK018,local,357.7,2933.14,1072.21,868.92,101.56,548.41,299.93,0.0,5824.17,2.33,16.28,0.985,R015
C05847,R0038,TRK024,road,140.7,816.06,275.72,1193.85,124.14,221.05,452.67,1013.82,4097.31,1.15,29.12,1.233,R038
C05848,R0061,TRK045,road,113.6,658.88,257.9,1054.78,69.83,486.67,202.67,0.0,2730.74,0.57,24.04,1.104,R061
C05849,R0038,TRK046,local,283.5,2324.7,809.15,764.07,79.86,667.54,213.85,0.0,4859.17,1.5,17.14,1.078,R038
C05850,R0081,TRK006,rail,283.6,1020.96,232.78,445.43,48.21,670.62,669.2,785.34,3872.54,4.65,13.65,1.14,R081
C05851,R0057,TRK027,road,126.6,734.28,252.84,1206.04,81.11,635.47,321.93,0.0,3231.66,1.11,25.53,1.093,R057
C05852,R0072,TRK005,road,74.6,432.68,141.28,1210.54,51.56,595.75,470.31,0.0,2902.13,0.68,38.9,0.988,R072
C05853,R0068,TRK026,road,293.2,1700.56,709.13,1263.93,240.32,544.3,173.74,363.48,4995.46,1.72,17.04,1.247,R068
C05854,R0002,TRK002,rail,342.2,1231.92,271.82,527.86,44.56,205.27,549.51,272.5,3103.43,1.02,9.07,1.242,R002
C05855,R0028,TRK016,road,38.2,221.56,92.84,1322.28,29.91,361.38,426.04,0.0,2454.0,2.93,64.24,1.032,R028
C05856,R0070,TRK027,rail,528.8,1903.68,385.64,441.12,73.84,474.6,601.25,0.0,3880.14,1.11,7.34,1.053,R070
C05857,R0079,TRK028,local,526.3,4315.66,1656.26,1011.18,128.28,827.99,72.19,0.0,8011.57,21.34,15.22,0.918,R079
C05858,R0010,TRK037,road,146.2,847.96,347.6,1292.24,111.61,737.37,333.73,0.0,3670.51,1.91,25.11,1.022,R010
C05859,R0033,TRK017,road,237.8,1379.24,461.52,1213.23,192.79,292.05,262.87,0.0,3801.69,1.72,15.99,0.987,R033
C05860,R0088,TRK035,rail,362.5,1305.0,279.71,380.61,61.31,635.4,510.81,0.0,3172.84,2.04,8.75,1.209,R088
C05861,R0015,TRK036,road,371.2,2152.96,804.45,1406.05,232.28,751.66,53.77,0.0,5401.18,4.67,14.55,1.029,R015
C05862,R0056,TRK028,road,459.4,2664.52,1016.04,1084.42,347.99,470.73,662.83,136.81,6383.33,3.83,13.89,0.962,R056
C05863,R0096,TRK024,road,520.2,3017.16,975.2,1261.49,424.05,847.49,589.63,98.92,7213.95,1.95,13.87,1.045,R096
C05864,R0071,TRK018,road,471.3,2733.54,977.65,1317.38,400.88,486.61,304.97,118.58,6339.62,4.29,13.45,1.194,R071
C05865,R0039,TRK009,road,511.8,2968.44,1202.29,1233.43,396.24,153.62,172.91,0.0,6126.94,3.1,11.97,0.905,R039
C05866,R0095,TRK044,road,455.3,2640.74,878.63,1162.54,279.86,384.26,616.83,0.0,5962.86,4.43,13.1,0.904,R095
C05867,R0054,TRK038,road,103.8,602.04,214.26,1127.08,62.55,692.56,345.56,0.0,3044.04,0.92,29.33,0.926,R054
C05868,R0038,TRK048,road,150.1,870.58,310.73,1215.08,132.76,713.73,631.85,1188.7,5063.43,1.72,33.73,1.211,R038
C05869,R0053,TRK001,local,507.8,4163.96,1491.13,741.63,141.89,311.45,214.22,0.0,7064.28,2.57,13.91,0.994,R053
C05870,R0058,TRK026,road,119.6,693.68,276.45,1080.43,100.5,233.02,490.38,0.0,2874.46,0.82,24.03,0.913,R058
C05871,R0093,TRK004,road,296.2,1717.96,715.54,1297.78,260.79,680.82,456.9,0.0,5129.78,1.84,17.32,1.207,R093
C05872,R0037,TRK046,road,454.7,2637.26,897.08,1220.55,281.24,596.85,407.1,936.74,6976.82,1.61,15.34,1.123,R037
C05873,R0033,TRK035,road,481.1,2790.38,1151.09,977.03,420.77,295.08,662.35,0.0,6296.71,1.69,13.09,1.218,R033
C05874,R0084,TRK008,rail,426.3,1534.68,293.1,395.04,52.86,169.32,36.7,821.01,3302.72,1.31,7.75,1.118,R084
C05875,R0094,TRK002,rail,539.2,1941.12,443.08,406.83,76.96,835.5,13.36,0.0,3716.84,1.0,6.89,0.951,R094
C05876,R0022,TRK018,road,373.7,2167.46,813.06,1120.05,262.65,469.15,265.93,0.0,5098.3,1.68,13.64,0.985,R022
C05877,R0088,TRK033,road,468.8,2719.04,1108.59,1109.54,302.71,895.48,533.83,71.76,6740.95,13.08,14.38,1.042,R088
C05878,R0053,TRK034,road,522.7,3031.66,1137.44,1256.06,444.02,471.51,426.09,0.0,6766.77,1.96,12.95,1.123,R053
C05879,R0028,TRK046,road,535.7,3107.06,1189.06,1185.27,473.53,315.54,365.55,439.87,7075.88,1.79,13.21,0.955,R028
C05880,R0096,TRK010,road,432.9,2510.82,959.74,1117.94,320.21,770.12,653.45,0.0,6332.29,6.48,14.63,1.135,R096
C05881,R0058,TRK042,rail,381.7,1374.12,282.49,385.5,57.12,842.28,326.82,0.0,3268.33,0.9,8.56,0.919,R058
C05882,R0047,TRK047,rail,240.4,865.44,181.46,529.06,31.98,408.46,583.49,0.0,2599.9,1.87,10.81,1.109,R047
C05883,R0094,TRK021,road,106.2,615.96,202.52,1188.99,84.32,567.12,652.68,0.0,3311.58,0.72,31.18,1.085,R094
C05884,R0094,TRK033,rail,285.2,1026.72,209.13,455.6,46.78,387.6,330.37,0.0,2456.19,1.04,8.61,1.18,R094
C05885,R0018,TRK021,road,491.2,2848.96,943.84,1314.11,308.56,662.09,131.35,0.0,6208.91,2.46,12.64,1.057,R018
C05886,R0075,TRK035,road,50.1,290.58,103.36,961.17,36.38,628.13,434.46,0.0,2454.08,2.9,48.98,0.982,R075
C05887,R0065,TRK044,road,229.7,1332.26,470.04,1398.9,137.94,543.44,232.92,0.0,4115.49,1.12,17.92,1.043,R065
C05888,R0083,TRK023,road,170.6,989.48,387.15,968.41,107.86,816.1,525.59,0.0,3794.58,4.5,22.24,1.114,R083
C05889,R0003,TRK040,road,211.8,1228.44,434.21,1222.83,180.42,533.59,684.09,1325.99,5609.57,7.69,26.49,0.912,R003
C05890,R0090,TRK021,road,121.5,704.7,270.39,1273.75,87.26,717.47,228.83,667.63,3950.04,1.34,32.51,1.036,R090
C05891,R0029,TRK030,road,467.2,2709.76,1052.62,997.15,314.0,872.23,360.5,685.66,6991.92,2.53,14.97,0.946,R029
C05892,R0033,TRK035,road,89.5,519.1,192.46,1303.72,68.65,193.85,476.1,0.0,2753.89,0.65,30.77,1.218,R033
C05893,R0062,TRK046,road,76.7,444.86,192.81,1339.58,67.7,174.27,201.09,1442.33,3862.65,1.55,50.36,0.992,R062
C05894,R0059,TRK039,road,229.8,1332.84,499.82,1301.29,205.41,189.89,152.49,491.6,4173.34,1.37,18.16,0.929,R059
C05895,R0084,TRK028,road,299.2,1735.36,623.72,1117.66,259.09,752.61,374.14,700.26,5562.84,1.25,18.59,0.965,R084
C05896,R0044,TRK012,road,430.9,2499.22,869.29,1073.62,286.45,461.98,308.5,0.0,5499.06,1.17,12.76,1.107,R044
C05897,R0095,TRK025,rail,511.0,1839.6,367.65,407.98,68.75,629.78,644.59,983.38,4941.72,1.29,9.67,1.125,R095
C05898,R0030,TRK014,local,351.6,2883.12,1048.8,779.46,102.19,826.44,109.69,0.0,5749.7,2.21,16.35,0.975,R030
C05899,R0034,TRK039,road,441.6,2561.28,1000.37,1347.45,289.01,458.35,399.69,1229.69,7285.85,2.54,16.5,0.942,R034
C05900,R0093,TRK042,road,368.6,2137.88,779.41,1314.06,283.17,714.91,19.78,21.91,5271.12,2.73,14.3,0.934,R093
C05901,R0100,TRK046,local,440.3,3610.46,1168.99,901.16,92.53,150.63,269.28,1118.96,7312.01,2.34,16.61,0.958,R100
C05902,R0021,TRK017,local,332.1,2723.22,944.69,776.05,71.42,522.72,133.2,0.0,5171.3,1.99,15.57,1.12,R021
C05903,R0093,TRK028,road,305.9,1774.22,644.8,1270.4,257.25,252.68,111.22,0.0,4310.58,1.13,14.09,1.041,R093
C05904,R0022,TRK016,road,330.7,1918.06,733.95,1104.94,229.29,876.86,656.92,1579.74,7099.76,1.88,21.47,1.011,R022
C05905,R0080,TRK035,local,115.5,947.1,370.94,781.09,32.17,404.86,187.58,1337.85,4061.59,0.88,35.17,0.995,R080
C05906,R0077,TRK034,road,168.1,974.98,383.98,1025.32,137.14,575.09,468.99,212.66,3778.15,3.73,22.48,1.01,R077
C05907,R0066,TRK034,road,484.2,2808.36,1179.56,1002.68,328.65,818.7,364.78,0.0,6502.72,3.22,13.43,1.219,R066
C05908,R0041,TRK038,local,527.0,4321.4,1366.9,1015.15,139.74,700.79,99.18,759.61,8402.76,1.71,15.94,1.163,R041
C05909,R0023,TRK014,local,185.2,1518.64,566.67,1062.65,39.89,521.39,195.07,0.0,3904.31,3.26,21.08,1.142,R023
C05910,R0027,TRK014,local,302.1,2477.22,918.69,894.39,61.49,177.13,274.17,325.76,5128.85,1.41,16.98,1.116,R027
C05911,R0033,TRK008,road,536.3,3110.54,1201.2,1438.22,328.94,650.41,540.83,1543.28,8813.42,2.56,16.43,1.103,R033
C05912,R0046,TRK044,road,268.9,1559.62,568.56,1283.55,206.53,341.95,543.86,0.0,4504.07,3.75,16.75,1.208,R046
C05913,R0099,TRK050,road,169.9,985.42,379.23,1065.28,103.93,613.0,399.67,1639.39,5185.92,14.55,30.52,1.017,R099
C05914,R0049,TRK006,local,287.1,2354.22,917.73,763.67,85.58,154.43,243.06,0.0,4518.68,2.04,15.74,1.026,R049
C05915,R0089,TRK046,local,184.4,1512.08,492.1,995.43,38.49,688.12,13.59,25.06,3764.86,1.1,20.42,0.949,R089
C05916,R0082,TRK017,local,350.0,2870.0,1023.56,765.0,99.12,403.72,154.25,1503.23,6818.87,10.66,19.48,1.226,R082
C05917,R0027,TRK001,local,460.2,3773.64,1156.96,1070.04,102.97,545.76,146.43,0.0,6795.79,3.29,14.77,0.985,R027
C05918,R0074,TRK042,road,205.0,1189.0,448.21,1177.83,140.35,562.88,458.22,1255.74,5232.23,5.21,25.52,0.969,R074
C05919,R0071,TRK019,road,402.9,2336.82,894.42,1409.6,351.26,698.49,357.0,0.0,6047.58,1.66,15.01,1.238,R071
C05920,R0071,TRK042,road,226.7,1314.86,468.85,1383.06,165.85,633.01,588.73,1346.71,5901.07,7.12,26.03,1.118,R071
C05921,R0089,TRK009,road,450.5,2612.9,890.81,1290.85,321.21,860.73,126.75,0.0,6103.25,2.62,13.55,1.062,R089
C05922,R0088,TRK022,rail,544.0,1958.4,389.94,466.11,96.16,219.27,556.19,396.66,4082.72,1.24,7.5,1.15,R088
C05923,R0015,TRK041,road,467.4,2710.92,1083.3,1054.14,396.96,450.12,126.04,95.95,5917.41,1.2,12.66,0.999,R015
C05924,R0030,TRK004,road,532.7,3089.66,1009.47,1196.2,465.89,503.72,358.06,1661.82,8284.82,9.56,15.55,1.049,R030
C05925,R0018,TRK009,road,506.4,2937.12,1094.2,1099.77,371.9,614.03,136.76,1149.26,7403.04,5.74,14.62,0.932,R018
C05926,R0023,TRK035,local,454.8,3729.36,1177.33,813.04,128.94,198.2,40.27,0.0,6087.13,9.52,13.38,1.183,R023
C05927,R0054,TRK017,road,210.7,1222.06,489.91,1174.03,176.45,801.13,520.17,0.0,4383.74,0.97,20.81,1.247,R054
C05928,R0055,TRK007,road,168.8,979.04,408.42,1229.4,146.89,208.9,607.42,0.0,3580.08,1.65,21.21,1.05,R055
C05929,R0034,TRK013,rail,368.9,1328.04,275.13,453.81,62.01,188.52,697.79,1636.84,4642.14,2.37,12.58,1.074,R034
C05930,R0038,TRK038,road,168.6,977.88,420.61,1021.5,135.06,431.44,514.97,0.0,3501.47,0.89,20.77,0.923,R038
C05931,R0045,TRK022,road,266.6,1546.28,595.24,1166.22,239.07,472.95,213.65,0.0,4233.41,3.35,15.88,0.922,R045
C05932,R0064,TRK011,road,521.9,3027.02,1050.11,1038.65,435.55,731.93,337.49,0.0,6620.76,1.71,12.69,0.939,R064
C05933,R0088,TRK035,local,294.0,2410.8,832.48,951.42,72.97,242.66,176.19,785.37,5471.89,1.2,18.61,1.074,R088
C05934,R0010,TRK017,rail,46.5,167.4,42.14,392.77,8.14,642.65,536.28,1698.32,3487.7,2.42,75.0,0.902,R010
C05935,R0061,TRK016,local,115.3,945.46,307.24,835.85,24.58,604.88,198.41,0.0,2916.41,4.3,25.29,0.964,R061
C05936,R0010,TRK046,road,388.3,2252.14,892.68,1079.51,335.67,860.8,554.84,0.0,5975.64,2.94,15.39,0.908,R010
C05937,R0031,TRK023,local,463.6,3801.52,1357.27,1010.94,116.91,776.22,8.12,0.0,7070.97,5.55,15.25,1.176,R031
C05938,R0056,TRK018,rail,265.2,954.72,215.82,527.29,43.55,196.43,588.28,0.0,2526.08,1.32,9.53,0.909,R056
C05939,R0028,TRK020,road,181.1,1050.38,340.0,1018.97,132.14,879.36,20.95,0.0,3441.8,0.75,19.0,1.202,R028
C05940,R0030,TRK047,local,188.6,1546.52,544.34,997.71,49.7,197.44,229.4,0.0,3565.11,1.37,18.9,1.246,R030
C05941,R0068,TRK009,road,131.3,761.54,250.56,1366.17,96.97,341.95,281.25,88.04,3186.47,0.73,24.27,1.185,R068
C05942,R0046,TRK002,rail,368.0,1324.8,270.3,491.14,56.7,471.31,178.71,1306.8,4099.75,1.83,11.14,1.143,R046
C05943,R0074,TRK033,road,218.6,1267.88,545.02,1097.53,133.23,250.69,375.58,0.0,3669.93,1.42,16.79,1.028,R074
C05944,R0049,TRK002,local,42.9,351.78,134.5,1023.14,11.19,573.54,278.01,1519.47,3891.63,1.24,90.71,1.087,R049
C05945,R0059,TRK044,road,539.9,3131.42,1098.12,1028.21,406.84,499.44,666.77,0.0,6830.8,1.37,12.65,0.921,R059
C05946,R0076,TRK016,rail,190.2,684.72,140.81,422.94,26.68,643.01,620.29,0.0,2538.44,2.55,13.35,1.209,R076
C05947,R0065,TRK044,local,51.2,419.84,133.07,745.86,12.53,152.8,13.67,1123.75,2601.51,1.1,50.81,1.008,R065
C05948,R0069,TRK005,rail,158.5,570.6,116.03,494.55,19.86,411.83,459.21,0.0,2072.07,1.16,13.07,0.922,R069
C05949,R0025,TRK018,road,288.8,1675.04,624.65,1429.73,244.95,335.9,110.56,493.75,4914.58,3.81,17.02,0.983,R025
C05950,R0088,TRK023,road,73.2,424.56,163.2,1124.46,60.67,612.94,366.58,0.0,2752.41,1.85,37.6,1.068,R088
C05951,R0063,TRK014,road,494.0,2865.2,1140.82,1396.87,304.01,745.54,324.18,0.0,6776.62,1.97,13.72,1.015,R063
C05952,R0067,TRK031,road,471.0,2731.8,973.69,1081.03,406.09,763.17,360.56,98.09,6414.43,1.8,13.62,1.171,R067
C05953,R0066,TRK017,rail,66.9,240.84,61.08,447.32,10.58,773.83,139.93,0.0,1673.58,1.23,25.02,1.126,R066
C05954,R0035,TRK011,road,119.8,694.84,246.84,1146.05,105.89,250.93,114.46,1674.54,4233.55,2.81,35.34,1.243,R035
C05955,R0067,TRK037,road,242.9,1408.82,534.74,1141.11,210.42,346.85,395.76,153.14,4190.85,0.94,17.25,0.957,R067
C05956,R0048,TRK020,road,407.3,2362.34,892.74,1107.55,303.42,487.24,317.23,249.26,5719.78,1.4,14.04,1.103,R048
C05957,R0042,TRK023,road,332.9,1930.82,661.52,1051.53,221.12,269.59,292.92,0.0,4427.49,1.87,13.3,0.904,R042
C05958,R0025,TRK046,local,450.4,3693.28,1379.71,901.86,126.92,432.06,263.6,0.0,6797.44,1.69,15.09,1.184,R025
C05959,R0041,TRK003,road,326.5,1893.7,691.11,1168.8,216.71,804.79,478.21,460.53,5713.85,7.11,17.5,1.013,R041
C05960,R0099,TRK021,local,178.9,1466.98,570.05,994.01,48.22,209.79,149.52,0.0,3438.57,1.9,19.22,1.173,R099
C05961,R0008,TRK037,road,52.5,304.5,116.57,973.54,47.23,506.57,130.07,0.0,2078.48,2.0,39.59,1.134,R008
C05962,R0075,TRK012,road,250.5,1452.9,566.94,1416.61,169.01,390.42,144.47,872.94,5013.29,1.1,20.01,0.935,R075
C05963,R0017,TRK048,road,36.0,208.8,85.36,1401.11,25.53,565.47,570.83,1321.52,4178.62,1.78,116.07,1.112,R017
C05964,R0100,TRK048,road,117.5,681.5,223.67,985.56,94.65,648.25,479.42,1030.4,4143.43,0.93,35.26,1.061,R100
C05965,R0086,TRK004,road,41.4,240.12,89.82,1224.24,27.36,318.16,102.9,0.0,2002.6,0.53,48.37,0.944,R086
C05966,R0068,TRK023,road,326.1,1891.38,696.49,1140.02,219.64,511.72,322.7,0.0,4781.96,1.38,14.66,1.117,R068
C05967,R0083,TRK024,road,240.8,1396.64,559.31,1432.71,158.54,771.67,343.6,424.01,5086.48,9.02,21.12,0.923,R083
C05968,R0075,TRK033,road,408.4,2368.72,1003.09,1304.82,259.91,353.6,488.78,0.0,5778.92,3.12,14.15,0.916,R075
C05969,R0004,TRK003,road,350.9,2035.22,733.87,1202.07,250.56,609.05,19.15,50.18,4900.11,5.53,13.96,1.187,R004
C05970,R0004,TRK009,road,262.7,1523.66,527.68,1333.73,190.56,211.06,269.33,0.0,4056.02,5.73,15.44,1.002,R004
C05971,R0086,TRK017,road,403.1,2337.98,830.42,1019.12,299.63,465.57,105.28,0.0,5058.0,6.59,12.55,0.981,R086
C05972,R0043,TRK009,road,541.3,3139.54,1082.27,992.68,410.0,818.12,678.46,0.0,7121.08,1.88,13.16,1.194,R043
C05973,R0049,TRK006,road,492.5,2856.5,1046.15,1236.86,410.41,369.49,220.9,0.0,6140.31,16.23,12.47,0.908,R049
C05974,R0022,TRK038,road,443.3,2571.14,1083.75,1210.79,280.04,402.49,315.73,0.0,5863.94,3.26,13.23,1.247,R022
C05975,R0075,TRK026,road,309.2,1793.36,781.89,1394.66,201.51,270.45,339.24,0.0,4781.11,5.21,15.46,0.91,R075
C05976,R0001,TRK003,road,52.1,302.18,115.66,1214.35,42.13,819.04,666.4,0.0,3159.76,0.91,60.65,0.997,R001
C05977,R0023,TRK019,rail,102.5,369.0,70.63,365.26,15.03,288.75,13.09,0.0,1121.77,0.65,10.94,0.958,R023
C05978,R0062,TRK013,road,93.7,543.46,205.06,1235.29,63.12,692.15,121.74,0.0,2860.82,0.81,30.53,0.956,R062
C05979,R0075,TRK004,road,479.9,2783.42,1156.98,1369.55,300.01,527.91,65.56,0.0,6203.43,1.36,12.93,1.089,R075
C05980,R0057,TRK049,road,542.3,3145.34,1250.56,1067.3,443.89,155.89,362.56,195.14,6620.68,20.07,12.21,1.232,R057
C05981,R0043,TRK024,road,517.1,2999.18,1085.42,1207.26,387.26,580.16,576.14,0.0,6835.43,5.75,13.22,0.998,R043
C05982,R0032,TRK008,road,313.0,1815.4,670.78,1236.49,278.45,875.26,683.54,348.62,5908.55,1.63,18.88,0.996,R032
C05983,R0032,TRK005,local,478.3,3922.06,1356.06,762.35,131.92,560.97,242.29,0.0,6975.66,1.69,14.58,1.013,R032
C05984,R0078,TRK009,local,367.4,3012.68,977.91,825.8,106.46,502.79,198.21,0.0,5623.84,2.42,15.31,1.07,R078
C05985,R0012,TRK002,local,374.2,3068.44,957.67,1073.21,82.31,859.45,7.64,1495.21,7543.93,2.11,20.16,0.991,R012
C05986,R0038,TRK045,rail,215.2,774.72,153.18,360.2,35.82,385.71,336.46,0.0,2046.09,4.18,9.51,1.037,R038
C05987,R0088,TRK019,local,290.5,2382.1,761.62,746.16,83.77,596.38,192.07,0.0,4762.1,0.98,16.39,1.002,R088
C05988,R0039,TRK028,road,55.5,321.9,108.66,1309.08,48.81,597.48,345.23,0.0,2731.16,6.46,49.21,1.216,R039
C05989,R0003,TRK009,road,495.9,2876.22,1037.48,1176.18,303.86,195.14,402.62,0.0,5991.49,3.5,12.08,1.031,R003
C05990,R0080,TRK037,road,60.2,349.16,145.31,1181.4,36.59,371.89,88.19,0.0,2172.54,1.84,36.09,1.232,R080
C05991,R0044,TRK003,rail,32.3,116.28,25.39,433.82,4.68,531.46,409.09,0.0,1520.72,0.43,47.08,1.037,R044
C05992,R0088,TRK020,road,287.5,1667.5,595.96,1403.96,204.65,760.59,164.38,914.08,5711.12,1.64,19.86,0.915,R088
C05993,R0062,TRK030,road,273.7,1587.46,638.62,1328.76,199.53,279.94,190.21,0.0,4224.52,1.37,15.43,1.185,R062
C05994,R0062,TRK033,road,433.9,2516.62,857.61,1158.01,355.07,621.59,122.26,0.0,5631.16,1.4,12.98,1.103,R062
C05995,R0005,TRK032,rail,30.6,110.16,21.26,368.64,5.18,647.15,669.14,0.0,1821.52,0.61,59.53,1.234,R005
C05996,R0031,TRK002,road,293.6,1702.88,732.17,1092.2,180.04,393.2,435.16,1154.83,5690.48,1.32,19.38,1.021,R031
C05997,R0030,TRK009,road,226.2,1311.96,561.14,1032.53,169.0,609.8,29.9,847.75,4562.07,1.86,20.17,0.982,R030
C05998,R0058,TRK028,local,58.7,481.34,175.7,814.12,14.44,159.33,174.14,0.0,1819.07,3.56,30.99,1.021,R058
C05999,R0059,TRK048,road,40.7,236.06,77.99,1288.19,34.67,508.06,630.26,0.0,2775.22,0.65,68.19,1.237,R059
C06000,R0046,TRK019,road,401.1,2326.38,863.83,1159.81,343.26,725.19,268.28,0.0,5686.75,6.8,14.18,1.02,R046
C06001,R0021,TRK027,road,435.2,2524.16,861.28,1308.72,296.64,289.98,108.64,651.23,6040.65,1.37,13.88,0.961,R021
C06002,R0083,TRK044,road,491.4,2850.12,1115.88,1044.87,350.2,836.56,24.2,318.92,6540.74,1.75,13.31,1.047,R083
C06003,R0019,TRK019,road,506.2,2935.96,1256.93,1167.58,371.63,373.19,368.01,265.07,6738.37,4.65,13.31,0.917,R019
C06004,R0021,TRK031,rail,342.5,1233.0,289.46,495.99,55.42,665.28,415.54,174.82,3329.51,1.36,9.72,1.184,R021
C06005,R0034,TRK019,rail,84.8,305.28,76.68,522.82,11.76,516.56,670.87,0.0,2103.97,0.66,24.81,1.168,R034
C06006,R0076,TRK009,road,214.8,1245.84,536.13,1382.62,169.99,248.71,14.12,0.0,3597.39,1.38,16.75,1.133,R076
C06007,R0066,TRK041,rail,60.6,218.16,44.81,446.77,9.55,642.14,160.49,1107.5,2629.41,0.98,43.39,1.016,R066
C06008,R0001,TRK005,local,206.8,1695.76,496.67,964.16,53.83,185.87,49.6,720.4,4166.29,2.28,20.15,0.929,R001
C06009,R0065,TRK005,road,285.1,1653.58,640.59,1116.21,214.18,683.52,374.73,0.0,4682.8,1.08,16.43,1.049,R065
C06010,R0017,TRK043,road,433.6,2514.88,886.72,1279.7,311.91,369.95,642.62,0.0,6005.78,1.25,13.85,0.941,R017
C06011,R0034,TRK016,road,445.5,2583.9,899.39,1382.82,297.12,877.2,230.43,1637.26,7908.12,2.3,17.75,1.051,R034
C06012,R0032,TRK031,rail,408.2,1469.52,343.58,517.27,62.18,775.6,67.76,0.0,3235.9,0.74,7.93,1.072,R032
C06013,R0073,TRK012,road,36.1,209.38,76.23,1041.4,25.63,373.02,624.08,788.66,3138.4,0.76,86.94,1.173,R073
C06014,R0008,TRK011,road,465.2,2698.16,920.78,1359.61,294.73,311.36,378.67,0.0,5963.31,15.99,12.82,0.951,R008
C06015,R0067,TRK026,road,275.2,1596.16,642.23,1426.19,244.93,373.28,57.72,0.0,4340.51,1.95,15.77,1.141,R067
C06016,R0056,TRK047,road,485.0,2813.0,954.5,1090.85,361.51,874.64,134.96,0.0,6229.46,1.63,12.84,1.209,R056
C06017,R0026,TRK022,road,98.0,568.4,240.34,1180.51,68.94,562.8,525.73,0.0,3146.72,0.77,32.11,1.008,R026
C06018,R0044,TRK015,road,255.2,1480.16,593.73,1417.47,217.48,415.75,497.34,1484.72,6106.65,1.99,23.93,0.957,R044
C06019,R0049,TRK021,road,476.8,2765.44,964.88,1197.63,334.06,760.0,315.88,0.0,6337.88,8.42,13.29,1.222,R049
C06020,R0048,TRK041,road,392.5,2276.5,743.35,1226.41,264.94,465.26,392.29,891.48,6260.21,1.41,15.95,0.967,R048
C06021,R0084,TRK047,rail,49.5,178.2,39.23,467.01,6.56,649.03,631.06,0.0,1971.1,1.05,39.82,1.231,R084
C06022,R0090,TRK006,road,447.7,2596.66,1008.98,1057.38,379.21,824.64,497.8,0.0,6364.67,3.7,14.22,1.187,R090
C06023,R0073,TRK021,road,357.8,2075.24,859.3,1042.89,321.93,355.36,210.76,0.0,4865.48,1.13,13.6,1.17,R073
C06024,R0094,TRK016,road,388.4,2252.72,861.04,1346.74,274.89,464.09,88.9,0.0,5288.38,2.86,13.62,0.941,R094
C06025,R0053,TRK042,road,412.9,2394.82,872.54,1422.76,317.87,877.33,339.94,282.19,6507.45,7.88,15.76,0.973,R053
C06026,R0076,TRK008,road,194.2,1126.36,415.27,1072.49,145.9,440.32,603.25,0.0,3803.59,1.32,19.59,0.973,R076
C06027,R0061,TRK018,rail,198.7,715.32,164.57,396.8,32.13,629.54,91.72,0.0,2030.08,1.75,10.22,1.08,R061
C06028,R0065,TRK037,road,115.6,670.48,266.55,1052.1,69.88,840.36,516.08,0.0,3415.45,4.02,29.55,1.138,R065
C06029,R0050,TRK047,road,122.9,712.82,230.31,1344.83,92.39,451.94,631.88,1260.41,4724.58,1.8,38.44,1.131,R050
C06030,R0002,TRK018,road,496.7,2880.86,1066.32,1307.74,308.78,597.32,605.78,1039.97,7806.78,7.64,15.72,0.999,R002
C06031,R0040,TRK038,local,56.7,464.94,148.09,823.03,14.65,248.13,230.21,1795.97,3725.01,3.06,65.7,0.957,R040
C06032,R0085,TRK028,road,386.7,2242.86,791.75,970.42,312.61,859.29,123.03,1038.08,6338.05,1.54,16.39,0.976,R085
C06033,R0093,TRK029,local,71.3,584.66,191.43,1054.14,15.53,283.72,258.12,0.0,2387.59,2.42,33.49,1.134,R093
C06034,R0025,TRK037,rail,158.0,568.8,116.5,433.17,21.34,682.62,442.94,0.0,2265.37,0.68,14.34,1.052,R025
C06035,R0032,TRK030,road,83.1,481.98,203.33,1423.19,62.57,310.44,89.35,0.0,2570.87,2.52,30.94,0.905,R032
C06036,R0054,TRK025,local,496.1,4068.02,1537.14,1042.74,148.06,564.49,187.26,1397.88,8945.58,2.2,18.03,1.121,R054
C06037,R0058,TRK024,road,312.6,1813.08,600.96,1043.63,194.15,717.29,92.65,223.56,4685.32,5.84,14.99,1.153,R058
C06038,R0060,TRK005,road,392.2,2274.76,956.27,1341.54,269.86,606.24,125.44,0.0,5574.11,1.72,14.21,1.041,R060
C06039,R0046,TRK045,road,122.1,708.18,239.76,1110.31,97.6,334.57,120.73,0.0,2611.16,1.16,21.39,0.981,R046
C06040,R0090,TRK017,road,188.8,1095.04,428.97,1116.8,141.38,891.72,578.3,0.0,4252.21,5.85,22.52,1.024,R090
C06041,R0011,TRK020,local,70.6,578.92,176.12,1050.76,18.74,243.3,109.93,0.0,2177.77,1.0,30.85,1.077,R011
C06042,R0025,TRK016,local,518.7,4253.34,1610.32,1031.44,111.26,574.62,0.53,0.0,7581.51,2.15,14.62,1.207,R025
C06043,R0065,TRK036,road,66.9,388.02,168.26,1183.61,59.19,760.72,420.52,0.0,2980.32,0.65,44.55,0.971,R065
C06044,R0013,TRK005,road,327.2,1897.76,708.68,1146.74,202.05,386.8,2.53,0.0,4344.56,0.9,13.28,1.243,R013
C06045,R0063,TRK007,local,419.0,3435.8,1148.87,1014.07,104.35,188.8,248.08,0.0,6139.98,4.38,14.65,0.982,R063
C06046,R0013,TRK025,road,454.6,2636.68,1040.63,1198.17,306.65,510.48,90.04,0.0,5782.66,2.73,12.72,1.231,R013
C06047,R0084,TRK007,road,219.6,1273.68,465.96,1384.45,174.42,319.05,685.08,0.0,4302.64,1.3,19.59,1.084,R084
C06048,R0041,TRK022,road,106.9,620.02,219.61,1346.66,66.53,682.98,462.61,0.0,3398.4,7.65,31.79,0.952,R041
C06049,R0001,TRK006,road,272.8,1582.24,560.81,1415.04,227.43,527.68,221.05,0.0,4534.23,0.91,16.62,1.05,R001
C06050,R0064,TRK016,road,214.2,1242.36,508.83,1438.09,174.88,207.23,140.2,299.62,4011.21,1.13,18.73,1.248,R064
C06051,R0034,TRK004,local,291.2,2387.84,716.17,944.34,82.69,886.21,186.82,0.0,5204.06,1.23,17.87,1.244,R034
C06052,R0003,TRK046,local,492.8,4040.96,1357.64,741.44,146.02,276.27,240.74,0.0,6803.06,1.78,13.8,0.967,R003
C06053,R0014,TRK046,road,206.8,1199.44,398.65,1024.77,150.28,296.33,256.3,0.0,3325.77,0.74,16.08,1.229,R014
C06054,R0090,TRK036,road,320.3,1857.74,613.48,973.01,269.36,556.86,61.51,1476.5,5808.46,2.31,18.13,1.237,R090
C06055,R0074,TRK046,local,63.2,518.24,200.95,739.85,16.43,843.23,196.98,1175.56,3691.25,1.27,58.41,1.095,R074
C06056,R0005,TRK005,rail,214.1,770.76,158.74,532.85,26.04,825.43,671.83,0.0,2985.65,3.81,13.95,0.962,R005
C06057,R0029,TRK023,local,294.4,2414.08,786.0,1068.39,79.25,824.74,249.63,547.46,5969.55,1.91,20.28,1.155,R029
C06058,R0066,TRK038,road,427.9,2481.82,945.31,1436.35,352.74,376.64,59.66,0.0,5652.51,12.08,13.21,0.95,R066
C06059,R0042,TRK021,road,284.2,1648.36,598.81,997.22,222.22,807.0,184.63,0.0,4458.24,0.98,15.69,0.933,R042
C06060,R0100,TRK020,local,527.1,4322.22,1512.12,927.46,114.95,527.91,74.03,932.7,8411.39,2.47,15.96,1.155,R100
C06061,R0027,TRK007,road,524.5,3042.1,1174.33,1016.94,381.84,564.83,178.33,0.0,6358.36,7.53,12.12,0.969,R027
C06062,R0033,TRK048,road,513.1,2975.98,1068.66,1096.4,324.73,587.0,636.74,962.19,7651.71,1.56,14.91,1.051,R033
C06063,R0095,TRK027,local,31.0,254.2,89.54,1071.91,8.57,458.85,294.26,330.59,2507.92,2.0,80.9,0.951,R095
C06064,R0053,TRK038,road,225.5,1307.9,475.25,1362.31,155.05,675.46,409.05,0.0,4385.02,2.47,19.45,1.011,R053
C06065,R0096,TRK016,local,36.6,300.12,101.82,781.15,7.57,659.86,211.31,0.0,2061.83,1.24,56.33,1.168,R096
C06066,R0079,TRK048,road,235.2,1364.16,584.08,1436.18,191.9,391.85,286.37,0.0,4254.54,1.02,18.09,1.085,R079
C06067,R0049,TRK022,rail,401.8,1446.48,354.05,450.16,70.71,564.71,471.89,0.0,3358.01,0.98,8.36,1.17,R049
C06068,R0048,TRK041,road,144.4,837.52,333.44,1055.25,128.84,206.72,678.9,0.0,3240.67,0.69,22.44,0.901,R048
C06069,R0074,TRK028,road,365.5,2119.9,812.86,1173.37,256.42,315.54,686.1,1005.75,6369.95,2.16,17.43,1.157,R074
C06070,R0077,TRK021,road,382.5,2218.5,812.53,1113.1,261.67,748.49,188.08,0.0,5342.37,4.07,13.97,0.99,R077
C06071,R0032,TRK044,road,417.9,2423.82,883.51,1241.4,362.38,619.88,549.72,0.0,6080.71,1.94,14.55,1.228,R032
C06072,R0028,TRK046,local,432.8,3548.96,1334.3,861.44,95.63,210.58,287.42,679.21,7017.54,2.88,16.21,0.908,R028
C06073,R0075,TRK026,rail,308.0,1108.8,250.28,364.89,48.41,228.05,83.41,526.45,2610.29,0.57,8.47,0.912,R075
C06074,R0066,TRK041,local,447.9,3672.78,1208.97,786.9,92.15,490.3,101.04,1332.18,7684.32,2.41,17.16,0.937,R066
C06075,R0082,TRK041,road,543.6,3152.88,1023.75,973.06,368.17,897.05,431.48,0.0,6846.39,1.81,12.59,0.915,R082
C06076,R0021,TRK039,road,31.8,184.44,63.39,1230.19,20.57,830.6,265.58,1269.02,3863.79,0.94,121.5,0.903,R021
C06077,R0011,TRK020,road,470.9,2731.22,1081.4,986.2,303.73,756.53,403.47,0.0,6262.55,3.14,13.3,0.921,R011
C06078,R0097,TRK039,road,31.8,184.44,63.43,1414.01,24.69,405.14,579.08,0.0,2670.79,1.19,83.99,1.018,R097
C06079,R0048,TRK017,local,335.9,2754.38,927.69,848.49,68.07,603.96,1.17,0.0,5203.75,3.0,15.49,1.017,R048
C06080,R0088,TRK046,road,409.4,2374.52,1033.03,1053.49,349.25,656.99,27.1,0.0,5494.38,1.17,13.42,1.014,R088
C06081,R0057,TRK023,road,248.7,1442.46,577.06,1313.42,214.68,588.07,342.77,969.44,5447.89,1.73,21.91,1.077,R057
C06082,R0008,TRK029,rail,141.3,508.68,123.65,412.58,17.16,257.57,451.86,1027.87,2799.37,0.61,19.81,1.192,R008
C06083,R0059,TRK007,road,118.1,684.98,278.31,1073.18,102.09,708.15,274.42,0.0,3121.13,1.54,26.43,1.13,R059
C06084,R0085,TRK032,road,523.4,3035.72,1160.88,1224.53,461.46,517.42,637.88,0.0,7037.89,2.74,13.45,1.13,R085
C06085,R0034,TRK038,road,77.6,450.08,183.64,1411.35,62.08,350.48,373.92,0.0,2831.54,2.14,36.49,1.14,R034
C06086,R0006,TRK008,road,251.9,1461.02,617.49,1420.66,182.97,346.66,291.81,0.0,4320.6,1.03,17.15,1.116,R006
C06087,R0041,TRK003,road,486.8,2823.44,1023.25,1277.51,370.72,283.27,535.43,505.02,6818.64,1.48,14.01,1.24,R041
C06088,R0091,TRK034,road,87.7,508.66,220.59,965.17,60.54,163.16,326.92,1412.97,3658.0,1.02,41.71,0.933,R091
C06089,R0050,TRK027,rail,393.7,1417.32,307.15,510.76,62.93,184.51,445.19,0.0,2927.85,0.68,7.44,1.013,R050
C06090,R0041,TRK004,rail,275.4,991.44,197.15,512.57,45.69,735.18,280.01,0.0,2762.05,0.77,10.03,0.985,R041
C06091,R0068,TRK028,road,113.7,659.46,218.94,1193.4,75.89,602.3,580.45,1285.1,4615.54,1.96,40.59,0.929,R068
C06092,R0032,TRK011,road,450.2,2611.16,931.68,1033.37,377.63,871.88,45.6,0.0,5871.31,3.46,13.04,1.063,R032
C06093,R0016,TRK025,rail,97.9,352.44,70.19,414.23,15.82,845.24,612.33,1255.13,3565.38,3.55,36.42,1.049,R016
C06094,R0093,TRK035,local,282.5,2316.5,752.39,773.03,63.56,457.88,160.28,0.0,4523.63,1.35,16.01,1.227,R093
C06095,R0023,TRK045,local,422.7,3466.14,1051.23,754.63,124.35,804.88,270.35,0.0,6471.58,1.7,15.31,1.114,R023
C06096,R0030,TRK029,road,457.6,2654.08,1107.32,1219.26,370.18,878.93,654.79,989.45,7874.01,3.04,17.21,0.964,R030
C06097,R0034,TRK008,rail,59.6,214.56,42.67,464.84,8.45,642.79,185.75,0.0,1559.06,0.34,26.16,0.92,R034
C06098,R0074,TRK050,road,463.5,2688.3,921.24,1006.05,279.55,539.58,559.75,0.0,5994.48,5.02,12.93,0.985,R074
C06099,R0068,TRK031,rail,317.8,1144.08,249.89,380.01,56.68,485.63,61.59,1336.65,3714.53,2.73,11.69,0.931,R068
C06100,R0071,TRK032,road,410.7,2382.06,911.16,1279.97,345.85,226.7,666.21,69.6,5881.54,1.35,14.32,1.055,R071
C06101,R0041,TRK005,road,414.0,2401.2,857.89,1047.61,320.72,228.24,477.78,1769.83,7103.27,3.09,17.16,1.094,R041
C06102,R0045,TRK015,road,110.0,638.0,230.15,1382.09,81.74,316.75,87.09,0.0,2735.81,3.93,24.87,1.171,R045
C06103,R0042,TRK044,road,258.1,1496.98,635.67,1229.96,222.54,300.36,67.94,0.0,3953.44,1.15,15.32,1.073,R042
C06104,R0039,TRK019,road,321.5,1864.7,778.57,1063.86,267.2,494.83,529.46,174.35,5172.97,8.26,16.09,1.235,R039
C06105,R0015,TRK015,road,410.5,2380.9,933.93,1229.51,330.56,475.32,455.9,0.0,5806.11,1.26,14.14,0.909,R015
C06106,R0048,TRK034,road,265.2,1538.16,529.86,1197.12,175.22,744.15,453.76,0.0,4638.27,1.55,17.49,1.117,R048
C06107,R0056,TRK007,road,443.4,2571.72,961.17,1426.47,304.49,879.75,102.21,0.0,6245.8,1.59,14.09,1.145,R056
C06108,R0041,TRK016,road,316.3,1834.54,602.94,1302.49,270.96,444.91,57.55,0.0,4513.39,0.91,14.27,1.087,R041
C06109,R0060,TRK017,rail,68.5,246.6,49.15,382.98,11.33,833.3,363.48,0.0,1886.84,0.54,27.55,0.986,R060
C06110,R0087,TRK033,road,466.2,2703.96,879.57,1193.19,398.47,330.07,392.97,0.0,5898.23,1.29,12.65,0.949,R087
C06111,R0046,TRK037,road,245.6,1424.48,534.44,999.88,190.57,571.4,90.76,0.0,3811.52,1.0,15.52,0.903,R046
C06112,R0025,TRK013,road,106.7,618.86,212.36,1287.67,75.6,810.95,627.0,0.0,3632.44,2.29,34.04,1.238,R025
C06113,R0006,TRK038,rail,451.9,1626.84,338.05,406.39,64.86,713.76,128.35,0.0,3278.24,2.47,7.25,1.24,R006
C06114,R0062,TRK001,road,39.2,227.36,78.36,1286.27,32.46,624.44,669.96,0.0,2918.84,2.18,74.46,1.114,R062
C06115,R0078,TRK002,local,486.1,3986.02,1174.54,1035.71,138.01,608.49,262.13,0.0,7204.9,2.41,14.82,1.027,R078
C06116,R0065,TRK029,rail,388.8,1399.68,334.56,447.31,47.58,794.83,76.23,760.03,3860.22,1.07,9.93,0.982,R065
C06117,R0039,TRK043,rail,257.6,927.36,217.86,490.09,41.25,721.21,544.37,415.42,3357.57,0.86,13.03,1.118,R039
C06118,R0018,TRK028,local,274.8,2253.36,690.85,776.33,70.38,388.4,51.65,0.0,4230.98,0.99,15.4,0.944,R018
C06119,R0048,TRK007,road,369.3,2141.94,847.28,1354.57,316.59,431.9,173.9,444.03,5710.21,1.24,15.46,1.189,R048
C06120,R0089,TRK014,local,467.8,3835.96,1147.78,873.81,140.31,570.33,153.9,1546.98,8269.07,1.85,17.68,1.171,R089
C06121,R0031,TRK010,road,218.2,1265.56,423.56,1414.69,192.03,650.95,75.69,1593.04,5615.52,8.87,25.74,0.953,R031
C06122,R0011,TRK034,road,154.5,896.1,329.13,1401.9,125.39,547.55,399.94,1462.55,5162.57,1.34,33.41,1.2,R011
C06123,R0079,TRK039,road,278.2,1613.56,633.6,1114.09,195.27,520.56,1.8,0.0,4078.88,1.42,14.66,1.0,R079
C06124,R0037,TRK009,rail,426.4,1535.04,371.68,396.28,72.04,255.36,295.25,0.0,2925.65,1.06,6.86,0.975,R037
C06125,R0068,TRK018,road,222.8,1292.24,422.89,1159.5,148.94,190.83,576.28,0.0,3790.67,1.3,17.01,1.18,R068
C06126,R0061,TRK018,road,442.8,2568.24,1013.51,1156.73,278.28,615.1,378.67,1605.53,7616.07,5.33,17.2,1.155,R061
C06127,R0010,TRK039,road,211.6,1227.28,448.55,963.69,170.02,785.41,251.24,611.11,4457.29,1.07,21.06,1.176,R010
C06128,R0096,TRK040,road,232.3,1347.34,438.26,1392.84,195.0,686.89,297.81,0.0,4358.13,1.24,18.76,0.976,R096
C06129,R0043,TRK046,local,398.6,3268.52,1002.63,894.55,89.26,343.53,267.85,0.0,5866.35,2.21,14.72,0.924,R043
C06130,R0067,TRK001,road,132.1,766.18,293.5,999.93,90.2,431.99,274.03,292.07,3147.89,1.0,23.83,0.955,R067
C06131,R0048,TRK008,rail,291.9,1050.84,213.33,411.48,51.93,835.21,426.04,0.0,2988.84,0.68,10.24,1.214,R048
C06132,R0033,TRK017,road,158.9,921.62,374.8,1333.42,102.72,508.32,697.11,310.08,4248.07,1.5,26.73,1.079,R033
C06133,R0025,TRK005,road,413.7,2399.46,885.79,1162.06,362.18,431.72,625.05,0.0,5866.25,1.22,14.18,1.212,R025
C06134,R0060,TRK006,local,163.7,1342.34,517.34,1071.63,46.57,163.18,201.6,0.0,3342.66,0.69,20.42,1.207,R060
C06135,R0056,TRK012,road,464.4,2693.52,1094.63,1239.8,308.14,361.94,541.3,0.0,6239.33,1.7,13.44,1.019,R056
C06136,R0075,TRK022,road,262.3,1521.34,646.62,1008.01,200.73,304.92,309.14,0.0,3990.76,1.11,15.21,1.153,R075
C06137,R0075,TRK023,rail,382.4,1376.64,271.6,513.54,66.48,268.4,486.85,1601.28,4584.79,13.8,11.99,1.02,R075
C06138,R0046,TRK038,rail,260.6,938.16,229.87,536.43,42.66,414.37,672.36,1372.52,4206.37,0.9,16.14,1.061,R046
C06139,R0096,TRK047,road,471.4,2734.12,1037.29,1389.58,311.77,858.31,595.79,0.0,6926.86,3.9,14.69,1.229,R096
C06140,R0051,TRK004,local,349.6,2866.72,1037.46,919.02,97.77,758.08,0.19,0.0,5679.23,2.54,16.24,1.115,R051
C06141,R0074,TRK049,road,316.7,1836.86,720.96,1186.4,253.88,847.75,484.95,0.0,5330.8,1.87,16.83,1.216,R074
C06142,R0019,TRK034,road,193.9,1124.62,423.81,1149.44,137.53,206.98,592.48,598.96,4233.82,1.11,21.84,0.919,R019
C06143,R0085,TRK020,road,182.5,1058.5,341.82,1320.54,127.05,627.97,293.1,0.0,3768.98,7.8,20.65,0.911,R085
C06144,R0077,TRK004,local,245.1,2009.82,639.36,1021.12,56.87,383.4,283.49,60.75,4454.81,1.69,18.18,1.223,R077
C06145,R0011,TRK020,road,148.5,861.3,331.57,1043.18,131.55,205.9,654.28,517.26,3745.03,2.93,25.22,0.902,R011
C06146,R0068,TRK032,local,130.1,1066.82,380.47,866.24,30.59,349.63,166.89,1260.93,4121.57,0.85,31.68,1.2,R068
C06147,R0064,TRK039,road,423.1,2453.98,972.51,1355.98,315.09,338.01,649.91,0.0,6085.48,2.33,14.38,1.015,R064
C06148,R0030,TRK026,road,175.0,1015.0,373.26,1438.0,145.92,636.33,171.3,0.0,3779.81,0.97,21.6,1.137,R030
C06149,R0064,TRK021,rail,267.0,961.2,188.23,486.8,47.04,283.89,384.25,0.0,2351.41,1.12,8.81,1.14,R064
C06150,R0042,TRK010,road,329.6,1911.68,661.94,1098.77,220.03,716.54,8.73,718.69,5336.39,1.13,16.19,1.098,R042
C06151,R0084,TRK033,local,138.6,1136.52,378.1,974.21,37.86,807.21,63.96,0.0,3397.87,4.62,24.52,0.906,R084
C06152,R0053,TRK016,rail,53.3,191.88,46.93,375.1,8.93,323.86,203.92,0.0,1150.63,1.41,21.59,1.146,R053
C06153,R0086,TRK030,road,227.2,1317.76,521.52,1029.58,197.08,845.73,651.16,377.08,4939.92,3.31,21.74,1.207,R086
C06154,R0062,TRK041,road,150.7,874.06,295.88,1426.82,109.04,752.46,308.3,161.5,3928.07,3.41,26.07,1.213,R062
C06155,R0057,TRK039,road,480.4,2786.32,1037.9,1326.29,386.54,245.61,380.65,0.0,6163.3,1.47,12.83,1.073,R057
C06156,R0045,TRK001,local,261.6,2145.12,778.03,801.07,65.86,440.97,278.14,3.91,4513.11,1.3,17.25,0.906,R045
C06157,R0037,TRK030,road,284.6,1650.68,701.64,1003.98,233.21,622.15,578.58,0.0,4790.24,3.95,16.83,1.041,R037
C06158,R0021,TRK017,road,359.2,2083.36,810.13,1169.77,318.59,701.61,610.41,1681.34,7375.21,5.98,20.53,1.191,R021
C06159,R0011,TRK011,road,407.3,2362.34,1008.46,1080.57,299.1,543.2,469.03,0.0,5762.7,1.42,14.15,1.024,R011
C06160,R0061,TRK029,local,357.4,2930.68,1094.6,921.18,97.8,806.38,109.12,0.0,5959.76,1.87,16.68,0.958,R061
C06161,R0087,TRK037,road,121.1,702.38,292.97,1100.91,96.02,237.19,362.67,0.0,2792.14,2.26,23.06,1.097,R087
C06162,R0042,TRK032,rail,114.8,413.28,79.74,443.83,17.66,721.35,558.55,1406.66,3641.07,1.9,31.72,1.156,R042
C06163,R0015,TRK027,local,445.3,3651.46,1130.09,1061.33,99.83,451.82,269.58,1184.04,7848.14,2.54,17.62,0.928,R015
C06164,R0008,TRK023,road,413.6,2398.88,1030.12,1296.25,285.04,187.59,154.54,0.0,5352.42,1.88,12.94,1.046,R008
C06165,R0085,TRK033,road,396.4,2299.12,758.5,1273.27,267.28,252.28,689.9,0.0,5540.35,2.32,13.98,0.95,R085
C06166,R0025,TRK020,road,270.4,1568.32,656.95,1299.88,220.27,869.41,227.52,0.0,4842.35,1.13,17.91,1.024,R025
C06167,R0071,TRK017,rail,88.4,318.24,77.05,372.69,11.73,300.83,699.26,1153.26,2933.06,0.97,33.18,0.965,R071
C06168,R0089,TRK007,road,309.1,1792.78,736.33,1147.78,259.76,487.15,501.22,0.0,4925.01,1.08,15.93,1.073,R089
C06169,R0010,TRK046,local,541.6,4441.12,1645.74,754.48,153.87,809.62,152.88,0.0,7957.72,2.13,14.69,1.144,R010
C06170,R0022,TRK032,road,529.1,3068.78,1117.48,1214.32,362.35,687.67,212.75,1.64,6664.99,1.35,12.6,1.093,R022
C06171,R0072,TRK042,local,358.6,2940.52,972.65,951.78,77.14,310.99,46.74,0.0,5299.81,7.66,14.78,1.016,R072
C06172,R0036,TRK009,road,104.4,605.52,203.87,1245.85,76.31,776.72,103.39,0.0,3011.66,1.14,28.85,1.11,R036
C06173,R0052,TRK006,road,126.8,735.44,242.76,1350.36,109.98,191.75,581.55,0.0,3211.86,0.76,25.33,1.002,R052
C06174,R0066,TRK024,rail,221.3,796.68,159.84,440.79,32.7,742.92,88.26,0.0,2261.2,0.49,10.22,1.138,R066
C06175,R0041,TRK026,road,317.8,1843.24,648.29,1353.8,278.42,591.28,163.66,205.22,5083.9,1.44,16.0,0.949,R041
C06176,R0042,TRK019,rail,190.3,685.08,174.17,506.57,30.77,241.12,497.85,982.7,3118.25,0.71,16.39,1.238,R042
C06177,R0086,TRK008,rail,472.3,1700.28,345.75,426.86,60.78,360.14,617.74,0.0,3511.55,0.99,7.43,1.142,R086
C06178,R0022,TRK004,road,97.7,566.66,235.83,1281.72,67.8,606.62,31.73,0.0,2790.36,0.76,28.56,0.962,R022
C06179,R0026,TRK030,road,290.9,1687.22,688.16,1183.5,237.73,673.64,696.15,0.0,5166.38,1.36,17.76,1.162,R026
C06180,R0024,TRK049,rail,389.8,1403.28,350.38,529.53,49.78,807.48,485.99,0.0,3626.43,0.83,9.3,0.954,R024
C06181,R0093,TRK010,road,470.9,2731.22,1017.86,1376.62,303.9,381.92,258.89,0.0,6070.41,1.68,12.89,1.005,R093
C06182,R0006,TRK006,road,447.3,2594.34,1067.03,997.39,394.43,367.92,508.85,423.63,6353.59,12.93,14.2,1.02,R006
C06183,R0063,TRK022,road,510.9,2963.22,1275.1,1021.54,442.48,506.17,10.35,306.72,6525.57,2.4,12.77,0.926,R063
C06184,R0056,TRK049,road,251.3,1457.54,476.29,1179.25,216.13,406.54,182.35,0.0,3918.09,1.97,15.59,0.994,R056
C06185,R0065,TRK023,road,272.5,1580.5,541.24,1274.52,233.41,189.0,191.33,0.0,4010.01,2.44,14.72,1.113,R065
C06186,R0065,TRK042,local,379.3,3110.26,1111.8,1065.56,85.81,867.24,275.22,0.0,6515.9,2.05,17.18,1.14,R065
C06187,R0084,TRK022,road,49.1,284.78,119.13,1101.25,41.19,877.86,328.96,1196.17,3949.34,1.71,80.43,1.038,R084
C06188,R0067,TRK032,rail,266.6,959.76,231.27,460.75,35.82,786.6,490.94,0.0,2965.13,1.68,11.12,0.923,R067
C06189,R0025,TRK023,local,236.0,1935.2,668.65,887.36,67.84,816.14,273.05,0.0,4648.25,5.45,19.7,1.098,R025
C06190,R0085,TRK043,rail,160.3,577.08,111.82,422.63,23.75,453.36,357.85,1037.44,2983.93,0.65,18.61,1.181,R085
C06191,R0034,TRK030,local,364.7,2990.54,976.08,764.26,104.69,850.25,14.13,0.0,5699.94,1.98,15.63,1.14,R034
C06192,R0063,TRK010,road,506.2,2935.96,1020.94,1372.1,441.26,547.91,596.21,0.0,6914.38,1.48,13.66,1.102,R063
C06193,R0075,TRK038,road,323.1,1873.98,687.21,1358.91,269.9,681.47,41.34,0.0,4912.8,1.52,15.21,1.194,R075
C06194,R0098,TRK013,road,339.6,1969.68,850.37,1273.05,265.28,205.44,576.6,0.0,5140.42,3.2,15.14,1.042,R098
C06195,R0033,TRK001,road,86.9,504.02,213.67,1225.38,62.84,335.08,384.36,63.36,2788.71,0.75,32.09,0.994,R033
C06196,R0098,TRK031,road,143.0,829.4,293.36,1194.75,96.46,194.46,664.08,0.0,3272.51,1.15,22.88,0.918,R098
C06197,R0083,TRK032,road,378.5,2195.3,788.33,1010.2,317.0,432.99,24.42,1139.2,5907.44,1.31,15.61,1.071,R083
C06198,R0043,TRK002,local,451.0,3698.2,1160.17,914.34,96.82,559.61,66.79,719.31,7215.24,1.81,16.0,1.162,R043
C06199,R0098,TRK012,road,388.4,2252.72,819.33,1157.81,238.99,836.24,450.29,0.0,5755.37,4.53,14.82,1.021,R098
C06200,R0041,TRK002,road,205.8,1193.64,439.74,1031.83,175.59,217.49,263.43,0.0,3321.72,1.02,16.14,1.126,R041
C06201,R0060,TRK004,road,99.7,578.26,224.23,1295.16,66.53,278.72,136.61,0.0,2579.51,2.91,25.87,1.163,R060
C06202,R0077,TRK026,road,198.7,1152.46,486.46,1100.98,138.55,745.17,561.39,0.0,4185.02,1.35,21.06,1.166,R077
C06203,R0053,TRK003,road,514.5,2984.1,1206.92,1438.3,332.22,614.92,267.48,1432.35,8276.29,1.75,16.09,0.916,R053
C06204,R0012,TRK021,road,325.7,1889.06,781.18,1101.47,229.32,290.78,580.88,0.0,4872.7,3.82,14.96,0.931,R012
C06205,R0055,TRK038,road,391.8,2272.44,975.42,1305.04,282.31,897.62,273.88,0.0,6006.71,2.31,15.33,1.19,R055
C06206,R0095,TRK018,rail,190.2,684.72,172.33,396.46,27.8,256.25,118.79,0.0,1656.35,0.37,8.71,1.226,R095
C06207,R0015,TRK029,road,442.9,2568.82,845.8,1041.13,308.2,236.33,94.81,1208.73,6303.81,1.91,14.23,1.236,R015
C06208,R0007,TRK004,road,540.0,3132.0,1080.52,1330.99,406.16,477.94,3.25,1252.38,7683.24,2.02,14.23,1.044,R007
C06209,R0072,TRK043,road,538.6,3123.88,1341.98,1139.26,466.19,271.36,43.72,0.0,6386.38,1.86,11.86,1.143,R072
C06210,R0033,TRK015,road,63.9,370.62,134.89,1118.19,53.82,315.78,622.66,0.0,2615.95,0.72,40.94,1.241,R033
C06211,R0070,TRK018,local,505.7,4146.74,1585.49,1068.06,106.96,755.34,34.56,0.0,7697.15,4.11,15.22,0.942,R070
C06212,R0072,TRK010,local,204.8,1679.36,569.92,1071.79,50.35,234.19,236.1,0.0,3841.72,0.81,18.76,0.913,R072
C06213,R0088,TRK016,road,502.9,2916.82,1092.34,1161.34,402.09,401.43,129.47,0.0,6103.49,8.89,12.14,1.159,R088
C06214,R0027,TRK021,road,532.9,3090.82,1006.43,1047.04,407.27,313.15,644.55,0.0,6509.26,3.94,12.21,1.008,R027
C06215,R0063,TRK032,local,227.2,1863.04,670.4,740.91,49.64,450.75,292.95,0.0,4067.7,2.48,17.9,1.224,R063
C06216,R0008,TRK029,rail,454.0,1634.4,394.18,415.12,74.78,423.87,354.61,1128.4,4425.37,0.92,9.75,1.22,R008
C06217,R0020,TRK021,road,532.8,3090.24,1001.72,1091.87,345.09,619.8,212.37,1163.62,7524.72,1.72,14.12,1.028,R020
C06218,R0039,TRK007,road,323.6,1876.88,814.31,1184.89,279.32,836.67,602.25,0.0,5594.31,3.09,17.29,0.941,R039
C06219,R0041,TRK035,rail,201.2,724.32,170.74,513.45,27.63,200.91,565.97,0.0,2203.02,0.46,10.95,1.006,R041
C06220,R0035,TRK040,road,65.7,381.06,138.66,1216.04,47.78,296.1,111.25,1042.2,3233.09,1.41,49.21,1.139,R035
C06221,R0099,TRK023,rail,272.7,981.72,236.55,524.68,45.59,246.89,27.75,1203.71,3266.9,1.17,11.98,0.99,R099
C06222,R0064,TRK011,road,214.7,1245.26,493.03,1349.41,165.92,486.15,470.53,0.0,4210.3,7.82,19.61,1.23,R064
C06223,R0051,TRK045,road,402.8,2336.24,921.38,1082.56,291.26,798.43,154.4,0.0,5584.26,6.21,13.86,0.929,R051
C06224,R0031,TRK028,rail,44.5,160.2,36.9,503.43,7.31,618.21,71.08,0.0,1397.13,1.23,31.4,0.944,R031
C06225,R0041,TRK049,rail,494.8,1781.28,391.16,529.48,66.51,354.24,465.5,0.0,3588.16,0.98,7.25,1.174,R041
C06226,R0009,TRK014,road,376.5,2183.7,724.2,1054.12,250.11,586.37,657.95,0.0,5456.46,3.05,14.49,0.942,R009
C06227,R0021,TRK003,road,276.3,1602.54,688.35,1077.71,203.54,453.19,84.26,0.0,4109.59,1.59,14.87,1.085,R021
C06228,R0056,TRK001,road,161.8,938.44,405.13,1000.07,112.47,516.97,453.11,1558.8,4984.98,1.05,30.81,1.006,R056
C06229,R0057,TRK003,road,215.7,1251.06,463.82,1268.75,146.15,540.67,462.12,0.0,4132.57,11.32,19.16,0.942,R057
C06230,R0029,TRK035,local,192.0,1574.4,564.25,802.22,44.66,532.27,276.53,0.0,3794.33,2.11,19.76,0.941,R029
C06231,R0052,TRK002,local,389.8,3196.36,986.19,1069.95,79.69,528.08,242.01,0.0,6102.29,1.48,15.65,0.936,R052
C06232,R0017,TRK007,local,403.3,3307.06,1130.85,1022.5,107.19,859.92,17.3,0.0,6444.81,1.62,15.98,1.217,R017
C06233,R0066,TRK008,road,232.5,1348.5,557.13,1143.31,181.67,459.66,324.36,0.0,4014.63,0.99,17.27,0.977,R066
C06234,R0072,TRK036,road,460.3,2669.74,1161.8,1030.86,382.22,572.97,623.38,0.0,6440.98,2.22,13.99,1.137,R072
C06235,R0018,TRK019,road,173.0,1003.4,402.91,975.18,131.9,357.55,310.3,810.56,3991.82,7.47,23.07,1.098,R018
C06236,R0039,TRK039,road,238.6,1383.88,510.85,1385.81,145.71,377.33,263.3,0.0,4066.89,0.94,17.04,1.127,R039
C06237,R0090,TRK002,road,102.2,592.76,193.89,1415.35,64.56,532.83,571.34,0.0,3370.74,4.29,32.98,0.949,R090
C06238,R0020,TRK045,road,291.3,1689.54,725.83,1099.07,254.17,799.4,231.13,0.0,4799.14,2.08,16.47,1.068,R020
C06239,R0083,TRK037,rail,220.1,792.36,202.09,436.06,38.43,267.55,232.88,1666.68,3636.05,1.01,16.52,1.183,R083
C06240,R0076,TRK046,road,447.0,2592.6,923.24,1260.39,389.11,668.8,22.16,0.0,5856.31,15.76,13.1,1.125,R076
C06241,R0026,TRK023,road,30.4,176.32,74.63,1092.35,18.46,467.03,170.45,0.0,1999.23,1.42,65.76,1.115,R026
C06242,R0052,TRK036,road,191.1,1108.38,386.88,1294.4,158.31,221.75,537.01,0.0,3706.72,0.99,19.4,1.216,R052
C06243,R0015,TRK036,road,183.7,1065.46,415.36,1213.52,114.13,259.7,661.28,0.0,3729.45,1.1,20.3,0.936,R015
C06244,R0032,TRK041,road,412.3,2391.34,793.84,1013.0,336.47,494.31,446.96,0.0,5475.92,1.96,13.28,0.977,R032
C06245,R0074,TRK018,road,428.1,2482.98,900.3,1312.76,275.76,665.39,199.64,0.0,5836.84,4.79,13.63,1.113,R074
C06246,R0049,TRK015,road,63.3,367.14,140.75,1374.48,44.32,356.84,567.05,0.0,2850.58,0.7,45.03,1.218,R049
C06247,R0060,TRK046,road,72.2,418.76,178.76,1430.48,56.0,895.72,414.12,0.0,3393.85,1.12,47.01,1.24,R060
C06248,R0010,TRK042,road,73.2,424.56,156.68,1218.29,45.2,735.96,153.26,0.0,2733.95,1.51,37.35,1.055,R010
C06249,R0018,TRK008,road,176.6,1024.28,434.96,1430.96,139.38,629.86,566.11,0.0,4225.55,2.04,23.93,1.21,R018
C06250,R0050,TRK017,rail,499.5,1798.2,398.58,484.14,71.31,529.8,460.1,0.0,3742.13,0.81,7.49,1.087,R050
C06251,R0019,TRK002,road,468.6,2717.88,1015.28,1283.28,421.3,830.06,197.1,0.0,6464.89,2.3,13.8,1.151,R019
C06252,R0095,TRK015,road,433.2,2512.56,840.27,1125.46,269.17,447.37,689.11,902.77,6786.73,1.67,15.67,1.242,R095
C06253,R0029,TRK019,road,272.4,1579.92,608.53,1132.39,219.65,385.4,224.85,0.0,4150.74,5.38,15.24,1.097,R029
C06254,R0068,TRK047,rail,117.8,424.08,84.78,481.43,16.89,338.43,165.64,814.01,2325.26,2.35,19.74,0.968,R068
C06255,R0082,TRK004,road,480.0,2784.0,941.1,1190.78,414.41,274.07,134.65,0.0,5739.02,3.34,11.96,1.193,R082
C06256,R0042,TRK031,local,35.3,289.46,98.81,891.83,8.57,459.89,256.33,0.0,2004.89,1.12,56.8,1.151,R042
C06257,R0037,TRK010,road,429.9,2493.42,1041.21,1061.15,354.09,390.94,544.89,307.48,6193.19,1.33,14.41,1.114,R037
C06258,R0064,TRK040,road,107.6,624.08,224.05,999.93,87.16,761.67,114.15,1260.44,4071.48,3.59,37.84,1.087,R064
C06259,R0068,TRK028,road,429.0,2488.2,973.5,1138.24,324.52,575.24,1.46,1781.62,7282.79,3.62,16.98,1.242,R068
C06260,R0094,TRK010,local,130.5,1070.1,406.57,918.84,27.06,513.65,182.95,0.0,3119.17,4.3,23.9,1.111,R094
C06261,R0030,TRK036,road,66.8,387.44,136.2,1173.92,57.81,227.18,635.41,0.0,2617.96,6.62,39.19,1.164,R030
C06262,R0030,TRK029,road,251.6,1459.28,491.93,1304.53,201.92,585.5,325.37,0.0,4368.53,2.03,17.36,1.224,R030
C06263,R0041,TRK040,rail,348.4,1254.24,275.22,385.06,58.4,154.69,694.7,0.0,2822.3,1.4,8.1,0.907,R041
C06264,R0079,TRK014,road,352.6,2045.08,661.26,1212.34,237.95,872.34,645.36,1474.0,7148.33,4.56,20.27,0.998,R079
C06265,R0042,TRK005,local,511.7,4195.94,1351.67,1069.3,136.96,897.52,59.97,802.42,8513.78,2.49,16.64,1.236,R042
C06266,R0030,TRK003,road,524.9,3044.42,1236.63,1217.01,404.27,362.47,131.67,0.0,6396.47,5.12,12.19,1.17,R030
C06267,R0003,TRK031,road,267.1,1549.18,551.83,1124.25,226.61,823.89,422.8,0.0,4698.56,0.98,17.59,0.973,R003
C06268,R0056,TRK032,rail,516.2,1858.32,415.66,498.47,89.82,824.86,629.6,0.0,4316.73,1.87,8.36,0.949,R056
C06269,R0036,TRK024,rail,38.0,136.8,33.26,495.29,5.06,884.49,73.27,1149.95,2778.12,2.22,73.11,1.036,R036
C06270,R0035,TRK025,road,370.3,2147.74,894.16,1423.11,321.49,434.98,396.0,0.0,5617.47,1.81,15.17,0.969,R035
C06271,R0084,TRK041,road,368.0,2134.4,886.09,1007.83,256.03,403.11,50.03,1012.37,5749.86,2.65,15.62,1.112,R084
C06272,R0032,TRK025,road,133.0,771.4,327.89,1402.73,110.75,463.19,696.35,1527.3,5299.61,4.91,39.85,1.105,R032
C06273,R0094,TRK022,road,207.0,1200.6,447.07,1016.28,172.63,876.82,208.79,315.42,4237.61,1.34,20.47,1.107,R094
C06274,R0091,TRK043,local,332.9,2729.78,989.72,959.01,91.19,320.51,82.29,0.0,5172.5,1.55,15.54,1.219,R091
C06275,R0032,TRK008,road,81.9,475.02,187.44,1326.16,65.85,232.17,429.55,0.0,2716.19,1.1,33.16,1.096,R032
C06276,R0038,TRK019,road,238.3,1382.14,596.49,1366.41,212.81,614.48,489.1,0.0,4661.44,1.49,19.56,1.024,R038
C06277,R0035,TRK026,road,471.7,2735.86,937.22,1197.78,306.87,783.67,464.78,0.0,6426.18,1.39,13.62,1.15,R035
C06278,R0057,TRK020,road,309.4,1794.52,657.54,1425.31,238.25,877.54,254.12,1359.29,6606.57,4.77,21.35,1.098,R057
C06279,R0086,TRK002,road,546.3,3168.54,1097.07,1136.86,405.26,359.24,59.61,561.18,6787.76,4.2,12.42,1.102,R086
C06280,R0022,TRK023,road,473.1,2743.98,1074.13,1176.78,323.48,516.08,278.32,0.0,6112.76,2.1,12.92,1.227,R022
C06281,R0064,TRK025,road,365.9,2122.22,881.26,1158.72,240.68,383.05,63.18,0.0,4849.1,3.7,13.25,1.04,R064
C06282,R0011,TRK038,rail,352.5,1269.0,246.29,479.82,51.53,398.53,410.76,0.0,2855.93,0.59,8.1,1.016,R011
C06283,R0045,TRK041,road,89.9,521.42,191.87,1190.76,57.35,295.87,565.12,0.0,2822.4,0.71,31.39,1.079,R045
C06284,R0091,TRK005,road,323.8,1878.04,670.91,979.57,244.4,296.33,258.23,0.0,4327.48,7.32,13.36,1.088,R091
C06285,R0050,TRK008,road,479.7,2782.26,1124.34,1295.37,336.57,512.7,225.34,1426.55,7703.13,3.2,16.06,1.004,R050
C06286,R0037,TRK002,rail,320.6,1154.16,268.3,435.7,45.77,614.8,350.72,0.0,2869.45,1.13,8.95,1.149,R037
C06287,R0047,TRK027,road,174.1,1009.78,379.95,1348.31,131.48,805.19,638.65,0.0,4313.35,1.23,24.78,1.17,R047
C06288,R0022,TRK050,road,61.9,359.02,124.9,1347.25,42.22,274.36,201.84,971.18,3320.78,1.55,53.65,1.013,R022
C06289,R0040,TRK001,local,199.8,1638.36,578.82,863.41,45.48,694.01,58.8,0.0,3878.88,0.93,19.41,1.075,R040
C06290,R0003,TRK031,rail,365.2,1314.72,248.83,401.44,46.8,550.54,279.5,0.0,2841.83,3.65,7.78,1.16,R003
C06291,R0069,TRK028,road,427.4,2478.92,952.89,1048.86,316.91,667.76,21.74,0.0,5487.08,1.26,12.84,0.932,R069
C06292,R0076,TRK024,road,455.5,2641.9,983.83,1075.86,333.07,768.28,601.86,1319.48,7724.28,1.66,16.96,1.229,R076
C06293,R0046,TRK017,road,529.6,3071.68,1098.92,1205.96,343.74,742.93,126.04,0.0,6589.26,1.48,12.44,1.128,R046
C06294,R0056,TRK005,road,355.0,2059.0,742.43,1266.37,247.35,591.69,211.75,1731.5,6850.08,2.85,19.3,1.229,R056
C06295,R0096,TRK028,rail,81.4,293.04,56.3,466.53,14.48,452.53,229.15,21.68,1533.7,0.64,18.84,0.975,R096
C06296,R0043,TRK040,road,391.5,2270.7,972.16,1429.03,323.2,816.88,133.64,0.0,5945.63,2.48,15.19,1.069,R043
C06297,R0060,TRK046,local,331.5,2718.3,913.48,779.78,73.59,882.78,247.84,0.0,5615.78,2.58,16.94,1.136,R060
C06298,R0038,TRK017,local,97.6,800.32,271.8,1037.26,28.3,308.0,232.05,167.66,2845.38,1.92,29.15,1.135,R038
C06299,R0081,TRK015,road,413.9,2400.62,789.79,1317.45,336.09,791.58,0.28,0.0,5635.81,4.61,13.62,0.973,R081
C06300,R0047,TRK005,road,71.0,411.8,155.0,1322.39,51.86,717.14,403.43,1133.01,4194.63,1.7,59.08,1.048,R047
C06301,R0018,TRK032,road,305.1,1769.58,575.93,1383.55,209.28,355.04,126.57,0.0,4419.96,1.07,14.49,1.082,R018
C06302,R0037,TRK037,rail,535.7,1928.52,385.43,398.52,87.07,774.09,608.83,0.0,4182.45,1.54,7.81,1.176,R037
C06303,R0031,TRK006,road,371.5,2154.7,803.52,1134.53,309.0,201.39,147.02,0.0,4750.16,1.76,12.79,1.214,R031
C06304,R0079,TRK021,road,213.5,1238.3,420.26,1385.46,170.97,281.91,610.08,0.0,4106.97,3.51,19.24,1.068,R079
C06305,R0005,TRK034,rail,484.0,1742.4,371.07,428.06,82.89,447.27,564.98,0.0,3636.68,1.42,7.51,0.921,R005
C06306,R0017,TRK038,road,538.6,3123.88,1161.36,1137.31,411.08,844.95,149.74,0.0,6828.32,5.13,12.68,0.945,R017
C06307,R0017,TRK046,road,206.1,1195.38,411.26,1056.56,166.97,526.75,626.5,1250.19,5233.61,1.06,25.39,1.25,R017
C06308,R0020,TRK010,road,327.8,1901.24,635.8,1177.47,239.25,736.35,269.53,958.03,5917.68,11.4,18.05,1.156,R020
C06309,R0060,TRK012,rail,536.3,1930.68,441.26,458.46,84.45,187.81,574.85,938.6,4616.11,1.73,8.61,1.059,R060
C06310,R0029,TRK036,road,137.9,799.82,265.14,1426.89,114.08,738.1,534.34,0.0,3878.38,1.23,28.12,1.211,R029
C06311,R0099,TRK044,rail,527.4,1898.64,434.85,382.95,86.86,180.7,253.05,787.94,4024.99,0.82,7.63,0.939,R099
C06312,R0025,TRK006,rail,98.6,354.96,82.58,472.08,17.01,675.66,633.1,0.0,2235.38,0.48,22.67,0.937,R025
C06313,R0024,TRK006,road,367.2,2129.76,779.57,1436.24,326.24,615.51,589.05,163.89,6040.27,3.19,16.45,1.152,R024
C06314,R0030,TRK041,road,455.3,2640.74,876.71,1279.21,302.58,703.08,418.02,0.0,6220.34,2.51,13.66,1.054,R030
C06315,R0099,TRK043,local,264.4,2168.08,693.57,943.23,76.0,644.87,252.22,0.0,4777.96,1.43,18.07,1.079,R099
C06316,R0042,TRK030,road,311.4,1806.12,601.58,1102.53,211.04,357.46,538.28,0.0,4617.01,4.12,14.83,0.969,R042
C06317,R0085,TRK015,road,69.9,405.42,140.82,1266.19,48.79,173.03,553.84,0.0,2588.09,5.56,37.03,1.192,R085
C06318,R0092,TRK040,local,413.6,3391.52,999.3,898.97,122.42,695.95,91.96,0.0,6200.11,1.77,14.99,0.902,R092
C06319,R0023,TRK032,road,68.3,396.14,153.56,1345.3,43.75,867.09,215.67,0.0,3021.51,0.65,44.24,1.095,R023
C06320,R0021,TRK012,rail,268.3,965.88,188.97,405.38,32.9,504.03,613.74,0.0,2710.91,0.9,10.1,1.247,R021
C06321,R0068,TRK027,local,324.3,2659.26,807.01,757.88,83.92,878.26,15.75,0.0,5202.08,3.68,16.04,1.064,R068
C06322,R0004,TRK015,road,148.0,858.4,364.69,1172.38,114.93,536.39,9.73,11.46,3067.98,0.62,20.73,1.194,R004
C06323,R0082,TRK031,rail,475.0,1710.0,395.06,525.98,75.06,153.83,319.74,0.0,3179.68,0.87,6.69,1.184,R082
C06324,R0034,TRK008,road,169.4,982.52,411.94,1094.54,122.94,261.92,254.88,0.0,3128.75,0.78,18.47,0.96,R034
C06325,R0045,TRK049,road,289.9,1681.42,703.56,1357.14,198.95,201.38,644.56,1311.02,6098.04,11.83,21.03,1.079,R045
C06326,R0024,TRK026,road,379.9,2203.42,816.92,1262.34,338.78,711.52,120.5,0.0,5453.48,12.43,14.36,1.217,R024
C06327,R0066,TRK040,road,360.2,2089.16,764.14,1234.34,262.16,268.26,604.38,0.0,5222.45,2.39,14.5,0.96,R066
C06328,R0079,TRK026,local,244.8,2007.36,703.26,796.88,63.68,840.2,203.47,0.0,4614.85,1.36,18.85,1.151,R079
C06329,R0008,TRK019,road,70.5,408.9,167.12,972.13,55.18,546.09,254.51,0.0,2403.93,3.4,34.1,1.049,R008
C06330,R0040,TRK025,local,234.2,1920.44,645.33,893.64,49.88,371.83,69.2,315.63,4265.95,2.04,18.21,1.039,R040
C06331,R0067,TRK008,road,474.2,2750.36,1062.41,1144.64,365.66,229.86,175.68,451.81,6180.42,2.9,13.03,1.159,R067
C06332,R0017,TRK032,road,299.3,1735.94,621.63,1187.99,250.3,326.36,29.48,0.0,4151.69,1.98,13.87,0.938,R017
C06333,R0051,TRK049,rail,468.1,1685.16,345.28,393.59,68.31,199.49,347.81,1072.74,4112.4,1.42,8.79,1.134,R051
C06334,R0065,TRK028,road,428.3,2484.14,1037.27,1006.28,271.75,236.79,593.02,0.0,5629.25,4.63,13.14,1.154,R065
C06335,R0066,TRK047,road,114.3,662.94,240.59,1356.01,94.16,459.78,499.19,1354.4,4667.07,2.76,40.83,1.217,R066
C06336,R0036,TRK047,road,50.3,291.74,102.71,1208.26,37.86,380.75,94.47,0.0,2115.78,0.49,42.06,1.038,R036
C06337,R0068,TRK015,rail,49.4,177.84,39.21,397.9,8.1,845.29,144.27,0.0,1612.61,0.48,32.64,1.149,R068
C06338,R0082,TRK003,rail,484.9,1745.64,339.46,379.96,59.41,500.22,344.91,0.0,3369.6,0.71,6.95,1.134,R082
C06339,R0030,TRK002,road,89.2,517.36,195.12,1205.93,59.45,766.65,393.03,0.0,3137.54,1.04,35.17,0.995,R030
C06340,R0037,TRK008,local,283.4,2323.88,907.99,1054.76,80.87,775.82,192.89,0.0,5336.21,3.33,18.83,1.053,R037
C06341,R0009,TRK027,rail,194.5,700.2,146.39,422.06,31.28,254.44,514.57,0.0,2068.93,0.43,10.64,1.034,R009
C06342,R0003,TRK028,road,490.6,2845.48,971.01,1411.32,401.99,491.7,131.18,0.0,6252.68,10.04,12.74,1.191,R003
C06343,R0033,TRK027,road,171.7,995.86,412.78,1348.9,114.47,676.62,335.2,0.0,3883.82,1.22,22.62,1.17,R033
C06344,R0087,TRK008,road,38.8,225.04,75.38,960.33,24.39,217.71,394.44,955.07,2852.37,0.79,73.51,1.005,R087
C06345,R0016,TRK019,local,112.8,924.96,283.22,844.43,33.66,895.16,110.66,0.0,3092.09,0.8,27.41,0.999,R016
C06346,R0018,TRK011,local,99.9,819.18,261.63,849.41,27.46,717.53,150.33,1008.41,3833.94,2.29,38.38,1.16,R018
C06347,R0071,TRK017,road,402.1,2332.18,782.96,1376.94,266.74,576.93,448.96,0.0,5784.71,1.72,14.39,0.961,R071
C06348,R0062,TRK024,local,195.7,1604.74,498.97,1042.48,41.0,175.3,279.23,433.01,4074.72,0.82,20.82,1.122,R062
C06349,R0056,TRK008,road,516.5,2995.7,1046.81,1071.39,362.88,273.99,631.53,585.13,6967.43,1.62,13.49,0.917,R056
C06350,R0033,TRK035,road,292.1,1694.18,573.24,1048.31,182.3,727.43,49.29,0.0,4274.76,2.21,14.63,1.213,R033
C06351,R0021,TRK034,road,61.3,355.54,136.58,1303.53,47.96,803.04,223.61,894.01,3764.27,10.33,61.41,1.067,R021
C06352,R0084,TRK028,road,380.4,2206.32,868.25,1370.6,326.58,547.74,550.11,402.26,6271.86,2.91,16.49,1.184,R084
C06353,R0015,TRK048,road,281.0,1629.8,578.27,1237.23,240.76,290.71,611.89,0.0,4588.64,1.11,16.33,1.232,R015
C06354,R0060,TRK038,road,151.0,875.8,377.77,1141.09,96.47,178.74,384.8,1234.36,4289.02,11.94,28.4,1.11,R060
C06355,R0085,TRK034,road,358.9,2081.62,849.57,1136.61,289.01,308.38,448.14,376.68,5490.01,7.99,15.3,1.022,R085
C06356,R0008,TRK030,road,178.2,1033.56,368.99,1438.22,110.66,656.11,149.51,298.03,4055.07,0.82,22.76,1.24,R008
C06357,R0051,TRK042,road,477.6,2770.08,1038.96,1318.86,323.25,635.57,2.65,0.0,6089.37,1.29,12.75,0.908,R051
C06358,R0049,TRK038,road,525.0,3045.0,983.5,1334.38,454.15,576.39,599.86,1353.62,8346.89,4.19,15.9,1.055,R049
C06359,R0053,TRK028,road,218.9,1269.62,462.71,1136.71,194.19,797.32,195.04,891.17,4946.76,2.73,22.6,0.931,R053
C06360,R0091,TRK005,road,423.7,2457.46,792.49,1280.05,339.7,699.84,665.32,0.0,6234.85,5.8,14.72,1.083,R091
C06361,R0073,TRK012,local,44.2,362.44,114.82,834.56,9.18,197.72,7.3,0.0,1526.03,0.94,34.53,1.093,R073
C06362,R0097,TRK001,road,168.1,974.98,392.54,1039.23,108.31,812.85,179.61,1351.4,4858.91,1.27,28.9,1.094,R097
C06363,R0069,TRK031,local,267.0,2189.4,840.22,937.1,68.38,774.67,55.72,0.0,4865.48,3.36,18.22,0.998,R069
C06364,R0014,TRK020,local,298.9,2450.98,770.28,779.67,79.3,635.0,233.94,0.0,4949.18,1.34,16.56,1.058,R014
C06365,R0078,TRK042,road,356.4,2067.12,697.44,1401.17,290.63,278.31,95.47,0.0,4830.14,2.25,13.55,0.959,R078
C06366,R0058,TRK011,road,292.4,1695.92,719.38,1001.58,185.56,761.32,53.69,26.42,4443.87,1.44,15.2,1.247,R058
C06367,R0005,TRK023,rail,365.9,1317.24,291.74,456.64,51.75,757.45,525.63,0.0,3400.45,0.86,9.29,1.046,R005
C06368,R0029,TRK032,rail,82.6,297.36,68.62,464.99,14.63,664.55,516.5,1449.97,3476.62,1.04,42.09,1.152,R029
C06369,R0067,TRK016,road,142.6,827.08,359.49,1255.75,103.95,236.16,342.97,0.0,3125.41,0.91,21.92,1.142,R067
C06370,R0066,TRK019,rail,446.5,1607.4,365.76,413.17,67.17,341.72,0.5,0.0,2795.72,0.62,6.26,1.106,R066
C06371,R0044,TRK019,rail,164.8,593.28,123.19,510.25,24.55,496.15,169.72,567.05,2484.2,2.57,15.07,1.094,R044
C06372,R0083,TRK004,road,276.8,1605.44,648.15,1395.24,172.64,591.65,660.96,0.0,5074.09,3.02,18.33,1.021,R083
C06373,R0006,TRK033,rail,441.4,1589.04,361.76,507.39,56.54,807.26,80.08,0.0,3402.07,0.93,7.71,1.226,R006
C06374,R0082,TRK046,local,244.2,2002.44,647.46,975.22,62.84,711.71,215.6,808.1,5423.37,1.18,22.21,1.015,R082
C06375,R0027,TRK029,road,296.8,1721.44,631.88,963.82,263.82,214.1,148.72,1776.01,5719.79,2.35,19.27,1.091,R027
C06376,R0003,TRK024,road,437.4,2536.92,1021.02,1173.96,392.83,498.51,649.25,0.0,6272.49,2.48,14.34,1.109,R003
C06377,R0096,TRK019,road,497.9,2887.82,1240.83,1243.09,397.49,514.15,598.63,536.2,7418.21,2.01,14.9,0.994,R096
C06378,R0008,TRK022,road,422.1,2448.18,992.21,1136.97,264.39,440.99,203.29,0.0,5486.04,1.18,13.0,1.194,R008
C06379,R0022,TRK026,road,256.9,1490.02,636.26,1339.28,194.48,747.09,506.54,1275.84,6189.5,2.33,24.09,1.104,R022
C06380,R0072,TRK009,road,261.2,1514.96,582.22,1250.93,230.17,821.62,152.4,0.0,4552.3,2.37,17.43,1.031,R072
C06381,R0018,TRK021,local,523.2,4290.24,1643.52,852.76,154.17,606.26,118.96,1050.68,8716.6,1.75,16.66,1.22,R018
C06382,R0058,TRK037,road,202.5,1174.5,463.77,1384.4,122.1,727.42,31.56,543.18,4446.94,1.58,21.96,0.968,R058
C06383,R0030,TRK048,road,396.6,2300.28,902.82,1204.16,331.41,288.45,381.26,907.0,6315.38,19.98,15.92,1.198,R030
C06384,R0044,TRK016,rail,102.3,368.28,88.08,453.17,14.99,775.58,664.15,883.15,3247.4,1.31,31.74,1.08,R044
C06385,R0080,TRK041,road,159.7,926.26,362.59,1170.87,113.52,348.72,631.07,0.0,3553.03,1.01,22.25,1.123,R080
C06386,R0023,TRK034,local,224.1,1837.62,559.9,1070.41,65.39,454.61,83.53,0.0,4071.47,3.42,18.17,1.15,R023
C06387,R0058,TRK003,road,281.8,1634.44,555.27,1251.22,214.84,863.35,627.01,1722.84,6868.98,1.39,24.38,1.217,R058
C06388,R0017,TRK045,road,315.1,1827.58,648.92,1126.1,273.15,525.14,346.39,1698.94,6446.22,15.0,20.46,1.006,R017
C06389,R0044,TRK007,road,303.2,1758.56,599.76,1091.62,262.71,294.57,67.2,698.45,4772.86,2.13,15.74,1.104,R044
C06390,R0038,TRK027,road,63.0,365.4,120.88,1067.38,43.81,835.35,165.35,1750.21,4348.38,1.24,69.02,0.948,R038
C06391,R0063,TRK035,road,49.8,288.84,112.66,1430.69,43.16,892.42,527.72,1358.4,4653.88,1.72,93.45,1.023,R063
C06392,R0085,TRK039,road,464.3,2692.94,968.1,1329.54,415.3,470.48,520.03,531.18,6927.57,1.46,14.92,1.189,R085
C06393,R0088,TRK037,road,323.1,1873.98,680.88,1333.72,223.89,342.68,143.16,0.0,4598.31,1.88,14.23,1.074,R088
C06394,R0100,TRK050,road,547.0,3172.6,1295.85,1202.11,453.54,880.73,472.46,0.0,7477.29,3.02,13.67,0.971,R100
C06395,R0059,TRK027,road,198.8,1153.04,466.77,1209.16,171.36,682.49,446.13,122.48,4251.43,0.87,21.39,1.082,R059
C06396,R0055,TRK006,local,270.7,2219.74,853.71,973.45,61.83,863.86,142.87,0.0,5115.46,1.95,18.9,0.975,R055
C06397,R0067,TRK014,rail,542.4,1952.64,371.63,416.66,74.95,345.23,64.19,898.35,4123.65,8.59,7.6,1.224,R067
C06398,R0007,TRK008,road,66.0,382.8,151.6,1056.37,44.39,407.17,515.06,0.0,2557.39,2.21,38.75,1.119,R007
C06399,R0066,TRK040,rail,228.8,823.68,168.59,472.4,28.22,475.84,491.51,1398.57,3858.81,1.48,16.87,1.063,R066
C06400,R0005,TRK043,road,150.0,870.0,363.54,1282.37,120.91,270.79,365.52,0.0,3273.13,2.43,21.82,0.942,R005
C06401,R0020,TRK032,road,428.1,2482.98,900.67,1001.63,282.82,896.79,62.51,386.55,6013.97,1.97,14.05,0.9,R020
C06402,R0009,TRK041,road,401.3,2327.54,777.88,1194.73,284.15,525.38,661.64,0.0,5771.32,2.52,14.38,0.967,R009
C06403,R0032,TRK023,road,465.7,2701.06,1096.03,984.07,334.15,195.16,264.83,0.0,5575.3,1.25,11.97,1.123,R032
C06404,R0008,TRK017,road,415.5,2409.9,939.7,1051.0,369.12,872.7,539.3,0.0,6181.73,15.95,14.88,0.91,R008
C06405,R0080,TRK026,road,469.1,2720.78,926.55,1291.9,338.56,192.64,233.58,1464.3,7168.3,1.6,15.28,1.067,R080
C06406,R0097,TRK001,road,331.1,1920.38,707.5,1378.27,214.77,444.41,538.26,0.0,5203.59,3.3,15.72,0.948,R097
C06407,R0060,TRK016,road,527.1,3057.18,1022.58,977.18,446.55,741.77,157.22,72.28,6474.76,1.46,12.28,1.227,R060
C06408,R0049,TRK035,road,246.1,1427.38,533.58,1271.91,206.78,705.96,176.6,170.27,4492.47,1.65,18.25,0.908,R049
C06409,R0007,TRK030,local,437.9,3590.78,1165.41,1019.53,91.96,892.28,13.84,0.0,6773.81,5.42,15.47,1.171,R007
C06410,R0004,TRK015,road,502.3,2913.34,1248.09,1417.43,344.06,217.97,177.55,0.0,6318.44,2.54,12.58,0.942,R004
C06411,R0045,TRK024,rail,378.6,1362.96,289.6,525.27,59.26,405.12,358.43,471.47,3472.1,0.71,9.17,0.99,R045
C06412,R0016,TRK002,rail,500.9,1803.24,346.9,380.8,64.26,813.95,553.92,1416.5,5379.57,3.35,10.74,0.921,R016
C06413,R0004,TRK014,road,93.8,544.04,185.51,1318.6,80.57,664.97,189.12,0.0,2982.81,2.97,31.8,1.085,R004
C06414,R0076,TRK013,road,254.0,1473.2,549.72,1242.85,152.49,375.04,178.98,418.47,4390.75,1.01,17.29,1.176,R076
C06415,R0074,TRK034,local,374.3,3069.26,1057.7,1035.99,78.03,395.29,36.94,0.0,5673.2,4.2,15.16,1.217,R074
C06416,R0074,TRK017,road,494.6,2868.68,1221.94,1270.59,374.51,775.71,209.72,0.0,6721.15,2.11,13.59,1.146,R074
C06417,R0067,TRK046,road,530.9,3079.22,1120.16,1421.77,355.11,339.77,45.62,0.0,6361.64,3.96,11.98,1.112,R067
C06418,R0051,TRK009,local,276.5,2267.3,753.42,1014.18,72.64,248.79,194.94,0.0,4551.27,1.44,16.46,1.061,R051
C06419,R0041,TRK003,road,185.6,1076.48,422.4,1261.32,147.56,878.05,164.36,1685.48,5635.65,1.92,30.36,0.937,R041
C06420,R0007,TRK003,road,484.8,2811.84,917.96,1012.55,327.4,606.4,448.76,901.95,7026.86,2.98,14.49,1.064,R007
C06421,R0030,TRK014,road,236.1,1369.38,483.55,1268.43,203.48,155.89,175.52,0.0,3656.25,5.95,15.49,1.036,R030
C06422,R0004,TRK040,rail,384.3,1383.48,329.14,435.11,48.72,836.14,650.9,639.72,4323.21,2.12,11.25,1.057,R004
C06423,R0014,TRK030,road,454.2,2634.36,893.82,1151.75,295.58,178.83,241.82,0.0,5396.16,1.76,11.88,1.118,R014
C06424,R0095,TRK024,road,231.0,1339.8,527.89,1275.1,193.65,809.12,179.02,0.0,4324.58,4.85,18.72,1.15,R095
C06425,R0068,TRK037,road,88.8,515.04,190.1,1231.89,67.6,746.72,664.05,478.67,3894.07,2.02,43.85,1.192,R068
C06426,R0016,TRK005,road,155.4,901.32,307.9,1359.23,105.63,477.92,661.37,0.0,3813.36,1.36,24.54,1.101,R016
C06427,R0044,TRK050,rail,466.7,1680.12,380.62,429.01,68.46,724.45,644.59,1315.58,5242.81,1.25,11.23,0.968,R044
C06428,R0060,TRK001,road,521.7,3025.86,1264.58,1122.88,381.56,278.67,629.84,0.0,6703.39,4.37,12.85,1.07,R060
C06429,R0067,TRK002,rail,300.7,1082.52,222.26,402.26,37.53,878.75,131.43,0.0,2754.75,1.01,9.16,1.179,R067
C06430,R0078,TRK019,local,216.0,1771.2,580.71,905.27,52.58,691.54,16.15,167.55,4185.0,4.36,19.38,1.082,R078
C06431,R0064,TRK012,road,159.4,924.52,380.86,973.18,119.33,589.05,263.84,1480.87,4731.66,1.41,29.68,0.945,R064
C06432,R0069,TRK022,road,305.4,1771.32,724.2,1009.82,203.57,493.14,682.64,0.0,4884.7,1.87,15.99,1.134,R069
C06433,R0004,TRK001,rail,534.9,1925.64,400.16,506.09,87.61,764.51,694.26,0.0,4378.26,1.5,8.19,0.96,R004
C06434,R0099,TRK003,local,480.9,3943.38,1381.77,877.28,117.84,673.83,24.26,0.0,7018.37,5.88,14.59,1.14,R099
C06435,R0098,TRK015,road,211.2,1224.96,513.02,970.98,137.49,870.75,592.82,0.0,4310.02,4.41,20.41,1.158,R098
C06436,R0069,TRK026,local,385.0,3157.0,1072.97,855.54,113.48,486.49,202.44,0.0,5887.92,3.31,15.29,1.246,R069
C06437,R0013,TRK030,road,295.2,1712.16,571.9,1058.59,181.35,437.16,187.28,0.0,4148.44,1.17,14.05,0.994,R013
C06438,R0057,TRK010,local,256.9,2106.58,793.12,793.16,53.15,489.86,159.27,0.0,4395.14,1.9,17.11,1.12,R057
C06439,R0046,TRK017,road,379.9,2203.42,897.78,1062.06,332.26,757.19,366.55,1433.27,7052.53,8.86,18.56,0.942,R046
C06440,R0063,TRK030,local,111.9,917.58,324.77,789.49,23.13,783.1,82.78,0.0,2920.85,0.77,26.1,1.087,R063
C06441,R0055,TRK016,local,353.8,2901.16,960.36,901.91,77.32,844.42,122.84,0.0,5808.01,2.27,16.42,1.202,R055
C06442,R0005,TRK012,local,266.0,2181.2,695.76,856.19,79.64,286.22,224.83,0.0,4323.84,1.4,16.26,1.166,R005
C06443,R0023,TRK041,road,148.9,863.62,320.68,1182.78,117.62,615.4,98.93,0.0,3199.04,2.94,21.48,0.991,R023
C06444,R0043,TRK022,local,98.7,809.34,236.05,912.71,20.83,580.24,117.33,1531.26,4207.76,1.45,42.63,1.047,R043
C06445,R0048,TRK013,road,173.9,1008.62,395.9,1144.99,138.08,350.85,213.55,0.0,3251.99,3.59,18.7,1.146,R048
C06446,R0007,TRK037,road,344.6,1998.68,676.28,1067.92,304.83,895.73,346.28,0.0,5289.72,1.29,15.35,1.244,R007
C06447,R0070,TRK029,local,305.3,2503.46,959.06,900.31,77.96,411.45,22.89,0.0,4875.13,15.76,15.97,1.166,R070
C06448,R0036,TRK022,road,422.4,2449.92,881.81,1345.53,368.22,707.74,56.42,0.0,5809.64,1.44,13.75,0.932,R036
C06449,R0096,TRK045,road,321.5,1864.7,730.6,1426.04,272.09,824.24,82.55,955.4,6155.62,1.29,19.15,1.084,R096
C06450,R0061,TRK002,local,53.0,434.6,151.98,755.9,11.51,786.7,104.38,1079.39,3324.46,0.68,62.73,0.941,R061
C06451,R0059,TRK038,road,156.6,908.28,381.47,1140.26,127.36,169.65,537.75,1508.91,4773.68,1.62,30.48,1.075,R059
C06452,R0065,TRK034,rail,64.8,233.28,49.56,518.69,8.2,488.94,575.48,768.95,2643.1,0.6,40.79,0.956,R065
C06453,R0011,TRK040,road,135.7,787.06,342.67,1137.25,117.4,155.45,346.86,0.0,2886.69,0.61,21.27,1.084,R011
C06454,R0099,TRK024,rail,353.0,1270.8,240.08,434.94,52.92,328.59,606.62,0.0,2933.95,0.62,8.31,1.023,R099
C06455,R0092,TRK040,road,121.1,702.38,268.7,1339.93,78.36,368.38,95.86,341.2,3194.81,0.64,26.38,1.028,R092
C06456,R0033,TRK022,road,78.2,453.56,153.63,1272.13,55.36,654.67,244.12,1147.66,3981.13,13.1,50.91,1.238,R033
C06457,R0014,TRK009,local,454.0,3722.8,1349.8,956.19,108.74,664.19,40.49,0.0,6842.21,2.17,15.07,1.078,R014
C06458,R0021,TRK010,road,244.8,1419.84,499.88,1357.42,167.53,338.04,548.08,0.0,4330.8,5.64,17.69,1.072,R021
C06459,R0081,TRK036,road,288.0,1670.4,579.22,1064.61,198.33,825.0,587.53,0.0,4925.1,2.97,17.1,1.218,R081
C06460,R0043,TRK011,rail,46.0,165.6,36.1,377.12,7.27,626.37,413.2,0.0,1625.65,0.73,35.34,1.15,R043
C06461,R0062,TRK008,rail,486.3,1750.68,345.27,416.45,78.39,438.92,70.83,0.0,3100.54,4.99,6.38,1.004,R062
C06462,R0017,TRK005,road,311.4,1806.12,588.5,1051.77,238.71,254.15,394.32,0.0,4333.57,1.1,13.92,0.973,R017
C06463,R0099,TRK047,road,394.8,2289.84,786.68,1073.52,255.7,467.17,233.61,0.0,5106.52,5.11,12.93,1.13,R099
C06464,R0041,TRK007,local,472.0,3870.4,1328.29,910.24,128.29,696.92,220.9,501.6,7656.65,2.43,16.22,0.947,R041
C06465,R0039,TRK010,local,141.5,1160.3,365.53,1041.22,30.08,486.27,104.74,1378.99,4567.12,1.17,32.28,1.16,R039
C06466,R0052,TRK017,local,479.2,3929.44,1445.03,777.87,133.83,812.23,113.76,0.0,7212.16,2.01,15.05,1.173,R052
C06467,R0082,TRK033,local,379.6,3112.72,1087.21,928.19,107.21,688.83,106.9,0.0,6031.07,1.95,15.89,1.196,R082
C06468,R0003,TRK029,road,534.0,3097.2,1122.76,1179.47,355.98,892.26,283.65,0.0,6931.31,2.22,12.98,0.908,R003
C06469,R0012,TRK014,road,357.9,2075.82,780.15,1387.25,253.14,397.33,481.37,1429.06,6804.13,2.41,19.01,1.076,R012
C06470,R0014,TRK043,local,199.0,1631.8,548.27,812.89,53.08,684.28,279.73,986.43,4996.48,1.08,25.11,1.094,R014
C06471,R0047,TRK042,road,223.9,1298.62,440.35,1183.53,164.91,453.15,570.78,0.0,4111.34,2.63,18.36,0.95,R047
C06472,R0027,TRK026,road,169.8,984.84,352.78,1342.43,105.17,655.15,46.61,0.0,3486.97,1.19,20.54,1.147,R027
C06473,R0055,TRK029,rail,115.8,416.88,82.55,451.13,20.73,816.62,135.8,0.0,1923.7,1.3,16.61,1.014,R055
C06474,R0022,TRK027,rail,518.7,1867.32,443.33,374.65,81.7,463.06,583.22,1794.86,5608.14,2.41,10.81,0.916,R022
C06475,R0052,TRK024,rail,549.7,1978.92,413.73,448.39,71.9,592.24,132.11,1756.25,5393.55,9.68,9.81,0.984,R052
C06476,R0049,TRK042,local,525.1,4305.82,1300.04,886.36,136.79,235.69,212.05,0.0,7076.76,2.27,13.48,0.962,R049
C06477,R0091,TRK020,road,239.4,1388.52,589.66,1355.0,176.47,439.44,448.22,0.0,4397.32,0.91,18.37,1.012,R091
C06478,R0036,TRK017,road,40.4,234.32,95.61,986.23,24.65,355.86,505.26,972.32,3174.24,0.64,78.57,1.138,R036
C06479,R0014,TRK038,road,290.7,1686.06,628.89,1221.84,254.97,744.94,201.23,0.0,4737.93,3.34,16.3,0.927,R014
C06480,R0045,TRK009,road,469.9,2725.42,971.56,1237.62,324.25,329.12,414.14,0.0,6002.1,2.03,12.77,1.147,R045
C06481,R0049,TRK003,road,532.8,3090.24,1060.34,1294.47,321.88,560.93,446.82,0.0,6774.68,5.6,12.72,1.152,R049
C06482,R0016,TRK049,rail,409.3,1473.48,350.78,445.2,58.99,540.02,628.07,0.0,3496.54,2.17,8.54,0.977,R016
C06483,R0033,TRK022,local,328.8,2696.16,864.65,767.23,75.14,312.85,192.02,0.0,4908.05,2.1,14.93,0.904,R033
C06484,R0077,TRK028,road,217.8,1263.24,502.89,1367.92,151.6,581.87,114.66,0.0,3982.17,0.91,18.28,0.998,R077
C06485,R0032,TRK017,road,479.5,2781.1,1209.45,1423.82,310.48,504.5,389.26,1451.89,8070.5,2.23,16.83,0.958,R032
C06486,R0087,TRK024,road,32.0,185.6,60.16,1095.23,23.7,270.78,332.9,1620.72,3589.08,1.88,112.16,1.223,R087
C06487,R0028,TRK048,rail,140.5,505.8,102.97,536.95,22.16,520.92,382.35,0.0,2071.16,0.88,14.74,0.913,R028
C06488,R0061,TRK016,road,31.5,182.7,62.06,1159.16,24.84,609.15,278.82,0.0,2316.72,1.01,73.55,0.904,R061
C06489,R0040,TRK043,road,54.9,318.42,124.81,960.22,35.74,610.03,109.84,604.34,2763.4,0.6,50.34,1.087,R040
C06490,R0054,TRK041,rail,63.5,228.6,45.31,419.48,11.39,608.68,499.52,0.0,1812.98,0.7,28.55,1.208,R054
C06491,R0002,TRK033,road,481.7,2793.86,1138.62,1192.34,367.11,465.99,571.34,0.0,6529.26,1.84,13.55,1.116,R002
C06492,R0014,TRK039,road,274.2,1590.36,572.97,1023.92,226.4,766.91,400.51,1536.56,6117.65,1.67,22.31,1.08,R014
C06493,R0036,TRK038,road,138.3,802.14,299.98,1305.29,89.39,242.02,201.19,0.0,2940.01,0.68,21.26,1.15,R036
C06494,R0047,TRK040,road,205.6,1192.48,470.45,1071.12,176.71,434.25,628.86,661.9,4635.76,1.85,22.55,1.205,R047
C06495,R0084,TRK047,local,280.9,2303.38,676.24,756.8,66.6,238.69,12.85,669.06,4723.61,0.98,16.82,0.955,R084
C06496,R0017,TRK013,road,519.7,3014.26,1272.18,1166.25,378.03,423.89,48.96,1022.75,7326.31,4.48,14.1,1.069,R017
C06497,R0093,TRK016,rail,500.4,1801.44,446.01,463.55,63.83,165.02,182.11,0.0,3121.97,1.03,6.24,1.202,R093
C06498,R0045,TRK003,rail,392.9,1414.44,274.06,468.36,70.16,338.11,384.88,0.0,2950.01,1.25,7.51,0.963,R045
C06499,R0026,TRK031,road,263.9,1530.62,655.08,1231.53,167.69,627.32,276.79,1043.24,5532.27,2.13,20.96,0.954,R026
C06500,R0003,TRK037,road,97.9,567.82,222.1,1202.68,72.24,595.0,681.11,0.0,3340.95,1.37,34.13,1.152,R003
C06501,R0043,TRK045,local,146.7,1202.94,453.09,888.26,32.92,504.65,236.77,1713.53,5032.15,2.16,34.3,1.244,R043
C06502,R0061,TRK042,road,503.4,2919.72,1111.69,1152.75,411.83,398.32,170.58,0.0,6164.89,2.71,12.25,1.167,R061
C06503,R0043,TRK044,rail,238.9,860.04,173.42,469.25,30.02,191.38,418.05,305.59,2447.74,2.73,10.25,0.957,R043
C06504,R0014,TRK041,road,329.3,1909.94,783.08,1384.88,263.55,214.23,406.92,1274.15,6236.75,19.65,18.94,1.187,R014
C06505,R0040,TRK029,road,45.0,261.0,91.54,1000.81,35.68,355.71,80.8,433.0,2258.54,3.97,50.19,0.938,R040
C06506,R0046,TRK032,road,101.3,587.54,235.72,1023.81,87.45,546.51,507.78,1049.6,4038.41,4.47,39.87,0.923,R046
C06507,R0089,TRK043,rail,453.2,1631.52,365.66,412.96,62.09,701.56,539.98,0.0,3713.77,1.38,8.19,0.933,R089
C06508,R0034,TRK038,road,65.1,377.58,145.29,997.21,53.72,384.44,669.65,0.0,2627.89,0.67,40.37,1.007,R034
C06509,R0050,TRK050,road,475.9,2760.22,1090.95,1373.83,308.77,628.74,602.54,0.0,6765.05,4.5,14.22,1.112,R050
C06510,R0022,TRK028,road,83.5,484.3,203.74,1314.67,67.84,840.46,77.44,1048.93,4037.38,1.26,48.35,1.093,R022
C06511,R0052,TRK013,local,144.2,1182.44,426.58,1007.68,38.79,769.16,21.51,0.0,3446.17,0.77,23.9,1.193,R052
C06512,R0027,TRK032,rail,426.9,1536.84,323.14,497.25,59.02,603.96,276.57,896.48,4193.26,3.79,9.82,1.024,R027
C06513,R0066,TRK043,road,239.5,1389.1,562.04,1409.94,158.82,462.28,619.35,141.46,4742.99,1.1,19.8,1.134,R066
C06514,R0098,TRK034,road,285.0,1653.0,549.07,1051.57,235.17,487.59,448.9,0.0,4425.3,1.34,15.53,1.044,R098
C06515,R0009,TRK006,road,125.4,727.32,257.28,1171.57,88.39,734.4,64.3,6.71,3049.97,2.01,24.32,0.914,R009
C06516,R0099,TRK050,road,481.2,2790.96,1119.42,1144.43,425.42,479.88,1.87,0.0,5961.97,1.25,12.39,0.963,R099
C06517,R0019,TRK039,road,181.0,1049.8,389.85,1017.23,117.41,814.43,620.59,162.48,4171.79,0.97,23.05,0.908,R019
C06518,R0036,TRK040,rail,485.9,1749.24,393.1,412.97,71.47,489.76,109.23,746.99,3972.75,0.93,8.18,1.015,R036
C06519,R0096,TRK039,local,522.0,4280.4,1527.86,857.39,122.55,628.74,212.58,0.0,7629.52,3.16,14.62,0.939,R096
C06520,R0001,TRK047,road,207.8,1205.24,432.32,1050.11,129.3,536.6,79.69,493.59,3926.85,1.5,18.9,1.184,R001
C06521,R0028,TRK032,rail,400.1,1440.36,352.94,360.07,66.37,171.16,200.71,0.0,2591.6,0.9,6.48,1.222,R028
C06522,R0021,TRK023,rail,195.6,704.16,178.05,398.47,35.11,896.05,54.64,0.0,2266.48,0.56,11.59,1.127,R021
C06523,R0061,TRK034,rail,32.5,117.0,24.76,504.69,4.82,739.82,339.67,0.0,1730.76,0.59,53.25,1.243,R061
C06524,R0036,TRK048,road,163.9,950.62,334.8,1010.72,131.58,365.46,483.07,1307.24,4583.49,2.11,27.97,0.927,R036
C06525,R0050,TRK029,local,347.2,2847.04,848.76,738.65,95.95,717.23,133.25,282.82,5663.69,3.74,16.31,1.033,R050
C06526,R0078,TRK009,rail,543.0,1954.8,415.91,399.82,82.62,791.76,14.4,1203.9,4863.22,2.48,8.96,1.14,R078
C06527,R0051,TRK027,local,502.1,4117.22,1273.68,1011.84,110.04,433.08,178.54,0.0,7124.4,3.08,14.19,0.903,R051
C06528,R0040,TRK020,road,520.2,3017.16,1141.59,1338.64,360.11,558.11,351.47,1756.81,8523.88,1.87,16.39,1.103,R040
C06529,R0069,TRK041,local,176.3,1445.66,532.26,946.61,40.62,211.95,281.57,486.32,3944.98,0.98,22.38,0.921,R069
C06530,R0097,TRK034,rail,119.8,431.28,81.95,360.85,17.23,748.2,601.5,0.0,2241.01,0.76,18.71,0.978,R097
C06531,R0059,TRK043,local,191.7,1571.94,489.03,720.77,47.16,672.75,161.12,0.0,3662.77,5.46,19.11,1.066,R059
C06532,R0036,TRK008,local,364.9,2992.18,1097.48,1042.16,83.09,458.9,255.52,1038.92,6968.25,1.47,19.1,0.988,R036
C06533,R0099,TRK029,road,285.1,1653.58,607.39,968.48,176.93,173.38,80.32,1588.05,5248.12,15.96,18.41,1.163,R099
C06534,R0007,TRK013,road,59.9,347.42,144.39,1347.67,43.32,482.9,276.9,1329.61,3972.21,2.18,66.31,1.228,R007
C06535,R0014,TRK013,road,463.5,2688.3,1145.02,1021.14,409.85,653.24,644.03,0.0,6561.58,1.37,14.16,1.028,R014
C06536,R0001,TRK039,rail,537.5,1935.0,454.11,407.26,78.31,777.8,207.95,1622.81,5483.24,5.49,10.2,1.183,R001
C06537,R0089,TRK017,road,161.4,936.12,400.99,1239.33,140.83,339.08,128.67,0.0,3185.02,0.94,19.73,1.131,R089
C06538,R0022,TRK020,road,399.1,2314.78,860.15,1039.08,303.1,162.88,361.28,0.0,5041.27,1.29,12.63,1.042,R022
C06539,R0015,TRK017,rail,304.3,1095.48,215.89,421.34,48.14,373.6,522.74,86.1,2763.28,2.23,9.08,1.013,R015
C06540,R0038,TRK010,road,436.9,2534.02,862.56,1025.9,304.95,705.01,71.31,0.0,5503.76,2.9,12.6,1.04,R038
C06541,R0075,TRK003,road,132.2,766.76,275.36,1197.11,113.34,338.6,68.19,0.0,2759.36,0.91,20.87,0.916,R075
C06542,R0028,TRK002,local,72.9,597.78,174.92,748.31,15.42,627.99,166.5,1569.26,3900.18,1.12,53.5,1.108,R028
C06543,R0072,TRK049,road,272.1,1578.18,685.96,1285.29,177.08,198.96,622.88,0.0,4548.35,6.19,16.72,1.108,R072
C06544,R0005,TRK011,road,181.9,1055.02,440.99,1311.31,119.06,195.1,582.96,1436.57,5141.02,2.39,28.26,1.022,R005
C06545,R0067,TRK048,road,301.3,1747.54,694.94,995.85,183.66,713.55,377.31,1521.28,6234.12,1.42,20.69,1.246,R067
C06546,R0038,TRK007,road,285.8,1657.64,686.59,1154.51,254.78,213.5,698.32,820.02,5485.36,1.51,19.19,1.041,R038
C06547,R0092,TRK024,local,181.0,1484.2,452.26,1039.68,37.79,215.98,44.47,1384.97,4659.34,1.5,25.74,1.052,R092
C06548,R0075,TRK021,road,232.6,1349.08,459.71,1193.21,183.23,181.89,603.74,0.0,3970.87,3.7,17.07,1.113,R075
C06549,R0093,TRK032,road,206.3,1196.54,497.72,1273.53,156.59,168.51,208.36,730.98,4232.23,1.1,20.51,0.952,R093
C06550,R0036,TRK007,road,376.0,2180.8,792.96,1263.6,327.53,563.19,174.25,0.0,5302.34,3.07,14.1,1.061,R036
C06551,R0013,TRK026,road,340.4,1974.32,652.5,1332.37,256.27,845.14,644.21,0.0,5704.81,1.24,16.76,1.033,R013
C06552,R0066,TRK003,road,412.4,2391.92,1027.78,1391.57,303.56,373.97,50.66,1183.33,6722.78,2.25,16.3,0.95,R066
C06553,R0094,TRK035,road,99.5,577.1,208.96,1233.93,68.13,595.31,223.89,957.73,3865.05,0.92,38.84,1.17,R094
C06554,R0027,TRK008,rail,141.0,507.6,110.08,402.84,22.32,777.75,325.09,0.0,2145.69,0.52,15.22,1.004,R027
C06555,R0080,TRK017,road,440.6,2555.48,1033.29,1205.22,308.93,683.09,246.12,976.62,7008.76,5.44,15.91,1.15,R080
C06556,R0048,TRK034,road,89.2,517.36,182.47,1054.84,56.25,624.5,556.11,969.78,3961.32,1.33,44.41,1.212,R048
C06557,R0090,TRK045,rail,206.9,744.84,177.72,495.84,29.46,394.17,627.95,0.0,2469.99,1.13,11.94,0.9,R090
C06558,R0035,TRK017,road,323.5,1876.3,606.16,1104.98,275.15,828.82,314.48,1248.64,6254.54,2.49,19.33,0.926,R035
C06559,R0041,TRK049,rail,146.1,525.96,120.22,438.04,17.7,875.73,36.38,0.0,2014.04,0.89,13.79,1.228,R041
C06560,R0004,TRK007,road,289.1,1676.78,696.17,1047.16,260.12,486.86,454.76,0.0,4621.85,1.03,15.99,1.149,R004
C06561,R0064,TRK008,road,252.3,1463.34,488.96,1114.88,193.22,297.83,385.9,0.0,3944.13,1.42,15.63,1.028,R064
C06562,R0096,TRK001,rail,228.3,821.88,195.64,380.74,36.18,374.86,496.53,623.03,2928.86,2.76,12.83,0.926,R096
C06563,R0034,TRK008,rail,442.9,1594.44,318.43,519.21,75.03,200.58,96.43,0.0,2804.12,3.01,6.33,1.021,R034
C06564,R0027,TRK022,road,242.8,1408.24,538.56,1356.65,196.25,479.43,268.84,0.0,4247.98,1.34,17.5,1.199,R027
C06565,R0001,TRK035,local,395.7,3244.74,1242.35,802.07,111.34,442.79,41.44,438.76,6323.5,2.2,15.98,1.095,R001
C06566,R0046,TRK014,local,239.7,1965.54,750.35,791.3,60.79,635.04,263.86,0.0,4466.88,5.96,18.64,0.986,R046
C06567,R0016,TRK013,rail,442.1,1591.56,386.96,428.39,78.03,207.86,407.44,0.0,3100.25,0.77,7.01,0.931,R016
C06568,R0090,TRK046,road,338.0,1960.4,817.51,964.7,203.57,571.86,79.09,0.0,4597.13,1.05,13.6,1.205,R090
C06569,R0040,TRK039,rail,190.4,685.44,152.97,518.56,26.93,168.63,149.37,0.0,1701.91,1.63,8.94,1.092,R040
C06570,R0060,TRK042,road,182.3,1057.34,358.15,1272.38,121.11,690.37,214.42,0.0,3713.76,0.92,20.37,1.066,R060
C06571,R0087,TRK043,local,445.4,3652.28,1330.04,1065.26,121.35,879.41,140.72,510.72,7699.79,4.47,17.29,0.909,R087
C06572,R0026,TRK025,road,286.8,1663.44,702.5,1098.17,223.76,303.24,596.72,0.0,4587.83,1.16,16.0,1.156,R026
C06573,R0075,TRK021,rail,417.3,1502.28,309.59,362.79,57.79,289.38,445.6,0.0,2967.43,1.58,7.11,0.99,R075
C06574,R0048,TRK046,road,318.6,1847.88,743.34,1307.52,235.52,672.04,699.4,0.0,5505.71,1.35,17.28,1.041,R048
C06575,R0051,TRK007,road,290.0,1682.0,628.77,999.66,192.68,152.37,511.84,0.0,4167.32,1.17,14.37,0.948,R051
C06576,R0068,TRK028,road,549.7,3188.26,1324.42,1164.99,391.95,657.38,101.8,0.0,6828.8,3.36,12.42,1.053,R068
C06577,R0080,TRK042,road,393.9,2284.62,888.29,1149.44,334.75,765.17,246.64,1640.32,7309.23,2.54,18.56,0.937,R080
C06578,R0015,TRK017,road,361.5,2096.7,902.51,985.83,290.89,566.8,357.39,0.0,5200.12,2.03,14.38,0.906,R015
C06579,R0006,TRK036,rail,458.8,1651.68,407.67,445.88,77.61,222.18,599.25,0.0,3404.26,3.11,7.42,1.148,R006
C06580,R0007,TRK012,road,538.4,3122.72,1201.85,1083.26,448.74,492.35,386.89,0.0,6735.8,1.86,12.51,1.135,R007
C06581,R0056,TRK015,road,418.9,2429.62,932.99,1406.12,315.56,218.26,201.03,0.0,5503.59,2.82,13.14,1.239,R056
C06582,R0076,TRK002,road,195.9,1136.22,368.35,977.37,156.83,315.22,387.77,0.0,3341.76,3.49,17.06,0.962,R076
C06583,R0098,TRK022,road,200.0,1160.0,416.44,1403.82,167.37,482.79,409.2,0.0,4039.61,0.87,20.2,0.902,R098
C06584,R0065,TRK026,rail,366.3,1318.68,280.02,523.43,46.4,804.36,649.39,0.0,3622.27,1.13,9.89,1.067,R065
C06585,R0099,TRK037,local,396.1,3248.02,1264.66,1006.72,116.1,324.23,42.29,1456.87,7458.89,4.91,18.83,0.983,R099
C06586,R0059,TRK033,road,198.0,1148.4,455.78,1343.55,172.77,344.67,150.45,0.0,3615.62,1.07,18.26,1.227,R059
C06587,R0090,TRK022,road,386.3,2240.54,903.78,1040.65,246.2,680.92,181.5,0.0,5293.6,6.66,13.7,1.231,R090
C06588,R0061,TRK016,road,255.4,1481.32,589.78,1423.31,199.21,863.17,557.41,0.0,5114.19,1.07,20.02,0.918,R061
C06589,R0039,TRK005,road,166.2,963.96,393.09,1140.57,123.29,527.36,549.08,0.0,3697.34,0.83,22.25,1.148,R039
C06590,R0003,TRK013,road,499.7,2898.26,1022.73,1283.76,424.54,881.72,378.77,0.0,6889.78,4.54,13.79,0.956,R003
C06591,R0061,TRK035,rail,398.1,1433.16,352.77,464.3,61.14,440.63,532.53,0.0,3284.53,2.33,8.25,1.091,R061
C06592,R0077,TRK032,road,233.5,1354.3,536.89,1319.99,162.25,675.62,128.3,0.0,4177.35,0.84,17.89,1.207,R077
C06593,R0061,TRK003,local,52.6,431.32,127.7,962.78,11.79,752.31,110.76,0.0,2396.66,0.95,45.56,0.945,R061
C06594,R0057,TRK004,road,517.9,3003.82,1008.21,1042.22,458.08,768.75,204.72,0.0,6485.79,2.6,12.52,1.154,R057
C06595,R0033,TRK029,rail,310.4,1117.44,211.97,511.24,44.9,651.94,673.44,174.78,3385.71,0.87,10.91,1.13,R033
C06596,R0058,TRK015,road,310.7,1802.06,622.73,1126.5,213.47,335.18,527.03,0.0,4626.97,1.52,14.89,0.938,R058
C06597,R0001,TRK019,rail,482.5,1737.0,364.8,419.35,65.94,751.28,692.55,0.0,4030.93,1.5,8.35,1.231,R001
C06598,R0095,TRK037,road,353.8,2052.04,838.8,1156.83,305.17,215.05,648.52,0.0,5216.42,1.19,14.74,1.198,R095
C06599,R0075,TRK031,local,289.3,2372.26,723.13,753.67,84.89,207.63,56.43,1601.93,5799.95,1.32,20.05,1.108,R075
C06600,R0053,TRK034,road,118.9,689.62,267.14,1106.05,99.31,154.76,268.48,849.62,3434.97,0.98,28.89,1.198,R053
C06601,R0079,TRK012,road,224.8,1303.84,434.22,987.6,159.85,825.2,106.03,0.0,3816.73,3.27,16.98,0.961,R079
C06602,R0021,TRK028,road,115.2,668.16,282.38,1434.46,86.1,880.3,278.72,636.45,4266.57,2.82,37.04,1.157,R021
C06603,R0049,TRK048,road,118.8,689.04,242.75,1226.0,72.96,747.03,215.34,0.0,3193.12,0.75,26.88,1.079,R049
C06604,R0026,TRK036,road,61.0,353.8,118.2,1351.52,44.38,293.19,239.54,0.0,2400.63,2.92,39.35,0.931,R026
C06605,R0081,TRK050,road,262.7,1523.66,526.6,1139.16,223.63,384.19,57.56,0.0,3854.79,0.93,14.67,1.231,R081
C06606,R0044,TRK044,road,351.8,2040.44,762.55,1333.8,272.59,350.12,538.74,1279.48,6577.72,2.66,18.7,0.981,R044
C06607,R0081,TRK050,road,343.2,1990.56,830.38,1378.8,216.14,839.2,333.83,913.71,6502.62,2.02,18.95,1.054,R081
C06608,R0080,TRK034,road,512.8,2974.24,1016.43,1355.43,419.98,225.69,550.21,111.42,6653.39,1.45,12.97,0.944,R080
C06609,R0006,TRK012,road,192.6,1117.08,417.65,1255.18,171.15,811.83,71.49,0.0,3844.38,0.83,19.96,0.964,R006
C06610,R0045,TRK006,local,174.7,1432.54,436.48,973.56,45.78,854.87,197.47,1046.81,4987.51,3.02,28.55,1.244,R045
C06611,R0044,TRK010,local,175.4,1438.28,475.38,910.02,41.64,537.86,163.8,0.0,3566.98,4.0,20.34,1.153,R044
C06612,R0050,TRK010,local,453.1,3715.42,1104.85,1024.53,110.25,830.69,153.42,0.0,6939.15,7.43,15.31,1.137,R050
C06613,R0003,TRK015,rail,548.2,1973.52,455.18,525.71,97.66,878.96,555.98,0.0,4487.01,1.64,8.18,0.979,R003
C06614,R0080,TRK036,local,203.1,1665.42,521.79,1062.27,50.71,757.88,12.43,0.0,4070.5,1.72,20.04,1.101,R080
C06615,R0081,TRK037,local,170.7,1399.74,541.0,1018.16,43.08,706.29,250.21,537.15,4495.63,1.65,26.34,1.109,R081
C06616,R0047,TRK041,road,88.3,512.14,178.98,1166.35,71.97,191.35,671.04,274.01,3065.85,0.87,34.72,0.906,R047
C06617,R0015,TRK019,road,358.8,2081.04,870.62,1141.77,226.22,216.87,631.54,0.0,5168.06,14.94,14.4,1.123,R015
C06618,R0089,TRK040,road,269.5,1563.1,616.14,978.73,168.33,652.03,330.12,557.39,4865.82,1.33,18.05,1.125,R089
C06619,R0001,TRK049,road,530.7,3078.06,1290.38,1109.11,334.77,536.47,227.09,349.88,6925.76,17.99,13.05,1.133,R001
C06620,R0024,TRK003,road,175.9,1020.22,405.29,1349.25,110.57,487.98,568.49,349.4,4291.2,1.02,24.4,0.996,R024
C06621,R0019,TRK020,rail,216.5,779.4,157.1,486.38,26.51,543.01,565.31,0.0,2557.71,0.86,11.81,1.068,R019
C06622,R0079,TRK014,road,459.7,2666.26,1056.0,1046.17,406.63,563.02,640.35,0.0,6378.42,2.03,13.88,1.183,R079
C06623,R0080,TRK027,road,413.1,2395.98,872.35,1165.08,319.07,231.54,401.43,18.13,5403.58,1.36,13.08,1.187,R080
C06624,R0004,TRK014,local,250.2,2051.64,804.07,735.21,51.31,336.15,212.35,210.07,4400.79,1.53,17.59,1.0,R004
C06625,R0052,TRK005,rail,507.0,1825.2,387.69,515.05,69.79,659.89,499.47,0.0,3957.09,0.9,7.8,1.056,R052
C06626,R0004,TRK008,rail,335.6,1208.16,258.85,502.89,57.28,570.05,316.0,0.0,2913.22,1.13,8.68,1.188,R004
C06627,R0058,TRK016,rail,119.0,428.4,97.31,501.2,21.31,208.29,47.87,0.0,1304.38,0.28,10.96,1.045,R058
C06628,R0052,TRK048,road,366.9,2128.02,790.35,1249.0,320.21,573.47,693.34,0.0,5754.38,1.53,15.68,1.037,R052
C06629,R0096,TRK011,road,278.7,1616.46,670.87,1254.67,170.45,689.7,59.84,0.0,4461.98,1.05,16.01,0.943,R096
C06630,R0013,TRK024,road,325.7,1889.06,702.47,1208.96,237.9,806.96,682.59,1574.98,7102.92,1.56,21.81,1.179,R013
C06631,R0024,TRK007,road,233.0,1351.4,517.52,990.75,159.06,483.79,404.74,0.0,3907.26,0.87,16.77,1.21,R024
C06632,R0048,TRK019,rail,441.8,1590.48,387.25,514.05,75.63,816.08,207.07,0.0,3590.56,1.83,8.13,1.19,R048
C06633,R0001,TRK050,road,157.9,915.82,371.4,1277.63,123.84,239.02,531.22,0.0,3458.93,1.35,21.91,0.915,R001
C06634,R0039,TRK039,rail,463.8,1669.68,397.53,491.75,63.13,442.72,337.8,1563.69,4966.31,2.47,10.71,1.133,R039
C06635,R0006,TRK022,road,138.8,805.04,302.84,1209.16,100.75,213.33,517.66,0.0,3148.78,1.0,22.69,1.102,R006
C06636,R0008,TRK024,road,317.1,1839.18,700.67,1132.74,203.61,442.53,75.33,0.0,4394.06,1.0,13.86,1.167,R008
C06637,R0075,TRK031,road,68.5,397.3,151.23,1138.44,60.46,307.92,169.32,0.0,2224.68,4.71,32.48,1.187,R075
C06638,R0036,TRK019,road,482.6,2799.08,1002.64,1329.04,345.48,601.57,539.12,0.0,6616.93,7.27,13.71,1.188,R036
C06639,R0032,TRK011,road,194.6,1128.68,457.77,1049.21,149.69,614.64,391.12,1792.01,5583.13,1.29,28.69,0.94,R032
C06640,R0076,TRK022,road,94.9,550.42,211.96,1422.48,64.44,334.65,367.53,0.0,2951.48,1.11,31.1,1.194,R076
C06641,R0092,TRK050,road,296.6,1720.28,647.51,1349.83,206.86,755.31,32.8,0.0,4712.59,1.28,15.89,0.902,R092
C06642,R0064,TRK028,road,549.7,3188.26,1350.45,1235.1,447.82,195.52,613.09,0.0,7030.24,3.09,12.79,1.105,R064
C06643,R0075,TRK012,road,419.4,2432.52,1032.49,1267.61,272.56,830.42,624.59,32.38,6492.57,2.15,15.48,1.104,R075
C06644,R0069,TRK024,road,340.3,1973.74,763.49,1296.78,230.75,543.98,674.03,0.0,5482.76,1.46,16.11,1.187,R069
C06645,R0005,TRK014,road,459.2,2663.36,1024.39,1409.2,333.05,212.94,297.25,0.0,5940.2,1.58,12.94,1.185,R005
C06646,R0031,TRK027,road,405.6,2352.48,798.03,1341.0,272.68,640.14,404.26,0.0,5808.59,2.33,14.32,0.933,R031
C06647,R0064,TRK020,rail,361.6,1301.76,282.55,449.9,46.75,251.7,481.26,540.24,3354.17,2.24,9.28,0.964,R064
C06648,R0012,TRK016,road,86.0,498.8,199.36,1343.81,60.16,859.15,568.0,0.0,3529.29,1.9,41.04,0.932,R012
C06649,R0059,TRK047,local,63.8,523.16,183.17,740.36,14.69,307.19,3.73,0.0,1772.3,0.56,27.78,1.053,R059
C06650,R0094,TRK006,local,166.7,1366.94,491.49,765.78,38.93,273.55,90.33,766.85,3793.86,2.63,22.76,1.162,R094
C06651,R0094,TRK036,road,313.6,1818.88,711.99,1351.38,235.03,578.7,312.42,0.0,5008.4,1.3,15.97,1.173,R094
C06652,R0086,TRK022,road,236.5,1371.7,453.32,1043.97,182.88,536.18,689.05,0.0,4277.1,1.34,18.08,0.936,R086
C06653,R0061,TRK006,road,60.3,349.74,113.7,971.12,38.84,601.92,21.28,0.0,2096.59,0.97,34.77,1.175,R061
C06654,R0023,TRK034,road,268.1,1554.98,634.32,1018.53,181.97,543.75,271.41,0.0,4204.97,1.12,15.68,1.04,R023
C06655,R0003,TRK014,rail,469.9,1691.64,402.99,537.84,60.87,383.36,443.11,0.0,3519.79,2.08,7.49,1.06,R003
C06656,R0098,TRK003,road,462.4,2681.92,1135.04,1380.72,344.25,865.83,274.59,0.0,6682.36,3.33,14.45,1.021,R098
C06657,R0081,TRK002,road,456.9,2650.02,1094.28,973.78,318.45,740.71,629.35,0.0,6406.59,1.37,14.02,0.935,R081
C06658,R0001,TRK033,road,263.9,1530.62,661.05,1175.36,178.94,655.39,663.66,1561.88,6426.9,3.08,24.35,1.103,R001
C06659,R0061,TRK012,road,501.0,2905.8,1199.79,1297.68,317.68,829.31,51.3,990.85,7592.41,1.95,15.15,0.995,R061
C06660,R0056,TRK035,road,122.9,712.82,257.18,1287.84,104.7,565.4,289.49,0.0,3217.43,4.86,26.18,0.948,R056
C06661,R0088,TRK021,road,50.8,294.64,121.12,1222.86,33.5,161.37,165.0,0.0,1998.48,2.97,39.34,0.94,R088
C06662,R0100,TRK029,road,177.5,1029.5,369.57,1085.32,153.27,271.09,464.08,0.0,3372.83,2.94,19.0,1.08,R100
C06663,R0025,TRK047,local,444.1,3641.62,1085.22,988.88,101.1,174.09,162.45,0.0,6153.36,1.36,13.86,1.093,R025
C06664,R0022,TRK032,rail,346.1,1245.96,271.54,479.96,60.45,199.27,505.01,1598.72,4360.91,0.88,12.6,1.231,R022
C06665,R0050,TRK012,rail,188.8,679.68,158.89,472.16,27.97,422.32,38.05,474.24,2273.31,0.5,12.04,1.196,R050
C06666,R0077,TRK023,road,414.3,2402.94,888.5,1409.06,268.88,675.64,97.79,340.46,6083.27,1.92,14.68,1.204,R077
C06667,R0050,TRK042,rail,246.4,887.04,205.31,385.07,40.88,233.81,521.87,1018.55,3292.54,1.81,13.36,0.959,R050
C06668,R0019,TRK035,rail,480.3,1729.08,400.31,485.04,74.41,242.51,611.1,0.0,3542.44,1.64,7.38,1.045,R019
C06669,R0079,TRK029,local,263.0,2156.6,792.85,813.95,60.45,214.56,254.91,0.0,4293.31,0.97,16.32,1.247,R079
C06670,R0045,TRK028,road,288.8,1675.04,697.79,1384.65,197.92,663.28,97.3,0.0,4715.97,4.14,16.33,1.023,R045
C06671,R0079,TRK016,road,178.1,1032.98,448.4,978.44,117.83,615.79,548.2,0.0,3741.64,1.48,21.01,1.225,R079
C06672,R0025,TRK005,road,364.4,2113.52,729.14,1234.59,270.26,501.52,27.62,0.0,4876.65,6.8,13.38,0.929,R025
C06673,R0015,TRK006,road,501.9,2911.02,1144.15,1332.9,441.54,836.62,385.36,831.32,7882.92,3.2,15.71,1.14,R015
C06674,R0038,TRK048,local,182.2,1494.04,515.04,851.19,42.33,688.12,284.38,0.0,3875.1,2.86,21.27,1.054,R038
C06675,R0034,TRK012,road,409.7,2376.26,825.84,1368.84,304.99,342.13,70.84,0.0,5288.91,1.1,12.91,1.138,R034
C06676,R0006,TRK007,road,501.6,2909.28,1087.15,1205.35,443.58,350.56,124.19,0.0,6120.12,1.43,12.2,1.048,R006
C06677,R0004,TRK026,road,460.6,2671.48,1022.01,1341.34,318.13,638.46,470.66,0.0,6462.09,2.08,14.03,0.977,R004
C06678,R0037,TRK030,rail,403.9,1454.04,278.09,432.43,65.34,311.87,113.77,1467.25,4122.78,1.27,10.21,1.029,R037
C06679,R0016,TRK014,road,268.1,1554.98,573.72,1309.32,173.19,636.01,372.06,0.0,4619.28,1.02,17.23,0.922,R016
C06680,R0017,TRK039,road,90.7,526.06,191.59,1300.09,74.34,447.32,515.6,0.0,3054.99,1.42,33.68,1.012,R017
C06681,R0006,TRK029,road,297.9,1727.82,699.02,1122.87,249.5,222.05,28.72,150.16,4200.14,2.37,14.1,0.975,R006
C06682,R0008,TRK007,road,277.4,1608.92,618.12,1145.4,228.58,521.61,667.39,0.0,4790.02,2.29,17.27,0.949,R008
C06683,R0017,TRK044,road,475.9,2760.22,1096.17,1111.17,407.25,458.14,534.05,0.0,6366.99,3.78,13.38,1.031,R017
C06684,R0081,TRK003,road,81.4,472.12,171.29,1019.46,50.36,823.98,689.8,0.0,3227.01,2.56,39.64,0.981,R081
C06685,R0087,TRK023,road,47.5,275.5,93.88,1412.03,35.65,305.13,573.2,0.0,2695.4,0.74,56.75,1.224,R087
C06686,R0021,TRK037,road,524.7,3043.26,1019.49,1377.59,392.02,879.52,455.95,75.1,7242.92,1.98,13.8,1.149,R021
C06687,R0024,TRK042,road,549.2,3185.36,1361.97,1081.85,372.38,550.97,254.04,0.0,6806.58,1.9,12.39,0.942,R024
C06688,R0099,TRK045,road,127.8,741.24,252.69,1295.48,84.9,520.37,387.6,851.05,4133.34,0.92,32.34,0.983,R099
C06689,R0010,TRK044,road,86.5,501.7,180.19,1227.2,52.58,567.74,198.24,0.0,2727.64,2.22,31.53,1.068,R010
C06690,R0050,TRK011,road,521.9,3027.02,1215.3,998.89,325.71,395.92,205.96,0.0,6168.82,3.63,11.82,1.165,R050
C06691,R0094,TRK003,local,36.0,295.2,91.9,885.7,8.15,547.72,295.66,0.0,2124.33,1.36,59.01,1.115,R094
C06692,R0014,TRK003,road,326.9,1896.02,797.39,1177.76,209.12,746.12,340.36,0.0,5166.77,5.74,15.81,0.978,R014
C06693,R0059,TRK044,road,283.3,1643.14,705.78,1421.76,176.74,794.08,344.46,0.0,5085.96,1.51,17.95,1.017,R059
C06694,R0072,TRK013,rail,352.8,1270.08,315.32,504.62,59.48,431.6,569.46,0.0,3150.55,1.0,8.93,0.963,R072
C06695,R0064,TRK030,road,126.3,732.54,262.72,1283.01,96.22,605.72,611.23,1756.46,5347.91,1.13,42.34,1.083,R064
C06696,R0077,TRK026,rail,242.5,873.0,182.04,497.53,31.58,155.29,647.2,0.0,2386.64,1.08,9.84,1.104,R077
C06697,R0058,TRK029,rail,371.7,1338.12,304.58,376.39,64.56,464.15,412.24,0.0,2960.03,3.76,7.96,1.129,R058
C06698,R0013,TRK042,road,290.1,1682.58,630.46,1370.29,208.85,883.82,315.4,109.47,5200.87,2.05,17.93,1.048,R013
C06699,R0049,TRK034,road,229.6,1331.68,540.96,1202.1,168.01,294.95,642.8,0.0,4180.5,1.34,18.21,0.908,R049
C06700,R0042,TRK036,road,503.1,2917.98,1080.95,1180.97,434.9,762.49,478.14,374.66,7230.1,4.19,14.37,1.173,R042
C06701,R0091,TRK043,local,115.6,947.92,302.7,815.98,27.07,752.81,215.53,0.0,3062.01,1.25,26.49,0.953,R091
C06702,R0046,TRK035,road,85.3,494.74,167.65,1093.35,64.02,814.35,451.55,0.0,3085.66,1.18,36.17,1.015,R046
C06703,R0015,TRK011,rail,321.4,1157.04,233.13,434.6,45.93,573.88,358.26,1195.81,3998.64,2.09,12.44,1.013,R015
C06704,R0015,TRK037,road,438.4,2542.72,926.47,1388.39,321.45,739.58,390.02,0.0,6308.62,4.0,14.39,1.002,R015
C06705,R0033,TRK010,local,81.8,670.76,194.83,1021.37,19.48,510.75,153.62,1149.03,3719.84,1.05,45.47,0.913,R033
C06706,R0006,TRK035,rail,180.8,650.88,128.44,487.05,27.23,488.3,235.24,0.0,2017.14,0.47,11.16,1.185,R006
C06707,R0065,TRK049,road,458.3,2658.14,1148.24,1089.29,329.87,859.26,676.29,0.0,6761.1,2.66,14.75,0.919,R065
C06708,R0068,TRK006,road,501.5,2908.7,1233.36,1270.69,448.5,332.82,664.9,0.0,6858.99,1.74,13.68,1.02,R068
C06709,R0053,TRK016,road,341.2,1978.96,662.34,1246.62,271.84,876.94,376.85,1386.83,6800.38,4.15,19.93,1.235,R053
C06710,R0092,TRK036,local,378.9,3106.98,1083.81,877.2,102.62,194.52,211.31,1210.91,6787.34,5.36,17.91,1.139,R092
C06711,R0031,TRK032,road,514.8,2985.84,1049.18,1438.87,388.12,557.63,73.56,773.72,7266.92,2.21,14.12,1.023,R031
C06712,R0073,TRK030,road,98.9,573.62,248.7,1295.82,77.11,507.21,464.57,0.0,3167.03,3.33,32.02,1.151,R073
C06713,R0047,TRK033,local,479.7,3933.54,1269.93,774.16,118.65,446.51,43.74,1145.87,7732.39,7.52,16.12,1.026,R047
C06714,R0087,TRK022,local,291.9,2393.58,816.99,782.88,76.71,655.98,80.34,244.56,5051.05,1.56,17.3,1.016,R087
C06715,R0045,TRK043,road,268.6,1557.88,612.92,1334.96,198.45,321.73,420.99,0.0,4446.92,1.45,16.56,1.244,R045
C06716,R0072,TRK049,road,177.9,1031.82,444.49,1429.35,107.63,169.19,357.92,609.82,4150.22,2.94,23.33,0.92,R072
C06717,R0025,TRK003,road,544.0,3155.2,1201.08,1324.19,381.03,360.99,641.0,0.0,7063.48,2.23,12.98,1.214,R025
C06718,R0036,TRK001,rail,69.0,248.4,48.38,497.46,12.32,195.28,614.08,0.0,1615.93,2.89,23.42,1.162,R036
C06719,R0099,TRK041,road,364.4,2113.52,871.26,969.64,260.44,711.82,37.91,0.0,4964.58,5.24,13.62,1.146,R099
C06720,R0015,TRK036,road,493.0,2859.4,1023.32,1113.89,386.04,270.43,389.93,0.0,6043.01,1.21,12.26,1.026,R015
C06721,R0050,TRK043,road,358.7,2080.46,885.84,1320.23,271.51,291.2,240.2,1776.25,6865.69,6.16,19.14,0.949,R050
C06722,R0082,TRK046,rail,293.6,1056.96,213.23,458.84,36.44,487.1,501.59,1511.04,4265.19,1.06,14.53,1.145,R082
C06723,R0037,TRK039,road,487.4,2826.92,1092.32,1215.17,318.2,777.52,106.35,0.0,6336.48,3.05,13.0,0.932,R037
C06724,R0098,TRK033,road,98.8,573.04,245.52,976.74,82.82,360.77,280.08,0.0,2518.98,4.12,25.5,0.941,R098
C06725,R0036,TRK028,road,321.2,1862.96,646.82,1408.48,233.48,559.04,256.1,0.0,4966.88,1.45,15.46,1.016,R036
C06726,R0041,TRK008,road,105.2,610.16,227.41,1305.06,86.93,449.21,351.44,0.0,3030.21,0.67,28.8,1.186,R041
C06727,R0021,TRK037,road,172.0,997.6,419.9,1254.85,123.32,466.16,357.18,0.0,3619.0,0.96,21.04,0.922,R021
C06728,R0020,TRK002,road,440.8,2556.64,1013.87,1272.54,324.43,306.07,104.68,0.0,5578.24,1.19,12.65,0.92,R020
C06729,R0071,TRK031,local,495.8,4065.56,1251.76,982.2,107.1,838.15,41.37,839.84,8125.97,2.31,16.39,0.991,R071
C06730,R0057,TRK020,road,123.8,718.04,257.91,1370.86,80.8,652.88,509.95,0.0,3590.44,0.96,29.0,1.141,R057
C06731,R0090,TRK042,rail,178.0,640.8,134.5,473.21,22.04,297.17,553.17,0.0,2120.89,1.3,11.92,0.994,R090
C06732,R0075,TRK002,road,481.9,2795.02,988.52,1430.83,325.87,830.31,485.04,766.18,7621.78,2.07,15.82,1.032,R075
C06733,R0064,TRK010,road,67.4,390.92,136.94,1359.65,48.91,736.15,303.99,0.0,2976.56,1.24,44.16,1.221,R064
C06734,R0029,TRK030,rail,221.0,795.6,162.73,445.5,29.76,416.4,228.75,0.0,2078.73,0.68,9.41,0.909,R029
C06735,R0084,TRK006,rail,77.3,278.28,53.72,479.91,13.81,825.89,287.68,0.0,1939.28,0.63,25.09,1.193,R084
C06736,R0009,TRK017,road,249.9,1449.42,619.48,978.38,208.25,425.37,454.35,911.85,5047.11,1.01,20.2,1.122,R009
C06737,R0047,TRK035,rail,94.0,338.4,74.69,433.8,15.16,204.21,364.81,1774.32,3205.38,0.72,34.1,1.074,R047
C06738,R0021,TRK012,road,106.4,617.12,258.63,1261.54,70.82,800.0,606.94,1320.83,4935.88,1.22,46.39,1.21,R021
C06739,R0075,TRK024,road,311.8,1808.44,685.64,1212.7,227.45,251.31,291.54,280.87,4757.94,7.15,15.26,1.061,R075
C06740,R0082,TRK038,road,311.5,1806.7,786.08,986.13,252.38,738.01,224.22,187.61,4981.13,1.19,15.99,1.009,R082
C06741,R0080,TRK011,rail,189.2,681.12,161.98,473.47,30.37,763.22,133.8,0.0,2243.95,1.58,11.86,1.15,R080
C06742,R0072,TRK014,local,534.4,4382.08,1322.83,946.31,148.87,607.78,294.21,0.0,7702.08,4.01,14.41,1.099,R072
C06743,R0044,TRK012,road,117.8,683.24,273.67,1124.14,93.94,580.39,674.04,1705.4,5134.82,1.86,43.59,1.241,R044
C06744,R0082,TRK041,local,82.8,678.96,204.29,997.51,19.04,565.27,70.57,306.96,2842.6,1.06,34.33,1.221,R082
C06745,R0051,TRK005,local,252.2,2068.04,635.09,984.14,67.24,575.84,0.32,0.0,4330.68,1.39,17.17,1.212,R051
C06746,R0042,TRK004,road,530.9,3079.22,1004.96,1405.51,458.0,643.37,55.21,1086.44,7732.71,4.0,14.57,0.942,R042
C06747,R0093,TRK003,road,201.9,1171.02,447.24,1350.48,178.09,843.22,99.14,344.53,4433.72,4.78,21.96,0.96,R093
C06748,R0014,TRK006,road,95.0,551.0,208.19,1208.59,64.35,893.64,80.62,0.0,3006.39,0.69,31.65,0.941,R014
C06749,R0077,TRK049,road,186.5,1081.7,369.92,1422.3,145.73,699.99,527.9,1415.84,5663.38,1.82,30.37,1.155,R077
C06750,R0068,TRK031,road,67.8,393.24,147.79,1303.92,44.71,470.8,610.54,1300.68,4271.67,1.15,63.0,0.935,R068
C06751,R0041,TRK025,road,198.3,1150.14,501.68,1408.68,160.93,412.75,177.24,0.0,3811.42,1.76,19.22,0.957,R041
C06752,R0020,TRK004,road,438.7,2544.46,1075.45,1150.47,269.98,772.54,360.23,0.0,6173.14,2.82,14.07,1.166,R020
C06753,R0072,TRK033,road,382.2,2216.76,852.31,1261.24,341.02,545.4,285.57,254.7,5757.0,2.47,15.06,1.234,R072
C06754,R0094,TRK027,road,319.0,1850.2,757.41,1417.87,193.62,581.64,377.84,0.0,5178.58,1.75,16.23,0.907,R094
C06755,R0009,TRK040,road,366.5,2125.7,735.5,1015.69,224.99,885.91,1.89,660.06,5649.74,5.35,15.42,1.117,R009
C06756,R0033,TRK023,road,527.3,3058.34,1295.57,978.58,379.96,815.44,345.79,0.0,6873.68,2.51,13.04,0.909,R033
C06757,R0042,TRK021,rail,440.8,1586.88,378.3,391.57,56.56,377.29,393.6,0.0,3184.2,1.7,7.22,1.154,R042
C06758,R0098,TRK005,road,538.2,3121.56,1252.56,1034.61,339.52,307.92,657.01,0.0,6713.17,2.35,12.47,0.946,R098
C06759,R0070,TRK035,local,189.9,1557.18,559.29,779.05,55.02,501.93,88.68,519.83,4060.98,0.9,21.38,0.901,R070
C06760,R0086,TRK003,local,472.0,3870.4,1218.0,918.52,125.1,270.19,6.02,1437.65,7845.88,5.49,16.62,1.108,R086
C06761,R0044,TRK018,road,489.7,2840.26,963.15,1282.97,412.27,356.99,442.97,635.66,6934.27,6.6,14.16,1.124,R044
C06762,R0021,TRK029,rail,536.1,1929.96,385.73,384.64,79.63,217.11,144.26,0.0,3141.33,0.66,5.86,0.954,R021
C06763,R0083,TRK027,local,310.3,2544.46,740.41,864.33,80.4,673.92,190.27,0.0,5093.78,2.22,16.42,1.086,R083
C06764,R0029,TRK048,rail,157.5,567.0,114.15,437.32,19.06,860.44,313.84,0.0,2311.82,0.49,14.68,1.052,R029
C06765,R0001,TRK022,rail,138.3,497.88,117.26,462.05,19.28,656.42,301.77,0.0,2054.65,0.47,14.86,1.015,R001
C06766,R0044,TRK006,road,105.7,613.06,245.08,1235.39,84.05,583.9,292.81,0.0,3054.29,3.33,28.9,1.145,R044
C06767,R0011,TRK029,road,234.3,1358.94,469.56,1332.84,209.08,207.49,663.91,0.0,4241.82,1.49,18.1,1.185,R011
C06768,R0036,TRK038,road,449.3,2605.94,953.03,1030.21,322.34,181.15,637.33,0.0,5730.01,1.33,12.75,1.017,R036
C06769,R0033,TRK025,road,369.3,2141.94,890.12,1236.93,249.02,501.21,601.38,0.0,5620.6,1.38,15.22,1.017,R033
C06770,R0078,TRK044,rail,482.5,1737.0,391.08,536.67,66.29,264.77,409.24,0.0,3405.05,2.5,7.06,1.119,R078
C06771,R0097,TRK049,rail,138.2,497.52,124.7,469.38,23.4,167.75,112.38,90.49,1485.63,1.07,10.75,1.032,R097
C06772,R0045,TRK012,road,283.1,1641.98,659.09,1035.09,183.91,525.04,192.71,0.0,4237.81,3.66,14.97,1.151,R045
C06773,R0018,TRK017,rail,440.9,1587.24,318.71,438.58,53.74,884.6,654.04,0.0,3936.92,0.84,8.93,1.111,R018
C06774,R0050,TRK025,rail,417.0,1501.2,332.31,532.88,52.89,837.99,173.18,0.0,3430.45,1.48,8.23,1.247,R050
C06775,R0066,TRK027,local,179.4,1471.08,555.27,796.11,51.01,682.7,236.77,435.36,4228.31,1.03,23.57,0.981,R066
C06776,R0028,TRK008,road,441.7,2561.86,846.21,1073.1,392.22,504.22,97.39,983.48,6458.48,2.7,14.62,0.93,R028
C06777,R0066,TRK040,rail,492.9,1774.44,429.93,458.76,78.08,561.74,392.73,449.87,4145.55,1.32,8.41,1.002,R066
C06778,R0006,TRK019,road,199.6,1157.68,381.9,1337.0,140.22,873.71,190.31,1479.97,5560.8,1.16,27.86,0.901,R006
C06779,R0092,TRK012,local,412.7,3384.14,1207.39,884.97,118.57,172.55,76.38,715.93,6559.92,2.67,15.9,1.016,R092
C06780,R0023,TRK029,local,247.4,2028.68,772.06,874.22,72.32,555.0,123.84,0.0,4426.13,5.11,17.89,1.163,R023
C06781,R0012,TRK022,rail,361.5,1301.4,328.45,492.3,43.98,168.43,149.47,410.65,2894.69,0.85,8.01,0.975,R012
C06782,R0019,TRK003,road,529.5,3071.1,1285.95,1097.68,329.59,818.01,95.75,553.06,7251.13,4.98,13.69,1.132,R019
C06783,R0049,TRK009,local,170.5,1398.1,444.74,980.77,41.13,323.95,59.94,0.0,3248.62,0.95,19.05,1.023,R049
C06784,R0005,TRK041,road,194.1,1125.78,445.83,1120.88,126.56,896.56,673.92,164.86,4554.38,10.54,23.46,0.955,R005
C06785,R0028,TRK033,road,87.1,505.18,166.82,1402.71,55.6,490.18,507.54,1776.12,4904.15,1.46,56.3,0.924,R028
C06786,R0074,TRK004,local,69.0,565.8,169.53,857.67,16.53,604.01,215.25,0.0,2428.8,0.57,35.2,0.964,R074
C06787,R0010,TRK049,road,148.3,860.14,318.43,1052.84,122.35,521.59,257.03,0.0,3132.38,1.26,21.12,1.209,R010
C06788,R0083,TRK023,road,130.1,754.58,280.6,1062.67,104.54,345.35,554.37,0.0,3102.11,1.11,23.84,1.074,R083
C06789,R0059,TRK006,rail,373.9,1346.04,295.47,391.5,65.13,444.23,384.57,1304.38,4231.32,4.62,11.32,1.024,R059
C06790,R0038,TRK024,local,240.8,1974.56,735.73,847.66,64.23,812.0,259.89,1693.84,6387.91,1.81,26.53,0.941,R038
C06791,R0015,TRK028,road,475.1,2755.58,1140.19,974.52,346.91,238.75,389.35,0.0,5845.3,2.61,12.3,1.134,R015
C06792,R0038,TRK027,rail,68.7,247.32,63.11,483.26,8.84,586.65,152.8,0.0,1541.99,0.4,22.45,0.947,R038
C06793,R0037,TRK001,rail,150.3,541.08,113.58,453.54,18.46,529.93,391.84,0.0,2048.43,3.0,13.63,1.124,R037
C06794,R0026,TRK025,road,219.0,1270.2,410.61,1258.11,175.0,323.8,658.57,1009.04,5105.34,12.33,23.31,1.076,R026
C06795,R0039,TRK006,rail,462.4,1664.64,370.19,391.15,67.15,208.8,401.27,0.0,3103.21,3.13,6.71,0.976,R039
C06796,R0079,TRK023,rail,311.5,1121.4,231.53,482.26,54.17,538.19,509.75,0.0,2937.3,1.19,9.43,1.072,R079
C06797,R0058,TRK035,road,176.2,1021.96,334.91,1343.98,106.01,460.87,519.93,630.98,4418.65,0.89,25.08,1.173,R058
C06798,R0055,TRK028,local,181.9,1491.58,498.92,1066.21,51.83,556.47,200.66,1235.37,5101.04,3.45,28.04,1.068,R055
C06799,R0066,TRK025,road,526.3,3052.54,1207.11,1368.13,472.99,260.37,457.34,0.0,6818.48,1.64,12.96,1.151,R066
C06800,R0038,TRK013,local,359.9,2951.18,1055.14,1023.98,97.73,335.33,89.22,0.0,5552.58,3.43,15.43,1.094,R038
C06801,R0055,TRK030,local,215.8,1769.56,515.71,744.27,48.91,867.16,177.99,0.0,4123.6,1.43,19.11,1.171,R055
C06802,R0095,TRK018,road,386.3,2240.54,769.57,978.33,316.15,382.67,445.99,0.0,5133.26,1.09,13.29,1.122,R095
C06803,R0085,TRK049,local,470.3,3856.46,1293.11,988.91,108.01,591.36,282.09,259.68,7379.61,2.21,15.69,1.247,R085
C06804,R0074,TRK022,road,547.1,3173.18,1155.02,1356.24,357.59,746.34,565.44,382.94,7736.75,4.26,14.14,1.208,R074
C06805,R0081,TRK047,local,193.6,1587.52,595.98,840.7,47.72,494.07,217.47,0.0,3783.46,2.87,19.54,1.226,R081
C06806,R0036,TRK035,road,335.8,1947.64,771.56,1035.31,207.25,153.58,289.92,268.84,4674.09,2.2,13.92,0.958,R036
C06807,R0041,TRK009,road,443.3,2571.14,958.51,1257.52,304.39,809.21,258.8,1029.61,7189.17,2.91,16.22,0.947,R041
C06808,R0052,TRK021,road,417.1,2419.18,1028.26,993.07,264.53,865.75,69.13,0.0,5639.92,1.25,13.52,1.097,R052
C06809,R0018,TRK019,road,406.3,2356.54,827.15,1405.43,328.32,516.63,147.45,270.28,5851.8,1.38,14.4,1.117,R018
C06810,R0094,TRK035,local,489.1,4010.62,1489.21,773.46,122.18,692.42,244.16,0.0,7332.04,2.59,14.99,1.152,R094
C06811,R0095,TRK031,rail,89.2,321.12,61.35,465.36,12.03,261.69,686.33,0.0,1807.87,0.42,20.27,1.028,R095
C06812,R0090,TRK040,road,426.5,2473.7,843.59,1385.66,322.09,189.54,476.94,0.0,5691.51,1.47,13.34,0.931,R090
C06813,R0029,TRK004,road,417.9,2423.82,1045.45,1434.23,315.92,734.35,545.51,0.0,6499.28,1.4,15.55,0.975,R029
C06814,R0033,TRK002,road,341.9,1983.02,692.49,1006.15,302.75,657.65,444.2,0.0,5086.26,1.53,14.88,1.124,R033
C06815,R0079,TRK001,road,533.7,3095.46,1001.95,1165.88,372.03,512.42,646.64,0.0,6794.38,3.46,12.73,1.132,R079
C06816,R0068,TRK024,road,53.4,309.72,107.83,1025.85,37.31,173.16,345.18,0.0,1999.05,0.51,37.44,1.007,R068
C06817,R0098,TRK038,rail,517.2,1861.92,426.95,418.56,90.78,532.2,553.93,0.0,3884.35,3.3,7.51,1.103,R098
C06818,R0029,TRK049,local,275.8,2261.56,792.9,1024.65,72.05,412.92,107.22,81.37,4752.67,1.01,17.23,1.154,R029
C06819,R0007,TRK047,local,320.1,2624.82,1004.68,1063.55,69.02,739.33,113.53,174.76,5789.69,1.4,18.09,1.014,R007
C06820,R0067,TRK024,road,174.3,1010.94,409.86,1093.62,153.02,282.9,524.7,0.0,3475.04,1.07,19.94,1.235,R067
C06821,R0012,TRK005,road,309.9,1797.42,716.49,1015.17,246.62,381.04,169.75,0.0,4326.48,1.08,13.96,1.163,R012
C06822,R0009,TRK042,road,245.2,1422.16,601.33,1275.0,189.09,516.6,532.18,0.0,4536.35,2.51,18.5,1.234,R009
C06823,R0011,TRK041,local,493.4,4045.88,1263.33,929.7,107.6,836.92,6.11,0.0,7189.53,1.68,14.57,1.228,R011
C06824,R0031,TRK043,rail,166.5,599.4,139.04,361.8,26.83,156.84,518.51,0.0,1802.41,2.7,10.83,1.206,R031
C06825,R0050,TRK030,road,80.9,469.22,174.92,1332.61,54.48,859.29,516.92,0.0,3407.43,3.51,42.12,0.958,R050
C06826,R0024,TRK028,road,321.6,1865.28,743.94,1269.9,226.02,514.18,431.86,0.0,5051.17,2.43,15.71,1.012,R024
C06827,R0074,TRK018,rail,203.9,734.04,165.81,369.4,33.93,862.17,11.97,0.0,2177.31,0.47,10.68,0.969,R074
C06828,R0023,TRK018,road,222.6,1291.08,474.38,984.8,176.87,250.02,175.29,0.0,3352.44,0.82,15.06,1.094,R023
C06829,R0073,TRK032,road,232.0,1345.6,547.16,1341.06,164.53,220.28,233.78,0.0,3852.42,1.12,16.61,0.995,R073
C06830,R0046,TRK029,road,236.1,1369.38,472.01,1339.83,145.2,167.1,41.28,0.0,3534.79,1.81,14.97,0.979,R046
C06831,R0031,TRK049,road,323.3,1875.14,740.43,1277.29,196.84,810.82,449.55,333.26,5683.33,1.73,17.58,1.101,R031
C06832,R0031,TRK020,road,68.8,399.04,156.76,1249.66,45.74,238.64,411.26,0.0,2501.1,0.89,36.35,1.185,R031
C06833,R0094,TRK012,road,177.5,1029.5,412.28,1067.6,107.76,767.86,513.44,324.39,4222.83,0.94,23.79,1.064,R094
C06834,R0063,TRK009,road,416.0,2412.8,800.36,1293.1,342.3,531.35,317.82,1381.34,7079.06,5.46,17.02,1.133,R063
C06835,R0050,TRK033,road,366.6,2126.28,867.37,1096.07,282.68,639.21,351.69,646.64,6009.93,1.67,16.39,0.933,R050
C06836,R0045,TRK031,road,442.9,2568.82,1116.6,1321.38,368.48,661.81,258.18,124.53,6419.8,2.64,14.49,0.913,R045
C06837,R0051,TRK033,road,526.3,3052.54,1092.82,1286.25,366.17,190.99,553.47,0.0,6542.25,3.18,12.43,1.045,R051
C06838,R0042,TRK012,road,276.2,1601.96,676.18,1191.21,211.84,777.67,45.01,1427.59,5931.45,5.12,21.48,0.905,R042
C06839,R0018,TRK048,road,91.0,527.8,185.64,1306.99,68.1,257.27,192.54,1132.47,3670.81,0.89,40.34,0.968,R018
C06840,R0024,TRK026,road,231.4,1342.12,478.95,1404.68,179.42,760.42,692.01,0.0,4857.59,1.06,20.99,1.186,R024
C06841,R0061,TRK044,road,34.6,200.68,80.16,1400.67,30.52,184.32,70.65,185.3,2152.3,0.87,62.21,1.19,R061
C06842,R0013,TRK010,road,502.4,2913.92,1159.51,1252.82,444.88,899.64,92.46,981.58,7744.82,2.72,15.42,1.218,R013
C06843,R0085,TRK011,rail,360.9,1299.24,299.58,468.09,60.27,416.23,480.27,0.0,3023.7,0.85,8.38,1.178,R085
C06844,R0061,TRK031,rail,182.1,655.56,133.76,477.47,26.21,711.03,299.39,572.73,2876.17,0.67,15.79,1.203,R061
C06845,R0052,TRK043,local,198.6,1628.52,535.41,746.97,50.18,253.82,282.88,1030.89,4528.66,3.93,22.8,1.208,R052
C06846,R0027,TRK031,road,59.3,343.94,133.96,1233.9,39.34,253.33,193.69,0.0,2198.16,0.96,37.07,1.184,R027
C06847,R0056,TRK042,rail,445.0,1602.0,354.47,536.49,68.47,796.9,361.54,0.0,3719.87,0.88,8.36,0.97,R056
C06848,R0014,TRK009,road,122.3,709.34,230.28,1075.21,105.81,318.68,25.15,0.0,2464.46,0.57,20.15,1.247,R014
C06849,R0100,TRK012,road,364.5,2114.1,908.95,1129.05,223.87,220.62,495.49,0.0,5092.09,1.08,13.97,1.046,R100
C06850,R0068,TRK009,road,65.5,379.9,128.93,1150.64,53.93,684.88,221.44,0.0,2619.71,1.26,40.0,0.984,R068
C06851,R0021,TRK036,road,373.6,2166.88,856.33,1386.34,268.14,388.4,107.33,0.0,5173.43,1.36,13.85,0.993,R021
C06852,R0018,TRK049,road,458.3,2658.14,1085.47,1419.41,275.08,733.23,158.98,386.77,6717.09,1.5,14.66,1.244,R018
C06853,R0055,TRK049,rail,313.9,1130.04,282.81,517.03,43.33,885.79,434.44,0.0,3293.44,0.78,10.49,0.974,R055
C06854,R0023,TRK019,road,37.1,215.18,79.17,1040.77,25.48,595.51,34.19,92.3,2082.59,2.28,56.13,1.239,R023
C06855,R0010,TRK040,road,45.2,262.16,88.03,1206.03,34.1,710.04,442.47,0.0,2742.84,1.01,60.68,0.918,R010
C06856,R0044,TRK019,rail,437.2,1573.92,336.4,426.0,66.72,453.2,31.38,0.0,2887.62,0.68,6.6,1.015,R044
C06857,R0070,TRK015,road,104.3,604.94,197.92,1093.22,91.01,171.73,124.48,736.8,3020.09,0.96,28.96,1.205,R070
C06858,R0012,TRK024,rail,477.2,1717.92,407.48,476.72,81.51,417.63,659.8,631.44,4392.5,0.91,9.2,1.142,R012
C06859,R0014,TRK012,road,325.1,1885.58,723.22,1243.62,235.23,249.77,396.94,717.29,5451.66,1.66,16.77,1.128,R014
C06860,R0057,TRK001,local,458.4,3758.88,1177.34,799.26,102.09,732.57,36.04,0.0,6606.18,1.47,14.41,0.96,R057
C06861,R0041,TRK035,road,284.1,1647.78,633.95,1439.98,208.11,546.29,375.1,0.0,4851.2,2.58,17.08,1.226,R041
C06862,R0044,TRK044,road,240.7,1396.06,593.86,1012.33,171.59,616.79,460.07,1740.97,5991.67,1.94,24.89,1.216,R044
C06863,R0064,TRK046,road,438.2,2541.56,854.05,1347.16,330.3,867.23,443.52,0.0,6383.82,10.84,14.57,0.941,R064
C06864,R0027,TRK032,road,281.4,1632.12,659.22,1357.33,231.68,858.0,586.35,1224.51,6549.21,1.7,23.27,1.196,R027
C06865,R0001,TRK007,road,365.8,2121.64,866.25,1370.28,289.31,783.39,227.46,1442.53,7100.87,3.97,19.41,1.209,R001
C06866,R0084,TRK006,local,274.5,2250.9,747.37,804.01,73.12,426.84,186.19,218.82,4707.25,1.42,17.15,0.924,R084
C06867,R0006,TRK001,road,307.9,1785.82,581.09,1046.78,187.49,512.83,530.16,0.0,4644.18,1.12,15.08,0.994,R006
C06868,R0047,TRK004,road,245.1,1421.58,526.21,1268.81,159.83,268.47,511.53,422.37,4578.8,0.95,18.68,1.224,R047
C06869,R0024,TRK050,road,222.7,1291.66,448.22,1210.18,154.95,507.33,450.0,1693.78,5756.11,1.47,25.85,0.936,R024
C06870,R0080,TRK015,rail,370.4,1333.44,266.9,411.48,54.86,633.74,691.54,0.0,3391.97,1.7,9.16,0.909,R080
C06871,R0035,TRK005,local,421.0,3452.2,1173.39,894.4,112.39,696.62,0.79,0.0,6329.78,1.66,15.04,1.172,R035
C06872,R0047,TRK018,road,425.9,2470.22,984.99,1163.52,258.55,486.39,556.14,26.11,5945.93,1.45,13.96,1.237,R047
C06873,R0048,TRK009,local,252.7,2072.14,728.92,887.87,68.9,184.09,224.05,0.0,4165.97,1.2,16.49,1.143,R048
C06874,R0062,TRK027,road,193.7,1123.46,380.99,1316.35,169.81,543.3,90.04,0.0,3623.96,1.04,18.71,1.069,R062
C06875,R0035,TRK043,rail,308.7,1111.32,225.76,525.0,50.04,238.61,495.21,1462.44,4108.37,2.6,13.31,1.175,R035
C06876,R0098,TRK013,road,527.5,3059.5,1244.73,1303.02,434.27,759.79,522.37,1068.6,8392.27,3.06,15.91,1.047,R098
C06877,R0034,TRK019,road,271.9,1577.02,649.86,961.99,189.88,352.51,413.8,538.85,4683.92,0.94,17.23,1.229,R034
C06878,R0002,TRK040,rail,75.4,271.44,53.46,516.43,12.59,389.11,638.35,1316.52,3197.89,0.89,42.41,1.227,R002
C06879,R0008,TRK013,local,189.7,1555.54,492.8,733.47,40.85,784.59,269.8,1272.63,5149.68,3.39,27.15,1.065,R008
C06880,R0057,TRK045,road,311.8,1808.44,736.47,1018.45,269.83,317.88,8.25,0.0,4159.31,0.85,13.34,1.017,R057
C06881,R0041,TRK029,road,157.6,914.08,340.52,978.15,99.86,678.08,126.16,1521.46,4658.3,1.83,29.56,0.94,R041
C06882,R0056,TRK020,road,308.9,1791.62,642.73,988.98,247.01,509.86,355.98,0.0,4536.18,2.28,14.68,1.213,R056
C06883,R0035,TRK037,local,197.1,1616.22,553.66,999.56,58.28,328.07,51.29,0.0,3607.09,1.86,18.3,1.046,R035
C06884,R0067,TRK022,local,479.4,3931.08,1528.52,802.7,118.63,763.11,41.73,1074.9,8260.67,26.81,17.23,0.922,R067
C06885,R0016,TRK005,road,375.2,2176.16,709.85,1334.68,329.46,329.81,666.78,0.0,5546.75,1.79,14.78,1.194,R016
C06886,R0053,TRK008,local,471.2,3863.84,1363.31,986.58,137.66,728.65,17.32,0.0,7097.36,1.83,15.06,0.931,R053
C06887,R0094,TRK035,road,109.2,633.36,218.06,1433.81,69.78,801.42,426.06,0.0,3582.5,2.16,32.81,1.15,R094
C06888,R0048,TRK025,rail,402.3,1448.28,306.39,531.07,65.7,420.19,230.95,139.34,3141.92,1.23,7.81,1.004,R048
C06889,R0083,TRK030,rail,530.0,1908.0,482.37,477.22,78.58,848.66,143.4,0.0,3938.23,6.76,7.43,1.1,R083
C06890,R0024,TRK017,road,391.1,2268.38,878.9,1335.94,316.74,694.91,237.08,0.0,5731.94,1.81,14.66,0.942,R024
C06891,R0052,TRK025,local,478.1,3920.42,1159.46,904.3,122.72,229.59,262.23,959.85,7558.56,1.81,15.81,1.028,R052
C06892,R0070,TRK010,road,291.9,1693.02,691.24,1400.65,180.44,232.63,226.71,637.37,5062.06,1.3,17.34,1.184,R070
C06893,R0063,TRK049,local,465.9,3820.38,1117.32,1055.83,100.29,283.75,183.88,0.0,6561.45,1.54,14.08,1.114,R063
C06894,R0059,TRK007,road,375.0,2175.0,927.84,1044.88,236.93,856.59,308.88,0.0,5550.13,1.22,14.8,1.067,R059
C06895,R0059,TRK011,rail,312.0,1123.2,269.95,376.52,49.87,805.32,427.23,0.0,3052.09,2.17,9.78,1.08,R059
C06896,R0036,TRK049,road,115.0,667.0,234.38,1352.24,91.82,699.49,62.17,0.0,3107.11,3.52,27.02,1.15,R036
C06897,R0034,TRK049,rail,193.5,696.6,155.59,489.41,34.52,211.94,573.62,0.0,2161.68,0.67,11.17,0.971,R034
C06898,R0097,TRK046,rail,92.2,331.92,66.66,485.85,13.69,172.92,592.56,0.0,1663.59,0.66,18.04,1.058,R097
C06899,R0058,TRK004,road,330.1,1914.58,764.25,978.39,253.69,525.53,85.17,960.73,5482.34,4.77,16.61,0.967,R058
C06900,R0100,TRK010,road,328.3,1904.14,722.15,1206.6,235.31,417.73,617.14,0.0,5103.08,1.13,15.54,0.988,R100
C06901,R0075,TRK027,road,130.5,756.9,306.23,1160.61,88.07,774.06,33.42,103.29,3222.57,3.61,24.69,1.067,R075
C06902,R0035,TRK050,road,492.8,2858.24,1080.9,1200.76,337.62,530.31,139.79,0.0,6147.63,1.88,12.47,1.245,R035
C06903,R0064,TRK050,local,527.0,4321.4,1490.82,1036.27,116.86,795.67,100.13,765.95,8627.11,4.01,16.37,1.113,R064
C06904,R0062,TRK024,local,479.0,3927.8,1224.42,1004.94,105.99,217.83,16.85,408.07,6905.91,1.97,14.42,1.132,R062
C06905,R0065,TRK026,road,295.1,1711.58,734.95,1003.52,244.04,415.85,689.23,738.55,5537.71,2.74,18.77,1.012,R065
C06906,R0076,TRK001,local,68.9,564.98,200.22,727.33,13.9,579.24,219.31,0.0,2304.98,0.48,33.45,0.958,R076
C06907,R0051,TRK046,road,212.7,1233.66,505.83,963.4,144.39,641.84,140.74,0.0,3629.87,0.92,17.07,1.042,R051
C06908,R0020,TRK008,road,291.4,1690.12,696.67,1396.97,179.4,278.33,384.54,0.0,4626.03,2.4,15.88,1.203,R020
C06909,R0065,TRK013,road,76.6,444.28,178.97,1038.4,57.17,410.14,680.08,0.0,2809.05,1.71,36.67,1.157,R065
C06910,R0022,TRK022,road,129.6,751.68,302.06,1348.87,99.65,705.16,558.97,1760.47,5526.85,3.15,42.65,0.915,R022
C06911,R0045,TRK040,road,75.4,437.32,173.86,1393.81,46.11,416.7,685.97,1403.42,4557.2,0.94,60.44,1.107,R045
C06912,R0012,TRK042,local,110.6,906.92,309.62,762.91,32.39,349.18,2.38,0.0,2363.4,0.51,21.37,1.026,R012
C06913,R0012,TRK001,rail,359.1,1292.76,321.0,413.37,57.77,643.73,475.4,0.0,3204.03,0.68,8.92,1.011,R012
C06914,R0058,TRK001,local,492.2,4036.04,1205.55,939.53,143.7,845.12,248.38,0.0,7418.33,3.55,15.07,0.965,R058
C06915,R0053,TRK017,road,316.7,1836.86,745.13,1199.26,247.11,721.66,478.99,0.0,5229.01,2.09,16.51,1.107,R053
C06916,R0045,TRK011,local,299.4,2455.08,752.62,812.59,84.3,429.68,108.38,0.0,4642.65,1.09,15.51,0.908,R045
C06917,R0067,TRK011,road,339.0,1966.2,802.44,1010.57,217.04,236.89,590.31,0.0,4823.44,4.02,14.23,0.905,R067
C06918,R0092,TRK017,road,545.2,3162.16,1244.87,1213.89,460.92,159.93,698.35,1118.59,8058.71,5.02,14.78,1.08,R092
C06919,R0066,TRK014,road,396.4,2299.12,910.38,1108.43,341.43,387.4,185.83,1607.76,6840.36,3.71,17.26,1.147,R066
C06920,R0083,TRK014,road,491.6,2851.28,1035.52,1175.94,382.94,202.46,131.15,1607.63,7386.91,4.77,15.03,0.982,R083
C06921,R0034,TRK024,rail,265.7,956.52,191.46,405.28,43.45,715.87,255.06,0.0,2567.64,1.85,9.66,0.909,R034
C06922,R0087,TRK026,local,201.9,1655.58,616.65,880.89,41.95,881.32,64.95,366.59,4507.93,1.47,22.33,1.105,R087
C06923,R0052,TRK005,road,67.7,392.66,129.27,1382.03,57.44,170.31,172.43,608.6,2912.75,0.61,43.02,1.059,R052
C06924,R0036,TRK018,rail,151.0,543.6,135.99,418.33,19.77,193.96,83.3,0.0,1394.95,1.26,9.24,1.108,R036
C06925,R0047,TRK041,rail,58.8,211.68,51.13,524.6,9.13,416.98,635.14,0.0,1848.65,3.24,31.44,1.059,R047
C06926,R0095,TRK010,rail,243.1,875.16,204.63,456.49,32.76,437.27,183.49,0.0,2189.8,0.52,9.01,1.119,R095
C06927,R0091,TRK034,road,191.9,1113.02,388.3,1393.3,117.55,535.69,264.49,221.49,4033.85,6.91,21.02,0.97,R091
C06928,R0079,TRK026,road,171.8,996.44,322.66,1310.55,115.92,196.2,99.6,1120.04,4161.4,6.98,24.22,1.188,R079
C06929,R0087,TRK022,rail,50.5,181.8,43.73,388.62,7.04,661.89,574.62,0.0,1857.69,0.46,36.79,0.924,R087
C06930,R0085,TRK030,rail,526.8,1896.48,454.71,436.72,91.93,550.77,17.5,1028.04,4476.16,1.56,8.5,0.96,R085
C06931,R0054,TRK025,road,83.0,481.4,201.87,1176.7,57.4,415.99,513.75,0.0,2847.09,0.61,34.3,1.091,R054
C06932,R0044,TRK006,local,265.7,2178.74,754.34,1064.15,69.05,692.93,161.97,950.49,5871.66,2.57,22.1,0.918,R044
C06933,R0007,TRK029,road,260.1,1508.58,609.14,1299.03,231.18,322.01,604.99,0.0,4574.92,1.39,17.59,1.121,R007
C06934,R0025,TRK036,road,383.5,2224.3,743.09,1123.32,299.47,385.1,355.44,799.89,5930.61,1.89,15.46,1.038,R025
C06935,R0031,TRK008,local,119.8,982.36,318.72,821.61,29.82,553.15,215.95,0.0,2921.61,1.98,24.39,0.911,R031
C06936,R0046,TRK024,road,310.7,1802.06,666.16,1114.3,268.05,510.64,455.34,0.0,4816.55,1.87,15.5,1.024,R046
C06937,R0050,TRK009,road,363.1,2105.98,810.12,1376.38,245.8,835.76,30.11,0.0,5404.16,1.98,14.88,1.116,R050
C06938,R0046,TRK013,road,35.8,207.64,70.41,1044.65,26.12,720.01,642.88,276.31,2988.02,0.61,83.46,1.244,R046
C06939,R0060,TRK029,road,424.1,2459.78,893.13,1007.24,370.51,731.08,215.26,0.0,5677.01,1.14,13.39,1.013,R060
C06940,R0075,TRK033,road,232.6,1349.08,520.13,1211.18,142.04,682.4,223.22,0.0,4128.06,0.94,17.75,1.201,R075
C06941,R0017,TRK033,road,416.3,2414.54,1011.57,1273.26,327.24,336.66,527.54,1046.56,6937.37,7.71,16.66,1.16,R017
C06942,R0045,TRK041,road,284.1,1647.78,644.47,1016.22,253.58,561.89,546.28,0.0,4670.23,1.3,16.44,1.023,R045
C06943,R0017,TRK034,rail,216.3,778.68,197.98,406.51,36.5,731.46,297.76,0.0,2448.89,3.15,11.32,1.118,R017
C06944,R0024,TRK015,rail,476.4,1715.04,390.41,523.17,67.86,800.71,159.29,0.0,3656.48,1.77,7.68,1.159,R024
C06945,R0063,TRK047,rail,247.2,889.92,214.43,484.48,34.8,458.7,588.97,0.0,2671.3,0.86,10.81,1.15,R063
C06946,R0040,TRK037,rail,49.5,178.2,44.87,426.08,8.41,631.06,281.95,0.0,1570.57,0.77,31.73,1.202,R040
C06947,R0056,TRK042,road,473.0,2743.4,1194.73,1409.11,318.83,192.71,305.75,0.0,6164.54,2.56,13.03,1.23,R056
C06948,R0062,TRK002,road,162.9,944.82,342.99,1342.1,98.73,683.44,8.02,128.71,3548.8,1.26,21.79,1.113,R062
C06949,R0098,TRK042,road,365.8,2121.64,914.43,1306.14,295.69,802.12,40.55,13.67,5494.24,1.27,15.02,0.917,R098
C06950,R0099,TRK032,road,342.6,1987.08,665.19,1427.13,291.92,646.49,341.25,0.0,5359.07,4.55,15.64,0.999,R099
C06951,R0001,TRK014,rail,176.6,635.76,130.78,361.72,25.48,568.57,42.6,0.0,1764.9,0.46,9.99,1.141,R001
C06952,R0070,TRK039,road,211.0,1223.8,471.37,1020.37,174.45,714.67,174.33,573.47,4352.46,2.7,20.63,0.995,R070
C06953,R0068,TRK023,road,356.2,2065.96,863.89,1049.92,240.51,530.77,570.59,0.0,5321.64,3.86,14.94,1.248,R068
C06954,R0043,TRK020,rail,396.5,1427.4,331.42,424.11,58.64,331.68,39.66,196.92,2809.83,1.77,7.09,1.168,R043
C06955,R0081,TRK003,rail,488.1,1757.16,435.33,436.81,76.59,481.45,197.03,0.0,3384.37,1.45,6.93,1.213,R081
C06956,R0085,TRK021,rail,283.0,1018.8,243.96,441.92,43.06,599.85,140.3,0.0,2487.89,2.2,8.79,1.238,R085
C06957,R0011,TRK004,road,441.3,2559.54,1012.22,1207.89,394.98,208.5,63.43,0.0,5446.57,2.76,12.34,1.036,R011
C06958,R0046,TRK027,road,35.9,208.22,86.46,1144.75,31.02,493.99,319.96,0.0,2284.4,6.5,63.63,1.14,R046
C06959,R0033,TRK003,road,486.0,2818.8,1014.83,1381.33,375.0,724.51,204.48,0.0,6518.95,1.57,13.41,1.183,R033
C06960,R0027,TRK029,rail,508.3,1829.88,464.4,494.13,63.5,196.49,216.63,0.0,3265.02,0.84,6.42,1.145,R027
C06961,R0032,TRK020,rail,32.2,115.92,22.34,421.44,5.43,270.0,92.87,1243.25,2171.26,1.74,67.43,1.022,R032
C06962,R0060,TRK050,local,33.3,273.06,98.22,931.2,8.74,256.69,20.56,930.14,2518.6,0.55,75.63,1.142,R060
C06963,R0039,TRK026,local,50.7,415.74,138.98,885.48,14.53,507.45,47.43,814.19,2823.79,4.2,55.7,1.044,R039
C06964,R0066,TRK016,road,411.9,2389.02,905.32,1424.88,279.26,437.38,53.22,832.17,6321.24,14.31,15.35,1.217,R066
C06965,R0006,TRK025,road,52.7,305.66,115.64,1195.07,34.4,501.3,545.0,292.51,2989.58,8.27,56.73,1.134,R006
C06966,R0039,TRK031,road,168.4,976.72,333.69,1165.95,111.64,464.56,524.63,0.0,3577.19,6.58,21.24,1.188,R039
C06967,R0004,TRK023,local,412.9,3385.78,1131.62,1014.72,85.75,411.1,57.36,220.76,6307.1,1.49,15.28,1.231,R004
C06968,R0004,TRK009,road,143.9,834.62,274.29,1199.06,120.92,510.72,47.9,0.0,2987.51,1.22,20.76,1.013,R004
C06969,R0062,TRK028,rail,263.5,948.6,212.57,451.42,39.74,799.83,171.36,1232.95,3856.47,1.32,14.64,1.115,R062
C06970,R0084,TRK043,rail,206.7,744.12,171.73,491.05,29.59,629.06,324.8,0.0,2390.35,3.23,11.56,1.131,R084
C06971,R0027,TRK034,road,455.4,2641.32,1050.26,1438.65,353.16,243.2,426.02,0.0,6152.61,4.39,13.51,1.135,R027
C06972,R0075,TRK045,road,64.4,373.52,126.1,1133.49,45.74,201.85,688.93,0.0,2569.64,1.52,39.9,1.078,R075
C06973,R0020,TRK048,road,482.8,2800.24,1150.7,1031.99,422.9,544.29,542.02,939.75,7431.89,2.14,15.39,0.963,R020
C06974,R0032,TRK006,road,464.8,2695.84,942.64,1352.34,305.46,633.85,181.19,0.0,6111.31,2.29,13.15,1.171,R032
C06975,R0076,TRK043,local,155.1,1271.82,389.92,765.24,39.66,242.28,180.61,0.0,2889.53,1.23,18.63,1.244,R076
C06976,R0096,TRK027,road,316.2,1833.96,724.43,1084.77,209.33,717.05,355.21,1554.05,6478.81,7.98,20.49,1.214,R096
C06977,R0031,TRK043,road,413.4,2397.72,865.56,1352.78,309.36,413.29,227.57,698.13,6264.41,2.02,15.15,1.182,R031
C06978,R0085,TRK027,local,127.9,1048.78,336.55,975.7,29.57,807.26,2.15,891.66,4091.67,1.05,31.99,1.229,R085
C06979,R0059,TRK020,road,186.0,1078.8,465.03,1278.27,120.69,386.08,129.55,576.24,4034.66,0.84,21.69,1.053,R059
C06980,R0035,TRK007,road,69.1,400.78,155.7,1077.58,58.76,467.37,304.94,0.0,2465.13,0.96,35.67,0.92,R035
C06981,R0082,TRK026,local,531.2,4355.84,1455.45,720.82,109.14,803.2,206.66,0.0,7651.09,2.82,14.4,1.061,R082
C06982,R0040,TRK034,local,202.3,1658.86,619.45,925.36,44.33,410.23,207.86,1787.08,5653.17,2.02,27.94,1.06,R040
C06983,R0072,TRK008,rail,73.1,263.16,52.22,487.25,9.96,381.7,466.5,0.0,1660.79,2.11,22.72,1.244,R072
C06984,R0042,TRK050,road,157.6,914.08,311.9,1124.46,94.6,494.92,46.53,0.0,2986.49,2.23,18.95,1.088,R042
C06985,R0017,TRK046,road,359.5,2085.1,787.41,1393.29,264.14,296.12,266.01,0.0,5092.07,1.56,14.16,1.01,R017
C06986,R0059,TRK010,road,246.7,1430.86,513.35,1192.79,167.57,262.94,199.35,398.98,4165.84,5.08,16.89,1.016,R059
C06987,R0005,TRK022,local,82.2,674.04,224.11,936.67,22.62,707.54,6.47,0.0,2571.45,0.67,31.28,0.93,R005
C06988,R0067,TRK017,road,309.9,1797.42,764.97,982.79,272.99,805.22,51.31,0.0,4674.7,1.65,15.08,1.0,R067
C06989,R0006,TRK043,road,261.1,1514.38,647.06,1214.72,207.85,715.27,499.88,493.69,5292.85,1.36,20.27,1.098,R006
C06990,R0031,TRK021,road,99.6,577.68,201.01,1361.42,74.59,582.85,339.65,0.0,3137.2,2.73,31.5,1.119,R031
C06991,R0021,TRK045,road,345.2,2002.16,785.93,1376.84,232.72,841.13,530.54,0.0,5769.32,1.75,16.71,1.086,R021
C06992,R0050,TRK024,local,273.8,2245.16,852.64,925.51,59.91,850.85,109.41,0.0,5043.48,2.4,18.42,0.925,R050
C06993,R0089,TRK007,road,341.3,1979.54,802.52,1125.54,225.88,440.17,128.61,0.0,4702.26,4.25,13.78,1.021,R089
C06994,R0007,TRK034,road,422.6,2451.08,899.23,1095.65,276.99,750.75,255.92,0.0,5729.62,1.46,13.56,1.12,R007
C06995,R0033,TRK015,rail,336.2,1210.32,281.93,369.59,54.86,186.38,27.1,61.69,2191.86,0.71,6.52,1.095,R033
C06996,R0020,TRK037,road,191.1,1108.38,475.63,1404.89,115.36,860.28,269.86,0.0,4234.4,1.56,22.16,0.953,R020
C06997,R0021,TRK004,road,339.5,1969.1,662.5,1299.45,267.05,329.76,675.62,0.0,5203.48,1.26,15.33,0.932,R021
C06998,R0068,TRK020,road,45.7,265.06,100.62,1054.68,34.61,763.75,625.75,635.8,3480.27,3.58,76.15,1.014,R068
C06999,R0048,TRK042,road,89.0,516.2,205.91,987.45,60.17,255.62,211.22,0.0,2236.56,0.85,25.13,0.984,R048
C07000,R0087,TRK017,road,491.9,2853.02,1063.79,1112.74,372.23,583.49,372.78,0.0,6358.05,3.49,12.93,1.019,R087
C07001,R0026,TRK023,rail,515.2,1854.72,465.74,408.6,82.9,847.41,287.79,1306.49,5253.65,1.36,10.2,0.945,R026
C07002,R0080,TRK005,road,65.7,381.06,157.12,1148.67,54.61,843.68,577.12,0.0,3162.26,0.89,48.13,1.147,R080
C07003,R0029,TRK039,rail,145.1,522.36,116.15,458.51,20.19,767.47,548.96,0.0,2433.63,0.64,16.77,1.152,R029
C07004,R0001,TRK021,rail,311.9,1122.84,219.74,383.27,49.56,873.76,81.7,0.0,2730.87,1.02,8.76,1.085,R001
C07005,R0072,TRK015,road,270.5,1568.9,570.15,1146.28,176.69,792.2,385.11,856.08,5495.4,3.24,20.32,1.213,R072
C07006,R0054,TRK019,road,68.8,399.04,164.88,1014.14,61.54,673.71,508.91,139.44,2961.66,0.78,43.05,1.197,R054
C07007,R0028,TRK016,road,321.8,1866.44,735.51,1101.86,266.51,857.45,142.84,968.61,5939.23,1.27,18.46,1.018,R028
C07008,R0084,TRK018,rail,518.1,1865.16,376.71,469.65,83.37,714.55,442.62,681.98,4634.05,1.59,8.94,1.152,R084
C07009,R0036,TRK030,road,301.5,1748.7,576.42,1249.4,266.62,519.8,695.11,0.0,5056.04,1.09,16.77,1.058,R036
C07010,R0053,TRK032,road,379.4,2200.52,952.92,1422.61,333.13,888.05,499.68,1244.99,7541.9,4.52,19.88,0.922,R053
C07011,R0016,TRK036,road,188.0,1090.4,399.98,1192.21,120.88,212.06,687.47,478.25,4181.25,3.07,22.24,1.197,R016
C07012,R0025,TRK025,road,368.3,2136.14,823.55,1082.13,241.82,610.82,268.93,622.61,5786.0,3.16,15.71,1.074,R025
C07013,R0006,TRK039,road,39.4,228.52,95.84,1305.15,34.36,255.21,488.41,0.0,2407.49,3.01,61.1,1.091,R006
C07014,R0046,TRK039,rail,263.1,947.16,190.46,379.75,33.45,485.77,670.12,0.0,2706.71,0.59,10.29,1.215,R046
C07015,R0067,TRK047,rail,246.4,887.04,188.09,377.41,40.62,693.41,235.7,0.0,2422.26,1.15,9.83,0.947,R067
C07016,R0083,TRK002,local,433.5,3554.7,1082.87,879.84,102.06,602.68,170.17,596.67,6989.0,1.48,16.12,1.16,R083
C07017,R0029,TRK032,road,257.9,1495.82,535.68,1086.48,194.7,247.23,185.72,1474.5,5220.14,1.48,20.24,1.24,R029
C07018,R0034,TRK026,road,181.5,1052.7,374.45,1315.94,119.68,779.96,114.55,0.0,3757.27,1.15,20.7,0.916,R034
C07019,R0009,TRK014,rail,367.2,1321.92,283.31,498.36,48.22,721.56,372.04,0.0,3245.41,0.67,8.84,1.181,R009
C07020,R0044,TRK041,road,343.3,1991.14,683.22,1255.61,223.78,670.08,141.25,1797.3,6762.38,3.98,19.7,1.15,R044
C07021,R0062,TRK040,local,338.6,2776.52,909.55,1017.1,95.64,516.4,293.48,0.0,5608.7,1.66,16.56,1.006,R062
C07022,R0021,TRK022,road,418.6,2427.88,1046.41,1437.48,360.87,269.0,8.88,0.0,5550.52,2.18,13.26,1.193,R021
C07023,R0093,TRK016,road,50.7,294.06,115.31,1115.06,31.03,539.18,569.34,73.16,2737.14,0.7,53.99,1.24,R093
C07024,R0096,TRK011,road,165.2,958.16,329.88,1312.35,105.11,262.6,628.92,0.0,3597.02,1.09,21.77,1.046,R096
C07025,R0091,TRK042,local,196.3,1609.66,631.93,752.58,44.46,850.98,138.61,0.0,4028.22,4.04,20.52,1.22,R091
C07026,R0089,TRK008,rail,45.1,162.36,35.69,419.51,7.88,240.59,675.1,0.0,1541.13,0.51,34.17,1.183,R089
C07027,R0007,TRK040,rail,179.3,645.48,127.84,371.27,26.85,392.32,663.63,0.0,2227.39,0.49,12.42,1.064,R007
C07028,R0033,TRK008,road,461.2,2674.96,903.98,1130.35,307.42,495.07,657.48,0.0,6169.26,9.41,13.38,1.005,R033
C07029,R0062,TRK027,road,361.4,2096.12,742.23,1163.45,266.6,578.49,633.94,0.0,5480.84,1.46,15.17,1.029,R062
C07030,R0044,TRK028,road,446.8,2591.44,1128.29,1123.25,320.83,665.09,167.28,627.19,6623.37,1.62,14.82,1.225,R044
C07031,R0043,TRK040,local,264.3,2167.26,714.23,758.19,61.22,636.03,17.85,216.51,4571.3,2.33,17.3,0.997,R043
C07032,R0056,TRK031,road,255.4,1481.32,552.89,1428.22,163.61,370.92,492.59,1424.2,5913.75,2.19,23.15,1.064,R056
C07033,R0050,TRK013,rail,226.7,816.12,163.31,489.54,34.19,170.29,674.16,0.0,2347.61,0.62,10.36,0.937,R050
C07034,R0040,TRK030,rail,508.4,1830.24,465.27,498.93,74.12,405.51,102.04,0.0,3376.12,1.08,6.64,1.205,R040
C07035,R0022,TRK047,road,83.4,483.72,158.85,1206.04,68.42,791.45,437.32,0.0,3145.8,3.15,37.72,1.142,R022
C07036,R0007,TRK048,local,39.7,325.54,99.6,839.57,8.4,325.53,204.99,0.0,1803.64,0.65,45.43,1.136,R007
C07037,R0004,TRK030,road,515.3,2988.74,964.64,1404.93,325.86,333.87,150.82,0.0,6168.86,7.84,11.97,1.171,R004
C07038,R0018,TRK028,road,313.4,1817.72,612.62,1171.42,192.8,741.73,13.33,0.0,4549.63,0.94,14.52,1.198,R018
C07039,R0003,TRK019,local,248.5,2037.7,643.24,1064.48,74.29,890.05,284.64,0.0,4994.41,5.25,20.1,0.995,R003
C07040,R0061,TRK010,road,232.5,1348.5,545.93,1074.06,185.28,746.07,66.63,0.0,3966.47,1.01,17.06,1.03,R061
C07041,R0062,TRK038,rail,129.9,467.64,114.2,435.84,17.91,374.63,113.42,0.0,1523.63,0.48,11.73,1.238,R062
C07042,R0020,TRK024,rail,201.1,723.96,156.92,511.15,26.5,893.14,656.95,0.0,2968.63,0.72,14.76,0.985,R020
C07043,R0038,TRK009,local,327.5,2685.5,1015.54,766.64,90.61,892.4,206.62,1798.54,7455.85,1.98,22.77,1.129,R038
C07044,R0062,TRK036,road,415.8,2411.64,881.56,1324.35,348.45,403.44,20.97,0.0,5390.41,2.26,12.96,0.958,R062
C07045,R0047,TRK011,rail,439.4,1581.84,339.05,365.83,70.35,468.54,401.57,0.0,3227.17,2.77,7.34,1.079,R047
C07046,R0097,TRK038,road,355.7,2063.06,687.39,1247.05,273.16,217.95,110.46,0.0,4599.07,1.11,12.93,1.005,R097
C07047,R0060,TRK050,road,475.3,2756.74,996.49,1279.35,311.06,647.89,312.57,1458.69,7762.79,1.99,16.33,1.091,R060
C07048,R0095,TRK036,road,297.9,1727.82,654.21,1128.6,254.3,536.62,4.2,0.0,4305.75,5.77,14.45,1.121,R095
C07049,R0092,TRK003,road,353.9,2052.62,770.89,1044.06,233.31,875.82,307.53,0.0,5284.23,1.13,14.93,1.018,R092
C07050,R0006,TRK010,road,514.6,2984.68,1137.53,1242.96,344.72,453.39,503.09,0.0,6666.36,2.77,12.95,1.159,R006
C07051,R0008,TRK014,road,298.3,1730.14,629.68,1205.67,213.11,780.36,159.29,0.0,4718.25,1.8,15.82,1.167,R008
C07052,R0025,TRK021,road,462.9,2684.82,1134.81,1289.41,337.76,571.75,346.65,671.8,7037.01,3.76,15.2,0.939,R025
C07053,R0088,TRK029,road,86.8,503.44,191.51,1247.38,53.99,740.05,253.71,1185.71,4175.8,1.76,48.11,0.994,R088
C07054,R0033,TRK024,local,459.8,3770.36,1279.87,1069.35,117.88,790.36,257.92,0.0,7285.75,4.0,15.85,0.968,R033
C07055,R0083,TRK017,road,411.9,2389.02,840.14,1357.48,337.4,441.29,485.47,786.03,6636.82,6.85,16.11,0.94,R083
C07056,R0035,TRK037,road,270.3,1567.74,579.09,1345.4,195.75,421.99,11.91,1098.46,5220.33,2.55,19.31,1.223,R035
C07057,R0076,TRK048,road,171.4,994.12,370.91,1110.72,111.05,435.39,243.18,0.0,3265.36,4.27,19.05,1.132,R076
C07058,R0048,TRK039,local,104.1,853.62,275.56,952.16,25.22,523.8,211.13,1658.74,4500.24,1.45,43.23,1.0,R048
C07059,R0006,TRK007,road,32.6,189.08,69.66,1001.67,26.32,853.6,125.05,1129.53,3394.92,0.82,104.14,0.907,R006
C07060,R0019,TRK014,local,251.5,2062.3,621.63,817.46,52.61,629.0,163.37,1061.15,5407.51,1.11,21.5,1.124,R019
C07061,R0032,TRK050,road,182.8,1060.24,417.81,1143.23,121.99,205.13,556.51,0.0,3504.91,0.81,19.17,0.934,R032
C07062,R0034,TRK029,road,241.3,1399.54,558.51,1319.2,206.39,345.6,276.35,890.44,4996.03,1.35,20.7,1.038,R034
C07063,R0022,TRK006,road,145.8,845.64,305.46,1221.6,124.33,427.21,268.27,818.52,4011.04,4.59,27.51,1.229,R022
C07064,R0008,TRK047,road,86.6,502.28,201.46,1102.76,72.43,602.42,205.01,0.0,2686.36,0.62,31.02,0.961,R008
C07065,R0015,TRK030,rail,443.5,1596.6,381.97,466.12,68.36,540.01,225.46,768.25,4046.77,4.13,9.12,1.167,R015
C07066,R0030,TRK012,road,173.6,1006.88,411.1,1193.72,143.2,572.59,581.84,0.0,3909.34,3.38,22.52,1.21,R030
C07067,R0020,TRK019,road,456.6,2648.28,994.34,1415.33,334.49,524.48,654.19,576.65,7147.76,6.5,15.65,1.209,R020
C07068,R0048,TRK027,rail,58.3,209.88,52.38,519.88,8.55,703.45,533.33,0.0,2027.48,1.18,34.78,1.083,R048
C07069,R0083,TRK046,road,440.2,2553.16,1072.91,1084.7,352.84,164.67,120.41,0.0,5348.69,7.31,12.15,0.903,R083
C07070,R0062,TRK037,road,178.5,1035.3,390.15,1309.82,140.61,636.9,21.34,1555.85,5089.97,3.11,28.52,0.945,R062
C07071,R0085,TRK029,road,381.4,2212.12,906.66,1280.65,268.49,508.16,340.79,0.0,5516.87,1.9,14.46,0.98,R085
C07072,R0004,TRK028,road,215.1,1247.58,520.55,1201.89,137.31,877.79,237.2,0.0,4222.32,1.19,19.63,1.036,R004
C07073,R0080,TRK017,road,190.4,1104.32,439.91,1163.5,119.31,818.81,554.26,0.0,4200.11,4.37,22.06,0.951,R080
C07074,R0016,TRK044,road,529.4,3070.52,1018.11,992.9,475.15,621.61,684.27,0.0,6862.55,2.23,12.96,1.192,R016
C07075,R0023,TRK018,road,55.5,321.9,129.87,1410.17,41.8,453.77,8.95,994.55,3361.01,1.34,60.56,1.225,R023
C07076,R0011,TRK034,road,450.9,2615.22,1020.02,1074.33,275.98,620.19,275.63,0.0,5881.38,3.42,13.04,1.142,R011
C07077,R0081,TRK005,local,490.1,4018.82,1393.32,927.28,116.34,393.47,208.54,888.04,7945.82,3.29,16.21,1.169,R081
C07078,R0033,TRK026,local,174.5,1430.9,415.63,881.5,46.67,832.11,68.89,121.2,3796.9,1.63,21.76,1.241,R033
C07079,R0097,TRK044,road,404.1,2343.78,831.65,977.78,336.31,811.22,357.23,0.0,5657.95,15.47,14.0,1.047,R097
C07080,R0009,TRK033,road,504.6,2926.68,1261.52,1349.86,383.01,297.62,500.8,0.0,6719.49,3.86,13.32,0.976,R009
C07081,R0035,TRK042,road,180.7,1048.06,387.97,1436.75,120.45,674.6,414.1,0.0,4081.94,1.73,22.59,1.232,R035
C07082,R0024,TRK004,rail,206.9,744.84,151.81,520.56,26.47,459.96,644.94,0.0,2548.58,1.72,12.32,1.051,R024
C07083,R0003,TRK010,rail,281.5,1013.4,227.41,469.67,35.62,415.27,213.35,849.93,3224.65,1.07,11.46,0.945,R003
C07084,R0012,TRK006,road,247.8,1437.24,623.75,1027.09,164.49,733.21,164.6,0.0,4150.38,1.3,16.75,1.038,R012
C07085,R0070,TRK046,road,548.0,3178.4,1171.45,1085.98,364.19,192.21,333.12,0.0,6325.36,1.31,11.54,1.044,R070
C07086,R0023,TRK013,local,423.3,3471.06,1361.43,921.85,96.58,155.0,151.6,425.36,6582.88,1.61,15.55,1.171,R023
C07087,R0002,TRK015,road,119.4,692.52,285.65,1003.29,83.46,179.44,471.91,0.0,2716.27,2.95,22.75,1.178,R002
C07088,R0018,TRK047,road,233.4,1353.72,551.83,1068.06,157.84,884.93,54.87,0.0,4071.25,2.63,17.44,0.94,R018
C07089,R0079,TRK008,road,271.7,1575.86,675.49,968.32,215.43,220.63,49.01,0.0,3704.74,0.94,13.64,1.008,R079
C07090,R0051,TRK029,road,361.2,2094.96,835.41,991.51,223.14,777.7,422.37,0.0,5345.1,1.44,14.8,1.118,R051
C07091,R0043,TRK003,road,51.0,295.8,106.19,1418.5,32.13,433.15,291.71,654.95,3232.43,2.67,63.38,0.902,R043
C07092,R0073,TRK019,road,215.5,1249.9,544.61,1088.33,193.37,216.0,604.31,0.0,3896.52,0.82,18.08,0.914,R073
C07093,R0081,TRK038,road,150.3,871.74,304.09,1062.61,106.65,216.96,113.9,0.0,2675.94,1.65,17.8,1.059,R081
C07094,R0006,TRK025,road,142.1,824.18,270.92,1365.15,110.6,623.35,684.03,0.0,3878.22,1.69,27.29,1.186,R006
C07095,R0073,TRK010,road,424.3,2460.94,956.01,1124.15,345.16,777.07,104.08,1652.06,7419.46,4.86,17.49,0.994,R073
C07096,R0064,TRK011,road,333.2,1932.56,675.37,1142.59,270.92,693.56,668.08,0.0,5383.08,12.13,16.16,0.916,R064
C07097,R0040,TRK026,road,427.5,2479.5,1045.53,1410.58,371.84,473.55,538.11,0.0,6319.11,1.29,14.78,1.096,R040
C07098,R0075,TRK047,road,56.6,328.28,135.03,1314.8,37.77,681.18,414.99,0.0,2912.06,1.16,51.45,1.01,R075
C07099,R0018,TRK044,road,300.4,1742.32,752.73,1094.84,237.07,730.09,60.2,0.0,4617.26,1.7,15.37,0.917,R018
C07100,R0086,TRK001,road,402.7,2335.66,999.05,1124.57,356.47,321.21,560.88,571.42,6269.27,13.63,15.57,1.127,R086
C07101,R0010,TRK028,local,365.5,2997.1,1153.18,792.98,95.61,791.09,136.04,1035.2,7001.2,12.75,19.16,1.184,R010
C07102,R0014,TRK012,road,102.4,593.92,245.06,1333.66,81.35,669.56,341.41,0.0,3264.96,0.82,31.88,0.934,R014
C07103,R0097,TRK043,local,257.6,2112.32,692.96,982.51,52.02,778.92,244.37,0.0,4863.1,1.1,18.88,1.023,R097
C07104,R0041,TRK034,local,504.9,4140.18,1379.62,792.0,117.52,529.19,287.45,0.0,7245.95,2.13,14.35,0.92,R041
C07105,R0002,TRK032,road,198.0,1148.4,490.75,1168.03,169.22,192.48,315.03,424.02,3907.91,1.29,19.74,1.099,R002
C07106,R0036,TRK041,rail,204.5,736.2,182.18,471.14,35.46,222.25,500.64,1753.7,3901.57,1.49,19.08,1.193,R036
C07107,R0031,TRK036,road,422.9,2452.82,805.73,1349.1,369.43,671.31,490.68,0.0,6139.06,1.67,14.52,0.951,R031
C07108,R0039,TRK016,road,360.7,2092.06,879.47,1137.0,236.23,220.1,86.42,0.0,4651.28,1.26,12.9,1.109,R039
C07109,R0096,TRK044,local,69.2,567.44,211.91,772.35,19.32,560.48,262.25,0.0,2393.74,3.42,34.59,0.916,R096
C07110,R0071,TRK039,local,175.5,1439.1,434.89,864.33,37.18,324.74,81.08,0.0,3181.32,6.46,18.13,0.968,R071
C07111,R0027,TRK034,local,176.4,1446.48,499.41,971.7,48.74,694.99,104.53,0.0,3765.85,0.95,21.35,1.239,R027
C07112,R0030,TRK012,road,458.1,2656.98,925.7,1433.42,357.09,490.77,138.14,0.0,6002.09,1.28,13.1,1.08,R030
C07113,R0058,TRK033,road,356.9,2070.02,746.49,1054.32,266.69,565.6,453.78,370.64,5527.55,1.4,15.49,1.029,R058
C07114,R0032,TRK021,road,220.2,1277.16,546.68,1412.37,138.36,277.82,80.27,0.0,3732.65,3.55,16.95,0.974,R032
C07115,R0098,TRK022,rail,38.6,138.96,34.39,397.58,6.39,641.84,382.75,1123.1,2725.02,8.21,70.6,1.158,R098
C07116,R0007,TRK042,road,386.5,2241.7,883.83,1337.11,338.2,205.68,23.99,0.0,5030.5,1.3,13.02,1.047,R007
C07117,R0037,TRK029,local,80.2,657.64,221.57,766.68,22.99,501.84,101.56,0.0,2272.29,0.52,28.33,1.018,R037
C07118,R0046,TRK047,road,267.3,1550.34,673.2,1116.92,216.96,241.28,202.46,0.0,4001.17,1.4,14.97,1.196,R046
C07119,R0004,TRK011,road,352.1,2042.18,669.62,977.34,230.67,522.08,273.1,0.0,4714.99,1.2,13.39,1.072,R004
C07120,R0018,TRK038,road,357.7,2074.66,835.03,1258.14,277.69,233.42,293.43,0.0,4972.36,2.52,13.9,1.112,R018
C07121,R0056,TRK022,local,194.5,1594.9,494.92,801.66,56.59,684.48,254.33,0.0,3886.88,1.77,19.98,0.984,R056
C07122,R0070,TRK010,rail,303.0,1090.8,214.51,467.09,42.96,735.16,519.91,495.33,3565.78,2.63,11.77,1.204,R070
C07123,R0034,TRK009,road,384.6,2230.68,829.23,1114.36,245.81,364.89,611.39,426.05,5822.4,2.14,15.14,1.016,R034
C07124,R0006,TRK049,road,270.3,1567.74,530.12,1207.9,230.71,547.2,598.68,0.0,4682.35,4.13,17.32,0.908,R006
C07125,R0048,TRK035,local,85.1,697.82,221.48,793.04,22.36,832.51,265.19,0.0,2832.4,0.98,33.28,1.161,R048
C07126,R0032,TRK045,rail,413.2,1487.52,329.76,494.96,60.42,227.61,606.96,0.0,3207.23,2.5,7.76,0.929,R032
C07127,R0038,TRK005,local,153.0,1254.6,492.35,746.77,38.59,487.06,187.61,1016.82,4223.8,0.98,27.61,0.913,R038
C07128,R0087,TRK020,local,412.1,3379.22,1075.35,791.46,112.45,589.35,123.01,0.0,6070.85,2.0,14.73,1.004,R087
C07129,R0089,TRK001,rail,243.5,876.6,223.75,409.82,40.14,635.37,36.69,0.0,2222.37,0.65,9.13,1.05,R089
C07130,R0045,TRK036,road,284.6,1650.68,534.76,1278.65,222.84,311.34,180.85,0.0,4179.11,1.38,14.68,0.947,R045
C07131,R0046,TRK030,road,56.4,327.12,128.0,1142.01,35.79,564.11,576.59,0.0,2773.62,1.57,49.18,1.067,R046
C07132,R0070,TRK003,rail,64.1,230.76,44.6,465.48,8.06,872.86,356.96,859.6,2838.32,0.92,44.28,0.914,R070
C07133,R0008,TRK023,rail,288.4,1038.24,242.36,454.62,39.98,639.23,371.06,0.0,2785.5,0.77,9.66,1.234,R008
C07134,R0025,TRK019,local,279.6,2292.72,825.1,792.94,73.14,772.33,112.5,601.93,5470.65,1.74,19.57,1.143,R025
C07135,R0037,TRK047,local,334.2,2740.44,1042.86,968.26,97.11,364.4,112.68,1764.3,7090.05,4.67,21.21,1.028,R037
C07136,R0001,TRK039,road,174.5,1012.1,364.54,1076.73,106.09,790.8,685.63,1672.08,5707.96,1.72,32.71,0.922,R001
C07137,R0034,TRK016,road,249.2,1445.36,585.61,989.64,194.61,641.69,403.84,0.0,4260.75,2.67,17.1,0.95,R034
C07138,R0090,TRK006,rail,414.2,1491.12,289.08,534.8,69.89,164.65,25.81,0.0,2575.34,1.35,6.22,1.208,R090
C07139,R0093,TRK002,road,380.3,2205.74,819.88,1029.31,302.35,671.78,439.21,1510.95,6979.21,3.18,18.35,1.215,R093
C07140,R0069,TRK006,rail,174.2,627.12,135.81,471.23,27.41,604.42,102.58,577.81,2546.39,3.33,14.62,1.078,R069
C07141,R0036,TRK009,rail,147.2,529.92,135.34,464.66,22.09,551.63,655.72,715.11,3074.47,0.93,20.89,1.107,R036
C07142,R0036,TRK037,local,464.1,3805.62,1195.26,1033.9,93.15,326.51,184.3,0.0,6638.74,1.6,14.3,0.901,R036
C07143,R0004,TRK016,road,109.8,636.84,226.73,1248.43,77.68,378.51,118.35,0.0,2686.55,0.56,24.47,0.973,R004
C07144,R0039,TRK026,road,194.3,1126.94,429.93,1094.82,133.69,287.24,578.61,1378.18,5029.42,2.61,25.88,0.947,R039
C07145,R0044,TRK047,road,166.6,966.28,409.08,1226.32,130.07,829.37,123.26,352.53,4036.91,1.79,24.23,1.142,R044
C07146,R0070,TRK002,road,416.0,2412.8,1032.33,1075.52,274.7,281.67,353.74,0.0,5430.76,8.6,13.05,0.925,R070
C07147,R0025,TRK016,road,306.0,1774.8,689.69,1085.83,245.4,741.44,469.2,0.0,5006.36,1.3,16.36,1.141,R025
C07148,R0005,TRK042,road,243.8,1414.04,513.88,1096.45,206.04,188.85,590.31,363.84,4373.4,3.7,17.94,1.003,R005
C07149,R0048,TRK032,local,69.6,570.72,182.72,825.66,14.22,856.03,144.81,324.86,2919.02,0.62,41.94,1.029,R048
C07150,R0071,TRK024,local,143.6,1177.52,438.09,866.74,32.88,531.15,49.44,0.0,3095.82,0.64,21.56,1.005,R071
C07151,R0096,TRK016,local,184.2,1510.44,554.73,1077.91,52.37,644.56,24.8,0.0,3864.81,2.69,20.98,1.13,R096
C07152,R0077,TRK017,local,147.4,1208.68,471.34,935.59,32.67,646.58,224.82,0.0,3519.68,2.27,23.88,1.116,R077
C07153,R0075,TRK013,road,106.2,615.96,263.82,1199.31,63.74,792.73,112.94,895.36,3943.85,1.42,37.14,1.24,R075
C07154,R0082,TRK007,local,300.4,2463.28,944.53,907.61,71.41,445.77,9.37,1049.19,5891.16,9.33,19.61,1.168,R082
C07155,R0037,TRK008,road,432.7,2509.66,913.14,1140.71,365.36,775.71,562.14,0.0,6266.72,2.52,14.48,1.184,R037
C07156,R0091,TRK039,road,193.0,1119.4,439.82,962.72,125.25,593.48,682.29,999.88,4922.84,1.44,25.51,0.962,R091
C07157,R0027,TRK037,local,75.1,615.82,230.34,777.65,15.84,239.86,228.72,0.0,2108.22,4.6,28.07,1.119,R027
C07158,R0040,TRK011,local,417.6,3424.32,1309.36,791.99,94.37,511.76,96.61,1080.91,7309.32,6.76,17.5,1.168,R040
C07159,R0097,TRK003,road,50.7,294.06,121.57,1359.43,45.49,429.24,275.18,0.0,2524.97,0.55,49.8,1.062,R097
C07160,R0099,TRK024,rail,77.5,279.0,63.73,360.19,11.54,368.88,269.97,0.0,1353.31,0.32,17.46,1.108,R099
C07161,R0040,TRK028,road,505.4,2931.32,1120.27,1179.33,410.22,685.91,397.66,0.0,6724.71,6.9,13.31,1.017,R040
C07162,R0066,TRK033,rail,54.9,197.64,38.24,445.4,8.32,737.45,107.43,0.0,1534.47,0.39,27.95,0.926,R066
C07163,R0057,TRK033,road,204.4,1185.52,413.24,1382.48,147.83,790.68,374.29,0.0,4294.04,8.32,21.01,1.035,R057
C07164,R0034,TRK042,rail,73.8,265.68,56.53,445.75,9.97,867.21,632.93,0.0,2278.07,3.91,30.87,0.927,R034
C07165,R0019,TRK014,local,115.9,950.38,347.82,804.12,25.39,639.18,38.42,572.65,3377.96,1.12,29.15,1.053,R019
C07166,R0048,TRK023,local,463.1,3797.42,1354.92,938.94,121.19,891.89,127.1,0.0,7231.46,9.06,15.62,1.042,R048
C07167,R0007,TRK021,road,236.1,1369.38,457.7,1081.62,194.55,507.12,129.03,0.0,3739.4,0.81,15.84,1.142,R007
C07168,R0068,TRK004,road,119.9,695.42,262.45,1081.99,107.2,321.3,685.12,204.99,3358.46,1.63,28.01,1.051,R068
C07169,R0035,TRK021,road,391.9,2273.02,904.12,1274.38,236.56,268.76,49.2,0.0,5006.05,9.34,12.77,0.942,R035
C07170,R0053,TRK015,road,266.8,1547.44,528.12,1249.07,170.18,186.37,587.89,0.0,4269.07,1.03,16.0,1.245,R053
C07171,R0030,TRK014,local,358.9,2942.98,979.21,856.05,71.92,557.3,89.26,0.0,5496.71,2.86,15.32,0.941,R030
C07172,R0034,TRK010,road,313.9,1820.62,742.99,971.72,270.65,235.96,598.93,1561.84,6202.71,3.78,19.76,0.936,R034
C07173,R0020,TRK021,road,343.0,1989.4,831.04,1281.13,301.25,325.15,684.46,0.0,5412.43,6.08,15.78,1.065,R020
C07174,R0097,TRK012,road,232.3,1347.34,581.76,1061.23,186.27,744.15,3.83,0.0,3924.58,1.2,16.89,1.075,R097
C07175,R0053,TRK033,road,322.8,1872.24,633.77,1373.29,277.12,544.65,472.94,0.0,5174.02,1.1,16.03,0.975,R053
C07176,R0029,TRK017,road,32.4,187.92,73.3,1109.92,23.93,692.61,506.02,709.68,3303.38,0.71,101.96,1.069,R029
C07177,R0083,TRK046,road,97.8,567.24,233.08,1439.6,70.37,269.54,305.72,0.0,2885.54,0.7,29.5,0.916,R083
C07178,R0012,TRK039,road,52.0,301.6,111.95,967.47,34.42,645.92,326.41,0.0,2387.76,0.48,45.92,1.212,R012
C07179,R0070,TRK019,rail,544.3,1959.48,434.13,448.49,84.83,775.81,417.65,344.39,4464.77,1.64,8.2,1.164,R070
C07180,R0023,TRK005,road,140.3,813.74,334.23,971.35,94.49,766.9,291.14,0.0,3271.84,1.75,23.32,1.222,R023
C07181,R0096,TRK043,road,177.8,1031.24,448.4,1403.81,116.23,296.64,95.21,1707.95,5099.49,9.4,28.68,1.164,R096
C07182,R0047,TRK031,rail,470.4,1693.44,418.64,532.17,69.49,829.01,39.84,0.0,3582.59,3.54,7.62,0.914,R047
C07183,R0005,TRK037,road,466.2,2703.96,1083.65,1348.79,286.44,303.85,108.95,1215.73,7051.36,3.05,15.13,1.068,R005
C07184,R0011,TRK027,road,96.1,557.38,227.68,965.49,72.06,167.93,581.07,0.0,2571.62,0.67,26.76,0.941,R011
C07185,R0049,TRK042,road,501.5,2908.7,1171.55,1048.52,363.96,481.82,535.22,649.92,7159.7,1.79,14.28,0.96,R049
C07186,R0048,TRK050,local,411.5,3374.3,1237.54,766.78,84.51,808.08,52.56,0.0,6323.77,1.27,15.37,1.048,R048
C07187,R0027,TRK010,local,370.2,3035.64,1044.61,1077.4,76.29,165.07,102.91,1586.56,7088.48,3.75,19.15,1.207,R027
C07188,R0081,TRK049,road,57.0,330.6,108.64,1051.56,44.05,680.72,457.82,0.0,2673.4,1.1,46.9,1.076,R081
C07189,R0079,TRK032,road,101.8,590.44,212.5,1261.3,82.76,828.58,678.84,330.25,3984.67,0.96,39.14,0.979,R079
C07190,R0044,TRK035,rail,526.4,1895.04,433.95,423.09,73.19,212.2,599.63,0.0,3637.11,1.18,6.91,1.111,R044
C07191,R0059,TRK034,road,513.5,2978.3,1089.28,1355.25,427.54,663.09,248.11,0.0,6761.57,3.01,13.17,1.102,R059
C07192,R0081,TRK033,road,329.2,1909.36,662.51,1347.0,275.43,309.91,179.56,1796.63,6480.39,3.7,19.69,0.971,R081
C07193,R0024,TRK033,road,311.3,1805.54,613.06,1037.43,201.82,844.24,642.42,527.75,5672.25,1.14,18.22,1.236,R024
C07194,R0090,TRK048,road,282.0,1635.6,605.27,1184.04,217.39,554.33,679.79,1569.38,6445.81,5.37,22.86,1.244,R090
C07195,R0098,TRK046,local,451.3,3700.66,1328.52,1051.29,105.92,256.51,164.11,1467.29,8074.3,11.68,17.89,1.012,R098
C07196,R0049,TRK014,road,207.0,1200.6,433.17,1040.69,146.49,723.98,139.77,0.0,3684.71,0.77,17.8,1.062,R049
C07197,R0033,TRK006,road,226.8,1315.44,482.1,1404.61,143.03,460.02,354.31,0.0,4159.51,7.58,18.34,0.909,R033
C07198,R0001,TRK016,rail,460.2,1656.72,350.53,366.09,77.23,212.65,240.52,0.0,2903.75,0.67,6.31,1.138,R001
C07199,R0060,TRK021,road,191.5,1110.7,462.83,1412.23,139.81,662.69,510.22,0.0,4298.48,1.81,22.45,1.129,R060
C07200,R0019,TRK004,road,146.9,852.02,302.12,1165.01,108.43,604.85,49.55,946.86,4028.85,0.84,27.43,1.165,R019
C07201,R0001,TRK016,road,378.9,2197.62,788.19,1194.27,246.99,178.5,0.89,0.0,4606.47,2.62,12.16,1.0,R001
C07202,R0020,TRK006,road,327.8,1901.24,730.23,1185.48,229.02,645.98,196.0,0.0,4887.95,1.35,14.91,0.996,R020
C07203,R0099,TRK011,road,544.0,3155.2,1063.06,1270.28,375.81,461.34,170.1,1481.6,7977.38,3.2,14.66,0.968,R099
C07204,R0083,TRK042,road,362.7,2103.66,839.28,1258.62,297.34,819.89,317.95,0.0,5636.75,4.45,15.54,1.142,R083
C07205,R0008,TRK016,local,496.6,4072.12,1498.85,930.15,114.27,676.15,128.3,0.0,7419.83,2.94,14.94,0.907,R008
C07206,R0088,TRK001,road,63.4,367.72,153.95,1293.05,50.29,190.39,34.3,0.0,2089.7,0.5,32.96,1.029,R088
C07207,R0019,TRK008,rail,418.7,1507.32,302.43,444.59,65.04,819.28,591.6,0.0,3730.26,0.8,8.91,1.017,R019
C07208,R0079,TRK036,road,76.4,443.12,158.7,1238.01,59.25,399.38,214.88,377.5,2890.83,0.82,37.84,1.248,R079
C07209,R0073,TRK008,rail,339.9,1223.64,292.0,363.53,46.46,795.61,600.74,0.0,3321.98,4.33,9.77,1.191,R073
C07210,R0006,TRK019,road,162.7,943.66,361.35,1099.25,128.23,461.28,471.64,0.0,3465.42,0.79,21.3,1.089,R006
C07211,R0028,TRK007,road,240.1,1392.58,547.4,1326.34,177.44,519.05,47.49,1489.62,5499.91,1.2,22.91,1.115,R028
C07212,R0100,TRK031,local,98.4,806.88,256.24,735.14,20.61,895.16,28.02,0.0,2742.05,0.62,27.87,1.119,R100
C07213,R0094,TRK033,road,105.9,614.22,237.8,1007.81,70.47,897.62,498.69,0.0,3326.61,2.57,31.41,1.096,R094
C07214,R0008,TRK035,road,457.3,2652.34,972.98,1113.16,327.69,506.83,678.85,0.0,6251.84,3.57,13.67,1.012,R008
C07215,R0067,TRK032,rail,545.3,1963.08,453.52,477.24,77.73,478.16,2.26,0.0,3451.98,3.97,6.33,1.139,R067
C07216,R0065,TRK017,road,522.3,3029.34,1038.31,1383.56,369.73,228.73,293.85,610.09,6953.6,7.91,13.31,0.974,R065
C07217,R0076,TRK010,road,91.2,528.96,190.18,1050.88,58.71,427.81,209.58,685.5,3151.61,0.83,34.56,1.205,R076
C07218,R0004,TRK027,road,135.6,786.48,284.33,1134.37,121.64,294.76,128.66,212.55,2962.8,1.27,21.85,1.227,R004
C07219,R0068,TRK032,road,49.6,287.68,124.79,1283.63,42.73,466.39,7.51,0.0,2212.73,0.58,44.61,1.016,R068
C07220,R0005,TRK026,road,35.6,206.48,71.24,1317.57,23.27,172.31,293.62,0.0,2084.49,0.5,58.55,1.089,R005
C07221,R0086,TRK027,rail,525.7,1892.52,446.5,380.41,64.06,564.1,688.74,0.0,4036.32,1.36,7.68,1.157,R086
C07222,R0028,TRK020,road,500.8,2904.64,941.89,1410.74,380.55,833.56,586.27,0.0,7057.64,1.77,14.09,1.139,R028
C07223,R0080,TRK006,road,459.6,2665.68,986.86,1194.26,322.08,261.29,187.65,0.0,5617.82,2.67,12.22,0.956,R080
C07224,R0046,TRK033,rail,411.4,1481.04,374.32,445.88,53.79,352.84,537.18,495.51,3740.57,3.03,9.09,1.171,R046
C07225,R0050,TRK013,road,30.1,174.58,57.55,1287.47,25.91,627.68,478.64,0.0,2651.82,0.55,88.1,1.135,R050
C07226,R0023,TRK010,rail,80.3,289.08,72.48,464.62,10.73,820.33,591.4,0.0,2248.63,1.49,28.0,1.09,R023
C07227,R0047,TRK043,road,322.9,1872.82,730.43,1068.95,283.23,547.92,495.68,668.28,5667.31,5.93,17.55,1.003,R047
C07228,R0018,TRK049,rail,510.5,1837.8,402.96,539.68,62.46,618.1,368.21,0.0,3829.2,5.63,7.5,1.142,R018
C07229,R0007,TRK040,road,391.5,2270.7,777.73,1125.63,305.76,380.12,39.47,0.0,4899.41,1.18,12.51,1.137,R007
C07230,R0075,TRK030,road,478.7,2776.46,1036.91,1051.89,384.66,455.69,26.11,1068.76,6800.49,1.78,14.21,1.186,R075
C07231,R0033,TRK050,road,227.3,1318.34,446.48,1388.41,155.23,539.18,329.47,0.0,4177.11,1.76,18.38,1.074,R033
C07232,R0007,TRK019,rail,312.6,1125.36,278.93,386.3,44.59,825.7,329.79,0.0,2990.68,1.0,9.57,0.916,R007
C07233,R0059,TRK022,rail,293.1,1055.16,246.62,535.4,42.02,280.42,616.45,0.0,2776.08,0.59,9.47,1.202,R059
C07234,R0092,TRK048,road,125.7,729.06,285.43,1207.68,87.06,383.06,225.68,1393.0,4310.97,6.81,34.3,1.054,R092
C07235,R0050,TRK015,road,531.3,3081.54,1260.39,1370.65,469.93,768.32,101.75,0.0,7052.58,3.55,13.27,1.012,R050
C07236,R0028,TRK003,road,447.6,2596.08,983.81,1226.24,286.6,822.33,4.94,174.03,6094.02,1.25,13.61,1.091,R028
C07237,R0081,TRK035,road,276.2,1601.96,579.71,1038.25,197.52,410.19,336.68,0.0,4164.31,0.93,15.08,0.974,R081
C07238,R0010,TRK043,road,324.4,1881.52,775.8,1196.08,254.59,467.4,25.99,0.0,4601.38,0.96,14.18,1.063,R010
C07239,R0074,TRK038,road,108.7,630.46,207.14,1069.81,71.69,571.77,676.77,0.0,3227.64,1.82,29.69,1.165,R074
C07240,R0092,TRK005,road,466.3,2704.54,976.47,1200.51,326.73,313.41,344.38,518.94,6384.98,21.19,13.69,1.135,R092
C07241,R0077,TRK038,road,419.7,2434.26,1059.65,1217.06,377.68,328.86,213.74,0.0,5631.25,1.53,13.42,1.14,R077
C07242,R0068,TRK032,road,191.9,1113.02,377.62,1008.62,161.5,875.55,3.94,728.43,4268.69,1.62,22.24,0.967,R068
C07243,R0051,TRK049,road,139.8,810.84,268.97,1229.8,84.57,475.01,344.28,0.0,3213.48,2.87,22.99,1.24,R051
C07244,R0068,TRK012,rail,169.3,609.48,122.46,364.62,21.05,446.96,474.88,0.0,2039.45,1.16,12.05,1.246,R068
C07245,R0050,TRK007,road,265.5,1539.9,524.67,1045.44,181.35,480.69,229.83,0.0,4001.87,2.55,15.07,1.125,R050
C07246,R0058,TRK007,road,91.8,532.44,176.91,1360.72,56.18,396.8,185.75,0.0,2708.8,4.65,29.51,1.032,R058
C07247,R0030,TRK030,local,313.9,2573.98,778.71,752.85,81.59,407.49,39.19,0.0,4633.79,1.02,14.76,1.0,R030
C07248,R0004,TRK030,rail,343.0,1234.8,239.16,491.17,53.09,377.77,334.5,987.86,3718.36,8.97,10.84,1.085,R004
C07249,R0012,TRK001,rail,466.2,1678.32,408.87,446.75,56.91,621.81,116.91,1592.63,4922.2,2.06,10.56,0.904,R012
C07250,R0051,TRK043,road,522.6,3031.08,1147.96,1371.23,446.63,285.29,697.96,0.0,6980.15,1.68,13.36,1.097,R051
C07251,R0077,TRK049,rail,291.1,1047.96,222.74,499.73,52.1,530.73,500.5,0.0,2853.76,0.77,9.8,1.055,R077
C07252,R0091,TRK042,road,520.4,3018.32,1279.94,1057.89,353.73,663.39,673.17,0.0,7046.44,1.53,13.54,0.964,R091
C07253,R0058,TRK028,local,522.7,4286.14,1538.09,929.04,121.22,529.89,247.01,0.0,7651.39,1.88,14.64,1.143,R058
C07254,R0022,TRK031,local,280.8,2302.56,866.96,1053.72,81.96,854.22,198.27,1524.09,6881.79,2.96,24.51,1.072,R022
C07255,R0014,TRK043,local,168.8,1384.16,434.27,1057.93,50.21,581.87,13.83,336.35,3858.61,0.99,22.86,0.947,R014
C07256,R0074,TRK050,road,96.5,559.7,181.58,1101.14,75.4,655.58,407.46,0.0,2980.86,0.69,30.89,1.089,R074
C07257,R0045,TRK015,road,150.4,872.32,361.92,1289.86,90.31,898.92,226.03,914.04,4653.4,2.7,30.94,1.041,R045
C07258,R0051,TRK010,local,263.2,2158.24,635.63,884.08,73.75,640.76,250.56,364.16,5007.18,1.05,19.02,0.908,R051
C07259,R0068,TRK035,rail,142.3,512.28,129.12,503.59,24.7,663.46,639.37,1624.91,4097.44,1.04,28.79,1.071,R068
C07260,R0036,TRK035,local,266.9,2188.58,668.98,925.83,58.83,190.05,248.82,0.0,4281.1,1.06,16.04,1.229,R036
C07261,R0068,TRK035,rail,238.5,858.6,183.74,424.77,37.94,320.62,596.13,0.0,2421.8,0.67,10.15,0.952,R068
C07262,R0016,TRK020,road,534.4,3099.52,1224.48,1155.14,420.68,666.61,593.19,0.0,7159.62,5.01,13.4,0.906,R016
C07263,R0030,TRK016,local,249.2,2043.44,799.53,1068.45,51.07,510.55,69.81,991.44,5534.29,2.89,22.21,0.979,R030
C07264,R0090,TRK005,road,67.4,390.92,135.09,1185.36,47.05,277.91,183.1,778.4,2997.83,0.94,44.48,1.026,R090
C07265,R0045,TRK014,road,425.0,2465.0,814.03,1179.92,379.86,841.17,68.28,0.0,5748.26,2.17,13.53,1.103,R045
C07266,R0090,TRK011,road,118.1,684.98,271.48,1269.7,82.09,241.7,292.08,786.28,3628.32,10.24,30.72,0.997,R090
C07267,R0060,TRK045,rail,441.8,1590.48,309.89,535.03,62.92,541.63,521.99,0.0,3561.93,0.95,8.06,1.225,R060
C07268,R0040,TRK033,rail,290.2,1044.72,234.22,456.35,48.95,850.6,85.68,0.0,2720.51,0.82,9.37,1.186,R040
C07269,R0071,TRK030,road,480.7,2788.06,1211.29,1045.4,393.77,160.88,323.51,1480.39,7403.3,1.61,15.4,1.249,R071
C07270,R0012,TRK044,road,144.8,839.84,357.36,1173.29,123.52,509.17,668.33,0.0,3671.52,0.91,25.36,1.093,R012
C07271,R0046,TRK026,road,289.1,1676.78,633.19,1262.66,211.77,710.92,548.09,0.0,5043.41,1.09,17.45,1.076,R046
C07272,R0019,TRK026,road,205.3,1190.74,408.68,1319.6,144.16,679.19,511.89,0.0,4254.26,0.93,20.72,0.93,R019
C07273,R0052,TRK029,road,116.8,677.44,224.53,1114.63,90.21,675.93,673.01,0.0,3455.74,1.76,29.59,0.932,R052
C07274,R0089,TRK021,road,43.4,251.72,100.86,1339.62,35.23,822.11,261.51,0.0,2811.05,9.02,64.77,1.068,R089
C07275,R0050,TRK001,road,397.1,2303.18,824.47,1228.89,317.52,354.25,536.53,1783.14,7347.98,3.11,18.5,1.195,R050
C07276,R0073,TRK042,rail,389.2,1401.12,272.16,427.85,68.84,380.27,656.74,0.0,3206.97,0.66,8.24,0.934,R073
C07277,R0013,TRK015,road,243.1,1409.98,473.83,983.03,150.19,354.47,386.27,0.0,3757.77,1.0,15.46,1.083,R013
C07278,R0061,TRK040,local,394.4,3234.08,1118.7,829.39,106.64,445.93,135.52,0.0,5870.26,2.16,14.88,1.068,R061
C07279,R0056,TRK045,road,407.8,2365.24,771.95,1217.45,256.17,514.35,415.05,1161.6,6701.81,3.93,16.43,1.215,R056
C07280,R0095,TRK049,road,136.1,789.38,342.85,1437.95,116.89,239.3,164.99,0.0,3091.36,0.79,22.71,1.204,R095
C07281,R0038,TRK042,road,254.4,1475.52,532.1,1401.01,206.11,660.46,271.97,0.0,4547.16,2.6,17.87,1.088,R038
C07282,R0018,TRK018,road,419.9,2435.42,897.51,992.78,362.83,442.87,323.31,1175.57,6630.29,3.75,15.79,1.151,R018
C07283,R0063,TRK034,road,384.3,2228.94,840.9,1359.96,262.34,249.41,159.66,0.0,5101.21,1.19,13.27,0.964,R063
C07284,R0094,TRK019,rail,270.5,973.8,186.07,421.58,37.06,841.06,116.08,1364.09,3939.75,1.04,14.56,1.101,R094
C07285,R0069,TRK036,road,247.6,1436.08,580.6,1298.99,198.83,190.0,283.75,0.0,3988.25,0.84,16.11,1.165,R069
C07286,R0052,TRK046,rail,51.8,186.48,42.56,533.69,7.85,550.52,218.42,0.0,1539.52,0.4,29.72,1.049,R052
C07287,R0010,TRK020,road,297.9,1727.82,585.83,997.74,256.61,286.78,354.52,248.5,4457.8,1.32,14.96,1.023,R010
C07288,R0021,TRK030,rail,409.7,1474.92,360.88,382.45,61.01,266.02,460.66,425.84,3431.78,1.0,8.38,0.919,R021
C07289,R0001,TRK022,road,542.3,3145.34,1016.11,1338.39,426.4,531.32,231.87,1388.33,8077.75,3.24,14.9,0.939,R001
C07290,R0006,TRK012,road,263.0,1525.4,560.16,1171.58,176.15,465.44,592.14,1161.55,5652.41,1.35,21.49,0.909,R006
C07291,R0072,TRK013,road,43.5,252.3,96.48,1104.27,27.04,283.23,630.19,598.47,2991.98,4.06,68.78,1.001,R072
C07292,R0014,TRK012,road,92.9,538.82,211.91,1203.07,76.46,694.92,0.33,0.0,2725.51,1.15,29.34,1.157,R014
C07293,R0080,TRK047,road,405.5,2351.9,917.19,1250.19,280.28,452.66,537.23,0.0,5789.46,1.61,14.28,0.935,R080
C07294,R0080,TRK018,local,129.2,1059.44,320.99,862.7,33.55,301.24,0.11,0.0,2578.04,0.76,19.95,0.958,R080
C07295,R0091,TRK025,road,58.5,339.3,131.71,1107.44,45.54,443.85,200.99,369.79,2638.62,8.29,45.1,1.058,R091
C07296,R0042,TRK049,local,215.7,1768.74,681.17,943.28,47.47,208.09,207.99,0.0,3856.74,1.56,17.88,0.985,R042
C07297,R0028,TRK029,road,494.5,2868.1,972.47,1091.83,370.01,313.64,585.15,1166.82,7368.02,2.3,14.9,1.05,R028
C07298,R0078,TRK001,road,289.0,1676.2,678.49,1321.3,238.67,376.25,542.44,0.0,4833.35,1.53,16.72,1.002,R078
C07299,R0090,TRK021,road,436.9,2534.02,890.31,964.1,380.37,282.48,401.82,688.5,6141.61,2.22,14.06,0.955,R090
C07300,R0027,TRK008,road,94.8,549.84,216.54,1015.6,80.56,241.26,683.87,0.0,2787.66,0.71,29.41,1.194,R027
C07301,R0093,TRK039,road,231.4,1342.12,449.49,1099.78,177.37,155.74,163.15,0.0,3387.66,1.19,14.64,1.168,R093
C07302,R0056,TRK039,road,227.8,1321.24,449.74,983.26,185.58,431.78,690.79,1682.05,5744.45,2.44,25.22,1.179,R056
C07303,R0014,TRK004,local,287.8,2359.96,888.17,833.78,64.98,236.5,78.65,0.0,4462.04,1.02,15.5,1.059,R014
C07304,R0044,TRK028,road,500.8,2904.64,1172.13,1174.03,311.57,259.55,295.69,0.0,6117.61,1.38,12.22,0.911,R044
C07305,R0066,TRK049,road,117.3,680.34,283.94,1090.97,84.41,571.26,213.69,0.0,2924.61,0.67,24.93,1.194,R066
C07306,R0074,TRK028,local,117.8,965.96,304.67,1010.59,30.38,277.51,218.97,0.0,2808.08,0.79,23.84,1.214,R074
C07307,R0049,TRK015,road,434.0,2517.2,1056.16,1145.5,326.14,268.66,27.11,0.0,5340.77,1.81,12.31,0.985,R049
C07308,R0042,TRK006,road,67.0,388.6,149.35,1163.24,43.61,628.62,441.28,1177.16,3991.86,1.03,59.58,1.168,R042
C07309,R0097,TRK005,rail,69.1,248.76,52.02,376.17,10.12,190.59,56.28,523.29,1457.23,2.47,21.09,1.011,R097
C07310,R0043,TRK009,rail,92.0,331.2,66.68,404.9,13.89,363.33,593.97,0.0,1773.96,0.88,19.28,1.026,R043
C07311,R0034,TRK032,road,87.4,506.92,186.6,1183.25,78.44,469.03,204.44,0.0,2628.68,0.65,30.08,1.02,R034
C07312,R0061,TRK037,rail,175.4,631.44,142.69,428.43,27.65,200.46,619.01,1533.34,3583.02,0.9,20.43,0.944,R061
C07313,R0079,TRK046,road,345.5,2003.9,723.09,1372.51,249.66,813.47,34.66,0.0,5197.29,2.08,15.04,1.026,R079
C07314,R0091,TRK026,road,348.5,2021.3,767.55,1349.72,264.33,171.4,517.92,317.83,5410.05,12.44,15.52,1.059,R091
C07315,R0099,TRK003,local,78.5,643.7,191.71,965.29,16.98,683.04,199.03,0.0,2699.76,1.17,34.39,0.962,R099
C07316,R0051,TRK010,road,176.6,1024.28,353.32,986.96,126.38,573.44,237.49,0.0,3301.87,0.93,18.7,1.138,R051
C07317,R0055,TRK031,local,346.7,2842.94,927.51,797.98,89.42,755.98,28.92,1362.76,6805.52,2.25,19.63,0.982,R055
C07318,R0076,TRK045,road,371.1,2152.38,901.23,1200.89,232.24,285.45,361.8,0.0,5133.98,1.99,13.83,1.221,R076
C07319,R0007,TRK032,road,513.6,2978.88,1086.33,1193.47,412.93,397.38,681.86,645.31,7396.16,19.87,14.4,1.17,R007
C07320,R0061,TRK015,road,118.9,689.62,249.78,1246.8,85.66,837.55,526.71,1721.14,5357.28,1.24,45.06,1.24,R061
C07321,R0043,TRK024,road,150.7,874.06,336.7,1129.69,115.92,735.9,263.0,0.0,3455.28,1.85,22.93,1.029,R043
C07322,R0029,TRK022,road,221.5,1284.7,437.89,1137.45,191.58,854.37,251.64,1456.18,5613.81,1.35,25.34,1.123,R029
C07323,R0008,TRK022,road,464.8,2695.84,875.76,1161.21,385.03,363.92,552.5,0.0,6034.26,17.01,12.98,1.003,R008
C07324,R0029,TRK016,local,445.0,3649.0,1079.92,848.3,131.55,518.82,100.92,0.0,6328.5,3.53,14.22,1.078,R029
C07325,R0051,TRK019,road,155.8,903.64,324.97,1023.93,112.25,509.96,298.23,0.0,3172.98,1.01,20.37,0.959,R051
C07326,R0026,TRK026,road,432.9,2510.82,914.59,998.32,295.6,281.34,410.92,298.33,5709.9,1.5,13.19,1.181,R026
C07327,R0075,TRK026,road,478.2,2773.56,1040.42,1054.11,367.76,715.96,178.49,0.0,6130.3,1.5,12.82,0.957,R075
C07328,R0099,TRK034,road,112.8,654.24,272.5,981.38,71.68,532.89,203.87,1329.35,4045.91,1.22,35.87,0.915,R099
C07329,R0059,TRK034,rail,194.6,700.56,137.27,509.86,29.22,556.29,147.61,0.0,2080.82,1.13,10.69,1.145,R059
C07330,R0060,TRK047,road,544.4,3157.52,1083.99,1271.9,347.17,256.62,341.31,0.0,6458.51,5.26,11.86,1.084,R060
C07331,R0027,TRK005,road,420.9,2441.22,948.82,1393.55,292.66,246.63,213.34,287.0,5823.21,2.21,13.84,0.948,R027
C07332,R0033,TRK047,road,52.3,303.34,102.57,1372.92,32.18,332.34,595.88,0.0,2739.22,0.95,52.38,1.104,R033
C07333,R0075,TRK025,road,435.4,2525.32,967.9,1022.88,279.84,503.92,620.68,0.0,5920.54,1.23,13.6,0.967,R075
C07334,R0071,TRK036,road,426.8,2475.44,990.94,1062.15,262.25,409.84,478.93,120.78,5800.34,3.89,13.59,1.112,R071
C07335,R0100,TRK016,road,255.9,1484.22,516.44,1053.28,154.76,696.05,36.84,0.0,3941.59,1.04,15.4,0.925,R100
C07336,R0061,TRK009,road,506.5,2937.7,1260.01,1100.51,407.7,874.71,83.87,0.0,6664.52,2.01,13.16,0.956,R061
C07337,R0031,TRK046,road,69.7,404.26,135.9,1045.19,49.24,203.37,433.79,0.0,2271.74,0.54,32.59,0.944,R031
C07338,R0026,TRK028,road,194.6,1128.68,451.17,980.39,143.48,312.49,598.82,0.0,3615.04,1.79,18.58,1.127,R026
C07339,R0094,TRK012,road,145.0,841.0,309.62,1062.09,93.67,538.76,241.69,669.14,3755.98,1.26,25.9,1.006,R094
C07340,R0024,TRK007,road,97.5,565.5,239.47,1040.92,75.96,455.47,53.14,1004.78,3435.24,1.04,35.23,1.115,R024
C07341,R0032,TRK033,local,452.7,3712.14,1403.15,812.07,98.46,655.28,142.47,5.13,6828.7,1.77,15.08,1.017,R032
C07342,R0013,TRK031,local,443.5,3636.7,1425.19,969.45,123.7,488.19,214.83,0.0,6858.06,2.11,15.46,0.935,R013
C07343,R0010,TRK005,road,100.7,584.06,242.27,1219.01,87.41,168.96,339.87,1261.08,3902.65,1.42,38.76,0.932,R010
C07344,R0059,TRK030,rail,456.6,1643.76,333.9,452.17,70.73,803.43,205.84,0.0,3509.83,1.44,7.69,0.96,R059
C07345,R0055,TRK033,road,260.3,1509.74,543.95,1418.04,172.98,210.98,317.89,0.0,4173.58,2.9,16.03,1.244,R055
C07346,R0051,TRK027,road,338.7,1964.46,744.82,1371.37,245.69,461.51,221.68,781.43,5790.95,16.2,17.1,1.077,R051
C07347,R0028,TRK026,road,373.9,2168.62,908.24,1281.24,312.94,293.62,408.7,0.0,5373.35,1.76,14.37,1.174,R028
C07348,R0094,TRK025,road,439.1,2546.78,931.76,1308.21,317.08,358.47,615.84,0.0,6078.15,1.48,13.84,0.988,R094
C07349,R0037,TRK032,rail,222.8,802.08,154.61,369.34,39.56,510.7,353.12,0.0,2229.4,1.43,10.01,0.902,R037
C07350,R0072,TRK031,local,36.2,296.84,95.89,1034.59,7.47,845.54,171.42,0.0,2451.75,0.6,67.73,1.193,R072
C07351,R0065,TRK038,road,433.1,2511.98,922.79,1186.94,356.04,386.77,508.75,0.0,5873.28,3.19,13.56,0.999,R065
C07352,R0057,TRK010,local,284.1,2329.62,809.7,803.58,57.44,872.56,254.41,1221.9,6349.2,1.89,22.35,1.13,R057
C07353,R0051,TRK044,rail,456.8,1644.48,326.17,360.08,75.92,190.91,484.38,0.0,3081.94,1.71,6.75,1.165,R051
C07354,R0024,TRK044,road,489.1,2836.78,1115.23,1414.89,411.83,301.13,137.81,0.0,6217.67,2.05,12.71,1.095,R024
C07355,R0011,TRK028,road,109.5,635.1,216.0,1100.42,92.46,680.57,79.95,0.0,2804.51,2.8,25.61,0.988,R011
C07356,R0081,TRK022,road,525.6,3048.48,1210.32,1077.21,458.12,360.94,478.54,1048.87,7682.48,1.55,14.62,1.14,R081
C07357,R0067,TRK035,rail,135.7,488.52,97.23,539.09,20.34,597.17,67.88,874.04,2684.27,0.96,19.78,0.995,R067
C07358,R0063,TRK036,road,250.8,1454.64,614.54,1347.46,158.37,519.7,461.84,0.0,4556.55,5.65,18.17,0.964,R063
C07359,R0063,TRK022,road,331.6,1923.28,729.12,970.87,212.95,328.22,160.52,0.0,4324.95,1.58,13.04,1.213,R063
C07360,R0032,TRK012,road,255.3,1480.74,566.52,1237.05,209.9,403.33,344.14,0.0,4241.68,1.13,16.61,1.057,R032
C07361,R0029,TRK007,local,197.7,1621.14,629.67,927.95,49.36,446.04,185.76,0.0,3859.92,1.02,19.52,1.153,R029
C07362,R0028,TRK017,road,508.5,2949.3,1116.37,1317.1,346.48,403.7,95.01,116.53,6344.49,1.31,12.48,0.955,R028
C07363,R0066,TRK024,road,481.4,2792.12,982.25,1094.31,389.71,744.65,39.3,0.0,6042.34,4.55,12.55,1.189,R066
C07364,R0015,TRK012,local,459.1,3764.62,1361.91,1046.29,96.07,726.32,66.15,1453.02,8514.37,3.12,18.55,0.945,R015
C07365,R0023,TRK050,rail,413.2,1487.52,375.11,406.61,71.02,735.15,323.59,0.0,3399.01,4.05,8.23,0.964,R023
C07366,R0088,TRK013,rail,225.0,810.0,204.77,518.43,31.17,232.7,193.14,0.0,1990.21,1.09,8.85,1.239,R088
C07367,R0091,TRK020,road,294.4,1707.52,602.89,1105.25,224.31,759.76,270.9,0.0,4670.62,2.92,15.86,1.09,R091
C07368,R0028,TRK029,local,491.5,4030.3,1286.31,956.2,101.14,437.07,198.64,1055.57,8065.23,11.43,16.41,0.979,R028
C07369,R0039,TRK018,local,325.6,2669.92,1008.07,794.18,89.82,898.11,287.65,1596.96,7344.71,1.63,22.56,1.005,R039
C07370,R0060,TRK022,road,162.0,939.6,333.73,1144.74,110.04,468.63,466.36,0.0,3463.09,3.1,21.38,1.073,R060
C07371,R0006,TRK012,road,480.0,2784.0,1195.34,1287.81,305.15,306.98,524.1,0.0,6403.39,6.53,13.34,1.234,R006
C07372,R0062,TRK004,road,493.9,2864.62,941.36,1385.99,357.89,547.37,394.11,0.0,6491.34,2.05,13.14,1.146,R062
C07373,R0014,TRK045,road,501.3,2907.54,962.29,1053.51,385.86,818.79,254.0,191.1,6573.08,4.35,13.11,0.98,R014
C07374,R0081,TRK041,road,122.5,710.5,262.53,1082.78,84.64,711.89,462.09,1168.98,4483.41,4.03,36.6,0.978,R081
C07375,R0060,TRK021,road,206.5,1197.7,520.35,1401.92,162.15,748.45,170.01,15.61,4216.19,3.45,20.42,1.157,R060
C07376,R0062,TRK003,road,342.3,1985.34,844.16,1219.41,268.07,563.07,199.87,1728.18,6808.11,5.64,19.89,1.208,R062
C07377,R0006,TRK019,rail,361.5,1301.4,311.56,529.65,60.59,836.07,530.98,86.48,3656.74,2.1,10.12,1.19,R006
C07378,R0010,TRK002,road,433.5,2514.3,1067.31,1179.3,341.58,703.66,359.7,0.0,6165.86,1.49,14.22,1.071,R010
C07379,R0064,TRK015,road,278.4,1614.72,702.73,1354.4,198.11,653.52,294.41,1453.94,6271.84,5.76,22.53,1.013,R064
C07380,R0045,TRK009,road,59.4,344.52,122.36,963.08,36.12,763.32,317.14,1002.85,3549.39,0.96,59.75,1.223,R045
C07381,R0014,TRK015,rail,266.9,960.84,194.94,448.04,32.93,577.86,631.15,0.0,2845.77,0.79,10.66,1.094,R014
C07382,R0035,TRK005,road,433.9,2516.62,895.38,1352.25,327.76,329.48,441.01,255.99,6118.5,19.62,14.1,1.129,R035
C07383,R0073,TRK048,road,107.9,625.82,260.35,1338.03,95.11,507.36,691.38,0.0,3518.04,0.95,32.6,1.099,R073
C07384,R0006,TRK038,road,535.6,3106.48,1058.35,1189.27,480.22,516.9,129.86,1119.53,7600.6,1.98,14.19,1.177,R006
C07385,R0005,TRK011,local,280.7,2301.74,767.09,781.15,76.16,722.64,48.65,0.0,4697.42,3.17,16.73,1.09,R005
C07386,R0084,TRK039,road,49.2,285.36,95.05,1007.6,40.8,370.73,184.44,0.0,1983.98,0.49,40.32,0.911,R084
C07387,R0038,TRK045,rail,124.7,448.92,100.87,381.07,16.43,793.95,213.8,1235.02,3190.07,2.12,25.58,0.9,R038
C07388,R0089,TRK047,road,206.8,1199.44,482.71,1100.18,124.8,217.25,393.37,195.44,3713.18,1.8,17.96,1.161,R089
C07389,R0060,TRK015,road,499.1,2894.78,1079.19,1283.55,312.13,427.42,478.31,1047.51,7522.88,1.96,15.07,0.984,R060
C07390,R0064,TRK006,road,389.9,2261.42,797.72,1163.26,304.38,788.06,306.46,281.04,5902.34,3.68,15.14,1.134,R064
C07391,R0021,TRK010,road,368.8,2139.04,917.45,1356.59,277.28,769.96,14.51,873.28,6348.11,3.73,17.21,0.993,R021
C07392,R0075,TRK036,road,492.6,2857.08,1112.13,1147.07,322.9,361.85,90.03,0.0,5891.06,3.4,11.96,1.048,R075
C07393,R0097,TRK032,road,548.2,3179.56,1128.52,1310.36,447.68,730.96,342.46,279.33,7418.87,1.91,13.53,1.026,R097
C07394,R0022,TRK015,local,334.9,2746.18,890.8,997.15,89.38,821.63,269.78,535.62,6350.54,3.08,18.96,0.957,R022
C07395,R0025,TRK011,rail,413.1,1487.16,333.14,452.09,66.61,642.03,275.77,891.83,4148.64,2.04,10.04,1.043,R025
C07396,R0045,TRK029,road,285.8,1657.64,714.67,1368.95,213.86,200.36,222.88,0.0,4378.35,0.9,15.32,1.069,R045
C07397,R0070,TRK010,road,257.8,1495.24,615.37,1038.84,171.67,800.37,683.16,0.0,4804.65,1.03,18.64,1.214,R070
C07398,R0052,TRK005,rail,346.2,1246.32,310.67,536.91,58.08,753.81,637.96,568.1,4111.86,1.29,11.88,1.118,R052
C07399,R0002,TRK016,road,52.5,304.5,101.29,1414.56,35.44,689.65,209.25,0.0,2754.69,0.85,52.47,1.204,R002
C07400,R0023,TRK040,local,511.4,4193.48,1345.17,1057.07,118.73,879.32,126.45,1074.17,8794.39,20.36,17.2,1.133,R023
C07401,R0069,TRK031,road,430.5,2496.9,973.66,1289.38,355.16,238.37,51.85,0.0,5405.32,4.2,12.56,1.223,R069
C07402,R0059,TRK023,road,163.5,948.3,390.56,1255.55,141.21,553.2,463.85,0.0,3752.68,0.9,22.95,1.2,R059
C07403,R0071,TRK005,road,477.1,2767.18,1178.99,1099.74,321.9,476.48,176.54,0.0,6020.83,1.47,12.62,1.144,R071
C07404,R0026,TRK036,road,404.7,2347.26,790.3,1021.8,350.66,683.39,381.71,0.0,5575.12,1.44,13.78,1.042,R026
C07405,R0027,TRK017,road,175.6,1018.48,396.54,1039.62,157.01,741.77,89.75,1351.52,4794.69,0.99,27.3,1.21,R027
C07406,R0001,TRK016,local,275.9,2262.38,743.57,832.85,74.96,552.78,53.89,905.55,5425.98,2.09,19.67,0.968,R001
C07407,R0059,TRK040,road,396.6,2300.28,876.23,1193.36,292.94,242.54,678.96,0.0,5584.31,3.64,14.08,1.023,R059
C07408,R0005,TRK041,road,465.2,2698.16,1026.52,1087.62,327.04,670.54,187.51,0.0,5997.39,1.32,12.89,1.086,R005
C07409,R0082,TRK047,road,318.6,1847.88,713.62,1370.69,244.04,289.54,394.9,0.0,4860.68,1.53,15.26,0.936,R082
C07410,R0099,TRK048,local,268.6,2202.52,715.7,942.82,70.24,451.74,0.33,0.0,4383.36,3.5,16.32,1.083,R099
C07411,R0060,TRK039,road,172.9,1002.82,393.73,1379.7,117.47,541.49,332.11,0.0,3767.32,8.11,21.79,1.186,R060
C07412,R0059,TRK039,road,166.7,966.86,388.81,1371.61,147.79,200.65,298.39,0.0,3374.11,0.68,20.24,1.041,R059
C07413,R0015,TRK015,rail,224.9,809.64,181.65,436.91,35.38,833.21,273.85,228.85,2799.48,2.74,12.45,0.927,R015
C07414,R0065,TRK013,road,492.8,2858.24,1066.36,1232.57,388.56,264.41,596.18,0.0,6406.31,6.31,13.0,0.962,R065
C07415,R0046,TRK042,road,250.2,1451.16,520.06,1343.46,200.12,473.05,433.66,1512.8,5934.32,1.25,23.72,0.999,R046
C07416,R0096,TRK042,road,502.7,2915.66,1099.46,1236.42,441.71,419.07,459.12,350.6,6922.04,1.5,13.77,1.119,R096
C07417,R0050,TRK010,local,475.8,3901.56,1380.73,960.74,131.05,745.94,55.52,0.0,7175.54,1.94,15.08,0.937,R050
C07418,R0012,TRK016,local,416.0,3411.2,1091.54,828.5,98.53,229.61,63.41,140.04,5862.82,2.06,14.09,1.218,R012
C07419,R0059,TRK036,road,461.1,2674.38,1143.26,1423.45,381.78,302.68,464.75,0.0,6390.29,2.65,13.86,0.996,R059
C07420,R0008,TRK048,road,469.4,2722.52,1006.69,1429.32,394.07,455.29,533.11,0.0,6541.0,2.47,13.93,1.053,R008
C07421,R0018,TRK039,road,531.1,3080.38,1186.04,1422.87,439.31,779.48,180.4,0.0,7088.47,5.59,13.35,0.998,R018
C07422,R0030,TRK033,road,503.0,2917.4,1189.11,1109.57,322.75,555.28,509.79,0.0,6603.9,2.41,13.13,1.054,R030
C07423,R0038,TRK023,road,115.1,667.58,272.87,1261.85,84.6,375.52,212.48,0.0,2874.9,1.29,24.98,0.918,R038
C07424,R0011,TRK004,road,90.3,523.74,178.12,1147.63,66.57,736.92,663.45,0.0,3316.43,0.8,36.73,0.98,R011
C07425,R0074,TRK012,road,460.7,2672.06,1037.61,1073.44,337.21,232.43,405.41,0.0,5758.17,1.42,12.5,0.94,R074
C07426,R0063,TRK012,road,125.2,726.16,310.19,1192.08,77.68,628.83,201.33,0.0,3136.27,0.85,25.05,1.238,R063
C07427,R0037,TRK001,local,349.0,2861.8,953.32,742.57,84.79,195.52,69.19,1739.37,6646.56,1.56,19.04,0.967,R037
C07428,R0032,TRK013,road,265.4,1539.32,619.29,1185.18,180.71,687.27,88.63,475.72,4776.11,1.21,18.0,1.205,R032
C07429,R0007,TRK045,rail,286.9,1032.84,237.89,402.05,40.27,822.44,412.14,0.0,2947.62,4.38,10.27,1.094,R007
C07430,R0028,TRK016,local,446.2,3658.84,1336.84,740.24,108.97,784.37,3.43,0.0,6632.7,6.88,14.86,0.936,R028
C07431,R0070,TRK025,road,313.8,1820.04,784.32,1427.8,267.79,423.22,528.9,0.0,5252.06,1.2,16.74,1.232,R070
C07432,R0001,TRK026,local,324.9,2664.18,912.13,950.47,71.87,730.04,265.93,622.68,6217.29,5.04,19.14,1.11,R001
C07433,R0031,TRK005,local,391.1,3207.02,1122.55,778.71,79.25,495.88,18.83,0.0,5702.24,5.54,14.58,1.063,R031
C07434,R0016,TRK010,road,356.4,2067.12,786.65,1354.06,299.44,275.56,506.72,0.0,5289.55,1.24,14.84,0.904,R016
C07435,R0024,TRK018,road,416.4,2415.12,1010.96,1177.79,328.4,875.22,655.66,494.6,6957.75,1.44,16.71,1.065,R024
C07436,R0073,TRK020,local,486.5,3989.3,1277.69,1075.61,121.03,537.59,67.57,0.0,7068.78,1.57,14.53,1.238,R073
C07437,R0085,TRK017,road,244.7,1419.26,504.39,1185.16,161.38,218.33,199.68,0.0,3688.21,1.11,15.07,1.214,R085
C07438,R0036,TRK016,road,216.4,1255.12,446.73,1292.02,175.21,436.06,399.76,369.54,4374.42,0.99,20.21,1.039,R036
C07439,R0081,TRK024,road,274.8,1593.84,687.44,1374.34,220.75,752.73,291.3,0.0,4920.39,2.11,17.91,1.019,R081
C07440,R0047,TRK037,local,532.7,4368.14,1689.17,949.25,135.37,784.01,130.98,1520.89,9577.81,4.45,17.98,1.041,R047
C07441,R0051,TRK033,rail,345.1,1242.36,254.52,397.37,53.33,799.25,295.36,0.0,3042.19,2.06,8.82,0.917,R051
C07442,R0019,TRK040,local,133.3,1093.06,418.57,962.51,27.37,558.74,212.82,0.0,3273.07,4.38,24.55,0.977,R019
C07443,R0023,TRK022,road,284.0,1647.2,706.92,1387.58,225.63,172.83,178.05,0.0,4318.22,4.29,15.21,1.249,R023
C07444,R0039,TRK028,road,518.7,3008.46,1192.51,1208.54,359.4,798.25,111.73,0.0,6678.89,5.85,12.88,0.903,R039
C07445,R0018,TRK037,road,139.4,808.52,306.8,1071.31,116.48,893.49,287.18,0.0,3483.77,0.81,24.99,1.16,R018
C07446,R0040,TRK042,road,390.1,2262.58,742.19,1204.85,321.93,687.85,350.22,0.0,5569.62,2.7,14.28,1.201,R040
C07447,R0044,TRK047,road,448.8,2603.04,1043.38,1247.58,354.36,186.05,379.37,603.89,6417.66,19.56,14.3,1.156,R044
C07448,R0069,TRK039,road,292.8,1698.24,739.87,1163.03,226.99,186.33,405.56,510.57,4930.59,1.38,16.84,1.121,R069
C07449,R0049,TRK040,road,400.3,2321.74,999.8,968.91,289.01,376.51,84.35,0.0,5040.32,3.36,12.59,0.96,R049
C07450,R0021,TRK003,road,263.1,1525.98,616.08,1017.02,229.6,566.8,393.96,0.0,4349.45,1.02,16.53,1.058,R021
C07451,R0077,TRK050,rail,257.7,927.72,218.08,490.1,32.57,572.64,89.14,0.0,2330.24,0.96,9.04,0.942,R077
C07452,R0030,TRK013,road,539.6,3129.68,1032.61,1339.2,478.7,613.55,366.03,127.82,7087.59,6.22,13.13,1.2,R030
C07453,R0067,TRK006,rail,189.0,680.4,159.53,526.61,33.93,612.86,450.63,0.0,2463.98,0.54,13.04,1.143,R067
C07454,R0035,TRK024,local,247.5,2029.5,601.41,815.38,57.76,648.52,257.01,0.0,4409.59,7.83,17.82,1.121,R035
C07455,R0004,TRK046,road,305.4,1771.32,691.11,1294.13,200.01,379.09,42.95,0.0,4378.61,9.22,14.34,1.042,R004
C07456,R0094,TRK030,local,206.0,1689.2,527.59,921.47,43.74,359.22,275.31,0.0,3816.54,2.16,18.53,1.075,R094
C07457,R0098,TRK045,road,313.6,1818.88,611.07,1390.98,275.05,890.28,253.18,0.0,5239.43,7.67,16.71,1.191,R098
C07458,R0030,TRK047,road,84.9,492.42,198.73,1131.17,65.49,788.63,100.57,752.96,3529.98,1.26,41.58,1.249,R030
C07459,R0003,TRK008,road,119.4,692.52,273.35,1407.42,99.25,749.99,383.68,0.0,3606.21,2.27,30.2,0.939,R003
C07460,R0090,TRK019,road,30.1,174.58,59.32,1047.75,21.87,408.72,225.71,0.0,1937.95,0.44,64.38,1.034,R090
C07461,R0079,TRK001,rail,393.9,1418.04,323.36,458.13,48.27,657.46,683.73,530.68,4119.67,0.85,10.46,0.959,R079
C07462,R0067,TRK042,road,542.0,3143.6,1180.61,1193.77,410.69,592.92,275.64,1048.36,7845.59,1.59,14.48,1.035,R067
C07463,R0095,TRK023,road,81.0,469.8,184.08,1388.15,69.6,874.76,428.24,0.0,3414.63,1.26,42.16,1.109,R095
C07464,R0027,TRK023,local,177.9,1458.78,491.04,811.2,45.22,863.09,61.37,50.41,3781.1,0.79,21.25,1.022,R027
C07465,R0006,TRK043,road,313.2,1816.56,770.54,1369.43,247.53,259.45,32.81,0.0,4496.31,3.03,14.36,1.005,R006
C07466,R0011,TRK026,road,392.8,2278.24,860.34,1299.79,258.87,701.55,288.48,0.0,5687.27,1.66,14.48,1.069,R011
C07467,R0100,TRK026,road,339.2,1967.36,657.95,1088.08,238.42,897.85,487.97,0.0,5337.63,2.65,15.74,1.22,R100
C07468,R0038,TRK015,road,485.4,2815.32,966.44,1398.08,307.15,315.41,438.26,573.2,6813.86,1.72,14.04,0.941,R038
C07469,R0090,TRK005,road,173.4,1005.72,438.17,1423.57,114.96,426.78,367.82,1463.89,5240.92,2.31,30.22,1.148,R090
C07470,R0084,TRK023,road,430.4,2496.32,907.04,1051.23,375.0,710.88,339.25,0.0,5879.72,6.02,13.66,1.052,R084
C07471,R0023,TRK026,local,72.4,593.68,222.31,903.1,16.07,487.49,157.63,0.0,2380.27,0.53,32.88,1.124,R023
C07472,R0090,TRK003,road,134.0,777.2,286.52,1139.5,113.58,365.76,270.12,1322.66,4275.33,1.99,31.91,1.225,R090
C07473,R0100,TRK005,road,273.6,1586.88,591.5,1151.45,194.62,398.45,393.87,0.0,4316.77,1.44,15.78,0.951,R100
C07474,R0097,TRK026,road,178.1,1032.98,405.4,1201.41,131.63,668.8,420.62,0.0,3860.84,4.67,21.68,1.076,R097
C07475,R0099,TRK007,road,385.7,2237.06,762.51,1369.81,250.84,706.35,175.66,1103.24,6605.48,9.05,17.13,1.009,R099
C07476,R0055,TRK018,road,400.7,2324.06,761.02,1316.2,353.59,834.2,685.67,0.0,6274.74,8.89,15.66,1.032,R055
C07477,R0003,TRK010,local,356.4,2922.48,1092.33,767.76,106.71,636.63,235.3,1337.0,7098.23,1.49,19.92,0.94,R003
C07478,R0065,TRK001,road,488.9,2835.62,1229.17,1026.14,351.02,375.6,590.55,0.0,6408.11,1.65,13.11,1.209,R065
C07479,R0093,TRK005,road,394.3,2286.94,801.0,1221.12,285.39,494.73,161.02,0.0,5250.21,1.14,13.32,1.16,R093
C07480,R0074,TRK004,road,111.4,646.12,227.68,1077.66,79.76,779.64,131.13,0.0,2942.0,1.89,26.41,1.118,R074
C07481,R0023,TRK032,local,403.0,3304.6,966.71,928.83,113.6,676.7,190.0,0.0,6180.43,3.3,15.34,1.226,R023
C07482,R0061,TRK023,road,322.9,1872.82,645.3,985.05,248.34,699.09,120.61,0.0,4571.21,2.74,14.16,1.227,R061
C07483,R0075,TRK020,road,421.9,2447.02,916.49,1145.62,279.2,296.0,256.38,414.55,5755.26,1.24,13.64,1.038,R075
C07484,R0054,TRK046,road,240.1,1392.58,540.84,1171.48,176.41,339.47,414.21,0.0,4035.0,1.81,16.81,0.936,R054
C07485,R0062,TRK043,road,285.2,1654.16,702.62,1428.06,240.19,234.65,51.99,0.0,4311.67,1.9,15.12,1.162,R062
C07486,R0086,TRK049,rail,373.6,1344.96,273.39,381.1,51.23,179.84,621.23,0.0,2851.75,0.83,7.63,0.914,R086
C07487,R0081,TRK034,road,389.0,2256.2,977.6,1227.04,272.67,620.0,415.26,1482.22,7250.99,7.74,18.64,1.2,R081
C07488,R0097,TRK024,road,343.2,1990.56,863.92,1206.15,218.08,610.09,304.25,0.0,5193.05,1.73,15.13,0.973,R097
C07489,R0038,TRK050,road,456.6,2648.28,860.96,1078.56,407.95,804.25,142.45,0.0,5942.44,1.34,13.01,1.013,R038
C07490,R0097,TRK022,road,81.2,470.96,155.71,1118.44,51.3,834.66,557.31,0.0,3188.38,0.84,39.27,1.201,R097
C07491,R0072,TRK035,local,69.5,569.9,219.61,985.73,15.23,552.04,44.38,0.0,2386.9,1.07,34.34,0.977,R072
C07492,R0044,TRK040,local,399.9,3279.18,1198.58,723.34,112.26,446.2,222.36,0.0,5981.92,7.17,14.96,0.905,R044
C07493,R0083,TRK039,rail,434.7,1564.92,340.49,413.4,56.65,166.75,316.76,1064.16,3923.13,1.88,9.02,0.924,R083
C07494,R0035,TRK020,road,258.8,1501.04,500.67,1201.94,157.71,324.43,560.55,967.15,5213.5,2.05,20.14,0.92,R035
C07495,R0052,TRK011,local,437.6,3588.32,1113.84,868.58,131.13,873.15,181.58,0.0,6756.6,4.35,15.44,1.057,R052
C07496,R0037,TRK049,rail,502.9,1810.44,359.53,509.55,60.77,561.11,370.83,1544.96,5217.2,2.54,10.37,1.189,R037
C07497,R0087,TRK049,road,116.3,674.54,276.27,1285.19,100.44,280.57,161.99,0.0,2779.0,0.56,23.9,1.21,R087
C07498,R0025,TRK008,road,197.9,1147.82,477.32,1036.8,161.4,726.55,116.94,0.0,3666.84,2.55,18.53,0.92,R025
C07499,R0051,TRK033,road,363.5,2108.3,742.28,1253.33,262.1,650.2,480.75,0.0,5496.96,1.21,15.12,1.044,R051
C07500,R0001,TRK035,road,35.8,207.64,75.57,1260.84,24.33,599.84,365.07,0.0,2533.28,2.43,70.76,1.216,R001
C07501,R0054,TRK027,road,507.1,2941.18,1076.8,1044.35,318.29,302.31,505.98,0.0,6188.91,6.51,12.2,1.093,R054
C07502,R0050,TRK049,rail,462.6,1665.36,397.65,413.55,67.54,884.07,145.66,0.0,3573.83,1.35,7.73,0.938,R050
C07503,R0015,TRK025,road,314.7,1825.26,759.06,1301.09,225.48,741.32,107.47,0.0,4959.68,1.36,15.76,1.056,R015
C07504,R0010,TRK015,road,522.2,3028.76,1261.14,1336.83,352.85,672.68,699.93,0.0,7352.19,1.83,14.08,1.022,R010
C07505,R0082,TRK003,rail,338.3,1217.88,304.51,501.42,55.23,564.26,167.26,0.0,2810.56,3.34,8.31,1.203,R082
C07506,R0096,TRK018,road,210.9,1223.22,432.89,970.31,186.99,231.79,451.43,236.47,3733.1,1.54,17.7,1.141,R096
C07507,R0033,TRK013,local,86.1,706.02,255.51,878.12,19.25,284.29,97.7,587.21,2828.1,0.63,32.85,1.014,R033
C07508,R0044,TRK014,road,502.1,2912.18,1015.97,973.15,320.2,396.37,463.4,1294.3,7375.57,12.13,14.69,0.976,R044
C07509,R0035,TRK033,road,209.5,1215.1,416.44,1250.37,182.18,800.4,99.23,0.0,3963.73,1.19,18.92,1.011,R035
C07510,R0038,TRK047,local,337.0,2763.4,810.82,782.68,68.42,224.69,76.0,0.0,4726.01,1.54,14.02,0.996,R038
C07511,R0002,TRK022,rail,88.0,316.8,66.55,370.27,11.34,570.27,529.3,0.0,1864.53,0.48,21.19,1.061,R002
C07512,R0078,TRK013,road,223.5,1296.3,529.84,994.25,169.56,488.52,55.14,0.0,3533.61,0.82,15.81,1.054,R078
C07513,R0021,TRK012,rail,218.5,786.6,165.14,486.79,28.36,600.79,625.5,1360.26,4053.44,2.9,18.55,0.936,R021
C07514,R0097,TRK040,road,545.0,3161.0,1339.27,1174.87,359.85,325.02,626.07,0.0,6986.09,3.43,12.82,0.937,R097
C07515,R0052,TRK040,road,441.0,2557.8,946.5,1184.44,284.83,439.9,213.05,630.95,6257.47,2.02,14.19,1.173,R052
C07516,R0021,TRK020,road,406.9,2360.02,838.8,1020.41,245.82,301.48,380.99,0.0,5147.51,1.12,12.65,0.97,R021
C07517,R0085,TRK043,road,372.1,2158.18,789.58,1275.34,266.68,158.17,398.56,0.0,5046.52,5.24,13.56,0.989,R085
C07518,R0040,TRK025,road,104.1,603.78,195.94,1108.63,72.44,812.08,693.55,0.0,3486.42,4.79,33.49,1.046,R040
C07519,R0092,TRK036,road,454.8,2637.84,917.57,1229.79,405.83,745.91,68.0,0.0,6004.93,1.61,13.2,0.927,R092
C07520,R0067,TRK050,rail,94.3,339.48,76.99,505.89,12.29,161.81,513.37,0.0,1609.83,1.34,17.07,0.951,R067
C07521,R0044,TRK005,road,212.7,1233.66,403.23,961.36,137.44,462.84,387.96,0.0,3586.48,0.72,16.86,1.066,R044
C07522,R0097,TRK040,rail,384.8,1385.28,283.65,413.2,61.94,171.97,278.21,0.0,2594.25,0.77,6.74,0.992,R097
C07523,R0019,TRK030,road,173.6,1006.88,383.36,1349.43,145.04,184.15,290.28,255.42,3614.55,3.47,20.82,1.164,R019
C07524,R0022,TRK006,road,162.2,940.76,387.9,1406.48,129.55,709.97,149.33,0.0,3723.99,0.8,22.96,0.92,R022
C07525,R0052,TRK043,local,174.7,1432.54,556.11,794.64,38.83,836.74,267.34,0.0,3926.2,1.02,22.47,1.159,R052
C07526,R0030,TRK024,local,502.6,4121.32,1205.72,894.17,148.34,787.75,4.9,936.83,8099.03,3.06,16.11,0.931,R030
C07527,R0023,TRK027,road,461.2,2674.96,934.05,1081.28,382.24,275.69,560.0,993.64,6901.85,2.85,14.96,1.069,R023
C07528,R0056,TRK029,road,195.5,1133.9,464.91,1384.87,132.15,524.3,92.25,0.0,3732.39,0.78,19.09,1.155,R056
C07529,R0067,TRK023,road,436.0,2528.8,815.69,1392.5,365.25,823.18,678.89,1025.92,7630.24,2.25,17.5,1.113,R067
C07530,R0016,TRK011,road,63.0,365.4,156.83,1197.68,45.16,790.64,691.19,350.7,3597.6,1.68,57.1,1.186,R016
C07531,R0006,TRK045,road,262.7,1523.66,536.71,1292.4,187.69,808.45,173.16,0.0,4522.07,7.17,17.21,1.085,R006
C07532,R0091,TRK043,road,483.8,2806.04,1182.68,1085.43,291.71,776.78,239.78,0.0,6382.42,1.29,13.19,1.087,R091
C07533,R0035,TRK027,rail,125.4,451.44,102.21,494.6,16.29,331.35,572.65,968.79,2937.33,1.7,23.42,1.159,R035
C07534,R0019,TRK025,road,385.5,2235.9,789.19,1233.16,249.15,700.05,620.16,131.89,5959.51,4.11,15.46,1.188,R019
C07535,R0034,TRK001,local,406.2,3330.84,982.91,766.72,95.98,628.01,49.33,0.0,5853.78,3.48,14.41,1.084,R034
C07536,R0032,TRK019,local,314.8,2581.36,982.14,843.72,68.41,797.37,274.4,1089.23,6636.63,2.65,21.08,0.901,R032
C07537,R0055,TRK043,rail,339.9,1223.64,276.5,405.56,53.13,679.38,466.88,0.0,3105.08,0.83,9.14,1.032,R055
C07538,R0056,TRK033,local,399.0,3271.8,1264.95,966.62,94.26,620.95,234.25,1376.19,7829.02,2.45,19.62,1.04,R056
C07539,R0055,TRK030,road,53.2,308.56,115.91,1241.21,32.87,747.63,210.18,1263.28,3919.65,1.48,73.68,1.068,R055
C07540,R0090,TRK045,local,54.7,448.54,135.7,732.27,12.7,842.84,255.52,0.0,2427.57,0.65,44.38,1.065,R090
C07541,R0060,TRK030,road,414.5,2404.1,1038.07,1347.13,295.88,308.48,304.7,0.0,5698.36,1.21,13.75,1.124,R060
C07542,R0010,TRK022,road,514.8,2985.84,1241.33,1303.62,376.38,586.3,409.24,0.0,6902.7,1.84,13.41,0.922,R010
C07543,R0057,TRK009,road,424.8,2463.84,921.35,1192.95,369.97,558.09,271.58,61.75,5839.53,2.8,13.75,0.995,R057
C07544,R0035,TRK050,road,393.0,2279.4,747.72,1037.11,285.16,285.09,525.87,808.53,5968.88,1.56,15.19,1.126,R035
C07545,R0060,TRK046,local,168.9,1384.98,402.27,982.08,39.72,280.28,162.54,0.0,3251.87,0.93,19.25,1.012,R060
C07546,R0051,TRK012,road,45.2,262.16,101.84,1326.79,35.41,188.42,313.74,1454.33,3682.69,1.11,81.48,1.213,R051
C07547,R0029,TRK033,road,357.4,2072.92,797.54,1234.33,224.58,656.31,99.02,0.0,5084.71,4.74,14.23,1.185,R029
C07548,R0030,TRK024,road,530.8,3078.64,1117.95,1252.06,457.4,312.23,367.25,350.58,6936.11,4.5,13.07,1.161,R030
C07549,R0019,TRK015,rail,499.7,1798.92,449.58,473.72,65.68,606.6,660.24,279.6,4334.33,2.43,8.67,1.109,R019
C07550,R0094,TRK002,road,393.9,2284.62,887.82,1377.64,351.44,293.52,597.27,0.0,5792.31,3.27,14.71,1.212,R094
C07551,R0075,TRK017,road,140.4,814.32,283.65,991.26,86.84,174.55,437.93,0.0,2788.56,5.24,19.86,1.205,R075
C07552,R0049,TRK039,road,272.7,1581.66,536.93,1058.44,185.75,680.25,128.71,0.0,4171.74,0.91,15.3,1.013,R049
C07553,R0086,TRK040,road,537.2,3115.76,1100.48,1394.38,380.51,643.17,128.77,0.0,6763.07,2.18,12.59,1.121,R086
C07554,R0035,TRK048,road,514.9,2986.42,1185.86,1204.01,382.12,585.09,675.52,0.0,7019.03,2.26,13.63,0.993,R035
C07555,R0033,TRK038,road,121.2,702.96,248.5,995.32,101.3,657.1,526.41,0.0,3231.59,0.72,26.66,0.908,R033
C07556,R0017,TRK041,road,324.1,1879.78,731.15,994.65,196.23,900.0,624.81,0.0,5326.62,6.26,16.44,0.901,R017
C07557,R0092,TRK032,rail,204.5,736.2,141.25,472.15,34.38,845.6,371.12,1409.03,4009.73,8.62,19.61,1.063,R092
C07558,R0054,TRK045,rail,97.9,352.44,69.89,416.1,16.98,682.42,506.97,0.0,2044.8,1.79,20.89,1.147,R054
C07559,R0075,TRK006,local,416.0,3411.2,1159.51,843.84,105.16,690.74,157.11,0.0,6367.56,1.82,15.31,1.072,R075
C07560,R0064,TRK045,local,61.9,507.58,153.76,793.46,13.44,663.53,128.84,0.0,2260.61,0.46,36.52,1.115,R064
C07561,R0083,TRK041,road,267.2,1549.76,611.52,1150.61,181.09,364.63,543.33,0.0,4400.95,1.13,16.47,1.224,R083
C07562,R0050,TRK049,road,423.6,2456.88,1028.24,1251.85,261.27,604.84,676.71,0.0,6279.79,20.9,14.82,1.114,R050
C07563,R0060,TRK040,road,363.5,2108.3,705.32,1247.35,319.48,321.34,621.61,819.95,6143.34,2.38,16.9,1.179,R060
C07564,R0026,TRK043,local,271.7,2227.94,703.33,994.93,62.08,377.56,185.69,463.67,5015.21,6.33,18.46,1.218,R026
C07565,R0095,TRK045,rail,395.9,1425.24,308.07,510.93,63.87,383.96,497.14,1441.12,4630.33,4.68,11.7,1.039,R095
C07566,R0076,TRK016,road,533.3,3093.14,1097.39,1124.95,365.79,210.69,3.95,0.0,5895.92,3.78,11.06,1.029,R076
C07567,R0043,TRK010,rail,280.0,1008.0,211.05,506.92,34.98,450.05,212.73,0.0,2423.74,0.9,8.66,1.035,R043
C07568,R0020,TRK004,road,60.3,349.74,132.52,1005.07,52.18,523.59,116.62,0.0,2179.72,0.74,36.15,1.082,R020
C07569,R0090,TRK014,road,541.8,3142.44,1054.14,1097.94,358.11,564.13,341.16,0.0,6557.92,1.34,12.1,1.249,R090
C07570,R0041,TRK020,road,52.1,302.18,98.01,994.72,31.39,671.48,123.51,0.0,2221.29,0.71,42.64,0.992,R041
C07571,R0052,TRK024,rail,200.4,721.44,153.87,427.9,32.13,618.91,134.38,1440.81,3529.45,0.77,17.61,1.056,R052
C07572,R0059,TRK015,local,322.8,2646.96,797.61,820.28,66.74,362.89,261.6,0.0,4956.09,2.51,15.35,0.941,R059
C07573,R0094,TRK036,road,344.2,1996.36,829.04,1111.45,221.55,517.8,3.05,0.0,4679.25,3.07,13.59,1.192,R094
C07574,R0062,TRK029,local,237.3,1945.86,702.87,1052.37,67.91,279.37,19.66,1582.82,5650.87,1.77,23.81,1.145,R062
C07575,R0065,TRK013,road,342.9,1988.82,728.7,1367.66,219.97,489.83,659.28,0.0,5454.27,2.23,15.91,0.902,R065
C07576,R0099,TRK030,road,157.9,915.82,341.83,1295.37,104.13,733.84,69.76,0.0,3460.76,1.58,21.92,1.15,R099
C07577,R0089,TRK042,rail,410.9,1479.24,353.34,447.06,50.81,567.74,559.0,0.0,3457.21,0.79,8.41,1.046,R089
C07578,R0082,TRK003,road,467.5,2711.5,893.74,1005.89,352.09,205.84,619.02,1565.94,7354.02,1.8,15.73,1.029,R082
C07579,R0011,TRK023,road,514.7,2985.26,1062.41,1181.53,424.97,348.8,396.34,1640.15,8039.45,2.8,15.62,1.082,R011
C07580,R0009,TRK045,road,176.0,1020.8,355.98,977.66,152.07,387.84,141.14,0.0,3035.5,1.7,17.25,1.09,R009
C07581,R0096,TRK027,road,181.9,1055.02,352.95,1334.85,133.35,284.15,550.14,1466.82,5177.29,6.86,28.46,1.032,R096
C07582,R0089,TRK002,rail,451.0,1623.6,347.52,456.65,64.04,253.36,631.43,0.0,3376.6,2.49,7.49,0.975,R089
C07583,R0035,TRK029,road,531.3,3081.54,1115.92,1184.64,368.7,769.06,614.9,1786.23,8921.0,3.23,16.79,1.011,R035
C07584,R0016,TRK015,road,253.3,1469.14,592.24,1396.61,198.43,308.07,652.06,0.0,4616.56,1.25,18.23,1.056,R016
C07585,R0040,TRK021,local,526.6,4318.12,1310.96,912.42,127.65,189.89,43.23,0.0,6902.27,4.48,13.11,1.222,R040
C07586,R0093,TRK035,road,269.1,1560.78,590.68,1177.53,232.05,450.79,177.81,0.0,4189.63,1.21,15.57,1.11,R093
C07587,R0088,TRK021,road,405.1,2349.58,787.6,1309.57,289.56,692.69,533.6,0.0,5962.59,11.73,14.72,1.146,R088
C07588,R0098,TRK040,road,322.4,1869.92,627.85,1379.59,209.22,319.18,261.37,0.0,4667.13,1.0,14.48,0.951,R098
C07589,R0037,TRK037,road,221.2,1282.96,546.99,1089.97,173.34,485.55,557.12,1031.26,5167.19,13.65,23.36,1.059,R037
C07590,R0050,TRK029,rail,532.1,1915.56,379.51,497.21,74.47,498.09,343.56,483.95,4192.35,1.46,7.88,1.244,R050
C07591,R0086,TRK024,road,407.1,2361.18,861.34,1200.13,322.31,510.09,617.57,0.0,5872.62,10.2,14.43,0.967,R086
C07592,R0078,TRK007,road,235.3,1364.74,457.56,1382.91,201.1,608.69,83.93,0.0,4098.92,0.88,17.42,1.066,R078
C07593,R0054,TRK021,road,536.2,3109.96,1282.22,1076.02,413.27,769.23,640.45,84.5,7375.66,2.69,13.76,1.013,R054
C07594,R0027,TRK023,local,336.1,2756.02,1069.84,982.57,86.07,377.89,164.25,0.0,5436.64,1.43,16.18,0.972,R027
C07595,R0076,TRK022,road,268.4,1556.72,540.22,1309.54,234.23,666.15,410.47,0.0,4717.33,13.64,17.58,1.012,R076
C07596,R0050,TRK046,rail,443.8,1597.68,358.02,366.45,61.88,177.89,299.67,1211.98,4073.58,2.67,9.18,1.019,R050
C07597,R0020,TRK029,road,402.7,2335.66,831.86,1419.75,338.81,884.82,635.94,24.73,6471.59,1.88,16.07,0.925,R020
C07598,R0028,TRK024,local,423.7,3474.34,1253.49,791.56,103.86,679.16,144.02,703.77,7150.2,1.87,16.88,1.12,R028
C07599,R0009,TRK022,road,288.9,1675.62,665.02,1244.76,242.99,156.19,556.64,0.0,4541.23,2.49,15.72,1.248,R009
C07600,R0099,TRK020,road,184.2,1068.36,439.09,1159.31,158.77,460.49,48.11,1023.54,4357.68,9.48,23.66,1.151,R099
C07601,R0091,TRK049,road,543.6,3152.88,1129.55,1037.9,372.15,792.95,28.09,0.0,6513.52,1.63,11.98,0.907,R091
C07602,R0022,TRK013,local,329.7,2703.54,1000.77,897.26,70.53,708.63,195.97,0.0,5576.7,1.17,16.91,1.125,R022
C07603,R0085,TRK009,rail,56.5,203.4,51.27,385.06,7.6,400.69,395.81,0.0,1443.83,0.59,25.55,1.146,R085
C07604,R0001,TRK047,road,102.8,596.24,259.52,1359.15,84.01,620.8,314.95,0.0,3234.67,1.29,31.47,1.157,R001
C07605,R0072,TRK005,rail,367.6,1323.36,281.62,402.54,55.83,613.81,50.74,973.94,3701.85,2.6,10.07,1.236,R072
C07606,R0053,TRK027,road,220.1,1276.58,467.66,1021.06,159.47,718.88,431.6,0.0,4075.24,1.11,18.52,0.925,R053
C07607,R0076,TRK033,rail,475.8,1712.88,393.93,386.92,69.78,652.33,389.05,0.0,3604.89,5.78,7.58,1.241,R076
C07608,R0003,TRK035,road,146.4,849.12,323.27,1262.11,91.74,192.15,622.55,0.0,3340.95,1.36,22.82,1.103,R003
C07609,R0013,TRK039,rail,334.6,1204.56,272.75,491.89,58.19,677.74,117.53,411.37,3234.03,0.76,9.67,1.049,R013
C07610,R0100,TRK019,rail,158.4,570.24,143.98,413.2,20.92,614.17,582.39,1756.36,4101.25,3.3,25.89,0.989,R100
C07611,R0068,TRK035,road,509.5,2955.1,1115.71,1041.44,383.6,602.57,250.05,1469.37,7817.85,2.98,15.34,1.0,R068
C07612,R0063,TRK008,road,482.9,2800.82,1153.67,1027.08,371.3,466.29,80.19,0.0,5899.34,12.58,12.22,1.146,R063
C07613,R0019,TRK050,road,406.9,2360.02,994.33,1326.73,355.47,340.43,671.38,553.2,6601.56,3.52,16.22,0.916,R019
C07614,R0014,TRK028,road,527.1,3057.18,1298.38,1169.72,437.36,875.36,513.31,261.32,7612.62,2.58,14.44,1.199,R014
C07615,R0047,TRK007,road,438.9,2545.62,835.34,1340.56,362.64,624.71,156.4,364.64,6229.91,1.67,14.19,0.964,R047
C07616,R0006,TRK005,road,504.2,2924.36,1200.22,1152.53,354.98,197.66,549.46,0.0,6379.21,3.15,12.65,1.054,R006
C07617,R0038,TRK037,local,353.1,2895.42,1123.12,778.23,96.19,717.72,164.34,817.86,6592.88,2.42,18.67,0.948,R038
C07618,R0024,TRK012,road,222.5,1290.5,443.1,1435.24,144.29,760.85,398.91,0.0,4472.89,1.0,20.1,0.9,R024
C07619,R0012,TRK013,road,342.8,1988.24,852.15,1296.18,243.6,721.24,77.65,0.0,5179.05,1.37,15.11,1.064,R012
C07620,R0084,TRK029,road,428.3,2484.14,942.19,1010.2,292.4,589.9,493.41,0.0,5812.24,3.43,13.57,1.052,R084
C07621,R0061,TRK009,road,90.8,526.64,209.97,1110.69,67.89,866.02,7.19,1687.19,4475.58,1.48,49.29,0.99,R061
C07622,R0029,TRK038,road,390.4,2264.32,758.93,1371.89,262.15,592.6,631.92,0.0,5881.82,3.62,15.07,1.17,R029
C07623,R0007,TRK020,road,141.4,820.12,312.8,1317.54,126.77,291.57,531.24,0.0,3400.05,1.04,24.05,1.241,R007
C07624,R0079,TRK013,road,373.2,2164.56,914.06,1275.48,252.82,472.34,355.85,611.81,6046.92,5.57,16.2,1.072,R079
C07625,R0064,TRK046,road,510.9,2963.22,1218.75,1371.89,377.4,332.64,463.39,0.0,6727.29,4.03,13.17,1.133,R064
C07626,R0009,TRK041,road,106.0,614.8,259.76,1090.24,94.55,602.55,379.44,0.0,3041.33,4.06,28.69,0.933,R009
C07627,R0083,TRK029,road,440.0,2552.0,973.86,1233.57,391.28,457.44,567.98,0.0,6176.13,1.69,14.04,1.135,R083
C07628,R0082,TRK029,local,211.2,1731.84,637.49,1031.87,49.3,738.19,181.08,0.0,4369.77,6.94,20.69,1.027,R082
C07629,R0013,TRK043,road,289.5,1679.1,694.66,1231.36,258.66,795.14,55.66,527.69,5242.26,1.92,18.11,0.999,R013
C07630,R0006,TRK030,road,167.0,968.6,420.84,1017.28,133.37,749.45,94.0,0.0,3383.53,0.97,20.26,0.931,R006
C07631,R0078,TRK019,rail,233.7,841.32,163.22,481.2,35.38,354.87,194.22,649.01,2719.21,0.95,11.64,1.061,R078
C07632,R0098,TRK037,road,504.7,2927.26,1168.53,1114.7,373.91,340.87,65.31,203.74,6194.32,5.85,12.27,1.076,R098
C07633,R0046,TRK044,rail,191.7,690.12,160.49,396.44,24.57,875.14,228.4,200.1,2575.26,1.03,13.43,0.931,R046
C07634,R0078,TRK018,road,458.5,2659.3,1086.25,1416.62,402.1,853.94,303.08,0.0,6721.29,1.8,14.66,0.951,R078
C07635,R0083,TRK008,road,294.6,1708.68,611.63,1017.19,190.6,361.2,515.71,0.0,4405.01,0.91,14.95,1.026,R083
C07636,R0068,TRK047,road,265.6,1540.48,631.35,1066.36,226.1,305.53,225.8,0.0,3995.61,5.72,15.04,0.987,R068
C07637,R0052,TRK037,road,452.5,2624.5,933.01,1288.8,284.02,670.24,479.37,0.0,6279.94,2.16,13.88,1.005,R052
C07638,R0012,TRK033,road,466.5,2705.7,938.81,1042.95,378.37,667.02,30.76,0.0,5763.61,1.24,12.36,1.239,R012
C07639,R0091,TRK032,road,495.8,2875.64,1216.0,1395.32,426.16,810.95,77.25,650.23,7451.54,4.53,15.03,0.996,R091
C07640,R0058,TRK030,road,297.1,1723.18,691.12,975.22,220.64,194.26,382.8,740.5,4927.72,1.05,16.59,0.921,R058
C07641,R0040,TRK010,road,146.4,849.12,308.92,1048.3,107.62,228.6,262.33,0.0,2804.89,0.91,19.16,0.908,R040
C07642,R0060,TRK007,road,38.9,225.62,74.01,1416.53,25.39,647.34,23.03,97.93,2509.84,0.51,64.52,0.92,R060
C07643,R0091,TRK028,local,431.7,3539.94,1383.03,954.19,106.14,460.2,7.25,0.0,6450.74,1.77,14.94,1.089,R091
C07644,R0093,TRK048,road,163.3,947.14,310.26,1166.26,105.14,362.95,690.89,0.0,3582.63,1.03,21.94,1.046,R093
C07645,R0006,TRK002,rail,69.2,249.12,60.67,463.56,8.45,606.06,359.73,0.0,1747.59,0.35,25.25,1.037,R006
C07646,R0064,TRK003,rail,249.5,898.2,172.65,393.39,41.99,876.42,261.84,0.0,2644.49,0.93,10.6,1.24,R064
C07647,R0071,TRK034,road,148.4,860.72,315.72,1413.15,92.28,395.2,317.31,0.0,3394.39,5.32,22.87,1.231,R071
C07648,R0022,TRK004,rail,229.4,825.84,209.72,365.64,32.11,694.68,522.46,0.0,2650.45,0.65,11.55,1.059,R022
C07649,R0070,TRK020,local,335.6,2751.92,981.27,1049.6,93.48,437.94,255.46,0.0,5569.67,6.84,16.6,0.987,R070
C07650,R0059,TRK034,road,195.8,1135.64,449.1,963.48,147.85,629.48,153.27,1213.02,4691.84,2.05,23.96,0.957,R059
C07651,R0060,TRK019,road,483.5,2804.3,1036.16,1281.83,396.28,733.73,630.92,0.0,6883.22,2.29,14.24,1.061,R060
C07652,R0063,TRK026,road,200.1,1160.58,414.96,1289.91,130.57,681.27,285.8,0.0,3963.09,1.2,19.81,0.972,R063
C07653,R0035,TRK042,rail,113.9,410.04,89.94,446.36,15.12,338.94,460.76,0.0,1761.16,0.55,15.46,1.03,R035
C07654,R0009,TRK017,road,394.3,2286.94,820.94,1433.15,325.45,586.91,322.32,1663.16,7438.87,1.55,18.87,1.096,R009
C07655,R0011,TRK017,road,514.8,2985.84,1043.26,1084.27,436.75,516.89,559.22,0.0,6626.23,6.14,12.87,1.237,R011
C07656,R0019,TRK021,road,363.3,2107.14,750.96,976.2,307.13,781.68,94.35,0.0,5017.46,4.48,13.81,0.928,R019
C07657,R0096,TRK048,rail,254.4,915.84,229.81,399.22,44.23,575.45,572.48,0.0,2737.04,0.65,10.76,0.957,R096
C07658,R0024,TRK012,road,178.7,1036.46,390.57,1413.12,109.08,232.12,183.15,0.0,3364.49,1.62,18.83,1.049,R024
C07659,R0080,TRK005,road,298.8,1733.04,660.38,1336.16,210.08,699.36,461.26,0.0,5100.29,1.15,17.07,0.968,R080
C07660,R0010,TRK038,local,164.1,1345.62,450.58,1001.79,43.13,171.24,113.48,0.0,3125.83,9.27,19.05,1.206,R010
C07661,R0072,TRK027,rail,321.8,1158.48,225.85,515.83,52.41,556.64,640.58,0.0,3149.8,0.77,9.79,0.912,R072
C07662,R0088,TRK029,rail,425.2,1530.72,354.85,391.42,61.74,254.21,186.47,1579.61,4359.02,1.16,10.25,1.077,R088
C07663,R0040,TRK008,road,458.1,2656.98,999.5,993.04,388.04,518.25,667.93,121.02,6344.76,8.98,13.85,1.145,R040
C07664,R0031,TRK031,road,41.5,240.7,84.94,1295.17,35.12,746.26,238.38,715.22,3355.78,1.03,80.86,1.164,R031
C07665,R0037,TRK041,rail,427.8,1540.08,298.85,439.35,69.26,513.37,413.73,0.0,3274.63,1.46,7.65,0.947,R037
C07666,R0048,TRK040,local,243.8,1999.16,678.46,955.35,56.27,580.88,52.81,0.0,4322.94,1.23,17.73,1.183,R048
C07667,R0040,TRK050,road,166.2,963.96,343.74,1394.23,101.24,352.28,331.12,0.0,3486.58,0.99,20.98,0.987,R040
C07668,R0007,TRK022,road,123.7,717.46,271.5,1057.87,78.95,253.53,84.69,0.0,2464.0,0.55,19.92,0.973,R007
C07669,R0048,TRK041,local,293.3,2405.06,741.96,881.82,81.1,688.55,89.97,0.0,4888.46,1.31,16.67,1.241,R048
C07670,R0072,TRK044,rail,339.4,1221.84,265.99,417.51,42.03,524.95,217.28,632.86,3322.46,5.02,9.79,1.178,R072
C07671,R0051,TRK031,local,266.1,2182.02,809.65,732.04,61.25,679.85,218.96,883.65,5567.42,5.82,20.92,0.932,R051
C07672,R0054,TRK047,rail,329.6,1186.56,283.33,504.27,46.32,197.51,622.77,1082.1,3922.87,1.06,11.9,0.917,R054
C07673,R0004,TRK046,road,268.8,1559.04,611.68,1243.68,236.03,875.08,504.07,0.0,5029.58,1.06,18.71,1.099,R004
C07674,R0014,TRK033,road,41.6,241.28,81.27,1305.17,31.73,502.71,401.83,0.0,2563.98,1.11,61.63,0.91,R014
C07675,R0053,TRK009,local,447.4,3668.68,1108.63,791.81,123.79,334.86,53.11,0.0,6080.87,2.05,13.59,1.15,R053
C07676,R0001,TRK014,road,342.1,1984.18,693.41,1038.02,253.73,171.35,636.02,0.0,4776.71,1.3,13.96,1.182,R001
C07677,R0072,TRK050,road,346.9,2012.02,727.24,1265.01,254.27,155.2,395.31,0.0,4809.06,1.7,13.86,1.047,R072
C07678,R0070,TRK008,road,32.2,186.76,70.75,964.38,21.14,281.27,338.06,0.0,1862.35,2.73,57.84,1.029,R070
C07679,R0069,TRK037,rail,108.3,389.88,81.66,414.52,17.2,642.02,46.14,599.07,2190.49,0.9,20.23,1.222,R069
C07680,R0004,TRK040,road,284.7,1651.26,636.34,1381.98,202.74,831.75,435.92,954.03,6094.03,11.95,21.41,1.011,R004
C07681,R0078,TRK005,road,445.0,2581.0,877.75,1210.07,362.02,217.54,257.71,76.38,5582.47,1.74,12.54,1.181,R078
C07682,R0099,TRK024,road,441.7,2561.86,846.46,1330.89,328.4,544.51,556.37,0.0,6168.48,2.07,13.97,1.147,R099
C07683,R0059,TRK021,road,513.9,2980.62,1226.79,1158.96,350.4,508.5,493.83,0.0,6719.1,4.71,13.07,0.995,R059
C07684,R0064,TRK028,local,246.4,2020.48,788.47,933.81,62.52,257.61,93.8,0.0,4156.7,2.41,16.87,1.201,R064
C07685,R0007,TRK007,road,157.3,912.34,318.13,1290.6,136.09,494.66,563.31,0.0,3715.14,1.44,23.62,1.108,R007
C07686,R0017,TRK034,road,370.9,2151.22,797.02,1158.61,241.24,556.65,509.82,0.0,5414.57,5.04,14.6,1.143,R017
C07687,R0080,TRK016,local,426.3,3495.66,1014.96,899.31,102.17,276.93,202.41,0.0,5991.45,1.67,14.05,1.133,R080
C07688,R0018,TRK010,road,549.1,3184.78,1151.03,973.55,408.56,330.11,216.52,0.0,6264.54,2.92,11.41,1.19,R018
C07689,R0092,TRK040,road,151.0,875.8,332.2,1073.89,97.69,315.44,322.28,1446.52,4463.82,2.27,29.56,0.919,R092
C07690,R0045,TRK041,rail,281.0,1011.6,227.23,395.54,46.44,893.85,582.87,0.0,3157.52,1.03,11.24,1.219,R045
C07691,R0094,TRK002,rail,463.5,1668.6,405.36,366.64,63.93,271.71,209.64,0.0,2985.89,1.0,6.44,0.908,R094
C07692,R0099,TRK004,local,99.5,815.9,236.84,832.79,29.27,323.15,101.33,0.0,2339.29,0.56,23.51,0.977,R099
C07693,R0091,TRK020,road,250.6,1453.48,583.45,1342.25,179.44,736.19,468.6,0.0,4763.41,1.89,19.01,1.219,R091
C07694,R0049,TRK027,road,424.5,2462.1,1036.94,1039.7,372.12,219.11,227.88,1340.71,6698.57,1.75,15.78,1.108,R049
C07695,R0049,TRK025,road,359.9,2087.42,779.7,1382.36,262.76,829.48,518.89,0.0,5860.61,1.6,16.28,1.048,R049
C07696,R0057,TRK001,road,130.7,758.06,293.31,1349.49,78.77,726.54,613.47,1673.19,5492.84,1.36,42.03,1.143,R057
C07697,R0096,TRK026,local,501.4,4111.48,1262.23,782.12,125.47,165.09,242.09,0.0,6688.47,2.16,13.34,0.944,R096
C07698,R0027,TRK041,road,241.9,1403.02,511.92,1362.71,174.19,811.07,54.41,0.0,4317.32,1.71,17.85,0.925,R027
C07699,R0011,TRK027,road,246.7,1430.86,601.57,1127.65,172.8,885.36,639.21,0.0,4857.45,2.36,19.69,1.203,R011
C07700,R0065,TRK036,road,403.1,2337.98,883.42,1050.48,347.82,562.58,555.73,1649.53,7387.53,1.57,18.33,1.027,R065
C07701,R0028,TRK004,rail,84.2,303.12,64.41,479.49,12.59,849.01,561.51,0.0,2270.13,0.91,26.96,0.928,R028
C07702,R0052,TRK026,rail,459.1,1652.76,313.36,523.46,56.33,658.79,672.79,0.0,3877.49,0.85,8.45,1.22,R052
C07703,R0041,TRK002,rail,368.5,1326.6,287.75,535.38,59.34,652.25,560.2,0.0,3421.53,1.76,9.29,0.971,R041
C07704,R0024,TRK040,road,132.0,765.6,250.77,1347.67,108.92,581.06,430.92,0.0,3484.95,4.89,26.4,1.199,R024
C07705,R0018,TRK040,local,252.4,2069.68,760.11,742.94,62.7,367.5,200.1,0.0,4203.02,1.53,16.65,1.14,R018
C07706,R0053,TRK025,road,95.1,551.58,191.39,968.78,81.32,834.05,220.35,1501.77,4349.24,2.53,45.73,1.009,R053
C07707,R0076,TRK004,road,204.6,1186.68,506.06,1213.6,138.02,658.25,128.83,1408.71,5240.15,3.06,25.61,1.112,R076
C07708,R0020,TRK004,road,508.2,2947.56,1062.1,1208.99,352.73,504.26,527.24,1099.18,7702.07,15.54,15.16,1.094,R020
C07709,R0027,TRK030,road,274.6,1592.68,637.47,1177.37,213.62,714.0,212.28,0.0,4547.41,1.36,16.56,0.961,R027
C07710,R0058,TRK015,road,288.8,1675.04,611.61,1308.01,222.91,480.43,334.36,0.0,4632.37,1.01,16.04,1.11,R058
C07711,R0052,TRK048,local,161.2,1321.84,454.41,965.16,39.16,211.74,107.4,0.0,3099.72,1.29,19.23,1.006,R052
C07712,R0096,TRK034,road,487.1,2825.18,1161.84,978.33,359.98,277.74,181.82,0.0,5784.89,2.46,11.88,1.183,R096
C07713,R0100,TRK041,road,102.8,596.24,208.1,1006.47,74.69,778.83,83.63,0.0,2747.96,3.66,26.73,1.059,R100
C07714,R0010,TRK015,road,243.0,1409.4,600.24,1379.4,170.53,294.16,97.97,0.0,3951.71,1.37,16.26,1.221,R010
C07715,R0033,TRK014,road,272.3,1579.34,618.76,1233.68,210.23,523.88,48.06,0.0,4213.95,1.13,15.48,1.098,R033
C07716,R0003,TRK016,local,274.9,2254.18,847.84,817.98,60.22,714.98,35.72,0.0,4730.92,3.74,17.21,0.988,R003
C07717,R0001,TRK026,road,383.8,2226.04,844.66,1193.86,326.83,344.21,371.26,1738.5,7045.36,6.47,18.36,1.192,R001
C07718,R0029,TRK045,road,281.5,1632.7,706.33,1427.58,183.34,692.78,287.48,0.0,4930.22,5.25,17.51,1.237,R029
C07719,R0061,TRK003,road,258.3,1498.14,608.27,1389.56,166.48,805.77,235.76,823.08,5527.06,4.81,21.4,1.015,R061
C07720,R0090,TRK043,rail,465.0,1674.0,341.14,458.94,78.97,696.44,228.46,0.0,3477.95,0.81,7.48,1.02,R090
C07721,R0026,TRK007,road,372.3,2159.34,909.36,1282.4,239.91,608.7,10.13,1266.56,6476.4,1.64,17.4,1.125,R026
C07722,R0074,TRK019,road,545.8,3165.64,1279.61,1277.71,477.24,891.3,635.49,0.0,7726.99,2.52,14.16,1.065,R074
C07723,R0050,TRK037,road,531.0,3079.8,1216.59,1425.55,439.33,413.96,66.27,1453.27,8094.78,20.33,15.24,1.012,R050
C07724,R0078,TRK028,road,190.8,1106.64,398.56,1417.29,135.63,686.99,276.02,0.0,4021.12,1.18,21.08,1.053,R078
C07725,R0087,TRK040,rail,495.6,1784.16,412.85,532.54,75.82,346.91,337.44,1710.42,5200.14,8.1,10.49,1.11,R087
C07726,R0079,TRK047,rail,352.3,1268.28,269.89,453.08,54.84,701.2,124.38,0.0,2871.67,0.59,8.15,1.085,R079
C07727,R0086,TRK034,road,257.7,1494.66,579.99,1343.0,163.71,518.27,630.49,1726.2,6456.32,2.37,25.05,1.197,R086
C07728,R0012,TRK041,road,117.3,680.34,289.28,968.97,96.35,434.05,663.4,0.0,3132.37,0.68,26.7,1.197,R012
C07729,R0007,TRK006,rail,197.6,711.36,165.47,452.45,34.42,558.89,119.85,0.0,2042.43,0.54,10.34,1.241,R007
C07730,R0032,TRK009,local,98.9,810.98,295.41,965.22,25.25,168.62,137.06,0.0,2402.54,1.23,24.29,1.094,R032
C07731,R0051,TRK048,rail,109.4,393.84,86.26,436.77,17.74,523.83,313.14,0.0,1771.57,0.42,16.19,1.067,R051
C07732,R0064,TRK033,road,150.1,870.58,359.24,1254.01,90.13,667.43,459.75,0.0,3701.14,4.24,24.66,1.081,R064
C07733,R0057,TRK019,road,92.3,535.34,173.64,1280.46,70.25,522.24,617.9,495.5,3695.32,0.91,40.04,0.909,R057
C07734,R0036,TRK039,road,101.6,589.28,198.76,1007.03,83.27,172.6,390.07,1082.46,3523.47,2.08,34.68,1.226,R036
C07735,R0080,TRK028,rail,335.8,1208.88,277.96,536.38,57.85,432.96,1.31,0.0,2515.33,0.97,7.49,1.246,R080
C07736,R0094,TRK012,local,416.7,3416.94,1072.94,1002.53,118.84,662.94,144.9,1422.94,7842.03,11.1,18.82,0.969,R094
C07737,R0055,TRK026,road,77.0,446.6,172.11,1120.56,52.11,789.04,341.8,0.0,2922.22,1.83,37.95,1.087,R055
C07738,R0033,TRK011,road,41.8,242.44,98.22,1197.22,32.52,725.3,265.55,0.0,2561.24,1.5,61.27,0.903,R033
C07739,R0061,TRK004,rail,528.2,1901.52,383.84,376.53,74.19,681.27,214.95,0.0,3632.3,1.03,6.88,1.225,R061
C07740,R0080,TRK018,rail,306.0,1101.6,259.99,469.61,46.71,533.51,134.55,833.92,3379.88,2.38,11.05,1.234,R080
C07741,R0051,TRK006,road,340.9,1977.22,656.58,1057.22,253.43,364.56,341.87,947.3,5598.17,4.48,16.42,0.999,R051
C07742,R0054,TRK023,road,456.7,2648.86,975.24,1138.14,387.34,826.05,661.21,0.0,6636.84,1.56,14.53,0.941,R054
C07743,R0043,TRK010,road,488.1,2830.98,981.98,999.95,373.18,753.35,1.33,568.0,6508.78,4.1,13.33,1.105,R043
C07744,R0042,TRK005,road,105.3,610.74,263.16,1138.38,75.42,281.26,467.87,0.0,2836.83,2.12,26.94,1.21,R042
C07745,R0011,TRK002,road,191.8,1112.44,429.43,1039.93,152.82,300.99,6.29,1663.98,4705.88,1.06,24.54,0.913,R011
C07746,R0037,TRK010,road,116.1,673.38,218.47,1293.14,96.3,487.0,559.41,0.0,3327.69,1.07,28.66,0.976,R037
C07747,R0080,TRK027,road,63.6,368.88,143.76,1154.9,42.43,881.29,295.2,0.0,2886.44,2.03,45.38,1.245,R080
C07748,R0037,TRK031,rail,209.0,752.4,147.1,369.75,26.98,865.46,553.2,0.0,2714.88,0.92,12.99,1.113,R037
C07749,R0078,TRK047,road,257.8,1495.24,635.4,1362.46,223.13,263.58,537.61,0.0,4517.43,2.52,17.52,1.241,R078
C07750,R0050,TRK022,road,219.2,1271.36,553.52,1392.05,153.19,279.93,647.61,0.0,4297.65,6.99,19.61,1.004,R050
C07751,R0072,TRK013,road,235.1,1363.58,559.11,1003.06,158.9,742.08,385.38,128.75,4340.86,0.9,18.46,1.008,R072
C07752,R0062,TRK044,road,255.7,1483.06,591.22,1407.62,164.62,852.53,546.94,1515.11,6561.11,18.47,25.66,1.05,R062
C07753,R0061,TRK042,road,52.4,303.92,125.0,1425.65,46.35,500.67,539.65,0.0,2941.24,0.76,56.13,0.921,R061
C07754,R0056,TRK003,rail,355.6,1280.16,306.34,463.55,55.76,516.88,82.65,0.0,2705.34,0.68,7.61,1.249,R056
C07755,R0025,TRK038,road,520.0,3016.0,1080.05,1341.53,322.32,883.58,16.97,871.98,7532.41,4.16,14.49,1.093,R025
C07756,R0059,TRK005,road,185.1,1073.58,392.74,1167.21,151.47,516.31,292.03,0.0,3593.34,1.29,19.41,1.143,R059
C07757,R0096,TRK020,road,223.2,1294.56,454.55,1122.18,191.89,757.03,244.51,0.0,4064.72,2.06,18.21,1.15,R096
C07758,R0075,TRK039,road,36.4,211.12,79.43,1432.86,31.53,693.4,549.26,1507.12,4504.73,5.54,123.76,1.1,R075
C07759,R0095,TRK010,road,472.2,2738.76,1051.76,1281.81,404.26,384.29,586.98,496.19,6944.05,1.41,14.71,1.029,R095
C07760,R0045,TRK025,road,403.9,2342.62,900.01,1068.94,347.51,170.93,193.96,0.0,5023.97,5.89,12.44,1.201,R045
C07761,R0016,TRK017,road,470.9,2731.22,954.0,1332.96,347.75,160.8,395.6,40.3,5962.62,4.53,12.66,1.18,R016
C07762,R0015,TRK017,local,472.7,3876.14,1412.73,816.38,102.88,780.37,226.07,1448.29,8662.87,2.94,18.33,0.997,R015
C07763,R0023,TRK040,local,242.3,1986.86,691.01,1015.85,55.24,848.72,161.15,0.0,4758.83,1.47,19.64,1.021,R023
C07764,R0021,TRK019,rail,535.8,1928.88,386.13,392.31,68.56,432.11,42.82,1709.73,4960.55,1.55,9.26,0.945,R021
C07765,R0022,TRK039,road,110.8,642.64,262.22,1094.72,82.29,545.41,585.64,873.06,4085.99,2.97,36.88,1.0,R022
C07766,R0006,TRK027,rail,34.7,124.92,30.28,533.47,4.97,693.04,212.6,1284.56,2883.85,0.67,83.11,1.199,R006
C07767,R0066,TRK004,road,244.0,1415.2,532.82,1051.12,157.56,252.33,166.23,1551.95,5127.2,2.08,21.01,1.131,R066
C07768,R0098,TRK003,local,316.8,2597.76,782.01,1018.75,68.29,757.65,9.63,492.75,5726.84,4.81,18.08,1.139,R098
C07769,R0076,TRK030,road,389.4,2258.52,924.97,1235.49,312.74,851.39,336.42,0.0,5919.53,8.75,15.2,1.181,R076
C07770,R0095,TRK013,rail,482.5,1737.0,414.17,475.57,77.62,183.57,402.61,0.0,3290.54,3.18,6.82,1.034,R095
C07771,R0042,TRK046,road,177.6,1030.08,425.34,1169.36,147.19,661.32,42.36,1576.34,5052.0,6.02,28.45,1.037,R042
C07772,R0023,TRK011,road,183.9,1066.62,441.16,983.3,119.27,211.38,521.15,0.0,3342.89,0.9,18.18,1.229,R023
C07773,R0010,TRK001,rail,547.6,1971.36,429.39,453.3,81.37,432.13,171.54,90.99,3630.08,1.46,6.63,0.919,R010
C07774,R0097,TRK016,rail,476.1,1713.96,385.1,414.65,57.26,673.02,94.68,1375.52,4714.21,5.94,9.9,0.987,R097
C07775,R0094,TRK033,road,316.9,1838.02,732.41,1142.07,204.76,448.42,380.17,0.0,4745.86,1.04,14.98,1.172,R094
C07776,R0016,TRK001,road,511.7,2967.86,1153.28,1229.68,432.27,540.31,521.18,0.0,6844.57,2.07,13.38,1.13,R016
C07777,R0096,TRK005,road,333.7,1935.46,658.57,1218.83,241.8,632.7,302.71,0.0,4990.08,6.6,14.95,0.938,R096
C07778,R0068,TRK013,local,56.5,463.3,162.12,887.73,14.4,826.88,144.78,0.0,2499.2,0.83,44.23,0.922,R068
C07779,R0008,TRK009,road,422.8,2452.24,872.27,1382.8,264.49,196.24,227.25,0.0,5395.3,1.63,12.76,0.921,R008
C07780,R0003,TRK004,road,433.4,2513.72,996.2,1409.42,272.64,644.38,267.77,0.0,6104.14,1.61,14.08,0.957,R003
C07781,R0066,TRK033,rail,356.8,1284.48,304.16,418.85,52.99,455.27,206.57,1042.33,3764.65,1.89,10.55,1.122,R066
C07782,R0056,TRK020,road,216.5,1255.7,445.27,1299.74,159.25,245.39,154.21,0.0,3559.56,9.53,16.44,1.05,R056
C07783,R0018,TRK037,local,290.2,2379.64,787.07,888.29,76.97,304.6,295.99,0.0,4732.57,5.52,16.31,1.219,R018
C07784,R0069,TRK008,road,194.2,1126.36,435.06,1439.19,159.41,388.51,48.88,0.0,3597.41,0.94,18.52,0.939,R069
C07785,R0034,TRK018,road,43.9,254.62,109.1,1184.36,35.52,366.91,120.54,0.0,2071.04,1.04,47.18,1.018,R034
C07786,R0006,TRK017,local,212.9,1745.78,526.6,835.02,62.9,635.85,101.88,0.0,3908.02,1.18,18.36,1.03,R006
C07787,R0051,TRK042,road,179.2,1039.36,388.79,1046.66,139.36,613.12,269.55,1098.95,4595.78,2.55,25.65,1.21,R051
C07788,R0093,TRK047,road,249.4,1446.52,469.86,1391.89,168.18,300.86,439.13,0.0,4216.44,1.52,16.91,1.223,R093
C07789,R0071,TRK050,road,95.5,553.9,189.51,1220.42,60.11,280.01,531.84,0.0,2835.78,2.24,29.69,1.011,R071
C07790,R0061,TRK046,road,345.2,2002.16,735.93,1135.54,298.04,669.38,345.31,726.46,5912.83,1.78,17.13,1.15,R061
C07791,R0001,TRK042,road,444.7,2579.26,1077.03,1134.34,338.24,550.96,185.18,0.0,5865.01,2.88,13.19,0.939,R001
C07792,R0091,TRK024,road,321.5,1864.7,714.7,970.62,233.86,527.57,412.21,559.49,5283.15,7.32,16.43,0.95,R091
C07793,R0014,TRK010,road,242.9,1408.82,603.46,1135.9,159.7,592.51,648.25,0.0,4548.63,3.57,18.73,0.988,R014
C07794,R0021,TRK030,road,146.2,847.96,310.03,1394.82,106.26,898.07,345.77,0.0,3902.91,2.01,26.7,0.988,R021
C07795,R0047,TRK011,road,522.7,3031.66,1138.84,1402.44,424.8,802.37,570.6,0.0,7370.71,1.52,14.1,1.002,R047
C07796,R0010,TRK035,road,481.5,2792.7,1083.29,1368.07,400.44,640.44,427.34,645.26,7357.54,7.88,15.28,0.992,R010
C07797,R0008,TRK041,road,526.4,3053.12,1100.9,1084.06,463.5,244.34,63.2,1731.73,7740.85,8.58,14.71,1.059,R008
C07798,R0028,TRK004,road,375.8,2179.64,925.8,970.29,282.88,378.45,147.22,0.0,4884.28,15.03,13.0,1.223,R028
C07799,R0017,TRK015,road,467.7,2712.66,901.02,1004.28,399.3,388.36,552.16,0.0,5957.79,4.16,12.74,0.93,R017
C07800,R0006,TRK004,road,480.5,2786.9,965.9,1099.68,336.08,734.61,640.18,1598.43,8161.77,2.51,16.99,1.032,R006
C07801,R0040,TRK025,rail,164.8,593.28,116.09,471.88,24.04,357.35,113.74,0.0,1676.39,0.59,10.17,1.222,R040
C07802,R0069,TRK015,road,323.8,1878.04,682.74,1076.26,232.18,170.56,175.03,391.69,4606.5,1.22,14.23,0.972,R069
C07803,R0045,TRK020,rail,129.8,467.28,92.72,462.31,16.46,331.33,349.81,1281.4,3001.32,0.67,23.12,1.015,R045
C07804,R0033,TRK020,road,57.0,330.6,136.44,1020.51,35.36,502.99,685.63,0.0,2711.52,0.77,47.57,1.139,R033
C07805,R0093,TRK031,road,470.7,2730.06,1133.68,1139.53,353.29,348.2,632.04,0.0,6336.8,1.63,13.46,1.204,R093
C07806,R0025,TRK027,road,416.2,2413.96,885.61,1345.2,316.93,199.65,684.46,0.0,5845.81,1.64,14.05,1.152,R025
C07807,R0071,TRK023,local,121.0,992.2,383.84,886.72,35.2,420.32,275.04,0.0,2993.31,1.49,24.74,1.159,R071
C07808,R0085,TRK008,road,527.4,3058.92,1311.82,1023.64,323.81,628.36,659.62,0.0,7006.16,6.35,13.28,0.916,R085
C07809,R0002,TRK050,rail,469.8,1691.28,400.24,462.71,75.46,245.91,403.72,0.0,3279.32,5.28,6.98,1.093,R002
C07810,R0095,TRK028,rail,319.3,1149.48,244.88,454.41,41.83,269.72,425.44,0.0,2585.75,1.44,8.1,1.032,R095
C07811,R0066,TRK014,road,328.5,1905.3,755.87,1341.78,210.85,765.2,484.3,0.0,5463.31,2.5,16.63,1.162,R066
C07812,R0030,TRK009,road,328.4,1904.72,669.63,1319.13,250.95,699.05,222.24,0.0,5065.72,1.02,15.43,1.131,R030
C07813,R0054,TRK032,rail,99.6,358.56,72.69,447.06,17.05,861.61,148.72,0.0,1905.69,0.51,19.13,1.101,R054
C07814,R0076,TRK028,road,457.5,2653.5,900.33,1195.53,348.12,357.49,326.32,0.0,5781.29,6.95,12.64,1.028,R076
C07815,R0019,TRK045,road,381.2,2210.96,915.04,1133.51,295.38,179.91,47.58,0.0,4782.38,1.03,12.55,1.209,R019
C07816,R0084,TRK047,road,328.5,1905.3,644.72,1399.51,253.0,297.21,441.61,1554.29,6495.66,3.13,19.77,1.136,R084
C07817,R0070,TRK049,rail,129.4,465.84,111.13,425.28,22.42,843.2,677.32,0.0,2545.19,0.69,19.67,0.907,R070
C07818,R0075,TRK049,road,379.6,2201.68,879.72,1078.65,273.08,424.07,407.51,0.0,5264.71,3.31,13.87,1.055,R075
C07819,R0048,TRK015,rail,46.2,166.32,41.68,524.17,7.76,877.86,273.5,0.0,1891.29,0.77,40.94,1.221,R048
C07820,R0060,TRK050,local,335.4,2750.28,829.76,1078.79,95.62,345.72,277.4,0.0,5377.58,2.66,16.03,1.179,R060
C07821,R0066,TRK008,rail,240.9,867.24,177.05,375.42,36.12,390.89,198.83,0.0,2045.55,3.99,8.49,1.114,R066
C07822,R0075,TRK003,road,453.7,2631.46,898.85,1091.86,314.61,207.84,20.56,386.07,5551.24,1.76,12.24,0.943,R075
C07823,R0025,TRK037,road,122.8,712.24,281.45,1228.07,97.19,779.84,538.95,0.0,3637.74,5.98,29.62,1.085,R025
C07824,R0024,TRK029,rail,493.2,1775.52,341.6,392.74,74.29,842.58,99.06,891.56,4417.35,4.84,8.96,1.245,R024
C07825,R0010,TRK015,road,224.2,1300.36,509.37,1058.88,139.02,399.78,670.64,1074.22,5152.28,1.4,22.98,1.226,R010
C07826,R0011,TRK048,road,308.0,1786.4,648.77,975.28,186.28,729.8,13.92,476.89,4817.33,1.02,15.64,1.134,R011
C07827,R0047,TRK009,road,372.7,2161.66,941.55,1166.27,331.88,351.9,224.8,0.0,5178.06,1.26,13.89,1.135,R047
C07828,R0012,TRK016,road,227.5,1319.5,473.18,1136.3,186.07,669.13,587.33,0.0,4371.51,2.4,19.22,0.992,R012
C07829,R0024,TRK046,road,148.3,860.14,304.12,1401.01,120.11,488.37,628.95,0.0,3802.71,1.63,25.64,1.084,R024
C07830,R0038,TRK021,rail,186.4,671.04,168.09,455.84,22.41,150.86,10.91,0.0,1479.14,0.48,7.94,1.21,R038
C07831,R0024,TRK015,road,287.9,1669.82,619.71,1345.97,187.03,807.65,593.03,159.18,5382.4,2.11,18.7,0.942,R024
C07832,R0060,TRK032,local,413.9,3393.98,1217.31,812.79,124.02,177.08,216.37,0.0,5941.55,3.77,14.36,1.015,R060
C07833,R0061,TRK050,road,507.9,2945.82,1166.52,1294.68,360.92,873.22,246.31,0.0,6887.48,8.01,13.56,1.104,R061
C07834,R0094,TRK047,road,56.3,326.54,140.94,1280.01,37.88,402.86,231.13,0.0,2419.36,0.61,42.97,1.055,R094
C07835,R0069,TRK031,road,143.3,831.14,359.41,1168.05,98.13,694.56,485.06,0.0,3636.34,1.46,25.38,1.117,R069
C07836,R0024,TRK014,rail,378.4,1362.24,257.66,441.42,51.65,293.19,517.47,271.16,3194.79,2.99,8.44,0.906,R024
C07837,R0002,TRK040,road,199.3,1155.94,470.6,963.08,173.56,525.2,677.73,1406.37,5372.47,10.48,26.96,0.938,R002
C07838,R0010,TRK010,rail,42.0,151.2,30.27,407.76,5.47,298.01,376.23,0.0,1268.93,0.43,30.21,1.24,R010
C07839,R0057,TRK014,road,329.6,1911.68,763.51,1194.99,296.07,716.19,598.56,0.0,5481.0,1.33,16.63,1.05,R057
C07840,R0035,TRK042,rail,278.2,1001.52,231.06,460.45,49.43,161.73,27.06,693.57,2624.81,1.13,9.43,1.216,R035
C07841,R0027,TRK012,local,515.6,4227.92,1578.5,878.62,137.38,285.69,184.39,0.0,7292.5,4.01,14.14,1.06,R027
C07842,R0058,TRK021,road,376.9,2186.02,903.58,1178.33,228.49,415.59,688.32,0.0,5600.33,5.96,14.86,1.164,R058
C07843,R0090,TRK013,road,64.3,372.94,149.62,1390.92,50.02,204.87,295.65,0.0,2464.03,1.17,38.32,1.217,R090
C07844,R0056,TRK034,road,94.5,548.1,223.77,1156.37,71.75,796.92,225.12,1188.39,4210.43,1.26,44.55,1.07,R056
C07845,R0049,TRK048,local,352.3,2888.86,898.57,893.16,80.61,498.48,74.12,0.0,5333.8,8.58,15.14,1.212,R049
C07846,R0054,TRK025,road,403.9,2342.62,757.65,1202.77,257.85,404.4,436.49,0.0,5401.77,3.1,13.37,1.104,R054
C07847,R0031,TRK016,road,487.8,2829.24,1131.93,1045.63,323.66,432.11,316.35,397.31,6476.22,12.22,13.28,1.026,R031
C07848,R0035,TRK010,rail,312.4,1124.64,256.4,458.34,45.62,855.71,43.72,0.0,2784.43,0.8,8.91,1.098,R035
C07849,R0065,TRK047,road,365.7,2121.06,830.23,1054.63,243.91,186.18,332.69,0.0,4768.7,3.58,13.04,0.953,R065
C07850,R0098,TRK043,local,100.8,826.56,261.81,1036.9,28.77,410.3,83.0,171.7,2819.03,1.06,27.97,0.985,R098
C07851,R0009,TRK045,road,485.7,2817.06,921.58,1310.04,384.45,604.32,208.73,1185.23,7431.4,3.78,15.3,1.044,R009
C07852,R0015,TRK001,road,245.4,1423.32,550.76,1045.88,210.75,470.71,33.51,0.0,3734.92,0.8,15.22,1.233,R015
C07853,R0086,TRK027,road,99.0,574.2,248.21,985.77,78.29,345.01,417.08,0.0,2648.56,2.28,26.75,1.079,R086
C07854,R0032,TRK001,road,495.4,2873.32,993.86,970.1,379.82,886.17,625.28,0.0,6728.54,3.92,13.58,1.019,R032
C07855,R0082,TRK022,road,494.8,2869.84,1148.68,1030.69,399.84,481.21,478.36,0.0,6408.63,1.32,12.95,0.994,R082
C07856,R0004,TRK034,road,221.3,1283.54,553.07,1347.94,178.21,669.08,71.86,0.0,4103.7,0.93,18.54,1.225,R004
C07857,R0086,TRK027,local,291.6,2391.12,820.41,1008.16,68.29,171.31,182.25,638.75,5280.28,1.15,18.11,0.946,R086
C07858,R0015,TRK040,rail,232.1,835.56,183.61,441.89,30.59,862.29,410.43,0.0,2764.38,0.85,11.91,1.041,R015
C07859,R0042,TRK032,rail,110.4,397.44,77.31,373.13,18.93,762.62,13.14,0.0,1642.57,0.75,14.88,0.91,R042
C07860,R0001,TRK035,road,72.7,421.66,150.38,1227.62,58.79,641.61,554.34,0.0,3054.39,7.04,42.01,0.933,R001
C07861,R0076,TRK041,road,337.1,1955.18,694.04,1340.65,205.19,811.59,403.33,0.0,5409.99,2.3,16.05,1.211,R076
C07862,R0012,TRK015,rail,89.8,323.28,78.93,439.39,11.3,231.59,460.92,0.0,1545.41,0.56,17.21,0.949,R012
C07863,R0008,TRK003,rail,291.8,1050.48,200.24,532.36,45.1,601.14,302.42,0.0,2731.74,1.91,9.36,1.071,R008
C07864,R0033,TRK009,rail,160.2,576.72,124.74,532.58,27.03,482.39,565.58,0.0,2309.05,1.34,14.41,1.042,R033
C07865,R0012,TRK021,road,529.1,3068.78,1130.63,1129.03,415.28,527.71,169.7,0.0,6441.13,3.81,12.17,1.122,R012
C07866,R0061,TRK050,local,292.2,2396.04,783.52,766.88,76.4,482.39,86.6,0.0,4591.83,6.26,15.71,1.002,R061
C07867,R0053,TRK038,road,38.9,225.62,79.84,1240.28,34.65,344.99,70.12,294.15,2289.64,0.81,58.86,1.148,R053
C07868,R0061,TRK017,local,58.4,478.88,168.12,897.7,14.99,540.28,252.73,790.7,3143.4,2.8,53.83,1.123,R061
C07869,R0083,TRK002,road,247.0,1432.6,504.85,1088.23,219.65,354.19,448.74,0.0,4048.27,3.27,16.39,1.158,R083
C07870,R0011,TRK039,rail,36.4,131.04,26.87,373.75,4.44,683.75,550.25,897.66,2667.76,3.67,73.29,1.242,R011
C07871,R0030,TRK018,road,408.7,2370.46,791.24,1411.4,354.82,174.39,435.74,0.0,5538.05,4.42,13.55,0.921,R030
C07872,R0010,TRK024,road,280.7,1628.06,541.09,1078.95,183.85,185.99,534.37,0.0,4152.31,1.86,14.79,1.081,R010
C07873,R0056,TRK045,road,310.0,1798.0,635.58,1021.16,217.39,833.32,515.02,1456.81,6477.29,2.94,20.89,1.134,R056
C07874,R0011,TRK016,road,134.6,780.68,286.26,1331.57,82.03,799.26,131.25,244.65,3655.7,0.88,27.16,0.938,R011
C07875,R0091,TRK047,road,108.5,629.3,243.0,977.89,89.2,899.66,223.23,0.0,3062.27,3.77,28.22,1.121,R091
C07876,R0012,TRK033,road,213.4,1237.72,520.74,963.15,157.96,839.21,692.87,0.0,4411.65,4.67,20.67,1.001,R012
C07877,R0087,TRK039,road,342.4,1985.92,714.0,1005.65,255.96,286.91,232.28,1246.12,5726.83,1.92,16.73,1.212,R087
C07878,R0092,TRK037,local,270.2,2215.64,675.7,942.5,63.84,804.75,235.8,0.0,4938.24,1.4,18.28,1.0,R092
C07879,R0047,TRK024,rail,389.0,1400.4,322.59,508.38,51.47,394.67,83.29,0.0,2760.81,1.4,7.1,1.09,R047
C07880,R0084,TRK003,road,331.0,1919.8,664.49,1039.7,202.3,200.75,344.6,0.0,4371.63,1.75,13.21,1.101,R084
C07881,R0024,TRK004,road,134.1,777.78,282.88,1190.19,109.77,296.49,416.95,0.0,3074.06,0.88,22.92,1.048,R024
C07882,R0034,TRK014,road,193.6,1122.88,423.4,1260.95,172.71,798.12,592.57,0.0,4370.63,2.65,22.58,1.245,R034
C07883,R0077,TRK025,rail,85.9,309.24,62.1,537.33,15.37,604.59,445.92,416.18,2390.73,1.26,27.83,1.015,R077
C07884,R0038,TRK048,road,51.3,297.54,121.82,1388.65,36.14,465.87,421.93,747.99,3479.94,0.71,67.84,0.929,R038
C07885,R0080,TRK030,rail,310.8,1118.88,242.17,438.64,46.98,241.91,152.41,0.0,2240.99,0.67,7.21,0.953,R080
C07886,R0044,TRK039,local,42.7,350.14,111.22,911.13,8.89,614.46,179.91,186.29,2362.05,0.51,55.32,0.941,R044
C07887,R0039,TRK008,road,339.9,1971.42,688.71,1035.28,281.85,423.57,521.75,0.0,4922.57,2.37,14.48,1.141,R039
C07888,R0039,TRK001,rail,386.4,1391.04,273.98,360.49,69.03,377.58,281.84,0.0,2753.96,1.91,7.13,0.988,R039
C07889,R0088,TRK010,road,454.6,2636.68,974.2,1238.39,311.71,787.27,390.66,1620.58,7959.48,3.49,17.51,1.034,R088
C07890,R0011,TRK017,road,31.3,181.54,68.68,998.26,19.02,249.1,467.2,1253.99,3237.8,0.86,103.44,1.185,R011
C07891,R0028,TRK044,road,205.3,1190.74,413.35,1199.72,181.12,787.66,199.14,1419.25,5390.97,1.73,26.26,1.064,R028
C07892,R0085,TRK030,road,191.6,1111.28,419.5,1103.51,155.65,600.74,333.03,1467.13,5190.83,2.88,27.09,1.102,R085
C07893,R0053,TRK018,rail,87.2,313.92,75.93,409.04,15.2,439.24,454.13,0.0,1707.46,1.17,19.58,0.964,R053
C07894,R0100,TRK028,rail,403.4,1452.24,296.74,500.67,62.59,451.44,276.79,359.97,3400.44,1.46,8.43,1.2,R100
C07895,R0016,TRK045,road,45.0,261.0,85.17,1293.48,38.21,331.28,212.36,605.24,2826.74,0.58,62.82,1.144,R016
C07896,R0086,TRK038,road,541.2,3138.96,1052.51,1349.35,382.61,193.67,14.05,0.0,6131.15,2.64,11.33,1.085,R086
C07897,R0080,TRK014,local,410.7,3367.74,1033.39,1008.32,101.57,457.4,104.52,0.0,6072.95,3.48,14.79,0.996,R080
C07898,R0031,TRK039,road,126.3,732.54,258.27,1285.25,102.28,833.09,256.58,0.0,3468.01,0.74,27.46,1.177,R031
C07899,R0059,TRK040,road,493.5,2862.3,1055.87,1017.28,337.78,431.89,655.39,1006.34,7366.84,2.48,14.93,1.032,R059
C07900,R0052,TRK032,road,67.2,389.76,126.66,1436.64,53.38,835.43,666.25,0.0,3508.13,0.92,52.2,0.941,R052
C07901,R0063,TRK026,road,283.8,1646.04,552.83,1013.69,244.34,745.19,428.02,0.0,4630.11,2.0,16.31,1.09,R063
C07902,R0005,TRK034,road,270.4,1568.32,567.18,1142.29,217.99,206.39,454.75,0.0,4156.92,0.96,15.37,0.999,R005
C07903,R0021,TRK002,road,37.7,218.66,80.03,1185.91,23.98,333.91,57.11,1112.2,3011.81,0.98,79.89,1.018,R021
C07904,R0047,TRK026,road,115.1,667.58,234.95,1143.45,87.39,521.71,202.9,1201.2,4059.18,5.13,35.27,1.24,R047
C07905,R0080,TRK010,local,267.6,2194.32,774.44,859.51,64.2,578.25,161.03,0.0,4631.75,5.09,17.31,1.091,R080
C07906,R0074,TRK044,local,86.2,706.84,246.73,952.87,18.62,844.5,2.79,212.47,2984.82,1.33,34.63,1.126,R074
C07907,R0022,TRK018,local,466.5,3825.3,1125.32,867.97,138.12,899.86,10.72,241.35,7108.64,4.04,15.24,1.048,R022
C07908,R0052,TRK011,road,395.2,2292.16,837.84,1138.69,325.32,880.29,60.9,0.0,5535.19,4.23,14.01,0.972,R052
C07909,R0081,TRK030,rail,332.2,1195.92,303.46,488.99,56.0,817.54,159.84,0.0,3021.75,1.64,9.1,0.922,R081
C07910,R0004,TRK003,road,390.0,2262.0,945.24,1153.92,324.04,521.98,130.98,0.0,5338.17,1.87,13.69,1.116,R004
C07911,R0072,TRK004,road,134.2,778.36,315.44,1290.49,102.64,828.73,575.82,0.0,3891.49,2.38,29.0,1.048,R072
C07912,R0072,TRK023,road,543.8,3154.04,1234.93,1060.41,464.56,277.52,589.53,653.67,7434.66,1.94,13.67,1.012,R072
C07913,R0046,TRK014,road,522.3,3029.34,1018.59,1352.74,431.98,745.14,304.4,813.06,7695.26,14.02,14.73,1.085,R046
C07914,R0005,TRK019,local,367.6,3014.32,989.72,853.59,86.06,841.42,16.53,0.0,5801.63,1.35,15.78,1.15,R005
C07915,R0045,TRK019,rail,238.9,860.04,176.36,506.36,33.76,182.77,27.96,0.0,1787.25,0.63,7.48,0.981,R045
C07916,R0081,TRK048,rail,45.0,162.0,31.75,393.08,6.09,432.83,675.26,213.52,1914.53,0.7,42.55,1.248,R081
C07917,R0008,TRK047,road,311.8,1808.44,703.9,1279.44,234.05,269.64,274.22,1072.05,5641.75,1.4,18.09,1.185,R008
C07918,R0019,TRK006,road,484.9,2812.42,1151.48,1154.87,414.13,766.89,21.34,0.0,6321.12,1.75,13.04,0.901,R019
C07919,R0060,TRK044,road,414.7,2405.26,893.37,1220.91,354.32,871.61,20.6,0.0,5766.07,1.68,13.9,0.94,R060
C07920,R0012,TRK030,road,212.4,1231.92,518.26,964.81,183.77,445.22,586.22,469.09,4399.28,5.41,20.71,1.046,R012
C07921,R0060,TRK047,rail,106.5,383.4,88.29,386.3,17.35,581.58,610.41,98.36,2165.68,2.49,20.34,0.974,R060
C07922,R0037,TRK032,local,36.9,302.58,101.98,769.06,9.42,201.18,172.17,1370.13,2926.52,1.19,79.31,1.131,R037
C07923,R0047,TRK038,road,529.1,3068.78,1062.48,971.1,352.14,454.49,666.54,708.47,7284.01,4.43,13.77,1.093,R047
C07924,R0087,TRK050,road,117.4,680.92,291.02,1391.7,99.5,222.78,260.66,0.0,2946.59,7.82,25.1,1.031,R087
C07925,R0016,TRK040,local,76.0,623.2,233.41,898.82,15.53,264.56,287.97,0.0,2323.5,0.84,30.57,0.918,R016
C07926,R0008,TRK003,road,228.6,1325.88,534.69,1258.37,160.01,242.39,91.09,1326.67,4939.1,1.13,21.61,0.984,R008
C07927,R0099,TRK030,road,380.5,2206.9,870.17,1437.78,283.39,839.91,150.56,0.0,5788.71,1.25,15.21,1.084,R099
C07928,R0004,TRK028,rail,549.7,1978.92,416.47,491.06,84.88,712.59,674.49,254.36,4612.78,1.09,8.39,1.109,R004
C07929,R0084,TRK028,road,44.2,256.36,100.88,985.46,30.97,824.0,425.8,0.0,2623.47,4.38,59.35,1.074,R084
C07930,R0070,TRK012,rail,98.3,353.88,86.12,408.36,15.87,519.28,499.67,0.0,1883.18,0.5,19.16,1.224,R070
C07931,R0053,TRK003,road,376.4,2183.12,790.76,1359.27,230.06,584.69,203.52,0.0,5351.42,1.46,14.22,1.081,R053
C07932,R0089,TRK032,local,370.9,3041.38,1065.78,973.45,80.15,266.84,64.53,0.0,5492.12,1.6,14.81,0.915,R089
C07933,R0051,TRK044,road,324.3,1880.94,724.15,1042.38,237.35,474.33,581.03,0.0,4940.18,4.97,15.23,0.954,R051
C07934,R0099,TRK019,road,267.9,1553.82,647.77,1188.53,237.44,466.79,67.26,0.0,4161.61,1.09,15.53,1.22,R099
C07935,R0074,TRK028,road,62.3,361.34,155.16,1174.12,38.11,379.43,544.95,0.0,2653.11,1.3,42.59,1.095,R074
C07936,R0032,TRK029,road,50.2,291.16,115.63,1384.67,36.42,171.12,353.88,0.0,2352.87,0.76,46.87,1.123,R032
C07937,R0082,TRK012,rail,217.4,782.64,157.51,374.52,36.95,243.49,376.65,0.0,1971.75,0.45,9.07,1.089,R082
C07938,R0017,TRK009,road,416.3,2414.54,956.0,984.99,336.35,592.03,563.2,0.0,5847.11,4.02,14.05,0.916,R017
C07939,R0011,TRK016,road,310.6,1801.48,703.97,1051.29,191.55,322.07,672.01,1472.67,6215.04,5.33,20.01,0.905,R011
C07940,R0025,TRK039,rail,55.7,200.52,42.66,499.61,7.18,498.45,642.98,0.0,1891.4,0.4,33.96,0.995,R025
C07941,R0073,TRK047,rail,84.0,302.4,71.82,390.58,14.81,680.32,295.68,0.0,1755.61,0.35,20.9,1.113,R073
C07942,R0061,TRK048,rail,261.2,940.32,237.01,389.31,41.56,459.04,76.59,0.0,2143.82,0.5,8.21,1.151,R061
C07943,R0015,TRK035,road,249.6,1447.68,474.49,1054.23,167.5,668.61,286.01,0.0,4098.53,0.89,16.42,0.935,R015
C07944,R0016,TRK023,road,196.9,1142.02,389.34,1159.34,168.67,469.72,630.32,684.35,4643.77,1.2,23.58,1.146,R016
C07945,R0064,TRK035,rail,511.2,1840.32,397.58,473.85,83.92,203.89,34.68,0.0,3034.23,0.92,5.94,1.137,R064
C07946,R0029,TRK001,road,149.2,865.36,376.08,1113.79,104.82,511.0,405.79,0.0,3376.84,0.76,22.63,1.1,R029
C07947,R0039,TRK004,road,373.4,2165.72,904.32,1373.06,267.05,230.26,245.58,0.0,5185.99,6.4,13.89,1.214,R039
C07948,R0002,TRK011,road,240.8,1396.64,475.02,1241.81,203.28,170.37,12.82,0.0,3499.94,5.3,14.53,1.231,R002
C07949,R0052,TRK048,road,419.0,2430.2,872.04,1387.05,332.01,444.38,690.85,0.0,6156.53,1.45,14.69,0.931,R052
C07950,R0069,TRK041,rail,104.3,375.48,85.93,538.97,15.18,575.51,583.19,0.0,2174.25,1.54,20.85,1.126,R069
C07951,R0067,TRK049,road,485.5,2815.9,912.42,1123.5,344.47,723.64,644.69,835.33,7399.94,2.32,15.24,1.182,R067
C07952,R0081,TRK003,road,339.5,1969.1,828.77,1182.05,252.63,399.67,660.58,336.36,5629.18,3.14,16.58,1.144,R081
C07953,R0043,TRK031,road,158.5,919.3,303.14,1222.2,108.77,816.47,196.78,106.6,3673.26,1.13,23.18,0.917,R043
C07954,R0047,TRK012,road,168.9,979.62,420.0,1133.44,106.38,352.75,508.22,0.0,3500.42,3.9,20.72,0.916,R047
C07955,R0008,TRK008,road,499.6,2897.68,1259.44,1254.86,315.64,390.17,256.05,0.0,6373.83,1.29,12.76,0.913,R008
C07956,R0040,TRK029,road,440.1,2552.58,887.18,1091.14,281.05,597.57,654.56,161.38,6225.45,7.79,14.15,1.205,R040
C07957,R0002,TRK007,road,160.4,930.32,309.03,1221.9,101.6,672.94,301.48,1190.76,4728.04,1.37,29.48,0.922,R002
C07958,R0038,TRK011,road,379.2,2199.36,768.92,1429.25,236.23,356.75,344.4,0.0,5334.92,1.44,14.07,1.11,R038
C07959,R0093,TRK049,road,100.5,582.9,217.95,1230.75,68.2,893.7,79.94,0.0,3073.44,3.14,30.58,1.189,R093
C07960,R0012,TRK020,local,468.7,3843.34,1120.07,761.16,106.64,408.74,214.7,0.0,6454.66,1.96,13.77,1.091,R012
C07961,R0057,TRK033,road,293.1,1699.98,575.44,1225.08,248.05,882.72,635.39,0.0,5266.67,2.21,17.97,1.087,R057
C07962,R0054,TRK041,road,444.3,2576.94,982.65,1323.1,341.99,350.32,579.06,0.0,6154.06,1.34,13.85,1.057,R054
C07963,R0016,TRK036,rail,391.9,1410.84,303.61,463.26,61.02,804.8,98.98,611.17,3753.69,1.27,9.58,0.922,R016
C07964,R0090,TRK037,road,454.7,2637.26,1096.35,1214.09,325.53,352.44,546.71,0.0,6172.39,1.71,13.57,1.082,R090
C07965,R0041,TRK033,road,383.8,2226.04,922.69,1409.61,314.74,845.16,620.85,187.67,6526.75,1.39,17.01,1.113,R041
C07966,R0052,TRK021,local,330.2,2707.64,887.2,954.57,78.81,508.71,194.75,0.0,5331.69,3.85,16.15,1.012,R052
C07967,R0086,TRK004,road,345.1,2001.58,855.27,1054.5,267.84,199.91,583.99,0.0,4963.09,1.02,14.38,1.131,R086
C07968,R0059,TRK046,road,432.4,2507.92,1082.67,1342.38,265.77,501.6,230.8,0.0,5931.15,4.64,13.72,1.049,R059
C07969,R0020,TRK020,road,460.1,2668.58,963.35,1383.28,350.88,473.44,189.86,1707.09,7736.48,2.29,16.81,1.177,R020
C07970,R0039,TRK009,road,211.0,1223.8,421.11,1265.44,170.83,200.14,581.41,0.0,3862.72,0.87,18.31,1.021,R039
C07971,R0001,TRK036,rail,332.0,1195.2,232.4,464.05,58.17,660.92,91.86,1641.16,4343.76,5.12,13.08,1.084,R001
C07972,R0060,TRK020,road,295.3,1712.74,697.39,1010.85,193.17,265.16,200.44,824.63,4904.38,1.76,16.61,1.202,R060
C07973,R0095,TRK008,road,316.0,1832.8,798.39,1083.35,242.93,264.56,594.71,0.0,4816.75,0.99,15.24,0.981,R095
C07974,R0064,TRK022,road,348.8,2023.04,785.94,1165.44,246.54,374.08,420.66,0.0,5015.69,1.63,14.38,0.953,R064
C07975,R0011,TRK046,road,76.4,443.12,160.99,1286.0,48.29,408.0,433.21,0.0,2779.6,0.81,36.38,0.98,R011
C07976,R0070,TRK050,road,63.5,368.3,143.79,960.22,38.26,300.5,47.16,0.0,1858.23,0.5,29.26,1.163,R070
C07977,R0038,TRK043,road,262.4,1521.92,607.71,990.33,171.26,686.13,686.36,0.0,4663.71,2.51,17.77,1.189,R038
C07978,R0066,TRK029,road,347.6,2016.08,839.46,1156.87,283.2,456.44,42.47,1492.5,6287.02,5.34,18.09,1.005,R066
C07979,R0050,TRK039,rail,394.8,1421.28,303.72,361.36,59.22,179.96,478.66,595.2,3399.4,0.88,8.61,1.198,R050
C07980,R0014,TRK037,road,402.0,2331.6,888.12,1423.62,263.63,254.6,99.13,0.0,5260.69,1.34,13.09,1.113,R014
C07981,R0054,TRK041,road,435.4,2525.32,866.54,1168.08,312.32,862.22,223.02,0.0,5957.51,1.34,13.68,0.942,R054
C07982,R0007,TRK035,road,241.5,1400.7,465.02,1437.17,169.72,321.36,609.75,591.12,4994.83,1.25,20.68,1.22,R007
C07983,R0070,TRK002,road,354.6,2056.68,866.03,1004.48,264.92,634.59,123.12,437.68,5387.5,2.85,15.19,1.036,R070
C07984,R0095,TRK015,local,197.7,1621.14,593.69,1063.97,50.08,881.68,170.9,0.0,4381.46,10.13,22.16,1.213,R095
C07985,R0072,TRK009,road,401.5,2328.7,977.95,1136.4,328.94,221.59,92.97,839.08,5925.63,2.79,14.76,0.999,R072
C07986,R0086,TRK012,road,441.9,2563.02,872.44,1112.36,282.71,195.15,312.47,1228.65,6566.8,1.91,14.86,1.003,R086
C07987,R0095,TRK045,road,383.2,2222.56,758.47,990.62,274.81,819.62,670.43,0.0,5736.52,1.16,14.97,1.182,R095
C07988,R0091,TRK047,road,261.9,1519.02,505.82,1294.42,177.23,660.5,40.94,1305.91,5503.83,1.7,21.02,1.015,R091
C07989,R0047,TRK003,rail,493.6,1776.96,351.02,421.35,81.81,447.93,418.42,435.43,3932.92,1.26,7.97,1.067,R047
C07990,R0039,TRK014,road,391.1,2268.38,828.08,993.03,298.0,442.33,341.58,1115.42,6286.82,4.22,16.07,1.217,R039
C07991,R0061,TRK006,road,275.9,1600.22,668.69,1079.62,217.16,733.95,302.45,128.78,4730.87,1.02,17.15,0.976,R061
C07992,R0054,TRK002,local,99.6,816.72,239.18,913.69,25.59,537.45,0.52,395.4,2928.55,8.96,29.4,1.199,R054
C07993,R0098,TRK007,local,325.2,2666.64,808.7,988.02,94.69,285.78,179.48,0.0,5023.31,1.0,15.45,1.151,R098
C07994,R0026,TRK043,local,292.5,2398.5,776.38,831.45,74.59,816.88,80.04,0.0,4977.84,2.61,17.02,1.23,R026
C07995,R0049,TRK043,road,238.5,1383.3,523.43,962.5,163.63,450.67,526.53,0.0,4010.05,3.29,16.81,1.032,R049
C07996,R0079,TRK040,local,469.2,3847.44,1215.69,854.37,138.59,882.34,6.65,0.0,6945.07,7.73,14.8,0.924,R079
C07997,R0085,TRK019,road,543.2,3150.56,1348.39,1122.78,488.57,840.73,360.47,1091.15,8402.65,3.96,15.47,1.128,R085
C07998,R0060,TRK025,road,509.6,2955.68,1111.21,976.75,411.56,606.98,2.93,0.0,6065.1,2.39,11.9,0.938,R060
C07999,R0024,TRK030,road,85.2,494.16,172.89,1130.64,70.64,504.46,332.45,0.0,2705.24,1.13,31.75,0.974,R024
C08000,R0066,TRK029,road,310.5,1800.9,760.48,1142.23,278.61,775.58,305.61,0.0,5063.41,2.03,16.31,1.058,R066
