shipment_id,temp_obs_count,observed_avg_temp,observed_min_temp,observed_max_temp,observed_temp_std,observed_excursion_count,observed_in_range_pct,observed_sensor_fair_pct
HS000001,7,23.7,18.57,28.14,2.9941220193349944,0,100.0,0.0
HS000002,9,13.258888888888889,12.09,14.96,1.1329214937987149,0,100.0,0.2222222222222222
HS000003,7,24.169999999999998,15.54,35.31,7.173674093517214,1,85.71428571428571,0.2857142857142857
HS000004,7,4.402857142857143,2.31,6.78,1.8042146424942007,0,100.0,0.14285714285714285
HS000005,8,-16.71875,-18.75,-15.03,1.5208873115013202,0,100.0,0.25
HS000006,7,21.064285714285713,16.17,28.38,5.127006459728253,0,100.0,0.14285714285714285
HS000007,9,10.552222222222222,8.21,12.81,1.5307169707181156,1,88.88888888888889,0.4444444444444444
HS000008,9,21.037777777777777,16.49,26.88,3.517068302499177,0,100.0,0.3333333333333333
HS000009,13,2.0276923076923077,-1.85,5.38,2.332231241558728,1,92.3076923076923,0.23076923076923078
HS000010,7,6.585714285714286,2.01,13.87,3.8815755269514685,1,85.71428571428571,0.2857142857142857
HS000011,8,13.685,12.2,14.78,0.9829837958263313,0,100.0,0.0
HS000012,10,5.169,3.32,7.19,1.5615480211066908,0,100.0,0.2
HS000013,11,5.91,2.02,13.99,3.438185567999493,2,81.81818181818183,0.36363636363636365
HS000014,8,3.96875,0.17,12.08,3.579279406728199,2,75.0,0.25
HS000015,11,13.534545454545453,9.6,18.01,2.0512599232489466,2,81.81818181818183,0.18181818181818182
HS000016,7,11.022857142857143,8.49,12.78,1.4923774576796838,0,100.0,0.2857142857142857
HS000017,12,22.2,16.63,28.01,4.200196965078489,0,100.0,0.3333333333333333
HS000018,11,10.98,8.11,14.7,2.0998904733342645,3,72.72727272727273,0.2727272727272727
HS000019,3,3.9033333333333338,2.78,5.37,1.328696102701191,0,100.0,0.3333333333333333
HS000020,9,23.14777777777778,16.89,29.28,5.468925346395253,0,100.0,0.1111111111111111
HS000021,7,10.202857142857143,8.95,11.61,1.1440966492640139,0,100.0,0.5714285714285714
HS000022,11,13.351818181818182,12.19,14.42,0.8442608386253412,0,100.0,0.36363636363636365
HS000023,9,4.383333333333334,2.65,6.72,1.7214891809128516,0,100.0,0.3333333333333333
HS000024,10,10.593,8.66,12.79,1.2870470076885303,1,90.0,0.2
HS000025,5,1.658,-3.03,5.7,3.5920565140320386,2,60.0,0.4
HS000026,9,5.471111111111111,4.1,13.06,2.8595867028490516,1,88.88888888888889,0.2222222222222222
HS000027,11,1.7699999999999998,-1.43,3.83,1.9759554650851825,0,100.0,0.18181818181818182
HS000028,11,5.876363636363636,0.1,13.49,3.5405995896945837,2,81.81818181818183,0.0
HS000029,12,5.528333333333333,2.55,7.61,1.759751187646777,0,100.0,0.25
HS000030,7,0.8057142857142858,-1.29,4.48,2.3163035001402354,1,85.71428571428571,0.42857142857142855
HS000031,8,10.995000000000001,8.72,12.71,1.4735574059300942,0,100.0,0.375
HS000032,8,2.0175,-1.32,3.71,1.8334647139072127,0,100.0,0.5
HS000033,9,21.404444444444444,16.17,29.38,4.669622873185561,0,100.0,0.3333333333333333
HS000034,12,-17.655,-19.67,-15.2,1.3309429330024225,0,100.0,0.3333333333333333
HS000035,9,5.487777777777778,3.07,7.76,1.4526508336294877,0,100.0,0.1111111111111111
HS000036,13,5.526153846153846,3.11,7.46,1.4665409328390078,0,100.0,0.0
HS000037,8,10.34125,9.32,11.86,1.0667365118501784,0,100.0,0.375
HS000038,13,10.366153846153846,8.45,12.46,1.494899876588944,0,100.0,0.38461538461538464
HS000039,7,10.567142857142857,8.08,13.72,1.969210622607566,1,85.71428571428571,0.2857142857142857
HS000040,8,23.06875,15.66,28.83,4.3125015527947514,0,100.0,0.25
HS000041,13,11.007692307692308,8.55,15.0,1.811910381550156,1,92.3076923076923,0.46153846153846156
HS000042,4,23.8075,15.39,27.19,5.651055211197285,0,100.0,0.0
HS000043,8,13.5675,12.46,14.73,0.8626495729520103,0,100.0,0.625
HS000044,10,11.125,8.02,13.04,1.648873352727047,1,90.0,0.3
HS000045,3,5.41,3.69,7.21,1.7613631085043195,0,100.0,0.0
HS000046,6,5.715,2.87,7.73,1.7612353618980063,0,100.0,0.16666666666666666
HS000047,8,23.915,16.81,27.81,3.492064473304335,0,100.0,0.375
HS000048,11,21.05181818181818,15.33,26.41,4.360653203779953,0,100.0,0.36363636363636365
HS000049,8,23.555,17.45,29.61,4.217290938166688,0,100.0,0.125
HS000050,19,13.275263157894736,12.14,14.87,0.7978747355113148,0,100.0,0.3157894736842105
HS000051,10,22.325,17.06,29.94,4.644268271512509,0,100.0,0.1
HS000052,7,13.404285714285715,12.31,14.53,0.7479272946585368,0,100.0,0.42857142857142855
HS000053,11,22.439090909090908,15.25,28.38,5.096454560859843,0,100.0,0.2727272727272727
HS000054,8,3.59875,-0.44,5.23,1.824010005455014,1,87.5,0.75
HS000055,7,5.96,2.96,7.86,1.9729250703798493,0,100.0,0.2857142857142857
HS000056,9,13.46888888888889,12.14,14.94,1.1411994177667242,0,100.0,0.3333333333333333
HS000057,10,10.773,8.89,15.61,1.9053144972243643,1,90.0,0.2
HS000058,14,11.384285714285713,8.4,16.45,2.25586658868251,2,85.71428571428571,0.14285714285714285
HS000059,10,23.719,18.12,32.94,5.0141432191574085,1,90.0,0.2
HS000060,13,21.526153846153843,15.26,26.65,3.3730242079908512,0,100.0,0.3076923076923077
HS000061,8,21.5525,16.82,29.18,4.448902753970434,0,100.0,0.25
HS000062,9,10.255555555555555,8.31,15.36,2.246447813277169,1,88.88888888888889,0.1111111111111111
HS000063,10,1.6989999999999998,-1.34,7.71,2.660895630338694,1,90.0,0.3
HS000064,9,10.297777777777778,8.29,12.45,1.5133553596047578,0,100.0,0.0
HS000065,9,1.0333333333333332,-1.68,3.92,2.1492673170175927,0,100.0,0.2222222222222222
HS000066,5,6.456,4.2,10.11,2.2608914171184775,1,80.0,0.4
HS000067,11,10.664545454545454,8.6,12.82,1.639727804462458,0,100.0,0.45454545454545453
HS000068,7,1.5457142857142858,-1.88,6.2,2.8700456276446036,1,85.71428571428571,0.14285714285714285
HS000069,8,13.50125,12.09,15.05,1.0995380523526368,1,87.5,0.5
HS000070,12,5.4775,2.95,7.64,1.5889397551369107,0,100.0,0.4166666666666667
HS000071,12,-18.163333333333334,-19.61,-15.92,1.304714063647199,0,100.0,0.16666666666666666
HS000072,2,14.94,12.43,17.45,3.5496760415564683,1,50.0,0.5
HS000073,12,20.11583333333333,15.09,23.36,2.9925132591286223,0,100.0,0.3333333333333333
HS000074,8,4.74625,2.31,7.27,1.5334828472653819,0,100.0,0.125
HS000075,6,23.569999999999997,15.4,27.28,4.333178971609643,0,100.0,0.3333333333333333
HS000076,11,-17.395454545454545,-19.57,-15.53,1.408739604301403,0,100.0,0.36363636363636365
HS000077,6,4.931666666666667,3.77,6.61,1.0482827226786995,0,100.0,0.16666666666666666
HS000078,13,5.683076923076923,2.87,11.77,2.600084564699722,2,84.61538461538461,0.07692307692307693
HS000079,7,24.077142857142857,19.74,28.33,3.409338715380222,0,100.0,0.14285714285714285
HS000080,13,1.8423076923076922,-1.72,6.95,2.2221129353468734,2,84.61538461538461,0.23076923076923078
HS000081,12,10.630833333333333,8.41,12.67,1.3979755384342767,0,100.0,0.0
HS000082,7,9.151428571428571,8.18,10.53,0.9120385330205545,0,100.0,0.2857142857142857
HS000083,13,1.5153846153846153,-1.36,3.85,1.5623039364168516,0,100.0,0.07692307692307693
HS000084,6,8.834999999999999,8.26,9.49,0.42889392628014644,0,100.0,0.0
HS000085,14,10.757142857142856,9.08,12.98,1.2034976499381267,0,100.0,0.14285714285714285
HS000086,12,10.47,8.32,11.96,1.212510543534289,0,100.0,0.25
HS000087,7,1.137142857142857,-1.51,3.8,1.8329549393053308,0,100.0,0.14285714285714285
HS000088,9,12.795555555555556,9.62,14.93,1.5535371826183557,1,88.88888888888889,0.3333333333333333
HS000089,6,1.4766666666666666,-1.36,3.56,2.1814551718214763,0,100.0,0.16666666666666666
HS000090,3,17.816666666666666,15.35,19.78,2.257483850071432,0,100.0,0.0
HS000091,8,21.195,17.13,28.11,4.284870393105757,0,100.0,0.125
HS000092,10,4.824,2.17,8.61,2.0616239553646376,1,90.0,0.2
HS000093,9,2.292222222222222,-7.09,11.26,4.857900209395458,3,66.66666666666666,0.3333333333333333
HS000094,12,0.8816666666666667,-2.65,6.46,2.5330249014794846,2,83.33333333333334,0.16666666666666666
HS000095,7,5.341428571428572,2.47,7.45,1.8068059162642844,0,100.0,0.7142857142857143
HS000096,9,-17.90222222222222,-19.43,-15.55,1.3842035415517633,0,100.0,0.2222222222222222
HS000097,6,11.478333333333333,8.81,12.95,1.8293213677937141,0,100.0,0.6666666666666666
HS000098,6,20.48,15.77,27.72,4.760445357316897,0,100.0,0.3333333333333333
HS000099,13,10.622307692307693,8.19,14.57,1.5796843241934646,1,92.3076923076923,0.3076923076923077
HS000100,4,24.505,22.68,27.64,2.288354576254884,0,100.0,0.25
HS000101,9,2.7433333333333336,-0.98,7.36,2.1930458271545534,1,88.88888888888889,0.3333333333333333
HS000102,8,10.72125,8.0,14.61,2.109065043364679,1,87.5,0.25
HS000103,4,6.4575,5.72,7.44,0.7437013289396941,0,100.0,0.5
HS000104,4,10.685,8.98,12.95,1.988810364682029,1,75.0,0.0
HS000105,5,22.454,18.14,28.26,3.8993050662906605,0,100.0,0.0
HS000106,11,1.3645454545454545,-1.46,3.95,1.7473200258473753,0,100.0,0.2727272727272727
HS000107,5,9.916,8.58,10.62,0.9215367599830185,0,100.0,0.4
HS000108,3,10.456666666666667,8.67,11.74,1.5956921173375944,0,100.0,0.6666666666666666
HS000109,7,4.988571428571428,2.71,9.03,2.425932319552138,1,85.71428571428571,0.2857142857142857
HS000110,6,9.94,9.1,10.98,0.7480374322184687,0,100.0,0.3333333333333333
HS000111,8,22.01875,15.07,29.54,5.445185127378919,0,100.0,0.0
HS000112,9,5.765555555555555,2.66,7.94,2.040466313806179,0,100.0,0.1111111111111111
HS000113,5,5.434,2.61,7.64,2.1538639697065363,0,100.0,0.4
HS000114,4,10.239999999999998,8.45,14.28,2.725276744357045,1,75.0,0.25
HS000115,5,5.282,2.61,7.65,2.006880664115333,0,100.0,0.0
HS000116,6,24.028333333333332,19.07,32.04,4.577066382156442,1,83.33333333333334,0.5
HS000117,11,9.999090909090908,8.37,11.73,1.1412401547917477,0,100.0,0.18181818181818182
HS000118,6,4.0,-0.07,7.35,2.3886732719231403,1,83.33333333333334,0.0
HS000119,12,11.245833333333332,8.83,12.9,1.3686918660686285,0,100.0,0.3333333333333333
HS000120,8,4.64875,2.29,6.32,1.2343701401350988,0,100.0,0.5
HS000121,7,4.798571428571429,2.88,7.72,1.7388351327965568,0,100.0,0.14285714285714285
HS000122,8,5.69125,2.09,9.58,2.2145843692601614,1,87.5,0.625
HS000123,3,0.49,0.08,0.77,0.36290494623248115,0,100.0,0.3333333333333333
HS000124,8,5.11875,2.59,7.6,2.2053599479450066,0,100.0,0.375
HS000125,7,14.290000000000001,12.11,16.95,1.4987550389128528,1,85.71428571428571,0.14285714285714285
HS000126,13,10.515384615384615,8.23,12.62,1.4537343601028319,0,100.0,0.15384615384615385
HS000127,9,22.88888888888889,15.71,29.68,4.47580563821879,0,100.0,0.1111111111111111
HS000128,7,0.58,-1.87,3.75,2.0455643068193514,0,100.0,0.2857142857142857
HS000129,8,5.87625,2.73,7.27,1.682939074527485,0,100.0,0.0
HS000130,7,21.33857142857143,16.31,29.7,4.589326125447426,0,100.0,0.0
HS000131,11,9.799999999999999,8.01,11.89,1.2289751828251045,0,100.0,0.45454545454545453
HS000132,12,10.599166666666667,8.28,12.79,1.5706655122957118,0,100.0,0.0
HS000133,7,11.655714285714286,9.73,12.4,1.1115733165631658,0,100.0,0.14285714285714285
HS000134,6,20.533333333333335,15.15,29.28,6.103293100176878,0,100.0,0.3333333333333333
HS000135,4,5.3475,4.09,5.89,0.8500343130329113,0,100.0,0.5
HS000136,9,0.9433333333333334,-1.98,6.75,2.4877499874384483,1,88.88888888888889,0.2222222222222222
HS000137,11,10.374545454545455,8.32,11.83,1.0613893125179246,0,100.0,0.36363636363636365
HS000138,8,14.4875,12.33,19.99,2.466071195820822,1,87.5,0.25
HS000139,8,-17.345,-19.61,-15.1,1.638788751312558,0,100.0,0.5
HS000140,7,4.058571428571429,2.04,7.33,1.9626803829748454,0,100.0,0.2857142857142857
HS000141,6,23.778333333333332,15.85,28.38,4.415741915767572,0,100.0,0.3333333333333333
HS000142,12,4.593333333333334,0.47,8.71,2.5334716868121476,2,83.33333333333334,0.3333333333333333
HS000143,8,4.18625,2.12,6.28,1.3792330943576683,0,100.0,0.25
HS000144,5,4.712,2.98,6.68,1.408232935277399,0,100.0,0.2
HS000145,3,17.896666666666665,15.4,21.88,3.486435620133165,0,100.0,0.6666666666666666
HS000146,8,5.1375,2.0,7.26,1.9696246923135958,0,100.0,0.5
HS000147,6,-16.866666666666667,-19.35,-16.02,1.2572138508092674,0,100.0,0.3333333333333333
HS000148,12,23.969166666666666,18.5,29.97,3.6354328448888964,0,100.0,0.16666666666666666
HS000149,11,10.643636363636363,8.66,12.33,1.1527382419896783,0,100.0,0.09090909090909091
HS000150,7,21.774285714285718,18.03,29.74,5.115019899416675,0,100.0,0.2857142857142857
HS000151,19,10.066315789473684,8.09,13.74,1.3661470984988557,1,94.73684210526315,0.21052631578947367
HS000152,6,-16.851666666666667,-19.62,-15.7,1.5133858287517654,0,100.0,0.6666666666666666
HS000153,7,22.422857142857143,16.97,27.25,4.114744683394561,0,100.0,0.5714285714285714
HS000154,8,1.3775,-4.99,3.94,2.9831514975178273,1,87.5,0.125
HS000155,12,4.614999999999999,-1.06,7.82,2.791651515110398,1,91.66666666666666,0.3333333333333333
HS000156,5,1.0619999999999998,-0.64,3.51,2.0052481143240106,0,100.0,0.4
HS000157,6,14.161666666666667,12.42,18.31,2.2009036023112567,1,83.33333333333334,0.3333333333333333
HS000158,5,9.488,8.01,12.01,1.6439190977660671,0,100.0,0.2
HS000159,10,10.001999999999999,8.54,11.6,1.0424948707574324,0,100.0,0.2
HS000160,9,1.927777777777778,-1.1,4.12,1.479229341395189,1,88.88888888888889,0.4444444444444444
HS000161,6,5.503333333333333,3.32,7.53,1.6876808545061677,0,100.0,0.8333333333333334
HS000162,14,10.963571428571429,8.06,12.5,1.1036415746403927,0,100.0,0.07142857142857142
HS000163,6,23.83666666666667,19.43,29.27,4.258420677512576,0,100.0,0.16666666666666666
HS000164,8,6.13625,0.28,10.12,2.8273103700463147,2,75.0,0.125
HS000165,15,4.699333333333333,2.09,10.24,2.1391035060332655,1,93.33333333333333,0.13333333333333333
HS000166,12,5.1025,2.04,9.78,2.3389862800328305,1,91.66666666666666,0.4166666666666667
HS000167,4,13.5825,12.78,14.8,0.8919033953667107,0,100.0,0.5
HS000168,13,5.607692307692307,2.12,9.77,2.1389060827369746,1,92.3076923076923,0.23076923076923078
HS000169,7,5.148571428571429,3.72,8.75,1.8449338612484059,1,85.71428571428571,0.42857142857142855
HS000170,6,10.424999999999999,8.45,11.79,1.482939648131373,0,100.0,0.3333333333333333
HS000171,12,20.839166666666667,12.75,27.68,5.024477283230264,1,91.66666666666666,0.08333333333333333
HS000172,4,23.0125,18.43,26.92,3.699363684022792,0,100.0,0.75
HS000173,6,6.933333333333334,2.3,11.29,2.846342682578235,1,83.33333333333334,0.0
HS000174,10,20.695,15.55,29.34,5.271470910054949,0,100.0,0.4
HS000175,7,24.124285714285715,20.43,28.34,3.0187185865466004,0,100.0,0.14285714285714285
HS000176,10,4.5329999999999995,2.02,7.04,1.933184189649582,0,100.0,0.2
HS000177,6,0.8566666666666668,-1.18,3.63,1.708995806509386,0,100.0,0.16666666666666666
HS000178,9,0.9388888888888888,-1.68,3.98,2.180856737869572,0,100.0,0.5555555555555556
HS000179,13,10.604615384615386,8.39,13.97,1.5161553096820006,1,92.3076923076923,0.3076923076923077
HS000180,7,12.638571428571428,9.9,16.45,2.2551232676687434,2,71.42857142857143,0.42857142857142855
HS000181,7,8.734285714285715,6.24,11.34,1.6657616590502689,1,85.71428571428571,0.14285714285714285
HS000182,10,-17.23,-19.78,-15.12,1.4446068284792546,0,100.0,0.1
HS000183,8,24.215,14.29,32.41,6.187595886702917,2,75.0,0.0
HS000184,5,5.101999999999999,3.88,7.11,1.2636336494411662,0,100.0,0.2
HS000185,10,4.224,2.44,7.88,1.8389562256889096,0,100.0,0.1
HS000186,10,9.778,5.92,12.13,1.9783820550024087,1,90.0,0.2
HS000187,13,4.637692307692308,-1.15,7.53,2.378130056179133,1,92.3076923076923,0.23076923076923078
HS000188,5,0.722,-0.99,2.06,1.2347347893373701,0,100.0,0.2
HS000189,11,21.983636363636364,15.97,26.59,3.9931873803448608,0,100.0,0.2727272727272727
HS000190,7,22.637142857142855,15.19,29.08,5.958975623057245,0,100.0,0.42857142857142855
HS000191,7,23.3,16.55,28.84,4.754587258637704,0,100.0,0.0
HS000192,11,24.094545454545457,16.31,33.1,4.738329586755999,1,90.9090909090909,0.36363636363636365
HS000193,9,23.94,18.62,28.49,3.6424099165250476,0,100.0,0.2222222222222222
HS000194,5,5.718,3.03,7.0,1.7049398816380594,0,100.0,0.4
HS000195,15,9.805333333333332,8.05,11.6,1.0824170483998607,0,100.0,0.4
HS000196,9,9.72888888888889,8.31,11.27,1.170570848394539,0,100.0,0.0
HS000197,7,5.168571428571428,3.08,7.13,1.417279419303389,0,100.0,0.2857142857142857
HS000198,7,10.802857142857144,8.57,12.87,1.9568828468230988,0,100.0,0.42857142857142855
HS000199,11,13.368181818181819,12.16,14.87,0.7912245974667138,0,100.0,0.18181818181818182
HS000200,7,21.95,16.9,26.08,2.939183560106446,0,100.0,0.14285714285714285
HS000201,5,13.686000000000002,12.92,14.25,0.5136438454805042,0,100.0,0.4
HS000202,10,22.415,15.87,29.88,3.8293667883868214,0,100.0,0.5
HS000203,10,5.922,2.57,13.05,3.1669361288861584,1,90.0,0.1
HS000204,7,-16.740000000000002,-18.88,-14.87,1.3811589336495638,1,85.71428571428571,0.14285714285714285
HS000205,9,6.135555555555555,3.54,12.88,2.794866325565103,1,88.88888888888889,0.1111111111111111
HS000206,6,5.248333333333334,3.24,6.67,1.2134647364743099,0,100.0,0.3333333333333333
HS000207,7,-17.56142857142857,-19.24,-15.47,1.4113991706982183,0,100.0,0.14285714285714285
HS000208,9,13.524444444444445,12.08,14.77,0.8603358517333674,0,100.0,0.2222222222222222
HS000209,12,21.218333333333334,15.3,27.33,4.439225635448625,0,100.0,0.25
HS000210,6,4.991666666666666,2.59,7.74,1.8973393651813235,0,100.0,0.6666666666666666
HS000211,7,11.067142857142857,9.01,12.92,1.67028654513444,0,100.0,0.0
HS000212,10,5.436999999999999,2.06,9.69,2.242721808676036,1,90.0,0.5
HS000213,8,-18.2175,-19.85,-15.12,1.496011363593206,0,100.0,0.375
HS000214,9,3.73,0.99,6.57,1.8817810712194976,1,88.88888888888889,0.2222222222222222
HS000215,10,-17.669,-19.76,-16.54,1.1528751498367518,0,100.0,0.3
HS000216,13,13.223076923076924,12.1,14.58,0.8026350832869674,0,100.0,0.15384615384615385
HS000217,9,5.498888888888889,2.5,9.02,2.1473439666506877,1,88.88888888888889,0.3333333333333333
HS000218,6,8.848333333333334,6.33,10.3,1.4407139433859402,1,83.33333333333334,0.0
HS000219,7,10.314285714285715,8.22,12.58,2.038135235477577,0,100.0,0.2857142857142857
HS000220,14,13.046428571428573,9.21,18.43,2.2597774129422468,3,78.57142857142857,0.2857142857142857
HS000221,9,5.002222222222223,2.21,7.73,1.7628157715553956,0,100.0,0.3333333333333333
HS000222,10,6.285,2.35,10.92,2.2128726930294826,1,90.0,0.3
HS000223,8,4.90125,2.11,9.64,2.3559495355982722,1,87.5,0.25
HS000224,10,13.63,12.28,14.98,0.8312640976248163,0,100.0,0.3
HS000225,11,13.974545454545455,12.52,14.98,0.8405279726025022,0,100.0,0.2727272727272727
HS000226,10,1.244,-2.79,6.21,2.5996760481943815,2,80.0,0.1
HS000227,10,13.594,12.01,14.75,0.9157413511588425,0,100.0,0.2
HS000228,11,4.3945454545454545,2.18,6.63,1.6953605140875712,0,100.0,0.45454545454545453
HS000229,6,19.091666666666665,16.11,23.85,3.242254873797967,0,100.0,0.16666666666666666
HS000230,7,4.505714285714285,2.26,7.29,1.987476265207186,0,100.0,0.2857142857142857
HS000231,7,20.102857142857143,15.16,29.67,5.825780961341048,0,100.0,0.42857142857142855
HS000232,7,10.697142857142856,9.76,11.45,0.5919097421542769,0,100.0,0.2857142857142857
HS000233,7,9.290000000000001,8.26,11.77,1.1984434349049047,0,100.0,0.2857142857142857
HS000234,7,5.604285714285714,3.44,6.71,1.0999978354957058,0,100.0,0.0
HS000235,9,4.672222222222222,0.94,7.07,2.0489312932464196,1,88.88888888888889,0.2222222222222222
HS000236,6,25.441666666666666,21.28,28.38,3.081645123414873,0,100.0,0.5
HS000237,6,10.243333333333334,8.34,11.46,1.208580434504327,0,100.0,0.16666666666666666
HS000238,8,22.24125,16.16,29.55,5.30338284898018,0,100.0,0.125
HS000239,7,3.957142857142857,2.26,7.71,1.966602097406542,0,100.0,0.2857142857142857
HS000240,9,5.341111111111111,2.85,7.73,2.06381591017976,0,100.0,0.2222222222222222
HS000241,9,13.373333333333333,12.28,14.76,0.9079922907161714,0,100.0,0.2222222222222222
HS000242,8,21.30375,16.54,25.42,3.807552410294947,0,100.0,0.375
HS000243,9,11.353333333333332,8.99,14.01,1.618448330963951,2,77.77777777777779,0.1111111111111111
HS000244,7,24.18285714285714,16.45,36.57,6.560614082756061,1,85.71428571428571,0.2857142857142857
HS000245,7,-18.321428571428573,-22.9,-15.9,2.2182307407137833,1,85.71428571428571,0.14285714285714285
HS000246,11,6.08909090909091,3.54,7.83,1.4052291951525528,0,100.0,0.45454545454545453
HS000247,4,2.9825,2.38,4.25,0.8732076881628257,0,100.0,0.25
HS000248,14,21.78857142857143,16.63,28.16,3.088133260234576,0,100.0,0.14285714285714285
HS000249,10,14.135,12.63,17.6,1.413618288883766,1,90.0,0.5
HS000250,7,9.86,8.2,11.63,1.332729029723097,0,100.0,0.2857142857142857
HS000251,6,0.735,-1.05,1.97,1.1102927541869307,0,100.0,0.0
HS000252,7,6.118571428571428,4.24,7.89,1.1606812449509778,0,100.0,0.2857142857142857
HS000253,9,12.406666666666666,8.1,14.1,1.7880366327343522,1,88.88888888888889,0.2222222222222222
HS000254,9,13.466666666666667,12.54,15.4,0.9371899487297116,1,88.88888888888889,0.4444444444444444
HS000255,7,5.282857142857142,2.26,7.92,2.1984594173019905,0,100.0,0.5714285714285714
HS000256,8,9.09,4.91,11.61,2.08967529945273,1,87.5,0.25
HS000257,12,9.8725,8.32,11.23,0.9966227060336414,0,100.0,0.25
HS000258,11,22.865454545454547,16.72,29.5,4.0447975564578345,0,100.0,0.45454545454545453
HS000259,4,5.9275,3.03,9.6,3.3709679618768256,1,75.0,0.25
HS000260,9,21.57888888888889,15.07,29.65,6.336482550367444,0,100.0,0.2222222222222222
HS000261,8,20.73875,15.24,28.39,5.256115995404102,0,100.0,0.125
HS000262,7,14.01,12.06,18.56,2.272766302695168,1,85.71428571428571,0.2857142857142857
HS000263,11,6.365454545454545,2.61,11.29,2.67167873681086,2,81.81818181818183,0.09090909090909091
HS000264,6,0.3216666666666667,-1.97,3.6,1.9348117910191334,0,100.0,0.3333333333333333
HS000265,10,3.806,-2.97,8.09,2.967854443870184,2,80.0,0.3
HS000266,9,9.962222222222222,8.32,14.27,1.8337446508291293,1,88.88888888888889,0.5555555555555556
HS000267,9,14.49888888888889,12.59,18.58,1.7025601637272931,1,88.88888888888889,0.1111111111111111
HS000268,6,10.991666666666667,8.26,15.71,2.698165426112096,1,83.33333333333334,0.3333333333333333
HS000269,11,1.2909090909090908,-1.97,7.25,2.695141757108351,1,90.9090909090909,0.09090909090909091
HS000270,7,22.101428571428574,15.72,27.8,5.065249018463714,0,100.0,0.2857142857142857
HS000271,9,5.302222222222222,3.01,7.39,1.4652881779515061,0,100.0,0.3333333333333333
HS000272,12,5.065,2.87,7.24,1.6711427772091114,0,100.0,0.25
HS000273,8,22.28875,11.3,28.54,5.98295301550282,1,87.5,0.25
HS000274,6,6.778333333333333,4.81,7.9,1.119435869832063,0,100.0,0.16666666666666666
HS000275,7,10.152857142857142,8.6,11.51,1.3313616373937658,0,100.0,0.2857142857142857
HS000276,5,20.446,15.46,24.69,4.481370326139093,0,100.0,0.2
HS000277,8,4.4350000000000005,2.04,7.29,1.9543870065646087,0,100.0,0.125
HS000278,7,10.24,9.04,11.97,1.060660171779822,0,100.0,0.2857142857142857
HS000279,10,5.004,2.09,7.81,1.9876071599343323,0,100.0,0.3
HS000280,13,23.07,18.7,28.57,3.7274790408532152,0,100.0,0.38461538461538464
HS000281,6,10.321666666666667,8.86,11.99,1.3402897696642568,0,100.0,0.3333333333333333
HS000282,9,4.466666666666667,2.19,7.1,1.7603408760805392,0,100.0,0.3333333333333333
HS000283,8,14.1275,12.25,17.58,1.6283624552642708,1,87.5,0.125
HS000284,8,10.1825,8.22,11.42,1.1362941017686767,0,100.0,0.25
HS000285,7,10.4,8.06,11.74,1.4163215265845068,0,100.0,0.42857142857142855
HS000286,6,4.3950000000000005,2.01,6.64,1.7637091596972556,0,100.0,0.16666666666666666
HS000287,10,21.311,15.51,28.05,4.391328449974512,0,100.0,0.2
HS000288,7,13.971428571428572,12.58,14.62,0.843275925017598,0,100.0,0.14285714285714285
HS000289,5,10.258,7.94,12.6,1.964273402558819,1,80.0,0.4
HS000290,8,13.126249999999999,12.2,14.96,0.906672684678908,0,100.0,0.25
HS000291,8,11.33,8.93,13.61,1.5946069824792024,2,75.0,0.375
HS000292,10,-0.07099999999999997,-4.34,2.54,2.1052761761293404,1,90.0,0.2
HS000293,4,5.805,3.51,6.83,1.5629992535720119,0,100.0,0.5
HS000294,8,-17.25125,-19.81,-12.78,2.0693921640354764,1,87.5,0.375
HS000295,10,4.956,2.24,9.22,2.113139843928934,1,90.0,0.2
HS000296,4,1.3875,-0.13,2.86,1.44213672490972,0,100.0,0.25
HS000297,8,9.62375,8.67,11.85,1.1590382404636799,0,100.0,0.0
HS000298,13,12.946923076923078,9.58,15.27,1.3400023918845856,2,84.61538461538461,0.3076923076923077
HS000299,13,23.558461538461536,17.38,29.49,4.109997660489695,0,100.0,0.15384615384615385
HS000300,9,4.64,2.29,7.4,1.9471838639430021,0,100.0,0.2222222222222222
HS000301,10,21.536,16.64,31.95,5.382306816474389,1,90.0,0.1
HS000302,10,21.634,16.56,28.73,4.684210356790851,0,100.0,0.1
HS000303,6,-17.796666666666667,-19.75,-15.89,1.433299224400358,0,100.0,0.3333333333333333
HS000304,8,22.10875,17.35,27.75,3.278634025234986,0,100.0,0.125
HS000305,4,5.4475,3.18,7.54,1.8355630380530839,0,100.0,0.75
HS000306,10,10.398,8.78,13.59,1.5777748043790447,1,90.0,0.3
HS000307,10,10.779,8.33,15.59,1.8619908700098398,1,90.0,0.2
HS000308,11,9.377272727272727,8.1,11.31,1.2093228759028,0,100.0,0.18181818181818182
HS000309,11,10.605454545454545,8.29,16.12,2.1361430833928883,1,90.9090909090909,0.18181818181818182
HS000310,9,4.788888888888889,2.21,7.32,1.3331114398695678,0,100.0,0.3333333333333333
HS000311,10,6.412999999999999,3.46,9.32,1.6834293701977652,1,90.0,0.2
HS000312,6,22.343333333333334,15.94,29.44,5.138527674992776,0,100.0,0.3333333333333333
HS000313,5,0.8220000000000001,-3.62,3.91,2.7825833320854922,1,80.0,0.2
HS000314,8,12.985,12.01,14.64,0.8983158846260202,0,100.0,0.0
HS000315,5,5.548,3.89,7.13,1.4878575200603046,0,100.0,0.4
HS000316,5,4.328,2.62,5.78,1.2896007133993066,0,100.0,0.0
HS000317,11,11.012727272727274,8.22,14.53,1.9028141838292616,2,81.81818181818183,0.18181818181818182
HS000318,4,10.6225,10.14,11.02,0.4308421984903516,0,100.0,0.25
HS000319,8,4.748749999999999,3.02,6.35,1.086783425658357,0,100.0,0.25
HS000320,9,10.27111111111111,8.0,16.27,2.627519954464877,1,88.88888888888889,0.1111111111111111
HS000321,13,23.48846153846154,15.65,29.79,4.988147361753069,0,100.0,0.23076923076923078
HS000322,7,4.74,2.45,7.71,1.6577293707558742,0,100.0,0.2857142857142857
HS000323,12,4.980833333333333,2.03,7.99,1.8485741843787378,0,100.0,0.25
HS000324,11,13.66909090909091,12.37,14.72,0.7849771276343604,0,100.0,0.2727272727272727
HS000325,8,21.305,16.46,26.5,4.115427420954336,0,100.0,0.375
HS000326,6,3.905,2.39,7.62,2.08700503113912,0,100.0,0.16666666666666666
HS000327,7,13.464285714285714,10.91,14.87,1.327100311994251,1,85.71428571428571,0.7142857142857143
HS000328,9,-17.134444444444444,-19.81,-14.31,2.0569097641310807,1,88.88888888888889,0.2222222222222222
HS000329,8,5.59,2.27,8.46,2.374122394245323,1,87.5,0.25
HS000330,8,5.46,2.28,7.95,2.087335964470365,0,100.0,0.5
HS000331,6,10.716666666666667,8.75,12.0,1.4103285669185983,0,100.0,0.16666666666666666
HS000332,6,6.6866666666666665,5.66,7.84,0.7373104276128656,0,100.0,0.0
HS000333,6,10.923333333333332,8.12,17.28,3.343421401299374,1,83.33333333333334,0.16666666666666666
HS000334,6,13.893333333333333,12.76,14.38,0.6148712602380003,0,100.0,0.16666666666666666
HS000335,8,12.969999999999999,12.37,13.81,0.6021390442177196,0,100.0,0.125
HS000336,6,24.213333333333335,18.79,28.97,3.4911067968005027,0,100.0,0.0
HS000337,10,10.59,8.33,12.92,1.615790140388837,0,100.0,0.1
HS000338,12,4.7749999999999995,2.63,7.94,1.8004115691090798,0,100.0,0.25
HS000339,11,5.171818181818182,2.89,7.88,1.689347910773966,0,100.0,0.45454545454545453
HS000340,8,23.58375,15.71,29.97,4.931948144496249,0,100.0,0.125
HS000341,10,2.945,-0.93,4.87,1.5069782126272873,1,90.0,0.5
HS000342,8,22.38,18.0,28.7,4.00915381168075,0,100.0,0.25
HS000343,8,10.0225,8.41,11.99,1.2957485426247974,0,100.0,0.5
HS000344,2,9.969999999999999,8.17,11.77,2.5455844122715714,0,100.0,0.0
HS000345,8,1.8387499999999999,-4.15,3.92,2.746995436576375,1,87.5,0.125
HS000346,8,4.62125,2.04,7.05,1.9105828392703326,0,100.0,0.5
HS000347,11,21.35727272727273,14.13,29.0,4.720817918346547,1,90.9090909090909,0.09090909090909091
HS000348,10,24.43,15.37,29.86,5.048942683594479,0,100.0,0.3
HS000349,4,5.0600000000000005,2.89,7.43,1.9382638279312405,0,100.0,0.5
HS000350,10,22.038,10.31,27.96,6.118232860339114,1,90.0,0.0
HS000351,9,1.8188888888888886,-1.32,5.26,2.069803399144738,1,88.88888888888889,0.3333333333333333
HS000352,14,10.889285714285714,8.51,14.56,1.7134466582153793,1,92.85714285714286,0.21428571428571427
HS000353,3,5.876666666666666,2.7,8.03,2.80849307161925,1,66.66666666666666,0.3333333333333333
HS000354,7,9.345714285714285,8.24,10.99,0.9513298962129655,0,100.0,0.14285714285714285
HS000355,9,22.935555555555553,15.13,29.5,5.345170977412955,0,100.0,0.2222222222222222
HS000356,10,10.303999999999998,8.53,13.57,1.606778695955911,1,90.0,0.2
HS000357,6,4.523333333333333,2.74,7.01,1.6843238010153117,0,100.0,0.3333333333333333
HS000358,8,1.7375,-1.38,4.21,2.258253117535132,1,87.5,0.25
HS000359,9,9.827777777777778,8.15,15.77,2.507009063494674,1,88.88888888888889,0.0
HS000360,7,10.56,9.31,11.96,0.9117382665363267,0,100.0,0.0
HS000361,12,5.245833333333334,2.27,7.84,1.8259864498816838,0,100.0,0.3333333333333333
HS000362,6,10.575000000000001,8.14,13.96,2.2197725108668225,1,83.33333333333334,0.16666666666666666
HS000363,8,5.96875,2.43,7.93,1.8462969696124183,0,100.0,0.25
HS000364,15,5.152666666666666,2.74,7.57,1.5264920881675395,0,100.0,0.06666666666666667
HS000365,7,10.652857142857142,8.99,12.05,1.2761754618875136,0,100.0,0.2857142857142857
HS000366,6,13.691666666666668,12.3,14.91,1.0634174470388689,0,100.0,0.3333333333333333
HS000367,10,4.3839999999999995,2.02,7.7,1.9922639271832323,0,100.0,0.1
HS000368,11,22.529090909090908,16.51,29.94,5.115788217949321,0,100.0,0.2727272727272727
HS000369,10,13.127,10.14,14.82,1.3455032102856117,1,90.0,0.0
HS000370,5,23.874000000000002,22.09,26.33,1.6531575847450224,0,100.0,0.2
HS000371,5,0.8039999999999999,-1.78,3.4,2.2762315347960542,0,100.0,0.0
HS000372,9,-16.691111111111113,-19.24,-13.77,1.5956929877363968,1,88.88888888888889,0.2222222222222222
HS000373,5,5.458,4.3,6.28,0.8054626000007697,0,100.0,0.0
HS000374,9,5.024444444444445,2.21,7.91,1.8559775800848937,0,100.0,0.1111111111111111
HS000375,8,22.46625,16.61,28.43,4.745322320830422,0,100.0,0.125
HS000376,7,6.0042857142857144,3.67,10.25,2.369464476366317,1,85.71428571428571,0.14285714285714285
HS000377,14,4.2628571428571425,-0.6,8.49,2.2306895400695774,2,85.71428571428571,0.21428571428571427
HS000378,10,5.54,2.62,11.51,2.893356374716241,2,80.0,0.2
HS000379,6,9.623333333333333,8.39,11.01,1.1204046887918069,0,100.0,0.3333333333333333
HS000380,10,-17.494999999999997,-19.76,-15.03,1.7733161026731818,0,100.0,0.3
HS000381,7,9.58,8.31,11.08,0.9982985525382672,0,100.0,0.14285714285714285
HS000382,4,10.9925,9.11,11.98,1.339188186925198,0,100.0,0.5
HS000383,5,9.814,8.5,10.53,0.8813228693276942,0,100.0,0.2
HS000384,11,13.92181818181818,12.08,16.74,1.3486275852274274,1,90.9090909090909,0.45454545454545453
HS000385,9,-17.34111111111111,-19.43,-15.19,1.6395993751862394,0,100.0,0.2222222222222222
HS000386,6,-17.388333333333332,-19.32,-15.07,1.5141653366348955,0,100.0,0.5
HS000387,8,5.55625,2.36,7.0,1.7129001096719816,0,100.0,0.25
HS000388,13,9.631538461538462,8.14,11.72,1.2187346317242744,0,100.0,0.15384615384615385
HS000389,9,5.473333333333333,3.59,7.99,1.680230638930263,0,100.0,0.1111111111111111
HS000390,8,3.69,2.09,5.61,1.348099190924551,0,100.0,0.125
HS000391,13,4.966923076923076,2.47,7.85,1.9582746854284117,0,100.0,0.38461538461538464
HS000392,10,0.46399999999999997,-1.62,2.9,1.5165399214439867,0,100.0,0.2
HS000393,11,4.922727272727273,2.09,8.11,1.9105867732667412,1,90.9090909090909,0.2727272727272727
HS000394,15,5.559333333333333,2.06,11.33,2.368789524108001,1,93.33333333333333,0.3333333333333333
HS000395,5,26.201999999999998,19.99,29.97,4.299380187887552,0,100.0,0.2
HS000396,11,4.263636363636364,2.23,6.89,1.705181941772037,0,100.0,0.36363636363636365
HS000397,12,4.488333333333333,2.41,6.96,1.5890811143169463,0,100.0,0.0
HS000398,8,5.0475,2.6,6.51,1.2701490351248437,0,100.0,0.0
HS000399,7,9.848571428571429,8.4,11.2,0.9384993086736678,0,100.0,0.2857142857142857
HS000400,8,21.94375,15.36,26.8,4.500742597457826,0,100.0,0.125
HS000401,6,5.171666666666666,2.86,10.44,2.946159647179132,1,83.33333333333334,0.3333333333333333
HS000402,7,9.31142857142857,6.29,12.27,2.0198137585053773,1,85.71428571428571,0.14285714285714285
HS000403,11,22.415454545454544,16.95,28.6,4.381648921664911,0,100.0,0.0
HS000404,6,6.151666666666667,4.61,7.94,1.558350623789995,0,100.0,0.16666666666666666
HS000405,10,11.228,8.11,17.17,2.396450152482487,1,90.0,0.4
HS000406,11,10.324545454545456,8.12,16.11,2.2950832823074796,1,90.9090909090909,0.5454545454545454
HS000407,4,9.8325,9.23,10.52,0.5311857804321695,0,100.0,0.0
HS000408,13,1.1092307692307692,-2.71,3.97,2.1052254888667767,1,92.3076923076923,0.23076923076923078
HS000409,8,11.37625,10.3,13.54,1.0395457455748909,1,87.5,0.25
HS000410,6,22.30333333333333,17.21,28.29,3.691946189568134,0,100.0,0.3333333333333333
HS000411,2,25.145,21.13,29.16,5.678067452927977,0,100.0,0.5
HS000412,8,0.90875,-0.82,3.13,1.6226295898060916,0,100.0,0.25
HS000413,7,1.087142857142857,-0.72,3.94,1.9860657448476229,0,100.0,0.14285714285714285
HS000414,6,12.46,9.52,17.69,3.0274477699871234,2,66.66666666666666,0.3333333333333333
HS000415,4,10.7225,10.34,11.14,0.33290389003434634,0,100.0,0.25
HS000416,11,4.808181818181819,2.52,7.97,1.8056401534182727,0,100.0,0.2727272727272727
HS000417,6,10.18,8.99,10.96,0.7952106639123999,0,100.0,0.16666666666666666
HS000418,5,9.056000000000001,8.07,10.73,1.088889342403534,0,100.0,0.4
HS000419,6,4.195,2.25,5.95,1.4554827377883943,0,100.0,0.16666666666666666
HS000420,4,9.93,8.81,11.6,1.3297368160654948,0,100.0,0.5
HS000421,6,6.041666666666667,4.3,7.24,1.2672713468972094,0,100.0,0.16666666666666666
HS000422,8,4.83125,2.02,7.44,1.7580300460621094,0,100.0,0.125
HS000423,7,24.50142857142857,17.1,29.5,5.226475640338107,0,100.0,0.2857142857142857
HS000424,12,1.695833333333333,-1.26,5.77,2.1739426200227814,1,91.66666666666666,0.16666666666666666
HS000425,5,22.446,16.41,27.62,4.058316153283281,0,100.0,0.4
HS000426,7,6.425714285714286,2.78,13.51,3.527779552555484,1,85.71428571428571,0.0
HS000427,5,25.282,16.62,34.53,6.93696042946765,1,80.0,0.0
HS000428,9,4.7555555555555555,2.29,7.52,1.9412374346735064,0,100.0,0.2222222222222222
HS000429,8,10.83875,8.53,12.73,1.573289887919125,0,100.0,0.375
HS000430,11,24.701818181818183,16.71,29.56,4.437183381790341,0,100.0,0.2727272727272727
HS000431,10,10.027,8.01,13.42,1.8317208059939463,1,90.0,0.1
HS000432,13,9.910769230769231,8.07,11.44,1.1412818928618638,0,100.0,0.23076923076923078
HS000433,9,9.92111111111111,8.08,12.42,1.722450612096356,0,100.0,0.1111111111111111
HS000434,9,3.756666666666667,2.6,7.81,1.6757386431063768,0,100.0,0.5555555555555556
HS000435,5,6.444,2.44,10.46,2.864695446290932,1,80.0,0.6
HS000436,12,4.320833333333334,2.04,7.16,2.0174261655221324,0,100.0,0.16666666666666666
HS000437,5,22.101999999999997,14.47,27.37,5.759650162987333,1,80.0,0.2
HS000438,9,10.351111111111111,8.4,12.62,1.7317292256906416,0,100.0,0.1111111111111111
HS000439,8,4.51875,2.02,7.62,2.1606112726329485,0,100.0,0.0
HS000440,7,4.098571428571428,2.1,6.88,1.8554013812957793,0,100.0,0.0
HS000441,8,21.4525,16.02,29.25,4.38880963360226,0,100.0,0.25
HS000442,10,13.447999999999999,12.65,14.41,0.5877036290134301,0,100.0,0.4
HS000443,6,10.258333333333333,9.29,11.63,0.8309612907149571,0,100.0,0.16666666666666666
HS000444,12,5.178333333333334,2.03,9.58,2.271562671311749,1,91.66666666666666,0.16666666666666666
HS000445,5,4.348000000000001,3.8,5.25,0.6920765853574301,0,100.0,0.2
HS000446,14,22.229285714285712,15.09,27.38,3.1792293799833704,0,100.0,0.2857142857142857
HS000447,8,1.4425,-0.56,3.06,1.257273126367423,0,100.0,0.25
HS000448,14,24.76142857142857,16.48,29.48,3.8118355302780462,0,100.0,0.2857142857142857
HS000449,5,4.5840000000000005,0.1,7.61,3.0994644698721747,1,80.0,0.0
HS000450,8,10.2,8.19,13.86,1.810745702742381,1,87.5,0.5
HS000451,11,10.152727272727272,8.35,11.88,1.0589437275803748,0,100.0,0.09090909090909091
HS000452,11,10.531818181818181,9.14,11.77,0.8916705465789267,0,100.0,0.2727272727272727
HS000453,10,5.537,-0.35,11.39,3.1314570623486655,2,80.0,0.4
HS000454,10,5.445,2.23,7.83,1.9857170549255556,0,100.0,0.3
HS000455,8,5.26875,2.74,7.15,1.4200245219210625,0,100.0,0.25
HS000456,4,2.325,0.37,3.83,1.4390390312056631,0,100.0,0.0
HS000457,4,6.115,4.74,7.1,1.1305898165706847,0,100.0,0.0
HS000458,7,4.422857142857143,2.16,7.65,2.589753619463406,0,100.0,0.2857142857142857
HS000459,13,-17.00307692307692,-19.58,-15.14,1.2902866904644652,0,100.0,0.3076923076923077
HS000460,6,4.663333333333333,2.63,7.76,2.3478472409138265,0,100.0,0.16666666666666666
HS000461,7,5.468571428571429,2.36,9.38,2.8760066560622364,2,71.42857142857143,0.14285714285714285
HS000462,6,0.15,-1.74,3.69,2.006379824459965,0,100.0,0.6666666666666666
HS000463,9,0.7111111111111111,-1.83,3.39,1.9895064993890095,0,100.0,0.3333333333333333
HS000464,8,5.641249999999999,2.89,7.83,2.105573810491708,0,100.0,0.5
HS000465,6,6.165,3.87,7.77,1.4135027414193435,0,100.0,0.16666666666666666
HS000466,6,6.123333333333334,2.78,7.32,1.6645319662495723,0,100.0,0.16666666666666666
HS000467,6,-16.848333333333333,-19.79,-15.73,1.5018177874384984,0,100.0,0.0
HS000468,6,13.781666666666666,12.2,18.6,2.4209949745232167,1,83.33333333333334,0.16666666666666666
HS000469,9,6.095555555555555,4.83,7.89,0.9050015346825537,0,100.0,0.4444444444444444
HS000470,10,22.886,15.49,31.54,5.945971932512146,1,90.0,0.3
HS000471,10,9.846,8.03,11.83,1.4331333193778977,0,100.0,0.1
HS000472,8,21.958750000000002,16.44,27.29,3.380673802238668,0,100.0,0.25
HS000473,5,14.702000000000002,14.57,14.83,0.11606032913963304,0,100.0,0.4
HS000474,7,5.171428571428572,2.41,7.76,1.7834650596654869,0,100.0,0.2857142857142857
HS000475,9,4.156666666666666,2.25,6.89,1.9196484053075968,0,100.0,0.4444444444444444
HS000476,9,9.964444444444444,8.42,11.76,1.2841350309752386,0,100.0,0.2222222222222222
HS000477,8,22.5775,16.3,29.27,5.272271806346861,0,100.0,0.25
HS000478,11,5.375454545454546,2.01,7.88,2.0439587257885794,0,100.0,0.36363636363636365
HS000479,16,23.720625,15.21,29.58,3.8350827348746117,0,100.0,0.25
HS000480,8,10.4275,8.26,14.09,2.02456168095714,1,87.5,0.25
HS000481,10,24.585,16.3,33.51,5.669801583829896,1,90.0,0.4
HS000482,3,20.34,15.14,29.87,8.264677852160965,0,100.0,0.0
HS000483,9,0.7077777777777778,-1.96,3.63,1.7688963916647138,0,100.0,0.3333333333333333
HS000484,9,10.982222222222223,6.93,14.94,2.472649276473403,2,77.77777777777779,0.2222222222222222
HS000485,5,5.782,3.08,7.1,1.55613945390508,0,100.0,0.2
HS000486,3,0.17,-0.94,1.16,1.0551303237041385,0,100.0,0.0
HS000487,8,23.5225,19.56,26.78,2.458662528402674,0,100.0,0.25
HS000488,6,4.835,2.58,7.48,1.6590931257768504,0,100.0,0.16666666666666666
HS000489,4,9.629999999999999,8.2,12.72,2.1206131188880266,0,100.0,0.25
HS000490,8,12.9175,12.02,14.85,0.9066382173407743,0,100.0,0.125
HS000491,9,6.088888888888889,3.32,7.93,1.506340303885915,0,100.0,0.2222222222222222
HS000492,9,25.028888888888886,19.81,29.95,3.542423056484235,0,100.0,0.4444444444444444
HS000493,10,10.129999999999999,8.13,12.11,1.357530437555228,1,90.0,0.3
HS000494,9,5.973333333333333,3.68,7.94,1.4383584393328392,0,100.0,0.4444444444444444
HS000495,7,21.635714285714283,15.23,29.99,4.844621956846778,0,100.0,0.14285714285714285
HS000496,10,10.39,8.14,11.67,1.087228893410521,0,100.0,0.2
HS000497,8,10.01625,8.04,13.03,1.8996912343100096,1,87.5,0.125
HS000498,8,4.46,2.91,5.88,1.164719463463811,0,100.0,0.125
HS000499,7,-16.687142857142856,-19.94,-12.77,2.292296623372247,1,85.71428571428571,0.0
HS000500,7,10.447142857142856,8.57,11.47,1.2911973033547106,0,100.0,0.5714285714285714
HS000501,11,24.327272727272728,16.49,30.2,4.881948567752617,1,90.9090909090909,0.36363636363636365
HS000502,5,5.224,2.13,6.99,1.8927440397475832,0,100.0,0.4
HS000503,9,22.824444444444442,15.26,34.62,6.026997824603704,1,88.88888888888889,0.2222222222222222
HS000504,4,21.455,15.26,28.51,5.433320040883536,0,100.0,0.75
HS000505,10,22.516,15.39,29.61,5.404685621446142,0,100.0,0.5
HS000506,10,5.3740000000000006,2.26,9.96,2.4097219756644126,1,90.0,0.3
HS000507,7,10.891428571428571,8.61,12.69,1.5104351312500275,0,100.0,0.2857142857142857
HS000508,5,4.26,2.52,5.33,1.1290039858211305,0,100.0,0.0
HS000509,10,10.983,9.67,13.64,1.28392670265003,1,90.0,0.6
HS000510,10,-17.675,-19.62,-15.33,1.570741155562488,0,100.0,0.1
HS000511,7,13.442857142857141,12.02,14.89,1.0145231110512678,0,100.0,0.0
HS000512,5,4.0280000000000005,3.21,4.83,0.6329454952837567,0,100.0,0.0
HS000513,9,9.661111111111111,6.6,11.66,1.4863331090677858,1,88.88888888888889,0.1111111111111111
HS000514,15,10.475333333333333,8.52,12.92,1.4878117520452008,0,100.0,0.13333333333333333
HS000515,9,11.432222222222222,9.58,15.43,1.785915575956614,1,88.88888888888889,0.1111111111111111
HS000516,7,-16.814285714285713,-19.58,-11.78,2.757540311841074,1,85.71428571428571,0.2857142857142857
HS000517,10,23.646,18.88,28.29,3.150831283610371,0,100.0,0.4
HS000518,10,9.882,8.05,11.93,1.1580040299296601,0,100.0,0.3
HS000519,8,20.54625,15.06,27.34,4.14504157311566,0,100.0,0.375
HS000520,6,22.686666666666667,15.77,29.74,4.811921307198058,0,100.0,0.3333333333333333
HS000521,13,5.059230769230769,2.21,7.99,1.9514416104445347,0,100.0,0.07692307692307693
HS000522,10,-17.442,-19.54,-13.89,1.7044373460666327,1,90.0,0.4
HS000523,4,4.0925,2.25,5.4,1.4506636412345904,0,100.0,0.0
HS000524,8,13.95,12.67,17.17,1.4265843322926475,1,87.5,0.375
HS000525,9,6.053333333333334,3.7,9.53,1.8448102883494548,1,88.88888888888889,0.1111111111111111
HS000526,10,10.690999999999999,8.43,13.68,1.442015949981137,1,90.0,0.1
HS000527,11,21.522727272727273,17.07,27.61,3.6752118058938894,0,100.0,0.18181818181818182
HS000528,7,20.872857142857146,11.96,29.39,6.008221351575173,1,85.71428571428571,0.2857142857142857
HS000529,10,24.131999999999998,17.86,32.92,4.798128801939358,1,90.0,0.1
HS000530,12,1.0358333333333334,-1.8,3.44,1.7641658257108546,0,100.0,0.25
HS000531,6,0.8533333333333334,-1.56,3.44,1.6251358917538763,0,100.0,0.0
HS000532,6,18.43166666666667,15.5,20.72,1.9618910944970076,0,100.0,0.16666666666666666
HS000533,5,11.308,8.43,12.83,1.9068088525072464,0,100.0,0.6
HS000534,13,10.494615384615384,8.39,15.88,1.9870439325147264,2,84.61538461538461,0.23076923076923078
HS000535,7,1.752857142857143,-1.28,3.65,2.2094095311169624,0,100.0,0.2857142857142857
HS000536,7,6.445714285714287,2.87,12.47,3.227423415785711,1,85.71428571428571,0.14285714285714285
HS000537,10,4.806,2.09,7.96,2.1096297726799786,0,100.0,0.1
HS000538,4,10.440000000000001,8.96,11.9,1.233855745214975,0,100.0,0.25
HS000539,5,0.526,-1.53,3.02,2.0438150601265272,0,100.0,0.2
HS000540,4,11.96,10.9,12.67,0.8336666000266533,0,100.0,0.25
HS000541,9,13.887777777777778,12.22,14.93,0.9278978631532915,0,100.0,0.2222222222222222
HS000542,11,10.426363636363636,8.02,16.13,2.226770184492655,1,90.9090909090909,0.2727272727272727
HS000543,7,4.341428571428572,1.88,5.93,1.4746686472043877,1,85.71428571428571,0.0
HS000544,7,23.665714285714284,19.19,26.0,2.4231925026216765,0,100.0,0.2857142857142857
HS000545,13,5.970769230769231,2.48,7.78,1.4394180626122346,0,100.0,0.23076923076923078
HS000546,5,6.208,3.95,10.5,2.587154807892253,1,80.0,0.4
HS000547,9,6.2188888888888885,2.05,9.96,2.5080093921497006,1,88.88888888888889,0.1111111111111111
HS000548,10,5.633,2.46,10.13,2.5732946888290034,1,90.0,0.0
HS000549,9,23.37,15.0,29.0,4.931171260461352,0,100.0,0.1111111111111111
HS000550,9,4.917777777777777,2.6,7.89,1.7664567485348865,0,100.0,0.2222222222222222
HS000551,5,2.074,-1.23,8.19,3.603315140256261,1,80.0,0.2
HS000552,12,10.155,8.23,11.93,1.200564261276565,0,100.0,0.3333333333333333
HS000553,11,9.591818181818182,8.25,11.76,1.2064146731685437,0,100.0,0.09090909090909091
HS000554,5,20.074,15.64,26.37,4.33673033517188,0,100.0,0.2
HS000555,7,22.714285714285715,18.33,27.91,3.9663201129126273,0,100.0,0.2857142857142857
HS000556,6,23.093333333333334,18.42,27.17,3.495223407261211,0,100.0,0.3333333333333333
HS000557,11,21.44,15.29,26.65,4.523951812298623,0,100.0,0.18181818181818182
HS000558,10,10.495000000000001,8.55,11.83,1.0675855417196733,0,100.0,0.2
HS000559,10,21.565,16.8,28.79,4.274672826986619,0,100.0,0.2
HS000560,10,5.6370000000000005,0.97,7.94,2.2465581081586414,1,90.0,0.3
HS000561,10,22.176,16.14,33.27,4.383824307103966,1,90.0,0.3
HS000562,5,11.36,8.31,13.93,2.01270961641266,1,80.0,0.4
HS000563,11,10.336363636363636,8.36,12.86,1.7007426185479841,0,100.0,0.6363636363636364
HS000564,10,4.18,2.16,7.59,2.072132556892375,0,100.0,0.2
HS000565,5,20.374000000000002,16.77,23.12,3.17336256989333,0,100.0,0.2
HS000566,13,0.3538461538461538,-1.92,3.87,2.1814388923427677,0,100.0,0.15384615384615385
HS000567,11,4.674545454545455,0.7,12.41,3.122474543167209,2,81.81818181818183,0.18181818181818182
HS000568,6,4.503333333333333,2.68,7.49,1.8838754382035634,0,100.0,0.16666666666666666
HS000569,12,25.24,15.52,34.94,5.232159296991148,1,91.66666666666666,0.4166666666666667
HS000570,11,4.409090909090909,2.18,7.45,1.6415873692585146,0,100.0,0.36363636363636365
HS000571,9,3.7655555555555558,2.04,6.42,1.565504001201459,0,100.0,0.4444444444444444
HS000572,6,0.40666666666666657,-1.45,3.05,1.9090067225305065,0,100.0,0.16666666666666666
HS000573,10,5.819999999999999,2.44,12.2,2.79006571009836,1,90.0,0.2
HS000574,7,0.3314285714285714,-1.34,3.05,1.5274535298051741,0,100.0,0.2857142857142857
HS000575,11,5.3500000000000005,3.06,7.34,1.5757601340305574,0,100.0,0.45454545454545453
HS000576,11,21.69909090909091,15.3,27.68,4.49757146590347,0,100.0,0.2727272727272727
HS000577,8,24.2,15.37,30.55,5.66031044075449,1,87.5,0.125
HS000578,7,25.52,15.55,29.14,4.938761653154225,0,100.0,0.0
HS000579,8,2.19625,-0.98,3.95,2.041819479218054,0,100.0,0.375
HS000580,5,5.954,3.47,7.84,2.1929614679697407,0,100.0,0.6
HS000581,7,5.414285714285714,1.61,9.06,2.704273513921112,2,71.42857142857143,0.0
HS000582,10,24.173000000000002,17.64,29.3,4.560499607133703,0,100.0,0.2
HS000583,12,1.3074999999999999,-0.61,3.73,1.4366319513488357,0,100.0,0.3333333333333333
HS000584,7,4.862857142857143,3.12,7.55,2.007467013309013,0,100.0,0.14285714285714285
HS000585,8,3.91,2.15,5.67,1.3647919778695736,0,100.0,0.375
HS000586,8,5.72875,3.46,7.12,1.1784304028179662,0,100.0,0.375
HS000587,9,3.5244444444444443,1.58,7.29,1.8576134629620282,1,88.88888888888889,0.4444444444444444
HS000588,9,9.958888888888888,8.26,12.25,1.3504947653031136,0,100.0,0.1111111111111111
HS000589,7,4.964285714285714,2.76,6.44,1.269564979863275,0,100.0,0.14285714285714285
HS000590,11,0.7045454545454546,-1.12,3.44,1.6162881156301536,0,100.0,0.2727272727272727
HS000591,16,10.47,5.3,14.89,2.0483294005929156,3,81.25,0.1875
HS000592,8,21.372500000000002,16.37,31.64,5.98068259362711,1,87.5,0.125
HS000593,6,-0.23000000000000007,-5.19,2.28,2.9191916689385096,1,83.33333333333334,0.16666666666666666
HS000594,14,13.31,8.51,18.65,2.1598717910668106,2,85.71428571428571,0.14285714285714285
HS000595,5,23.208000000000002,16.85,29.98,5.042684800778251,0,100.0,0.2
HS000596,13,5.905384615384615,3.22,7.81,1.794392261949318,0,100.0,0.15384615384615385
HS000597,6,4.041666666666667,2.08,6.83,1.763036206850746,0,100.0,0.0
HS000598,11,4.015454545454546,-1.06,7.92,2.3278890164110644,1,90.9090909090909,0.18181818181818182
HS000599,10,23.64,17.62,29.28,4.622611094752981,0,100.0,0.2
HS000600,9,6.52,3.6,11.17,2.356581210143202,1,88.88888888888889,0.3333333333333333
HS000601,5,0.526,-1.0,3.35,1.7826469083921246,0,100.0,0.0
HS000602,5,9.992,8.48,11.63,1.1194060925330007,0,100.0,0.2
HS000603,4,-17.38,-17.94,-15.96,0.9487887014504324,0,100.0,0.0
HS000604,7,5.434285714285714,2.68,7.59,2.0663079565806672,0,100.0,0.0
HS000605,14,0.14357142857142854,-1.95,3.2,1.5747947712094335,0,100.0,0.35714285714285715
HS000606,11,5.634545454545455,-0.63,11.38,3.0787054540386407,2,81.81818181818183,0.09090909090909091
HS000607,6,21.263333333333332,15.64,28.87,4.657165089050062,0,100.0,0.16666666666666666
HS000608,9,5.3244444444444445,1.32,7.69,1.9626137617416672,1,88.88888888888889,0.2222222222222222
HS000609,7,11.29857142857143,10.33,12.33,0.6689152555052239,0,100.0,0.2857142857142857
HS000610,7,24.072857142857142,17.25,29.14,4.115745028892964,0,100.0,0.2857142857142857
HS000611,8,5.99375,3.12,11.84,2.8583808478627493,1,87.5,0.25
HS000612,5,24.212,18.47,27.93,4.222998934406686,0,100.0,0.2
HS000613,7,22.955714285714286,18.82,29.89,3.8274833208556993,0,100.0,0.14285714285714285
HS000614,11,21.008181818181818,15.05,28.66,5.32642998298451,0,100.0,0.36363636363636365
HS000615,2,4.279999999999999,2.63,5.93,2.333452377915607,0,100.0,0.0
HS000616,15,0.22400000000000003,-1.71,3.23,1.5240397445136207,0,100.0,0.2
HS000617,10,13.518,12.16,14.79,1.0038459377148803,0,100.0,0.3
HS000618,3,1.5633333333333335,-1.26,4.28,2.7715398848534245,1,66.66666666666666,0.0
HS000619,8,4.29375,2.59,6.47,1.513094629275663,0,100.0,0.25
HS000620,7,4.644285714285714,2.53,7.2,1.8411306050255927,0,100.0,0.0
HS000621,7,23.382857142857144,20.2,27.02,2.118849642972292,0,100.0,0.42857142857142855
HS000622,13,10.278461538461539,8.6,12.0,1.298671411827271,0,100.0,0.3076923076923077
HS000623,7,5.232857142857143,3.93,7.67,1.2951539713577724,0,100.0,0.42857142857142855
HS000624,6,4.738333333333333,2.65,7.46,1.85167401738715,0,100.0,0.3333333333333333
HS000625,8,5.4,2.24,10.77,2.9549087488932226,1,87.5,0.25
HS000626,5,10.018,8.42,11.8,1.5496999709621218,0,100.0,0.6
HS000627,10,14.754,12.49,18.68,2.0131191939100113,2,80.0,0.3
HS000628,7,23.071428571428573,16.46,30.54,5.194524131465841,1,85.71428571428571,0.2857142857142857
HS000629,10,5.2219999999999995,2.15,7.99,2.0836975681599177,0,100.0,0.1
HS000630,8,9.865,8.79,11.48,1.0705138952858115,0,100.0,0.0
HS000631,9,10.664444444444445,9.26,12.35,0.9946872763727186,1,88.88888888888889,0.1111111111111111
HS000632,8,4.4225,-0.36,7.17,2.565945940862467,1,87.5,0.375
HS000633,7,13.59142857142857,12.07,14.62,0.9827415491272113,0,100.0,0.2857142857142857
HS000634,12,5.425,2.5,7.53,1.765098503560843,0,100.0,0.3333333333333333
HS000635,9,25.173333333333332,16.92,28.16,3.5126094289004013,0,100.0,0.2222222222222222
HS000636,16,10.725,8.23,14.07,1.638601029333661,1,93.75,0.0625
HS000637,8,0.5025,-1.83,3.09,1.516902388798586,0,100.0,0.0
HS000638,7,14.214285714285714,11.11,16.72,1.6873831529210859,2,71.42857142857143,0.7142857142857143
HS000639,8,5.41625,3.95,7.88,1.628706213094132,0,100.0,0.0
HS000640,6,23.991666666666664,17.07,29.79,4.928745952741595,0,100.0,0.0
HS000641,7,-0.3457142857142857,-1.43,1.09,0.9568499907309947,0,100.0,0.14285714285714285
HS000642,10,21.825,18.16,30.95,4.178086350897448,1,90.0,0.4
HS000643,7,9.595714285714285,8.1,12.87,1.6746428190598053,0,100.0,0.2857142857142857
HS000644,14,5.055714285714286,-1.35,8.09,2.4693590394946754,2,85.71428571428571,0.21428571428571427
HS000645,6,5.06,2.79,7.32,2.062037827005121,0,100.0,0.3333333333333333
HS000646,7,4.78,2.1,7.23,2.206097610412256,0,100.0,0.0
HS000647,10,20.794999999999998,15.09,26.8,3.8909503266482903,0,100.0,0.2
HS000648,7,10.348571428571429,8.29,14.88,2.1000430834582784,1,85.71428571428571,0.5714285714285714
HS000649,5,23.734,18.84,29.2,3.9489846796360197,0,100.0,0.0
HS000650,11,24.38272727272727,16.99,33.41,5.346726271110372,1,90.9090909090909,0.09090909090909091
HS000651,9,2.4288888888888893,0.27,4.78,1.5198473973103717,1,88.88888888888889,0.2222222222222222
HS000652,8,4.50375,-1.66,7.92,3.2153868352035033,1,87.5,0.25
HS000653,7,4.135714285714286,2.09,6.61,1.6945191760777567,0,100.0,0.2857142857142857
HS000654,10,10.302,7.15,12.38,1.6907513122869378,1,90.0,0.2
HS000655,4,21.24,15.28,27.07,5.440618837350521,0,100.0,0.25
HS000656,10,5.527,3.31,7.56,1.5705628856488931,0,100.0,0.4
HS000657,11,24.615454545454543,17.73,35.13,5.7277506294118,2,81.81818181818183,0.36363636363636365
HS000658,5,-17.714,-19.7,-16.4,1.2536267387065412,0,100.0,0.0
HS000659,12,5.095,2.04,7.78,1.9171403894152543,0,100.0,0.3333333333333333
HS000660,5,4.848,3.12,6.08,1.3253376928164387,0,100.0,0.2
HS000661,7,6.581428571428572,3.02,8.57,1.8957182330313802,2,71.42857142857143,0.14285714285714285
HS000662,10,22.701999999999998,15.22,29.97,5.0805288438639264,0,100.0,0.3
HS000663,7,13.707142857142857,12.39,15.59,1.207293312686334,1,85.71428571428571,0.0
HS000664,9,21.612222222222222,15.81,29.63,5.326403049379988,0,100.0,0.3333333333333333
HS000665,4,21.1475,19.08,25.9,3.204677570884992,0,100.0,0.0
HS000666,8,21.22875,15.88,29.05,4.949751617144902,0,100.0,0.375
HS000667,5,5.612,2.62,7.81,2.0337084353466204,0,100.0,0.0
HS000668,7,23.335714285714285,20.27,26.34,2.066009496129008,0,100.0,0.2857142857142857
HS000669,11,4.505454545454546,-0.72,7.72,2.5348663224571175,1,90.9090909090909,0.2727272727272727
HS000670,9,4.443333333333333,2.02,7.53,1.8027756377319946,0,100.0,0.3333333333333333
HS000671,7,13.088571428571429,9.46,14.88,1.7112415431632144,1,85.71428571428571,0.42857142857142855
HS000672,5,5.92,3.56,7.91,2.0013370530722705,0,100.0,0.0
HS000673,12,4.0,-1.9,7.59,2.6893696456435827,1,91.66666666666666,0.3333333333333333
HS000674,6,4.821666666666666,2.04,7.08,2.025086829414153,0,100.0,0.3333333333333333
HS000675,12,4.9825,2.22,7.95,2.235946515053931,0,100.0,0.16666666666666666
HS000676,7,22.608571428571427,17.1,28.76,4.955069554074321,0,100.0,0.14285714285714285
HS000677,10,10.943999999999999,8.21,12.73,1.7063945095499513,0,100.0,0.4
HS000678,6,4.528333333333333,2.71,6.13,1.6377840720518277,0,100.0,0.0
HS000679,11,9.379999999999999,8.2,11.98,1.3281039115972817,0,100.0,0.2727272727272727
HS000680,10,5.79,3.12,9.24,2.034125528738742,1,90.0,0.2
HS000681,5,25.066,18.33,29.03,4.060299250055347,0,100.0,0.2
HS000682,9,4.495555555555556,2.12,7.84,2.0991314341359804,0,100.0,0.1111111111111111
HS000683,5,5.142,2.6,7.96,1.9674653745364872,0,100.0,0.2
HS000684,8,22.5075,16.13,27.82,4.186552451429627,0,100.0,0.5
HS000685,8,21.2275,15.42,29.29,6.247481206740154,0,100.0,0.25
HS000686,8,5.0024999999999995,2.07,7.84,1.9933227822622492,0,100.0,0.125
HS000687,6,5.4750000000000005,2.21,7.68,2.087627840396846,0,100.0,0.16666666666666666
HS000688,7,22.125714285714285,15.43,29.31,5.679993712270162,0,100.0,0.2857142857142857
HS000689,7,9.629999999999999,6.08,12.62,2.307365019526242,1,85.71428571428571,0.14285714285714285
HS000690,6,22.98166666666667,18.01,31.23,4.86416042772714,1,83.33333333333334,0.3333333333333333
HS000691,6,6.198333333333333,3.69,7.9,1.5567069944811922,0,100.0,0.5
HS000692,8,24.23,17.52,29.77,4.807520893647488,0,100.0,0.125
HS000693,9,9.983333333333333,8.44,11.17,1.1127218879845946,0,100.0,0.5555555555555556
HS000694,10,10.073,8.25,11.91,1.3083666662420492,0,100.0,0.1
HS000695,6,22.305000000000003,15.94,28.92,5.138329495079116,0,100.0,0.3333333333333333
HS000696,9,24.537777777777777,18.61,29.75,3.9536495095600537,0,100.0,0.2222222222222222
HS000697,7,24.361428571428572,18.98,28.66,3.2134790522185797,0,100.0,0.14285714285714285
HS000698,12,22.627499999999998,16.66,30.27,5.0201740734035045,1,91.66666666666666,0.25
HS000699,7,3.6,2.11,7.81,2.072904564453784,0,100.0,0.5714285714285714
HS000700,12,9.3025,8.01,11.12,1.091971736230967,0,100.0,0.3333333333333333
HS000701,12,13.460833333333333,12.18,14.97,1.0086846370247229,0,100.0,0.3333333333333333
HS000702,6,7.718333333333334,4.36,12.47,3.000636043685849,2,66.66666666666666,0.5
HS000703,6,10.9,9.66,11.86,0.9912618221237013,0,100.0,0.3333333333333333
HS000704,7,22.95285714285714,15.54,26.86,4.255618694877453,0,100.0,0.42857142857142855
HS000705,7,9.162857142857144,5.2,14.29,2.7247857058596625,2,71.42857142857143,0.42857142857142855
HS000706,5,13.386000000000001,13.04,13.97,0.392402854219997,0,100.0,0.2
HS000707,8,11.2725,8.56,13.1,1.6639432510927596,1,87.5,0.25
HS000708,8,13.4725,12.27,14.95,1.1435377437708696,0,100.0,0.375
HS000709,3,11.386666666666665,8.91,12.69,2.14584093849785,0,100.0,0.3333333333333333
HS000710,9,-17.436666666666667,-19.36,-15.18,1.3888754443793723,0,100.0,0.3333333333333333
HS000711,12,5.5616666666666665,2.42,11.77,2.4378598413486787,1,91.66666666666666,0.4166666666666667
HS000712,11,0.5872727272727273,-1.44,3.87,1.8488379642850852,0,100.0,0.2727272727272727
HS000713,4,23.497500000000002,17.23,26.99,4.298134285167615,0,100.0,0.0
HS000714,5,2.8560000000000003,-1.94,9.24,4.249615276704469,1,80.0,0.0
HS000715,6,5.696666666666666,3.05,7.52,1.7417883530058027,0,100.0,0.16666666666666666
HS000716,5,5.636,4.57,6.88,1.1203927882666862,0,100.0,0.4
HS000717,6,13.4,12.24,14.95,1.1999666662036905,0,100.0,0.16666666666666666
HS000718,8,4.0325,2.31,5.32,1.0881143584857509,0,100.0,0.125
HS000719,10,24.419,16.31,28.83,4.222078082334968,0,100.0,0.0
HS000720,4,-17.1525,-18.46,-16.12,1.1023422033712282,0,100.0,0.5
HS000721,10,10.642,8.84,12.97,1.6482367683207546,0,100.0,0.3
HS000722,12,4.451666666666667,2.25,7.91,1.9001570907945926,0,100.0,0.3333333333333333
HS000723,10,23.137,15.03,29.69,5.086909234059082,0,100.0,0.3
HS000724,10,-16.308,-19.66,-13.64,1.5494715945193127,1,90.0,0.1
HS000725,8,1.8875000000000002,0.59,3.93,1.230908491434564,0,100.0,0.0
HS000726,9,23.024444444444445,16.04,29.05,4.212458044631161,0,100.0,0.2222222222222222
HS000727,7,4.377142857142857,2.19,10.92,3.0696889868829507,1,85.71428571428571,0.0
HS000728,3,-18.586666666666666,-19.49,-17.19,1.226798000215736,0,100.0,0.6666666666666666
HS000729,10,13.616,12.28,16.81,1.3602875513001733,1,90.0,0.3
HS000730,7,9.924285714285714,8.15,11.39,1.103779222230864,0,100.0,0.42857142857142855
HS000731,7,19.44,16.6,23.71,2.9730680001192935,0,100.0,0.14285714285714285
HS000732,10,0.265,-1.68,3.73,1.7507411129131698,0,100.0,0.2
HS000733,11,4.651818181818182,2.96,6.76,1.2396597773729547,0,100.0,0.36363636363636365
HS000734,8,1.25,-1.5,7.67,2.8077545680286433,1,87.5,0.0
HS000735,13,9.403846153846153,5.33,11.43,1.709885661194623,1,92.3076923076923,0.23076923076923078
HS000736,14,22.327857142857145,16.69,28.0,3.812637243071095,0,100.0,0.21428571428571427
HS000737,13,10.025384615384617,8.1,11.54,1.1650866590416882,0,100.0,0.23076923076923078
HS000738,8,23.97625,17.23,28.13,3.9823967568000325,0,100.0,0.125
HS000739,5,4.7620000000000005,2.86,7.89,1.9695354782283052,0,100.0,0.4
HS000740,11,10.954545454545455,8.12,12.52,1.4485811239717548,0,100.0,0.18181818181818182
HS000741,5,10.602,8.85,11.76,1.24437534530382,0,100.0,0.4
HS000742,3,26.323333333333334,22.63,30.58,4.004826255074411,1,66.66666666666666,0.3333333333333333
HS000743,8,12.7025,8.29,14.24,1.870956592609399,1,87.5,0.25
HS000744,7,9.721428571428572,8.28,11.83,1.2629123560436095,0,100.0,0.42857142857142855
HS000745,8,5.55375,2.74,7.06,1.837894272569251,0,100.0,0.375
HS000746,7,5.437142857142858,3.17,7.07,1.499941268691481,0,100.0,0.2857142857142857
HS000747,10,5.683,3.35,7.92,1.7563728407019836,0,100.0,0.1
HS000748,8,9.87125,8.24,12.29,1.2301502521469245,0,100.0,0.5
HS000749,11,20.78090909090909,16.42,27.83,3.958968185134744,0,100.0,0.36363636363636365
HS000750,10,9.439,8.05,12.04,1.3330703907396138,0,100.0,0.4
HS000751,9,11.882222222222222,8.12,18.02,3.2137352791486182,2,77.77777777777779,0.1111111111111111
HS000752,8,4.96125,2.42,8.0,1.638182246097354,0,100.0,0.25
HS000753,6,10.433333333333332,8.79,12.44,1.3771371270380688,0,100.0,0.5
HS000754,8,4.1725,2.07,6.92,1.7545023714513959,0,100.0,0.25
HS000755,7,8.744285714285715,7.05,10.7,1.1371727682115433,1,85.71428571428571,0.42857142857142855
HS000756,9,13.011111111111111,12.23,14.17,0.813840347433765,0,100.0,0.2222222222222222
HS000757,10,5.419,2.61,9.01,1.9352545052266379,1,90.0,0.2
HS000758,7,21.027142857142856,16.9,24.19,2.4757673173228154,0,100.0,0.2857142857142857
HS000759,5,11.07,9.01,13.23,1.616230181626368,1,80.0,0.2
HS000760,7,9.804285714285713,8.71,10.59,0.7838762049978969,0,100.0,0.0
HS000761,7,20.177142857142858,15.55,24.53,2.9043055066901067,0,100.0,0.14285714285714285
HS000762,7,21.148571428571426,17.14,27.17,3.8094200283482733,0,100.0,0.2857142857142857
HS000763,9,5.383333333333334,2.26,7.88,1.676573887426379,0,100.0,0.5555555555555556
HS000764,10,10.05,8.26,14.04,1.782339286817561,1,90.0,0.2
HS000765,5,3.79,2.04,5.91,1.8145109533976367,0,100.0,0.2
HS000766,4,10.59,9.27,12.65,1.5887101686588405,0,100.0,0.5
HS000767,13,14.13923076923077,12.06,19.08,1.6658254287212566,1,92.3076923076923,0.38461538461538464
HS000768,6,5.523333333333333,2.29,7.86,2.035305054940577,0,100.0,0.16666666666666666
HS000769,6,0.57,-1.83,2.9,1.5528940723693938,0,100.0,0.5
HS000770,6,4.778333333333333,3.62,6.33,1.076854988690059,0,100.0,0.0
HS000771,16,0.9025000000000001,-0.56,3.37,1.1334578362985837,0,100.0,0.25
HS000772,8,10.9,8.14,12.93,1.8925870427237192,0,100.0,0.0
HS000773,11,4.333636363636364,0.23,7.14,1.9335215164423318,1,90.9090909090909,0.18181818181818182
HS000774,9,23.86777777777778,16.38,29.4,5.105660529690986,0,100.0,0.2222222222222222
HS000775,7,23.50142857142857,18.37,28.03,2.8333691874482145,0,100.0,0.14285714285714285
HS000776,12,4.994166666666667,3.1,7.77,1.6938522975928585,0,100.0,0.25
HS000777,3,0.7633333333333333,-0.87,2.0,1.4755450970178219,0,100.0,0.0
HS000778,8,10.90125,8.76,12.61,1.5263816925751472,0,100.0,0.0
HS000779,7,11.34,9.43,13.75,1.693270996227913,2,71.42857142857143,0.2857142857142857
HS000780,6,5.628333333333334,2.97,7.96,2.0994800943725727,0,100.0,0.16666666666666666
HS000781,15,12.946666666666665,8.46,14.69,1.4928958755513038,2,86.66666666666667,0.4
HS000782,9,5.97111111111111,2.22,8.75,1.8470073392141981,1,88.88888888888889,0.3333333333333333
HS000783,7,5.855714285714286,3.84,7.95,1.5374855787167259,0,100.0,0.42857142857142855
HS000784,7,12.86,9.95,15.3,1.765540521577835,3,57.14285714285714,0.14285714285714285
HS000785,7,10.781428571428572,8.09,14.7,2.1663442983624783,1,85.71428571428571,0.42857142857142855
HS000786,12,3.544166666666667,-3.36,6.52,2.597626393226685,1,91.66666666666666,0.4166666666666667
HS000787,9,22.813333333333333,15.11,29.72,4.6943955947491265,0,100.0,0.6666666666666666
HS000788,5,1.52,-1.48,5.7,2.9564505745910923,1,80.0,0.2
HS000789,6,5.261666666666667,2.42,7.12,1.558055411937158,0,100.0,0.3333333333333333
HS000790,13,10.145384615384616,8.15,11.99,1.2107340430816846,0,100.0,0.07692307692307693
HS000791,10,0.8950000000000001,-5.5,3.44,2.8090182152014136,1,90.0,0.1
HS000792,10,10.107000000000001,8.48,11.74,1.2887896992484418,0,100.0,0.2
HS000793,10,1.8510000000000002,-0.72,7.45,2.3075260923046277,1,90.0,0.3
HS000794,8,4.36125,2.18,7.24,1.922263825359494,0,100.0,0.5
HS000795,10,4.614,2.05,7.16,1.7940221725373282,0,100.0,0.3
HS000796,8,10.535,8.27,12.59,1.5057698553042087,0,100.0,0.25
HS000797,9,9.516666666666667,8.02,11.73,1.3523775360453163,0,100.0,0.2222222222222222
HS000798,6,10.251666666666667,8.93,11.97,1.3067274645719615,0,100.0,0.16666666666666666
HS000799,14,5.235714285714286,2.02,10.59,2.494297231951052,1,92.85714285714286,0.2857142857142857
HS000800,4,21.895,18.03,24.7,2.79101534690633,0,100.0,0.0
HS000801,12,9.783333333333333,7.6,12.98,1.6181939053004482,1,91.66666666666666,0.25
HS000802,10,1.384,-1.97,3.99,2.1535201157381576,0,100.0,0.3
HS000803,6,5.361666666666667,2.44,6.99,1.823956322576466,0,100.0,0.5
HS000804,6,9.206666666666667,8.05,10.96,1.3587003594121352,0,100.0,0.16666666666666666
HS000805,10,12.815999999999999,12.02,14.36,0.7123544685680638,0,100.0,0.4
HS000806,4,4.9075,2.09,6.84,2.221281537011161,0,100.0,0.25
HS000807,10,5.2780000000000005,2.18,11.38,2.565193516633351,1,90.0,0.2
HS000808,6,5.241666666666666,2.17,7.61,2.1057389835083233,0,100.0,0.3333333333333333
HS000809,10,5.093,2.69,7.89,1.8890035586108476,0,100.0,0.3
HS000810,18,23.58,15.63,29.5,4.221264098375664,0,100.0,0.16666666666666666
HS000811,11,5.472727272727273,2.06,7.76,1.7487657985510288,0,100.0,0.09090909090909091
HS000812,5,22.024,15.35,32.99,6.577646235546575,1,80.0,0.4
HS000813,5,5.465999999999999,2.69,7.92,2.150053487706759,0,100.0,0.2
HS000814,13,21.183846153846154,16.08,27.09,3.9064680093010224,0,100.0,0.23076923076923078
HS000815,8,21.46,15.95,29.27,5.005605429344758,0,100.0,0.375
HS000816,5,5.148000000000001,3.03,7.78,2.117833798955905,0,100.0,0.4
HS000817,9,24.104444444444443,15.55,32.98,5.8585943517005665,1,88.88888888888889,0.1111111111111111
HS000818,9,20.84,17.35,25.82,2.6263948674942226,0,100.0,0.2222222222222222
HS000819,7,4.8100000000000005,2.55,7.93,1.7325318659888096,0,100.0,0.14285714285714285
HS000820,14,-17.45642857142857,-19.88,-15.12,1.4606353051003171,0,100.0,0.5
HS000821,7,5.4399999999999995,3.17,8.18,2.101380498624654,1,85.71428571428571,0.7142857142857143
HS000822,7,23.417142857142856,18.04,28.47,3.724856660712884,0,100.0,0.2857142857142857
HS000823,11,5.315454545454545,3.18,7.72,1.5594894269366733,0,100.0,0.2727272727272727
HS000824,6,24.243333333333336,18.01,28.27,3.7893306357015977,0,100.0,0.0
HS000825,7,23.392857142857142,17.3,29.52,4.504955472535084,0,100.0,0.14285714285714285
HS000826,12,21.385833333333334,15.36,25.97,3.4570993052066936,0,100.0,0.25
HS000827,5,10.504,8.74,11.59,1.1661603663304627,0,100.0,0.2
HS000828,9,5.636666666666667,2.46,7.79,1.7543873574555875,0,100.0,0.3333333333333333
HS000829,9,5.017777777777777,2.02,11.31,2.9580727584771207,1,88.88888888888889,0.4444444444444444
HS000830,9,22.644444444444446,15.81,31.71,5.676596936349963,1,88.88888888888889,0.2222222222222222
HS000831,6,21.8,18.2,27.24,3.760718016549499,0,100.0,0.16666666666666666
HS000832,16,-0.008125000000000021,-2.14,3.7,1.8468792371637803,1,93.75,0.125
HS000833,8,1.0675,-1.15,3.38,1.7144407667974835,0,100.0,0.5
HS000834,9,13.505555555555555,12.69,14.78,0.8657527232286241,0,100.0,0.0
HS000835,8,21.55125,15.9,27.42,4.314544960280946,0,100.0,0.25
HS000836,7,10.807142857142859,9.25,12.12,1.025649619927362,0,100.0,0.0
HS000837,5,5.392,3.25,8.0,1.8794600288380703,0,100.0,0.4
HS000838,12,21.8325,15.53,31.33,5.053377133615247,1,91.66666666666666,0.25
HS000839,4,5.45,3.42,7.39,1.6381900581637854,0,100.0,0.5
HS000840,9,10.133333333333333,6.67,12.81,1.995006265654321,1,88.88888888888889,0.2222222222222222
HS000841,10,12.998,9.16,14.97,1.5123403497008647,1,90.0,0.2
HS000842,5,24.292,17.96,29.95,5.393224452959472,0,100.0,0.2
HS000843,9,5.02,2.79,7.79,1.7681770273363469,0,100.0,0.1111111111111111
HS000844,7,10.36,8.4,11.59,1.1712102003198799,0,100.0,0.42857142857142855
HS000845,11,4.912727272727273,2.53,7.68,1.9635890145806527,0,100.0,0.36363636363636365
HS000846,18,10.640555555555556,8.53,14.96,1.64795228451134,1,94.44444444444444,0.16666666666666666
HS000847,7,21.854285714285712,16.85,26.82,3.47123828598603,0,100.0,0.0
HS000848,9,4.697777777777778,2.54,6.81,1.3488585709571053,0,100.0,0.0
HS000849,10,10.223,7.16,12.64,1.7345767975695592,1,90.0,0.2
HS000850,16,9.625625,8.21,11.95,1.2963845558578153,0,100.0,0.1875
HS000851,12,4.554166666666666,2.04,6.96,1.4786385527562067,0,100.0,0.25
HS000852,13,5.926153846153846,2.64,9.78,2.184393655233791,2,84.61538461538461,0.3076923076923077
HS000853,8,6.779999999999999,3.74,11.37,2.2720286718512788,1,87.5,0.125
HS000854,5,5.618,3.13,7.87,2.0860417061986083,0,100.0,0.4
HS000855,7,5.538571428571428,2.06,11.09,2.902920532678705,1,85.71428571428571,0.2857142857142857
HS000856,8,10.81125,8.53,15.5,2.4116765804252087,1,87.5,0.25
HS000857,4,10.17,9.29,11.53,1.0327955589886437,0,100.0,0.0
HS000858,14,22.49142857142857,15.62,29.63,4.964417786210579,0,100.0,0.2857142857142857
HS000859,10,13.363,12.0,14.82,0.9317373258834512,0,100.0,0.1
HS000860,6,20.084999999999997,17.91,23.4,2.0383792581362274,0,100.0,0.0
HS000861,10,6.044,2.49,10.63,2.3900357970354986,1,90.0,0.1
HS000862,10,11.171,9.18,15.54,1.7232427442341243,1,90.0,0.2
HS000863,10,10.636,8.23,12.88,1.4250473676337927,0,100.0,0.4
HS000864,15,10.228,8.41,12.34,1.161527319646729,1,93.33333333333333,0.2
HS000865,8,21.6625,17.96,29.74,4.233855892007391,0,100.0,0.125
HS000866,9,4.050000000000001,2.06,7.16,1.4584495191812434,0,100.0,0.1111111111111111
HS000867,7,5.528571428571429,2.24,7.95,2.4296256815363457,0,100.0,0.14285714285714285
HS000868,6,-17.016666666666666,-18.9,-15.62,1.098228877177552,0,100.0,0.3333333333333333
HS000869,10,-17.606,-19.84,-15.15,1.6638456124960097,0,100.0,0.1
HS000870,13,22.946153846153848,17.11,31.82,4.571299119618585,1,92.3076923076923,0.15384615384615385
HS000871,10,23.23,18.1,29.4,4.266789060744494,0,100.0,0.2
HS000872,5,6.444,3.58,11.87,3.3528689207900744,1,80.0,0.4
HS000873,4,19.14,16.78,22.18,2.5067375876492,0,100.0,0.0
HS000874,7,20.885714285714283,15.93,28.98,4.768640117625628,0,100.0,0.14285714285714285
HS000875,7,5.751428571428571,3.99,7.74,1.2913226884533107,0,100.0,0.42857142857142855
HS000876,7,6.2542857142857144,4.66,7.95,1.2681858058246978,0,100.0,0.2857142857142857
HS000877,5,9.751999999999999,7.49,10.84,1.371229375414631,1,80.0,0.4
HS000878,9,5.335555555555556,2.64,7.34,1.607475591658479,0,100.0,0.3333333333333333
HS000879,10,22.056,16.74,28.74,4.037697913965882,0,100.0,0.3
HS000880,12,10.65,8.64,16.52,2.0101108065341706,1,91.66666666666666,0.3333333333333333
HS000881,13,21.338461538461537,11.73,29.3,6.168209959345101,2,84.61538461538461,0.15384615384615385
HS000882,6,22.676666666666666,15.28,29.49,5.622073164471151,0,100.0,0.16666666666666666
HS000883,11,10.316363636363636,8.12,12.91,1.5651726596594562,0,100.0,0.09090909090909091
HS000884,7,5.79,3.12,8.87,2.0623772690756654,1,85.71428571428571,0.14285714285714285
HS000885,8,23.235,16.75,28.92,4.199101944804049,0,100.0,0.125
HS000886,5,19.85,16.68,26.98,4.2528931329155215,0,100.0,0.6
HS000887,10,13.209,12.08,14.75,0.9991268410189191,0,100.0,0.6
HS000888,15,5.534666666666667,2.98,9.63,1.9312315340464072,1,93.33333333333333,0.2
HS000889,11,4.34,2.61,9.84,2.0446760134554323,1,90.9090909090909,0.2727272727272727
HS000890,3,10.626666666666667,8.32,12.86,2.2708882256362446,0,100.0,0.3333333333333333
HS000891,10,4.632,2.3,6.85,1.8043700039379702,0,100.0,0.2
HS000892,6,9.389999999999999,3.8,12.13,2.8900449823488907,2,66.66666666666666,0.16666666666666666
HS000893,6,14.11,12.13,18.82,2.4266849816158667,1,83.33333333333334,0.0
HS000894,15,1.068,-1.24,3.16,1.4116009148683428,0,100.0,0.2
HS000895,12,-17.628333333333334,-19.8,-15.01,1.7313359704067384,0,100.0,0.16666666666666666
HS000896,10,-17.115000000000002,-19.87,-15.15,1.5161812409984354,0,100.0,0.4
HS000897,11,21.945454545454545,15.62,29.61,4.984767524441565,0,100.0,0.45454545454545453
HS000898,15,5.289333333333333,0.14,12.29,3.2145661041725737,3,80.0,0.13333333333333333
HS000899,15,11.282,8.47,16.63,2.12446362978652,2,86.66666666666667,0.2
HS000900,9,11.223333333333334,9.22,14.47,1.9322655097061585,2,77.77777777777779,0.3333333333333333
HS000901,10,10.581,9.0,12.41,1.2453776758700776,0,100.0,0.4
HS000902,6,5.158333333333333,2.28,9.32,2.3402428648895968,1,83.33333333333334,0.16666666666666666
HS000903,12,13.847500000000002,12.16,16.78,1.1920808773660527,1,91.66666666666666,0.3333333333333333
HS000904,8,9.97375,8.01,11.82,1.342927904670559,0,100.0,0.375
HS000905,10,14.238999999999999,12.77,17.78,1.4907898726663145,1,90.0,0.2
HS000906,12,-16.6025,-19.42,-11.5,2.4928265264372262,2,83.33333333333334,0.25
HS000907,7,-16.995714285714286,-19.61,-12.5,2.347529603241509,1,85.71428571428571,0.0
HS000908,12,23.19083333333333,17.89,29.13,3.7703905231381136,0,100.0,0.16666666666666666
HS000909,8,25.25875,18.83,32.3,5.235640055018515,2,75.0,0.125
HS000910,13,0.6261538461538462,-1.92,3.63,1.773205846583801,0,100.0,0.15384615384615385
HS000911,9,14.134444444444444,12.87,14.97,0.5846817747952971,0,100.0,0.5555555555555556
HS000912,5,-1.066,-3.08,0.45,1.3013954049404048,1,80.0,0.4
HS000913,6,10.06,8.57,11.84,1.349310935255473,0,100.0,0.16666666666666666
HS000914,11,4.828181818181818,2.74,7.3,1.6526452624917312,0,100.0,0.45454545454545453
HS000915,6,4.93,2.69,7.07,1.6327032798399101,0,100.0,0.3333333333333333
HS000916,8,4.87875,2.99,7.0,1.3312983726959398,0,100.0,0.25
HS000917,6,10.413333333333334,9.27,12.0,1.101265938212322,0,100.0,0.16666666666666666
HS000918,6,5.733333333333333,2.23,7.96,2.0946280497182945,0,100.0,0.5
HS000919,12,23.82166666666667,16.27,29.36,4.21279832142125,0,100.0,0.6666666666666666
HS000920,6,6.9383333333333335,2.95,11.79,3.6973093820596987,2,66.66666666666666,0.3333333333333333
HS000921,10,-17.425,-19.94,-10.49,2.863472057175034,1,90.0,0.1
HS000922,16,4.64125,2.25,7.64,1.853137429694121,0,100.0,0.3125
HS000923,11,11.1,8.93,16.13,2.0916787516251154,2,81.81818181818183,0.18181818181818182
HS000924,17,5.227058823529411,2.19,7.62,1.706904232469862,0,100.0,0.23529411764705882
HS000925,10,0.324,-3.37,3.25,2.202539947928805,1,90.0,0.4
HS000926,6,8.895000000000001,7.69,10.92,1.2106320663190777,1,83.33333333333334,0.16666666666666666
HS000927,6,7.075,2.51,11.14,3.5746258545475773,2,66.66666666666666,0.3333333333333333
HS000928,7,23.274285714285714,13.2,28.63,4.9605169661466295,1,85.71428571428571,0.14285714285714285
HS000929,11,-16.87,-19.75,-11.61,2.382481899196719,1,90.9090909090909,0.18181818181818182
HS000930,11,5.179090909090909,2.09,7.95,2.291957480170409,0,100.0,0.2727272727272727
HS000931,7,-18.201428571428572,-19.84,-15.13,1.9699274823491049,0,100.0,0.2857142857142857
HS000932,15,5.276666666666667,3.22,7.59,1.5137119308256144,0,100.0,0.13333333333333333
HS000933,4,5.795,2.06,9.78,3.1551492304907964,1,75.0,0.5
HS000934,11,10.1,8.19,12.79,1.540804984415614,0,100.0,0.18181818181818182
HS000935,7,6.065714285714286,3.98,7.72,1.313213071602842,0,100.0,0.2857142857142857
HS000936,7,5.182857142857143,2.61,7.96,2.341115932525301,0,100.0,0.42857142857142855
HS000937,7,10.48,8.73,11.99,1.283900307656323,0,100.0,0.42857142857142855
HS000938,7,19.827142857142857,15.65,23.38,2.968623217844226,0,100.0,0.2857142857142857
HS000939,6,10.656666666666666,9.41,12.4,1.0432002044989575,0,100.0,0.5
HS000940,10,5.643,2.05,7.63,2.1477484334375228,0,100.0,0.3
HS000941,8,-17.5175,-19.55,-15.42,1.3156285841484938,0,100.0,0.375
HS000942,5,-17.73,-19.63,-15.24,1.6681127060243857,0,100.0,0.2
HS000943,4,0.5700000000000001,-1.63,2.58,1.7236202211237446,0,100.0,0.25
HS000944,14,24.270714285714288,16.08,29.24,4.417234540865018,0,100.0,0.5
HS000945,8,5.6825,3.76,7.24,1.3160194310332742,0,100.0,0.25
HS000946,8,4.01875,2.65,5.93,1.3050937295294704,0,100.0,0.375
HS000947,9,4.901111111111111,2.34,6.95,1.4757747494489502,0,100.0,0.1111111111111111
HS000948,6,10.653333333333334,8.19,12.92,1.9233269786145735,0,100.0,0.8333333333333334
HS000949,8,11.0575,8.81,13.0,1.5479179564821903,0,100.0,0.125
HS000950,8,4.695,2.3,7.66,1.8748714241629634,0,100.0,0.25
HS000951,9,10.364444444444445,8.47,11.83,1.2949624619184052,0,100.0,0.3333333333333333
HS000952,6,6.54,2.91,8.59,2.189867575904991,1,83.33333333333334,0.16666666666666666
HS000953,11,5.556363636363636,2.08,7.83,2.1424391367190467,0,100.0,0.36363636363636365
HS000954,9,1.1077777777777778,-0.72,2.51,0.862130758321755,0,100.0,0.1111111111111111
HS000955,12,9.565833333333332,8.08,12.52,1.312537156761205,0,100.0,0.16666666666666666
HS000956,5,19.65,16.97,21.35,1.812567240132074,0,100.0,0.4
HS000957,12,4.708333333333333,2.15,7.72,1.975292076600012,0,100.0,0.25
HS000958,12,4.7091666666666665,2.24,7.84,2.1740220720353713,0,100.0,0.16666666666666666
HS000959,7,10.321428571428571,8.18,11.8,1.283750086938375,0,100.0,0.2857142857142857
HS000960,10,5.6899999999999995,3.7,7.41,1.2622730819174326,0,100.0,0.1
HS000961,11,10.212727272727273,8.37,14.42,1.7255497147812981,1,90.9090909090909,0.5454545454545454
HS000962,7,4.565714285714286,2.03,6.89,2.1291692992249125,0,100.0,0.2857142857142857
HS000963,7,5.697142857142857,3.47,7.64,1.765462302870594,0,100.0,0.42857142857142855
HS000964,13,21.833076923076923,15.28,28.97,5.236577101847136,0,100.0,0.15384615384615385
HS000965,3,8.213333333333333,6.37,11.5,2.8533547506984362,1,66.66666666666666,0.3333333333333333
HS000966,7,-0.018571428571428555,-1.98,1.74,1.6692056850632933,0,100.0,0.14285714285714285
HS000967,7,10.237142857142857,8.73,12.26,1.24990285336787,0,100.0,0.2857142857142857
HS000968,9,-18.026666666666667,-22.4,-15.3,2.366986480738747,1,88.88888888888889,0.3333333333333333
HS000969,10,5.358,2.59,7.47,1.527647428782789,0,100.0,0.3
HS000970,5,3.5439999999999996,2.19,4.87,1.1973220118247223,0,100.0,0.6
HS000971,11,10.544545454545455,8.25,13.82,1.8073757973170028,1,90.9090909090909,0.18181818181818182
HS000972,9,10.36111111111111,9.28,13.58,1.4395523995711692,1,88.88888888888889,0.1111111111111111
HS000973,12,11.561666666666667,9.03,18.77,2.7465874142729234,2,83.33333333333334,0.4166666666666667
HS000974,9,21.134444444444444,15.41,28.41,5.149228367219479,0,100.0,0.2222222222222222
HS000975,6,5.890000000000001,2.29,7.93,2.3450458417694096,0,100.0,0.3333333333333333
HS000976,10,8.770999999999999,5.21,11.43,1.9344103322028998,3,70.0,0.1
HS000977,7,24.40857142857143,17.45,29.21,3.924387122305123,0,100.0,0.42857142857142855
HS000978,4,11.79,9.89,13.83,1.6125962503573743,1,75.0,0.5
HS000979,9,5.15,1.87,7.92,2.4023894355412065,1,88.88888888888889,0.3333333333333333
HS000980,9,5.37,2.71,8.74,1.9989747372090525,1,88.88888888888889,0.1111111111111111
HS000981,8,22.69625,16.2,28.91,5.156116859752944,0,100.0,0.375
HS000982,14,5.164285714285714,2.15,7.78,1.92318931539699,0,100.0,0.14285714285714285
HS000983,10,4.45,2.11,13.25,3.287417088096841,1,90.0,0.2
HS000984,8,21.21875,12.87,28.07,5.653720488062959,1,87.5,0.25
HS000985,10,10.456999999999999,8.45,14.11,1.6156804552055868,1,90.0,0.1
HS000986,9,20.535555555555554,13.5,31.51,6.984191275858485,2,77.77777777777779,0.2222222222222222
HS000987,8,26.04875,18.77,34.34,4.799010128587533,1,87.5,0.375
HS000988,7,22.11285714285714,16.19,29.72,4.970237131451288,0,100.0,0.2857142857142857
HS000989,5,10.379999999999999,7.77,13.0,2.344493548722197,1,80.0,0.4
HS000990,11,13.503636363636362,12.01,15.45,1.161518598450087,1,90.9090909090909,0.45454545454545453
HS000991,3,-16.48,-18.98,-15.04,2.1733844574764025,0,100.0,0.0
HS000992,11,4.879090909090909,2.33,7.97,1.7944550958185304,0,100.0,0.36363636363636365
HS000993,11,5.029090909090909,2.57,7.69,2.0606428829152064,0,100.0,0.2727272727272727
HS000994,6,24.23,18.75,29.95,3.7974886438276543,0,100.0,0.16666666666666666
HS000995,3,-17.57,-17.85,-17.13,0.385746030439719,0,100.0,0.6666666666666666
HS000996,10,5.515,2.74,7.57,1.6914638630488088,0,100.0,0.7
HS000997,9,4.752222222222223,2.21,6.43,1.416790190693189,0,100.0,0.3333333333333333
HS000998,17,12.641176470588235,9.0,14.54,1.1780910531074262,1,94.11764705882352,0.058823529411764705
HS000999,5,13.856,13.07,14.91,0.7544401898096362,0,100.0,0.0
HS001000,10,14.666,12.69,19.89,1.9273943262573152,1,90.0,0.4
HS001001,7,23.174285714285713,20.86,25.16,1.8222043165980528,0,100.0,0.0
HS001002,8,5.93375,3.54,8.71,2.0025479305838636,1,87.5,0.0
HS001003,7,5.160000000000001,2.22,7.38,1.9218914294690703,0,100.0,0.2857142857142857
HS001004,11,4.790909090909091,2.2,7.93,1.9678336034606916,0,100.0,0.09090909090909091
HS001005,8,-17.22,-19.35,-15.76,1.4219302775754208,0,100.0,0.375
HS001006,5,18.578,15.33,23.65,3.39215565680586,0,100.0,0.2
HS001007,5,18.124000000000002,16.07,19.99,1.5685757871394028,0,100.0,0.0
HS001008,5,1.004,-0.97,4.36,2.019673240898141,1,80.0,0.6
HS001009,9,20.494444444444444,15.77,28.09,4.156862131196773,0,100.0,0.3333333333333333
HS001010,7,4.452857142857143,1.28,6.7,1.9943479660088932,1,85.71428571428571,0.2857142857142857
HS001011,12,4.958333333333333,2.07,7.87,1.9790945281908974,0,100.0,0.16666666666666666
HS001012,7,22.922857142857143,19.39,27.27,3.6553600565275564,0,100.0,0.2857142857142857
HS001013,8,5.0775,2.5,6.78,1.5779982799193957,0,100.0,0.5
HS001014,12,4.8966666666666665,0.92,7.85,2.1977233399106173,1,91.66666666666666,0.0
HS001015,8,5.275,2.16,7.54,1.86604241262472,0,100.0,0.125
HS001016,10,4.052,2.09,6.6,1.6804748006309276,0,100.0,0.3
HS001017,9,0.35444444444444456,-4.6,3.25,2.6564596322507477,2,77.77777777777779,0.3333333333333333
HS001018,12,-17.904166666666665,-19.95,-15.65,1.7505139937813243,0,100.0,0.4166666666666667
HS001019,7,4.865714285714286,2.1,7.31,1.9274236443402637,0,100.0,0.42857142857142855
HS001020,10,10.51,3.29,16.68,3.288160580020386,2,80.0,0.3
HS001021,7,21.557142857142857,15.32,27.02,4.441789107577089,0,100.0,0.2857142857142857
HS001022,8,4.10375,-2.43,7.69,3.0425315469663934,1,87.5,0.0
HS001023,6,19.361666666666668,15.27,24.89,3.538889185417744,0,100.0,0.5
HS001024,8,10.73,8.83,14.6,1.746735731095495,1,87.5,0.125
HS001025,14,1.6335714285714285,-1.72,4.56,2.2028848468205613,2,85.71428571428571,0.2857142857142857
HS001026,14,5.953571428571428,2.23,8.7,1.8577058107033197,1,92.85714285714286,0.2857142857142857
HS001027,12,23.33583333333333,16.37,30.82,4.540209162849686,1,91.66666666666666,0.4166666666666667
HS001028,6,13.815,12.09,14.79,0.9989144107479874,0,100.0,0.3333333333333333
HS001029,3,24.05,17.49,28.02,5.722875151530043,0,100.0,0.3333333333333333
HS001030,8,4.8375,2.86,6.7,1.3496639793455472,0,100.0,0.25
HS001031,12,1.5199999999999998,-1.91,4.39,1.682287403831732,1,91.66666666666666,0.25
HS001032,7,5.562857142857142,2.9,11.7,3.2082534931315005,1,85.71428571428571,0.2857142857142857
HS001033,8,10.5875,8.25,13.67,1.7361760114853393,1,87.5,0.25
HS001034,6,5.323333333333333,2.62,7.98,1.8814533389554648,0,100.0,0.16666666666666666
HS001035,5,9.124,4.72,12.25,2.7356315541388248,1,80.0,0.0
HS001036,5,5.204,3.93,7.97,1.5988370773784302,0,100.0,0.4
HS001037,8,-16.345,-19.31,-10.24,2.8673432202750235,1,87.5,0.125
HS001038,10,5.3709999999999996,2.01,8.79,2.3389145155629585,1,90.0,0.2
HS001039,11,10.413636363636364,8.31,12.29,1.2825074871303688,1,90.9090909090909,0.2727272727272727
HS001040,4,10.875,8.35,11.95,1.694727116676901,0,100.0,0.25
HS001041,6,14.173333333333332,12.59,18.59,2.270142433123232,1,83.33333333333334,0.16666666666666666
HS001042,5,14.646,13.18,16.37,1.223450039846336,1,80.0,0.2
HS001043,11,1.2718181818181817,-1.23,3.83,1.826525763200827,0,100.0,0.0
HS001044,10,13.434999999999999,12.16,20.29,2.492389527252021,1,90.0,0.4
HS001045,9,25.176666666666666,21.32,28.75,2.809724185752046,0,100.0,0.2222222222222222
HS001046,3,10.183333333333334,9.57,10.81,0.6201075175591193,0,100.0,0.3333333333333333
HS001047,5,9.926,8.3,11.76,1.3582083787107186,0,100.0,0.4
HS001048,9,22.583333333333332,16.82,29.99,4.3407286254729165,0,100.0,0.1111111111111111
HS001049,11,11.356363636363637,8.7,17.67,2.4794728178678334,1,90.9090909090909,0.18181818181818182
HS001050,14,5.088571428571428,2.22,10.8,2.337081865992642,1,92.85714285714286,0.21428571428571427
HS001051,8,21.63625,15.38,28.3,4.589185852165315,0,100.0,0.375
HS001052,3,23.80333333333333,19.18,29.35,5.1474880605333455,0,100.0,0.0
HS001053,10,5.093999999999999,2.6,7.12,1.554292979674896,0,100.0,0.5
HS001054,10,10.921,8.23,11.93,1.1268387442556076,0,100.0,0.3
HS001055,7,0.9457142857142856,-1.88,3.5,1.9037406786189583,0,100.0,0.14285714285714285
HS001056,10,23.493000000000002,15.52,29.95,4.517342015930263,0,100.0,0.3
HS001057,4,21.97,15.84,28.75,5.97061135898159,0,100.0,0.25
HS001058,7,9.561428571428573,8.35,11.0,0.8797239826867774,0,100.0,0.14285714285714285
HS001059,13,4.972307692307693,2.72,12.54,2.5783559162321303,1,92.3076923076923,0.15384615384615385
HS001060,9,5.75,2.6,7.69,1.5179179819739934,0,100.0,0.2222222222222222
HS001061,7,13.468571428571428,12.06,14.53,1.1655675094337603,0,100.0,0.2857142857142857
HS001062,7,4.6899999999999995,3.02,7.59,1.7567014544310027,0,100.0,0.2857142857142857
HS001063,5,9.959999999999999,9.15,12.03,1.1917214439624721,0,100.0,0.2
HS001064,13,5.446153846153846,2.15,7.72,1.928438653684799,0,100.0,0.38461538461538464
HS001065,5,10.766,8.72,14.41,2.2000295452561547,1,80.0,0.2
HS001066,14,5.607142857142857,2.46,7.61,1.6194178848321659,0,100.0,0.42857142857142855
HS001067,10,14.071000000000002,12.15,14.93,1.0324776026626434,0,100.0,0.3
HS001068,9,4.1866666666666665,2.26,5.97,1.2124768039018312,0,100.0,0.4444444444444444
HS001069,9,13.697777777777778,12.86,14.8,0.6973840007086801,0,100.0,0.1111111111111111
HS001070,10,23.064,16.86,30.67,4.4007832636172095,1,90.0,0.2
HS001071,10,13.172999999999998,10.92,15.16,1.503603449495024,2,80.0,0.1
HS001072,11,5.7727272727272725,2.43,7.95,2.0152225232419916,0,100.0,0.0
HS001073,6,13.995,12.07,17.84,2.052761554589329,1,83.33333333333334,0.0
HS001074,13,9.816153846153846,8.07,13.28,1.4693112811877682,1,92.3076923076923,0.3076923076923077
HS001075,6,11.238333333333335,8.2,16.54,3.041607579334761,1,83.33333333333334,0.16666666666666666
HS001076,13,10.37846153846154,8.14,13.43,1.4509815422318217,1,92.3076923076923,0.3076923076923077
HS001077,9,12.711111111111112,8.95,14.82,2.068087549189133,2,77.77777777777779,0.3333333333333333
HS001078,5,5.2780000000000005,3.48,7.83,1.9015178147995355,0,100.0,0.0
HS001079,13,-17.403076923076924,-19.36,-15.6,1.1472894477519944,0,100.0,0.07692307692307693
HS001080,17,9.940588235294118,8.15,17.7,2.2205671307918036,1,94.11764705882352,0.35294117647058826
HS001081,11,4.607272727272727,3.04,7.72,1.5529590523197379,0,100.0,0.36363636363636365
HS001082,6,0.38333333333333336,-1.73,2.64,1.8633911738190312,0,100.0,0.5
HS001083,11,9.882727272727273,8.15,12.9,1.6228437442285748,0,100.0,0.18181818181818182
HS001084,12,5.308333333333334,2.11,8.51,2.2353557102875485,1,91.66666666666666,0.5
HS001085,11,11.325454545454546,8.44,16.31,2.9361619970170705,3,72.72727272727273,0.09090909090909091
HS001086,6,11.015,8.23,12.88,1.9410589893148533,0,100.0,0.16666666666666666
HS001087,18,5.218333333333334,2.55,7.94,1.7587236347787596,0,100.0,0.4444444444444444
HS001088,11,24.232727272727274,15.18,33.56,5.9413148223420915,1,90.9090909090909,0.2727272727272727
HS001089,7,22.948571428571427,16.55,29.56,5.264720405907702,0,100.0,0.14285714285714285
HS001090,7,19.990000000000002,16.62,24.91,2.945397539665346,0,100.0,0.2857142857142857
HS001091,4,6.9475,4.06,9.7,2.3390222316173057,1,75.0,0.25
HS001092,3,10.780000000000001,10.37,11.34,0.5020956084253284,0,100.0,0.3333333333333333
HS001093,5,6.194,4.51,10.66,2.5314679535795035,1,80.0,0.2
HS001094,5,10.495999999999999,9.45,12.25,1.0790875775394697,0,100.0,0.2
HS001095,6,10.273333333333333,8.97,11.27,0.8577800805956418,0,100.0,0.3333333333333333
HS001096,6,11.188333333333333,8.1,17.89,3.631216967721245,1,83.33333333333334,0.16666666666666666
HS001097,9,5.577777777777778,3.27,7.88,1.3666453250366184,0,100.0,0.4444444444444444
HS001098,5,3.9799999999999995,2.11,6.49,1.8504594024187617,0,100.0,0.2
HS001099,7,13.911428571428571,12.12,19.05,2.4303458503638846,1,85.71428571428571,0.14285714285714285
HS001100,11,4.945454545454545,2.2,10.67,2.636806263783381,1,90.9090909090909,0.18181818181818182
HS001101,8,4.17,2.01,6.98,1.732801200368929,0,100.0,0.25
HS001102,7,23.802857142857142,16.91,28.32,4.188375636949303,0,100.0,0.2857142857142857
HS001103,5,10.522,8.81,12.37,1.634126678076091,0,100.0,0.4
HS001104,7,5.282857142857142,3.02,7.06,1.5548495563420734,0,100.0,0.2857142857142857
HS001105,14,13.375,12.09,14.77,0.7977154881284426,0,100.0,0.35714285714285715
HS001106,11,4.829090909090909,2.39,9.9,2.2530310896454786,1,90.9090909090909,0.2727272727272727
HS001107,8,13.05375,12.23,13.48,0.46417168929487423,0,100.0,0.0
HS001108,7,15.709999999999999,13.93,19.53,2.5230074646474328,2,71.42857142857143,0.42857142857142855
HS001109,6,0.5466666666666667,-4.67,3.27,2.8447542366022884,1,83.33333333333334,0.8333333333333334
HS001110,3,12.983333333333334,11.66,15.44,2.1296556842206518,1,66.66666666666666,0.3333333333333333
HS001111,8,14.21,12.24,17.17,1.5106290080625362,1,87.5,0.375
HS001112,13,23.556923076923077,17.0,29.52,4.348554136367981,0,100.0,0.3076923076923077
HS001113,12,10.193333333333333,8.61,14.23,1.565278559776812,1,91.66666666666666,0.25
HS001114,4,1.93,-0.35,3.82,1.9552152481674918,0,100.0,0.25
HS001115,7,0.3885714285714285,-1.72,3.07,1.8950411479387335,0,100.0,0.0
HS001116,7,10.231428571428571,8.33,12.24,1.4952416590797688,0,100.0,0.14285714285714285
HS001117,12,5.244166666666667,2.03,7.1,1.6506387652461496,0,100.0,0.3333333333333333
HS001118,10,10.434999999999999,8.15,17.06,2.6067231451681923,1,90.0,0.5
HS001119,4,2.615,2.35,3.03,0.2912616235162698,0,100.0,0.25
HS001120,10,11.167,9.05,12.82,1.2430433084437025,0,100.0,0.4
HS001121,11,13.236363636363636,12.19,14.34,0.7439929129672238,0,100.0,0.09090909090909091
HS001122,9,4.786666666666666,2.5,7.56,1.8621627211390523,0,100.0,0.1111111111111111
HS001123,14,24.195,15.61,29.87,4.154350361136735,0,100.0,0.21428571428571427
HS001124,9,22.385555555555555,16.6,28.55,4.167490585205656,0,100.0,0.2222222222222222
HS001125,10,22.402,16.93,29.67,4.096835635246088,0,100.0,0.2
HS001126,6,-17.14,-18.63,-15.5,1.2008163889621093,0,100.0,0.5
HS001127,9,-15.982222222222223,-19.14,-10.5,2.3799095454332804,1,88.88888888888889,0.3333333333333333
HS001128,13,5.509230769230769,2.47,7.96,1.8595046900472425,0,100.0,0.15384615384615385
HS001129,10,21.8,18.23,28.51,3.6676574418981813,0,100.0,0.2
HS001130,7,6.83,3.39,12.76,3.091267269799448,1,85.71428571428571,0.14285714285714285
HS001131,8,5.82125,3.85,7.52,1.2786090377549235,0,100.0,0.0
HS001132,3,-16.400000000000002,-17.3,-14.67,1.4986327101728434,1,66.66666666666666,0.0
HS001133,12,1.09,-1.35,3.8,1.8235878721006913,0,100.0,0.08333333333333333
HS001134,6,13.748333333333333,12.45,14.45,0.7508239918027835,0,100.0,0.0
HS001135,7,4.39,2.37,6.52,1.4346195779137176,0,100.0,0.2857142857142857
HS001136,6,5.031666666666667,2.45,6.99,1.6988280273961418,0,100.0,0.6666666666666666
HS001137,10,22.779,19.78,28.78,2.9668668471788364,0,100.0,0.3
HS001138,8,5.2525,2.52,7.46,2.0704709609168637,0,100.0,0.125
HS001139,7,22.548571428571428,16.41,29.62,5.550736973806357,0,100.0,0.2857142857142857
HS001140,9,5.072222222222222,2.14,10.34,2.4744382078452563,1,88.88888888888889,0.2222222222222222
HS001141,6,3.48,2.38,5.27,1.0902293336725075,0,100.0,0.5
HS001142,4,13.2525,12.75,13.59,0.3968521975076701,0,100.0,0.25
HS001143,8,20.76375,15.89,25.35,3.2981247377432967,0,100.0,0.125
HS001144,9,5.262222222222222,2.83,7.03,1.5543469511162704,0,100.0,0.2222222222222222
HS001145,10,10.948,8.29,12.95,1.6474208799076073,0,100.0,0.0
HS001146,11,11.348181818181818,8.44,12.96,1.5810048588275636,0,100.0,0.2727272727272727
HS001147,7,9.790000000000001,8.11,11.88,1.5049363220194183,0,100.0,0.2857142857142857
HS001148,11,6.5227272727272725,3.32,10.63,2.407991241300894,2,81.81818181818183,0.09090909090909091
HS001149,10,6.285,2.19,13.61,3.1674604268333892,1,90.0,0.2
HS001150,7,22.174285714285713,16.34,25.91,3.630972583862609,0,100.0,0.42857142857142855
HS001151,9,-17.944444444444443,-24.81,-15.08,3.051610685814586,2,77.77777777777779,0.4444444444444444
HS001152,9,1.6644444444444444,-1.5,6.67,2.5526413335558478,1,88.88888888888889,0.1111111111111111
HS001153,9,5.152222222222222,2.8,7.8,1.7939953858481477,0,100.0,0.1111111111111111
HS001154,6,21.221666666666668,17.88,25.13,2.808895987156994,0,100.0,0.8333333333333334
HS001155,4,20.3925,16.68,23.78,3.0012150317274293,0,100.0,0.5
HS001156,10,10.624,8.2,12.89,1.4860177956164893,0,100.0,0.1
HS001157,13,22.475384615384616,15.14,29.31,5.155134358715614,0,100.0,0.07692307692307693
HS001158,13,4.995384615384615,2.57,7.79,1.8273779730560002,0,100.0,0.07692307692307693
HS001159,6,21.325,15.73,26.45,4.31033525378247,0,100.0,0.0
HS001160,6,22.636666666666667,18.54,29.18,3.573360696412646,0,100.0,0.16666666666666666
HS001161,7,6.638571428571429,4.8,7.85,1.2099370310258377,0,100.0,0.5714285714285714
HS001162,4,13.462499999999999,12.53,14.7,0.9337513944657145,0,100.0,0.25
HS001163,3,2.3433333333333333,1.73,3.19,0.7574518686578926,0,100.0,0.0
HS001164,5,10.334,8.04,15.39,2.9408043117487437,1,80.0,0.2
HS001165,4,24.32,21.6,26.68,2.089465641418079,0,100.0,0.25
HS001166,7,10.777142857142858,8.44,13.0,1.668679261029655,0,100.0,0.2857142857142857
HS001167,8,4.33875,3.08,7.82,1.6377897780676425,0,100.0,0.375
HS001168,6,20.621666666666666,16.8,29.47,4.634476957183699,0,100.0,0.16666666666666666
HS001169,8,12.99875,8.87,14.75,1.9192739512638632,1,87.5,0.125
HS001170,7,5.714285714285714,2.26,7.11,1.8228444543520175,0,100.0,0.42857142857142855
HS001171,14,-17.022142857142857,-19.2,-15.42,1.174027771729105,0,100.0,0.07142857142857142
HS001172,5,4.992,2.52,7.34,1.7635957586703366,0,100.0,0.4
HS001173,10,13.124,12.09,14.23,0.8328558632133707,0,100.0,0.1
HS001174,6,10.691666666666668,8.31,13.71,1.839167384080815,1,83.33333333333334,0.16666666666666666
HS001175,5,4.13,2.16,6.4,1.6385359318611235,0,100.0,0.4
HS001176,12,-18.281666666666666,-21.96,-15.31,1.7093583768788971,1,91.66666666666666,0.4166666666666667
HS001177,7,1.172857142857143,-1.44,3.31,1.8976363744205078,0,100.0,0.2857142857142857
HS001178,3,13.866666666666667,12.01,14.86,1.6092337721205505,0,100.0,0.6666666666666666
HS001179,7,4.921428571428572,2.6,7.63,2.0119843320416173,0,100.0,0.0
HS001180,9,4.672222222222222,2.35,6.53,1.5069404249818388,0,100.0,0.1111111111111111
HS001181,4,10.8675,9.16,12.77,1.5070141560936539,0,100.0,0.0
HS001182,4,4.2875,2.84,6.81,1.7527193158061558,0,100.0,0.0
HS001183,6,6.676666666666667,3.9,7.99,1.500195542809892,0,100.0,0.3333333333333333
HS001184,9,1.8111111111111111,-1.73,7.51,2.797746613099748,1,88.88888888888889,0.3333333333333333
HS001185,7,22.36285714285714,15.25,28.02,4.874370777463535,0,100.0,0.14285714285714285
HS001186,6,5.853333333333333,2.48,7.63,1.9983259660692665,0,100.0,0.16666666666666666
HS001187,9,2.0244444444444447,-1.41,5.07,2.1447675346707804,1,88.88888888888889,0.4444444444444444
HS001188,10,10.363,8.09,11.94,1.4266203263502018,0,100.0,0.1
HS001189,6,14.215000000000002,12.21,17.75,1.9738768958574895,1,83.33333333333334,0.3333333333333333
HS001190,12,10.395833333333334,8.49,14.53,1.6823385149213814,1,91.66666666666666,0.4166666666666667
HS001191,6,4.921666666666666,2.43,7.97,2.128975496962487,0,100.0,0.0
HS001192,5,18.79,15.85,25.18,3.660491770240715,0,100.0,0.6
HS001193,10,13.822,12.4,16.68,1.2018393310995343,1,90.0,0.3
HS001194,8,10.34375,8.26,12.2,1.3936584691277232,0,100.0,0.25
HS001195,4,3.6275,2.08,5.48,1.748854386924957,0,100.0,0.25
HS001196,15,0.48400000000000004,-4.17,3.78,2.252848355812196,1,93.33333333333333,0.2
HS001197,11,-17.298181818181817,-20.87,-15.11,1.7009339680411946,1,90.9090909090909,0.0
HS001198,5,5.298,3.24,7.86,2.0693887986552935,0,100.0,0.2
HS001199,7,23.858571428571427,18.04,29.52,4.712343467148904,0,100.0,0.0
HS001200,13,10.492307692307692,8.65,12.45,1.2432762755863629,0,100.0,0.15384615384615385
HS001201,13,-17.116153846153846,-19.85,-11.44,2.6778055022148846,2,84.61538461538461,0.15384615384615385
HS001202,7,1.5042857142857144,-1.11,5.99,2.7375162534851256,1,85.71428571428571,0.2857142857142857
HS001203,6,4.92,2.17,8.33,2.1906346112485306,1,83.33333333333334,0.16666666666666666
HS001204,6,23.901666666666667,15.24,29.27,5.562802950551697,0,100.0,0.0
HS001205,14,10.152857142857142,4.98,16.36,2.676324772092185,3,78.57142857142857,0.14285714285714285
HS001206,12,4.420833333333333,0.43,7.81,1.8618341803585827,1,91.66666666666666,0.08333333333333333
HS001207,8,4.73375,2.88,7.85,1.7753143584809343,0,100.0,0.25
HS001208,11,22.14727272727273,15.19,29.67,5.583891279222923,0,100.0,0.36363636363636365
HS001209,7,4.55,2.02,7.9,2.4268910152703604,0,100.0,0.42857142857142855
HS001210,5,4.628,2.2,7.77,2.0848788933652713,0,100.0,0.2
HS001211,6,24.64833333333333,22.24,28.79,2.3513691047274277,0,100.0,0.16666666666666666
HS001212,14,22.270000000000003,15.97,28.95,4.3370230839562325,0,100.0,0.07142857142857142
HS001213,11,5.120909090909091,2.14,7.57,1.6486385567822592,0,100.0,0.45454545454545453
HS001214,10,4.74,2.11,7.98,2.037214874392106,0,100.0,0.3
HS001215,6,9.818333333333333,8.05,11.55,1.1641892744166074,0,100.0,0.3333333333333333
HS001216,6,0.86,-1.16,2.67,1.427361201658501,0,100.0,0.5
HS001217,13,23.993076923076924,20.98,28.23,2.506206910237676,0,100.0,0.3076923076923077
HS001218,6,8.073333333333332,6.15,13.76,2.865244608522397,2,66.66666666666666,0.3333333333333333
HS001219,6,5.548333333333333,2.72,7.85,1.7387284626032513,0,100.0,0.3333333333333333
HS001220,10,22.674,17.09,29.88,4.110626337784655,0,100.0,0.1
HS001221,6,23.811666666666667,15.56,31.72,6.652570681072592,1,83.33333333333334,0.0
HS001222,10,22.605,15.35,29.21,5.399294707027329,0,100.0,0.2
HS001223,8,5.28625,2.97,7.58,1.7043552404690419,0,100.0,0.25
HS001224,11,18.85272727272727,15.33,28.3,3.9147926915970683,0,100.0,0.2727272727272727
HS001225,13,13.905384615384614,12.11,18.54,1.6925258017955265,1,92.3076923076923,0.15384615384615385
HS001226,6,5.433333333333334,2.11,7.78,2.2979004910279874,0,100.0,0.16666666666666666
HS001227,4,3.6075,2.9,4.82,0.8528921385497701,0,100.0,0.25
HS001228,4,22.2625,19.24,24.44,2.2975403514773514,0,100.0,0.0
HS001229,9,22.206666666666667,17.34,29.1,3.9227891862805984,0,100.0,0.2222222222222222
HS001230,11,4.737272727272727,2.46,7.55,1.7607389977454972,0,100.0,0.18181818181818182
HS001231,7,-16.472857142857144,-18.09,-15.12,1.1402589513748516,0,100.0,0.42857142857142855
HS001232,6,4.056666666666667,1.81,7.39,2.05252689791551,1,83.33333333333334,0.5
HS001233,4,4.9975000000000005,2.61,7.65,2.3972953510153894,0,100.0,0.0
HS001234,12,5.798333333333333,2.07,11.75,2.729108523553677,1,91.66666666666666,0.08333333333333333
HS001235,8,10.06125,3.95,13.64,3.0345978199048766,3,62.5,0.125
HS001236,11,5.876363636363636,2.38,10.57,2.4259236291659008,1,90.9090909090909,0.18181818181818182
HS001237,8,22.22875,15.25,29.51,5.422865445763628,0,100.0,0.125
HS001238,5,4.736,2.02,7.29,1.872613147449307,0,100.0,1.0
HS001239,7,22.31142857142857,18.48,27.87,3.3749095225967594,0,100.0,0.14285714285714285
HS001240,12,5.860833333333333,2.11,10.04,2.2564673046533814,1,91.66666666666666,0.08333333333333333
HS001241,4,5.4025,3.64,7.09,1.5497392253752456,0,100.0,0.5
HS001242,8,9.96125,8.44,11.49,1.0998628161210438,0,100.0,0.25
HS001243,7,4.6499999999999995,3.11,6.86,1.2244726756172772,0,100.0,0.2857142857142857
HS001244,3,4.91,2.68,7.18,2.25026665086607,0,100.0,0.0
HS001245,7,10.819999999999999,8.77,12.97,1.50649704059893,0,100.0,0.42857142857142855
HS001246,7,11.534285714285714,8.77,15.52,2.435917740420484,2,71.42857142857143,0.14285714285714285
HS001247,6,2.9566666666666666,-0.31,5.79,2.0139480297829597,1,83.33333333333334,0.3333333333333333
HS001248,6,5.419999999999999,3.52,7.63,1.6564419700067972,0,100.0,0.0
HS001249,2,6.675000000000001,6.11,7.24,0.7990306627407984,0,100.0,0.5
HS001250,9,10.31,8.55,12.05,1.508691486023567,0,100.0,0.1111111111111111
HS001251,9,4.443333333333333,2.31,7.79,2.065175537333328,0,100.0,0.5555555555555556
HS001252,8,4.9425,2.7,7.88,1.946511531652752,0,100.0,0.375
HS001253,3,4.906666666666666,2.86,6.27,1.8047806884309607,0,100.0,0.3333333333333333
HS001254,7,0.8257142857142857,-1.98,2.98,1.7870073413657925,0,100.0,0.2857142857142857
HS001255,10,10.531,8.58,11.89,1.1162780418276923,0,100.0,0.1
HS001256,9,24.00222222222222,20.06,28.13,3.359228995535202,0,100.0,0.2222222222222222
HS001257,7,10.930000000000001,8.41,15.65,2.3504254933947606,1,85.71428571428571,0.2857142857142857
HS001258,9,5.336666666666667,2.64,7.34,1.7646316896168444,0,100.0,0.2222222222222222
HS001259,6,11.055,9.27,12.57,1.1242375193881413,0,100.0,0.16666666666666666
HS001260,8,5.9712499999999995,4.13,7.89,1.5950766887072054,0,100.0,0.5
HS001261,8,10.47625,8.74,12.83,1.2788045477822518,0,100.0,0.375
HS001262,7,23.885714285714283,17.07,28.37,4.676575873944729,0,100.0,0.0
HS001263,9,4.6866666666666665,2.2,7.66,1.7811232411037703,0,100.0,0.3333333333333333
HS001264,14,-16.259285714285713,-18.08,-10.79,1.8470369797044144,2,85.71428571428571,0.07142857142857142
HS001265,5,11.826,10.53,12.9,0.9424595482035292,0,100.0,0.4
HS001266,8,10.5925,8.32,14.74,2.0361641107028396,1,87.5,0.25
HS001267,8,4.64875,-0.82,11.05,3.391482766747143,2,75.0,0.5
HS001268,7,5.3028571428571425,2.31,7.79,1.8750885693366974,0,100.0,0.14285714285714285
HS001269,10,5.255,3.24,7.86,1.3983661100648064,0,100.0,0.4
HS001270,7,21.82,16.32,26.36,3.745277025801963,0,100.0,0.2857142857142857
HS001271,9,7.010000000000001,4.37,11.15,2.4154916683772685,2,77.77777777777779,0.1111111111111111
HS001272,10,23.78,16.55,30.09,4.321103254185594,1,90.0,0.4
HS001273,5,11.046000000000001,8.67,12.55,1.456375638357082,0,100.0,0.0
HS001274,4,18.7375,15.45,22.11,2.7848084913209634,0,100.0,0.0
HS001275,8,0.8312499999999999,-1.55,3.71,1.659668103653774,0,100.0,0.25
HS001276,11,1.0154545454545454,-1.34,3.59,1.6583507689048396,0,100.0,0.2727272727272727
HS001277,7,23.01142857142857,16.48,29.66,5.126810017192068,0,100.0,0.42857142857142855
HS001278,6,-17.31,-19.93,-15.14,1.8763368567504084,0,100.0,0.16666666666666666
HS001279,6,21.583333333333332,15.21,29.06,5.500831452304887,0,100.0,0.16666666666666666
HS001280,5,5.0600000000000005,2.12,7.27,2.144667806444625,0,100.0,0.4
HS001281,16,14.506875,12.1,18.44,1.9942741996358815,3,81.25,0.1875
HS001282,15,6.2,3.48,10.57,1.7763968346869217,1,93.33333333333333,0.4666666666666667
HS001283,7,6.6571428571428575,4.2,10.88,2.287820755549659,1,85.71428571428571,0.2857142857142857
HS001284,3,19.723333333333333,16.75,22.73,2.9901393501529885,0,100.0,0.0
HS001285,4,28.135,25.07,30.37,2.2769204348564025,1,75.0,0.5
HS001286,10,10.714,8.66,11.9,0.9135547176946884,0,100.0,0.4
HS001287,12,14.215000000000002,12.59,16.81,1.0431116038956794,1,91.66666666666666,0.16666666666666666
HS001288,7,10.180000000000001,8.17,14.62,2.1947816899789068,1,85.71428571428571,0.42857142857142855
HS001289,11,5.143636363636364,2.13,7.31,1.8478164017416487,0,100.0,0.18181818181818182
HS001290,6,9.613333333333333,8.07,15.03,2.690030978755944,1,83.33333333333334,0.0
HS001291,8,5.07125,2.78,7.77,1.9477344898258446,0,100.0,0.125
HS001292,5,1.17,-1.17,3.26,1.6695508378003947,0,100.0,0.4
HS001293,8,26.4675,24.01,29.71,2.05442901348004,0,100.0,0.375
HS001294,6,10.106666666666667,8.53,12.09,1.618365430509027,0,100.0,0.3333333333333333
HS001295,8,5.0962499999999995,2.62,7.57,1.8052220876430372,0,100.0,0.125
HS001296,10,9.183,4.96,10.68,1.709776138693146,1,90.0,0.2
HS001297,8,22.1525,16.45,27.42,4.1156209390911735,0,100.0,0.125
HS001298,13,13.786153846153846,12.39,14.75,0.7358616090626734,0,100.0,0.38461538461538464
HS001299,9,9.461111111111112,8.17,11.42,1.1532393988721987,0,100.0,0.1111111111111111
HS001300,11,11.493636363636364,8.09,15.66,2.3552633514206973,2,81.81818181818183,0.45454545454545453
HS001301,8,23.72875,18.68,29.72,3.63155392753177,0,100.0,0.25
HS001302,4,10.2,9.01,11.9,1.382292781335899,0,100.0,0.25
HS001303,7,2.0100000000000002,-0.82,3.87,1.5733403954643763,0,100.0,0.2857142857142857
HS001304,7,5.847142857142857,3.68,8.27,1.827691752691668,1,85.71428571428571,0.14285714285714285
HS001305,8,4.095,2.13,7.38,2.03036238848424,0,100.0,0.5
HS001306,10,13.925999999999998,12.45,17.54,1.4344119972231746,1,90.0,0.2
HS001307,8,9.567499999999999,8.01,12.9,1.864577700177711,1,87.5,0.75
HS001308,8,4.55875,2.2,7.74,1.9139520631405584,0,100.0,0.25
HS001309,9,9.41777777777778,5.9,11.15,1.6255135940509522,1,88.88888888888889,0.1111111111111111
HS001310,4,5.13,2.59,7.41,2.2847319317591723,0,100.0,0.5
HS001311,6,5.853333333333333,3.83,7.93,1.6275216332407587,0,100.0,0.16666666666666666
HS001312,4,4.7225,0.23,6.54,3.00940054938964,1,75.0,0.25
HS001313,6,10.141666666666667,5.99,11.67,2.181040271674658,1,83.33333333333334,0.16666666666666666
HS001314,7,1.374285714285714,-1.1,3.73,1.8560249382561032,0,100.0,0.14285714285714285
HS001315,11,13.434545454545455,10.69,15.31,1.448270441846851,2,81.81818181818183,0.09090909090909091
HS001316,7,5.58,2.49,7.28,1.9469720080165507,0,100.0,0.0
HS001317,12,10.579166666666667,8.19,13.22,1.4227148077680305,1,91.66666666666666,0.3333333333333333
HS001318,9,23.22888888888889,18.48,26.3,2.8537232015581164,0,100.0,0.2222222222222222
HS001319,3,5.603333333333334,3.21,9.39,3.3172478552760176,1,66.66666666666666,0.3333333333333333
HS001320,2,13.605,12.64,14.57,1.3647160876900366,0,100.0,0.5
HS001321,8,9.78,8.32,12.78,1.5927783452642923,1,87.5,0.25
HS001322,4,4.3825,2.66,7.78,2.3884496366192582,0,100.0,0.5
HS001323,8,14.225,12.13,18.34,1.9329104627847764,1,87.5,0.25
HS001324,16,10.575,8.11,12.78,1.4849107717300727,0,100.0,0.3125
HS001325,8,21.22375,15.27,27.47,4.286646833065278,0,100.0,0.125
HS001326,3,0.52,-1.06,1.55,1.389208407691229,0,100.0,0.3333333333333333
HS001327,5,13.168000000000001,12.48,14.06,0.6555684556169552,0,100.0,0.4
HS001328,5,1.112,-0.19,2.74,1.3974512513858937,0,100.0,0.2
HS001329,4,8.325,8.02,8.7,0.3246023207967972,0,100.0,0.0
HS001330,7,26.475714285714286,23.26,29.79,2.3547459674938542,0,100.0,0.14285714285714285
HS001331,9,10.43,8.19,13.63,1.8293168123646601,1,88.88888888888889,0.4444444444444444
HS001332,14,5.841428571428572,2.07,11.46,2.384910439030741,1,92.85714285714286,0.42857142857142855
HS001333,9,21.755555555555556,15.49,28.58,3.952164315634887,0,100.0,0.4444444444444444
HS001334,9,10.005555555555555,8.02,13.27,1.5998446105099637,1,88.88888888888889,0.5555555555555556
HS001335,6,13.01,12.23,14.76,1.057960301712687,0,100.0,0.0
HS001336,11,4.832727272727273,2.15,7.99,2.2042100213413915,0,100.0,0.2727272727272727
HS001337,6,22.248333333333335,16.66,29.61,5.020770525194979,0,100.0,0.3333333333333333
HS001338,4,6.515,5.13,7.36,0.969553161684976,0,100.0,0.25
HS001339,8,-17.5575,-20.44,-15.71,1.876118713880182,1,87.5,0.25
HS001340,11,22.535454545454545,17.2,29.5,4.6880878055692685,0,100.0,0.2727272727272727
HS001341,7,23.982857142857142,15.12,28.3,4.354433427690735,0,100.0,0.2857142857142857
HS001342,10,6.078,2.21,12.19,2.8887321324991926,1,90.0,0.1
HS001343,7,6.064285714285715,4.35,10.08,1.9730590221181687,1,85.71428571428571,0.2857142857142857
HS001344,10,5.368,2.3,7.63,2.065434041013602,0,100.0,0.2
HS001345,3,9.01,8.56,9.4,0.4232020793899761,0,100.0,0.3333333333333333
HS001346,6,24.276666666666667,18.79,28.41,3.560739623542653,0,100.0,0.16666666666666666
HS001347,8,10.567499999999999,9.19,11.73,0.8954767285801298,0,100.0,0.25
HS001348,10,13.616999999999999,11.05,17.18,1.7669499772835175,2,80.0,0.6
HS001349,10,22.368000000000002,16.29,29.04,4.734860786408261,0,100.0,0.1
HS001350,6,6.886666666666667,3.51,12.29,3.179035493143583,1,83.33333333333334,0.16666666666666666
HS001351,9,14.183333333333334,12.44,17.98,1.6799479158592987,1,88.88888888888889,0.1111111111111111
HS001352,5,13.224,11.82,14.96,1.2129014799232456,1,80.0,0.2
HS001353,9,6.681111111111111,4.18,10.73,1.8012873482904144,1,88.88888888888889,0.3333333333333333
HS001354,6,24.881666666666664,17.44,31.26,4.879530373577632,1,83.33333333333334,0.16666666666666666
HS001355,4,8.92,8.28,10.08,0.8238527376499597,0,100.0,0.5
HS001356,10,9.82,8.66,11.4,1.035095272050946,0,100.0,0.1
HS001357,7,6.348571428571428,2.21,9.42,2.659150419284504,2,71.42857142857143,0.2857142857142857
HS001358,12,22.13,15.92,29.41,4.773428346777418,0,100.0,0.16666666666666666
HS001359,11,11.121818181818183,8.89,14.49,1.8057730653757031,1,90.9090909090909,0.18181818181818182
HS001360,14,22.988571428571426,15.03,29.83,4.640384362632802,0,100.0,0.07142857142857142
HS001361,10,22.89,15.37,28.02,5.036978812299646,0,100.0,0.0
HS001362,13,9.881538461538462,3.56,12.7,2.1828415966114982,1,92.3076923076923,0.3076923076923077
HS001363,10,22.588,16.04,28.77,4.03315371500875,0,100.0,0.2
HS001364,8,6.3375,3.15,7.96,1.8496853014190588,0,100.0,0.375
HS001365,10,5.67,2.98,7.8,1.8838671809752288,0,100.0,0.3
HS001366,5,3.66,2.04,5.95,1.4573949361789345,0,100.0,0.4
HS001367,7,25.562857142857144,18.08,29.96,5.2128358062437705,0,100.0,0.14285714285714285
HS001368,9,21.65,15.49,29.22,4.513975520536193,0,100.0,0.4444444444444444
HS001369,4,3.8475,2.01,6.53,1.928183514779303,0,100.0,0.25
HS001370,7,24.267142857142858,18.39,28.8,3.9025364157417513,0,100.0,0.14285714285714285
HS001371,6,7.414999999999999,3.85,11.49,3.2852138438768335,2,66.66666666666666,0.3333333333333333
HS001372,10,23.588,16.63,28.24,3.3532432062109656,0,100.0,0.2
HS001373,4,22.5375,17.93,33.99,7.6656435911583225,1,75.0,0.0
HS001374,2,8.39,8.13,8.65,0.3676955262170044,0,100.0,0.5
HS001375,7,10.381428571428572,8.01,16.23,2.803981862586541,1,85.71428571428571,0.5714285714285714
HS001376,11,5.308181818181819,2.2,7.87,1.8759841053794575,0,100.0,0.18181818181818182
HS001377,11,22.598181818181818,15.67,29.8,5.367414308923466,0,100.0,0.36363636363636365
HS001378,9,10.852222222222222,8.11,12.73,1.792085222427897,0,100.0,0.3333333333333333
HS001379,10,4.633,0.17,7.41,2.351231592166114,1,90.0,0.3
HS001380,9,10.864444444444445,9.71,11.88,0.7208867995585563,0,100.0,0.1111111111111111
HS001381,11,4.74,2.15,7.57,2.01865797003851,0,100.0,0.2727272727272727
HS001382,7,0.5214285714285714,-1.89,2.75,2.025343004459809,0,100.0,0.14285714285714285
HS001383,6,13.543333333333331,12.6,14.44,0.6743787264339429,0,100.0,0.3333333333333333
HS001384,8,19.99125,15.37,29.12,5.398559166243211,0,100.0,0.125
HS001385,10,13.037,11.05,14.5,1.0450204676358148,1,90.0,0.6
HS001386,11,21.29,15.97,29.14,3.871263359679886,0,100.0,0.36363636363636365
HS001387,5,11.302,9.19,12.04,1.212051979083406,0,100.0,0.0
HS001388,6,22.113333333333333,15.67,27.01,4.558888753486608,0,100.0,0.5
HS001389,7,1.2971428571428572,-1.75,3.92,1.9903158399754404,0,100.0,0.14285714285714285
HS001390,15,9.367333333333333,5.71,13.15,1.725367317689883,2,86.66666666666667,0.26666666666666666
HS001391,5,10.324000000000002,8.9,11.34,0.9499105221019499,0,100.0,0.2
HS001392,8,10.855,8.16,16.34,3.1972979663638306,2,75.0,0.125
HS001393,10,0.66,-1.69,3.47,1.9853351242436514,0,100.0,0.1
HS001394,5,21.042,15.36,25.37,4.243680006786564,0,100.0,0.2
HS001395,10,4.607,2.38,7.46,1.735895862211914,0,100.0,0.1
HS001396,5,6.356,4.35,7.96,1.3232082224653838,0,100.0,0.4
HS001397,7,2.14,-1.29,6.66,2.671572570603314,1,85.71428571428571,0.2857142857142857
HS001398,12,4.565833333333333,2.09,6.46,1.2626628307835883,0,100.0,0.25
HS001399,9,4.316666666666666,2.24,6.47,1.535504802988255,0,100.0,0.3333333333333333
HS001400,9,5.223333333333333,2.5,12.67,3.3690057880627036,1,88.88888888888889,0.2222222222222222
HS001401,11,5.539090909090909,2.11,7.88,2.220407415522901,0,100.0,0.0
HS001402,10,22.689,15.1,29.48,4.82836169592406,0,100.0,0.4
HS001403,10,6.745,2.63,10.97,2.449726742130867,2,80.0,0.3
HS001404,8,10.8325,9.62,13.72,1.2478638890978,1,87.5,0.25
HS001405,10,13.541999999999998,12.1,14.36,0.6263084082320961,0,100.0,0.2
HS001406,5,-0.45999999999999996,-1.3,2.38,1.5930630872630247,0,100.0,0.0
HS001407,10,5.252000000000001,2.67,6.71,1.5112305508352384,0,100.0,0.1
HS001408,9,21.00111111111111,15.21,29.61,5.0793342192762925,0,100.0,0.1111111111111111
HS001409,4,-18.150000000000002,-19.64,-15.08,2.1098183176125236,0,100.0,0.0
HS001410,9,5.641111111111112,2.34,7.54,1.9006475504709208,0,100.0,0.2222222222222222
HS001411,12,20.608333333333334,15.26,28.94,4.3483974756294534,0,100.0,0.16666666666666666
HS001412,7,9.914285714285715,8.5,11.65,1.192544298867721,0,100.0,0.14285714285714285
HS001413,9,23.59777777777778,16.56,34.34,6.20330109251876,1,88.88888888888889,0.1111111111111111
HS001414,6,9.948333333333332,8.03,11.9,1.5050769637020778,0,100.0,0.0
HS001415,8,2.26375,0.09,9.34,3.0728020600097232,1,87.5,0.125
HS001416,11,23.79090909090909,18.25,30.73,4.261390511430403,1,90.9090909090909,0.18181818181818182
HS001417,6,23.75833333333333,20.24,26.56,2.0939953836306966,0,100.0,0.3333333333333333
HS001418,7,24.70285714285714,15.76,34.09,6.244105792093625,1,85.71428571428571,0.0
HS001419,7,4.24,2.79,6.9,1.7017050273181897,0,100.0,0.14285714285714285
HS001420,12,19.8475,15.1,26.67,4.203258746604722,0,100.0,0.25
HS001421,9,1.0366666666666666,-1.32,3.98,1.8009025515002193,0,100.0,0.4444444444444444
HS001422,10,1.834,-0.26,4.25,1.6134035797379127,2,80.0,0.2
HS001423,7,10.295714285714284,8.82,11.94,1.157106407421218,0,100.0,0.0
HS001424,5,9.876,8.45,10.84,1.087395972035946,0,100.0,0.0
HS001425,6,1.875,-1.32,3.91,2.3546443468175826,0,100.0,0.0
HS001426,10,10.478,6.66,13.5,1.8127008700953515,2,80.0,0.1
HS001427,7,3.467142857142857,2.31,5.82,1.2092795966430354,0,100.0,0.14285714285714285
HS001428,13,20.94,15.56,27.79,4.542543340464678,0,100.0,0.3076923076923077
HS001429,9,20.01,13.05,27.73,5.113159492916293,1,88.88888888888889,0.6666666666666666
HS001430,15,10.17,8.16,14.3,1.707265984800594,1,93.33333333333333,0.13333333333333333
HS001431,6,22.761666666666667,15.76,28.03,5.556223237655834,0,100.0,0.16666666666666666
HS001432,7,10.242857142857144,8.52,11.67,1.2650654039181042,0,100.0,0.2857142857142857
HS001433,7,4.497142857142857,2.79,5.71,1.180772547751602,0,100.0,0.5714285714285714
HS001434,7,23.75142857142857,19.58,26.16,2.1569533186992302,0,100.0,0.2857142857142857
HS001435,3,8.626666666666667,7.55,9.22,0.9340413980832606,1,66.66666666666666,0.0
HS001436,12,10.456666666666667,8.0,15.52,2.121775985662326,1,91.66666666666666,0.25
HS001437,8,9.80875,8.55,11.97,1.1063897207972038,0,100.0,0.25
HS001438,19,4.618947368421053,2.16,7.58,1.9287125663879237,0,100.0,0.10526315789473684
HS001439,8,23.37625,18.1,34.14,5.309514202959492,1,87.5,0.375
HS001440,4,13.7925,12.58,14.89,0.9689298220201504,0,100.0,0.5
HS001441,18,13.18,12.03,14.9,0.958700100319668,0,100.0,0.4444444444444444
HS001442,13,1.3484615384615386,-1.86,6.5,2.1616268802063803,1,92.3076923076923,0.15384615384615385
HS001443,5,9.834,5.53,11.46,2.4546547618758936,1,80.0,0.4
HS001444,6,4.076666666666667,2.79,5.91,1.116703481980184,0,100.0,0.0
HS001445,10,22.758,15.81,28.56,4.2843560387375215,0,100.0,0.2
HS001446,6,6.826666666666667,4.87,8.67,1.2919545915653023,1,83.33333333333334,0.16666666666666666
HS001447,12,24.239166666666666,18.14,28.93,3.551321030349982,0,100.0,0.3333333333333333
HS001448,6,5.239999999999999,2.99,7.35,1.823162088241196,0,100.0,0.16666666666666666
HS001449,5,23.412,19.5,28.11,3.9426666103032355,0,100.0,0.6
HS001450,6,13.604999999999999,12.25,14.91,0.9023026099929004,0,100.0,0.3333333333333333
HS001451,17,9.84235294117647,8.19,11.94,1.2009346850045841,0,100.0,0.29411764705882354
HS001452,11,-17.117272727272727,-19.68,-15.1,1.3732449956878843,0,100.0,0.18181818181818182
HS001453,9,9.567777777777778,8.62,10.81,0.7797880766236718,0,100.0,0.2222222222222222
HS001454,5,25.363999999999997,17.63,28.9,4.56172993501369,0,100.0,0.2
HS001455,10,4.175,1.79,9.18,2.445450424314052,2,80.0,0.1
HS001456,10,22.044,17.89,28.89,4.334010716286808,0,100.0,0.4
HS001457,12,4.333333333333333,2.08,7.22,1.839349357954073,0,100.0,0.25
HS001458,8,6.07875,3.64,7.68,1.2352609614397854,0,100.0,0.375
HS001459,3,3.5199999999999996,2.43,4.11,0.9450396817065408,0,100.0,0.6666666666666666
HS001460,12,9.698333333333332,5.77,12.02,1.815828552846698,2,83.33333333333334,0.4166666666666667
HS001461,6,1.6849999999999998,-1.07,5.39,2.576507325819199,1,83.33333333333334,0.6666666666666666
HS001462,9,-17.47888888888889,-19.71,-15.34,1.4468711453032428,0,100.0,0.2222222222222222
HS001463,11,19.73909090909091,15.21,24.97,3.3990306104695627,0,100.0,0.36363636363636365
HS001464,10,4.678,2.63,7.48,1.3713318748979446,0,100.0,0.3
HS001465,5,10.912,8.11,13.34,1.9621340423120943,1,80.0,0.6
HS001466,9,6.23,3.78,7.75,1.661384964419746,0,100.0,0.2222222222222222
HS001467,9,1.1722222222222223,-1.37,3.29,1.695521879671402,0,100.0,0.5555555555555556
HS001468,9,13.288888888888888,12.4,14.94,0.8432592194047517,0,100.0,0.2222222222222222
HS001469,9,5.663333333333333,2.43,11.1,2.8615773622252463,1,88.88888888888889,0.3333333333333333
HS001470,9,12.208888888888888,8.69,15.99,2.136366333546546,2,77.77777777777779,0.1111111111111111
HS001471,10,9.917,8.68,11.9,1.0508837550684034,0,100.0,0.1
HS001472,5,4.66,2.38,7.32,2.1169671702697705,0,100.0,0.0
HS001473,6,13.565,12.39,15.95,1.4163015215694714,1,83.33333333333334,0.16666666666666666
HS001474,10,2.081,-0.06,3.71,1.3485255322429424,0,100.0,0.4
HS001475,9,13.216666666666667,12.19,13.91,0.7239475119095304,0,100.0,0.1111111111111111
HS001476,7,4.057142857142857,2.07,8.19,2.231783399628455,1,85.71428571428571,0.14285714285714285
HS001477,10,13.155000000000001,12.08,14.15,0.7137887954041061,0,100.0,0.1
HS001478,10,24.669999999999998,19.11,29.95,3.4095063181248593,0,100.0,0.3
HS001479,9,10.350000000000001,8.63,11.67,1.1130476180289859,0,100.0,0.4444444444444444
HS001480,8,4.5525,2.0,9.71,2.609760525412246,1,87.5,0.5
HS001481,8,5.0600000000000005,2.98,6.95,1.5410664211141951,0,100.0,0.375
HS001482,7,10.187142857142858,9.73,11.14,0.4711586528871952,0,100.0,0.14285714285714285
HS001483,15,4.856,2.03,7.62,2.0362739080417027,0,100.0,0.26666666666666666
HS001484,7,22.74285714285714,15.29,28.95,4.969351782964972,0,100.0,0.2857142857142857
HS001485,10,23.128,15.57,30.92,4.752182656422205,1,90.0,0.2
HS001486,6,5.953333333333333,2.03,8.0,2.3270725529442924,0,100.0,0.0
HS001487,8,13.3625,12.52,14.55,0.6589764790946645,0,100.0,0.375
HS001488,12,4.964166666666666,2.26,7.17,1.6399360205554214,0,100.0,0.25
HS001489,11,0.5036363636363637,-1.96,3.3,1.7809338714689702,0,100.0,0.2727272727272727
HS001490,2,11.92,11.35,12.49,0.8061017305526645,0,100.0,1.0
HS001491,11,5.150909090909091,2.0,8.0,2.2528002776342806,0,100.0,0.18181818181818182
HS001492,8,6.00875,3.38,7.84,1.637624041103452,0,100.0,0.375
HS001493,2,-18.18,-19.57,-16.79,1.9657568516986028,0,100.0,0.5
HS001494,9,5.118888888888889,2.48,7.83,2.0155982018029066,0,100.0,0.4444444444444444
HS001495,9,4.302222222222222,-2.16,6.73,2.7038203424866167,1,88.88888888888889,0.2222222222222222
HS001496,10,13.359,12.08,14.84,0.9133631381998197,0,100.0,0.1
HS001497,8,4.79625,2.74,9.57,2.539515912812631,1,87.5,0.125
HS001498,6,12.805,12.14,14.08,0.7676913442263106,0,100.0,0.16666666666666666
HS001499,14,26.149285714285714,16.88,29.87,3.790535712667932,0,100.0,0.21428571428571427
HS001500,5,23.592000000000002,17.73,28.51,4.180905404335287,0,100.0,0.4
HS001501,9,3.918888888888889,2.37,6.67,1.8176044979893482,0,100.0,0.2222222222222222
HS001502,13,9.463846153846154,5.01,11.74,1.9019268232573099,1,92.3076923076923,0.3076923076923077
HS001503,9,9.406666666666666,3.63,12.54,2.60764261354964,1,88.88888888888889,0.4444444444444444
HS001504,11,5.248181818181819,2.42,7.35,1.7638073487873793,0,100.0,0.36363636363636365
HS001505,7,0.7714285714285715,-1.67,2.73,1.5979927885885319,0,100.0,0.2857142857142857
HS001506,13,23.75769230769231,15.5,31.07,4.11031051918253,1,92.3076923076923,0.38461538461538464
HS001507,9,4.196666666666666,2.32,6.76,1.4142047235107085,0,100.0,0.0
HS001508,11,23.099090909090908,17.13,29.44,4.143668554663741,0,100.0,0.09090909090909091
HS001509,4,14.395,13.14,16.13,1.3952896951290548,1,75.0,0.5
HS001510,8,5.33625,2.36,7.71,1.7211535791024413,0,100.0,0.125
HS001511,8,10.526250000000001,8.16,14.03,2.0769616373099296,2,75.0,0.25
HS001512,8,4.4025,3.04,6.33,1.2420921290881999,0,100.0,0.125
HS001513,7,13.962857142857143,12.62,16.52,1.3585619147431134,1,85.71428571428571,0.42857142857142855
HS001514,13,10.167692307692308,4.28,12.95,2.332849308771549,1,92.3076923076923,0.23076923076923078
HS001515,6,22.531666666666666,17.46,27.01,4.1272819950503346,0,100.0,0.16666666666666666
HS001516,8,4.98125,2.11,7.84,2.2339423032580124,0,100.0,0.25
HS001517,2,8.344999999999999,8.02,8.67,0.45961940777125676,0,100.0,0.0
HS001518,8,10.26625,8.98,11.57,0.8683965108174951,0,100.0,0.25
HS001519,9,5.093333333333334,2.04,7.45,2.3143249555755996,0,100.0,0.4444444444444444
HS001520,11,5.047272727272728,2.37,7.02,1.4667180431772897,0,100.0,0.2727272727272727
HS001521,13,14.103076923076923,12.02,19.22,2.3934437693255033,2,84.61538461538461,0.15384615384615385
HS001522,9,1.1422222222222222,-1.73,3.21,1.5838937604664158,0,100.0,0.2222222222222222
HS001523,8,10.63125,8.05,16.45,2.7478793771613357,1,87.5,0.125
HS001524,15,0.4759999999999999,-6.98,3.71,2.9492924090848835,1,93.33333333333333,0.4
HS001525,8,5.2575,2.36,7.61,1.9370946580602906,0,100.0,0.0
HS001526,6,14.041666666666666,13.27,14.97,0.7199837961139595,0,100.0,0.0
HS001527,11,13.840909090909092,12.28,15.56,0.9361992794854583,1,90.9090909090909,0.2727272727272727
HS001528,5,10.98,9.1,12.59,1.400803340944045,0,100.0,0.0
HS001529,11,9.693636363636363,8.79,11.19,0.8010527164584454,0,100.0,0.2727272727272727
HS001530,12,5.21,2.79,6.97,1.2971016642008935,0,100.0,0.08333333333333333
HS001531,11,24.125454545454545,15.12,29.93,5.2870414479865095,0,100.0,0.09090909090909091
HS001532,5,24.066,20.94,27.41,2.3139425230545374,0,100.0,0.2
HS001533,4,5.945,3.92,8.04,2.255607826433191,1,75.0,0.25
HS001534,7,1.28,-0.65,3.76,1.5703290525661597,0,100.0,0.42857142857142855
HS001535,7,0.29571428571428565,-1.55,2.51,1.5753714603531568,0,100.0,0.14285714285714285
HS001536,8,20.31625,15.4,25.22,3.54816627690578,0,100.0,0.25
HS001537,8,11.7975,8.61,15.07,1.8189223654209579,1,87.5,0.375
HS001538,5,11.629999999999999,9.37,14.02,1.7359003427616462,1,80.0,0.2
HS001539,9,4.736666666666667,0.82,7.82,2.0898624356641275,1,88.88888888888889,0.4444444444444444
HS001540,11,9.638181818181819,8.05,11.34,1.2446350323031907,0,100.0,0.18181818181818182
HS001541,10,7.178,4.01,11.74,2.3733043069386057,2,80.0,0.1
HS001542,8,22.70375,15.23,32.86,5.816139950910003,1,87.5,0.375
HS001543,9,22.87222222222222,17.24,31.15,5.232410481264295,1,88.88888888888889,0.4444444444444444
HS001544,5,11.538,11.09,11.93,0.3021919919521363,0,100.0,0.0
HS001545,6,4.703333333333333,2.05,6.44,1.9996566371921622,0,100.0,0.5
HS001546,11,5.673636363636363,2.27,8.63,2.0459045565581633,2,81.81818181818183,0.18181818181818182
HS001547,10,5.846,2.06,12.98,3.2366004112683147,1,90.0,0.1
HS001548,3,2.3066666666666666,0.04,3.47,1.963220143879268,0,100.0,0.3333333333333333
HS001549,8,10.307500000000001,8.06,12.0,1.6621565166115635,0,100.0,0.25
HS001550,11,21.30818181818182,15.76,27.46,3.799270504141073,0,100.0,0.36363636363636365
HS001551,2,27.04,26.11,27.97,1.315218613006978,0,100.0,0.0
HS001552,6,-18.406666666666666,-19.2,-16.31,1.108181693887184,0,100.0,0.16666666666666666
HS001553,9,-17.905555555555555,-19.87,-15.46,1.736102755535448,0,100.0,0.3333333333333333
HS001554,7,6.424285714285714,2.84,11.05,2.71925760176595,1,85.71428571428571,0.2857142857142857
HS001555,7,5.88,4.97,6.97,0.839325125721056,0,100.0,0.14285714285714285
HS001556,8,13.46625,12.45,14.91,0.9142512549309721,0,100.0,0.375
HS001557,7,0.03285714285714287,-0.71,1.44,0.8649993118632001,0,100.0,0.2857142857142857
HS001558,6,10.723333333333334,8.15,11.99,1.3752333135387127,0,100.0,0.16666666666666666
HS001559,12,22.0575,16.8,27.39,3.6663881781294343,0,100.0,0.16666666666666666
HS001560,6,4.185,2.67,5.42,0.9877398442909955,0,100.0,0.5
HS001561,7,6.6242857142857146,2.39,13.21,3.3563663742349763,1,85.71428571428571,0.2857142857142857
HS001562,7,3.0985714285714283,2.01,4.42,0.7725591362786535,0,100.0,0.0
HS001563,11,21.687272727272727,15.19,30.86,4.970986000602076,1,90.9090909090909,0.18181818181818182
HS001564,5,12.628,10.83,13.92,1.245901280198395,1,80.0,0.4
HS001565,12,13.573333333333332,12.2,14.52,0.8210673024493876,0,100.0,0.16666666666666666
HS001566,8,13.47875,12.08,14.99,1.0035001245640183,0,100.0,0.25
HS001567,14,-16.974285714285713,-19.88,-15.13,1.3989320887773606,0,100.0,0.42857142857142855
HS001568,8,24.165,18.43,28.77,3.9938166493432603,0,100.0,0.25
HS001569,12,10.970833333333333,7.13,14.13,1.789034571205849,2,83.33333333333334,0.3333333333333333
HS001570,8,22.58625,17.05,29.97,4.44456309117427,0,100.0,0.25
HS001571,8,11.05,5.55,17.28,3.8309939031163025,3,62.5,0.25
HS001572,9,-18.235555555555557,-21.97,-15.61,2.1902061039495293,1,88.88888888888889,0.1111111111111111
HS001573,8,10.58375,8.44,11.73,1.3112037816994189,0,100.0,0.25
HS001574,7,4.747142857142857,2.77,6.78,1.4154588688915724,0,100.0,0.14285714285714285
HS001575,12,-17.483333333333334,-19.34,-14.16,1.6408054193725778,1,91.66666666666666,0.4166666666666667
HS001576,8,5.755,2.92,11.4,2.696701689100966,1,87.5,0.25
HS001577,7,10.832857142857142,8.56,12.48,1.3542244310024127,0,100.0,0.42857142857142855
HS001578,14,22.430714285714284,14.3,28.45,3.9897917128702236,1,92.85714285714286,0.35714285714285715
HS001579,5,25.509999999999998,15.9,29.76,5.707267297052066,0,100.0,0.2
HS001580,6,4.378333333333333,2.51,5.48,1.2037843106913577,0,100.0,0.3333333333333333
HS001581,7,-16.481428571428573,-18.87,-10.02,2.9698677219220198,1,85.71428571428571,0.2857142857142857
HS001582,8,19.84625,17.64,23.61,2.3312776233522365,0,100.0,0.0
HS001583,7,11.661428571428571,8.21,14.57,2.141015557871455,1,85.71428571428571,0.2857142857142857
HS001584,7,20.32857142857143,15.08,25.88,4.441364011845267,0,100.0,0.42857142857142855
HS001585,11,10.516363636363636,8.61,12.67,1.332413394763597,0,100.0,0.45454545454545453
HS001586,10,21.134,15.75,28.65,4.548116093505089,0,100.0,0.3
HS001587,6,9.278333333333334,8.31,10.09,0.6484571432767674,0,100.0,0.5
HS001588,5,10.018,8.39,11.21,1.1958135306142008,0,100.0,0.2
HS001589,7,4.222857142857142,-2.16,7.37,3.234757663698649,1,85.71428571428571,0.42857142857142855
HS001590,7,5.772857142857142,2.72,11.28,2.8650346960418833,1,85.71428571428571,0.2857142857142857
HS001591,7,22.165714285714284,16.74,27.93,4.22802498077947,0,100.0,0.42857142857142855
HS001592,7,21.55,15.58,28.67,6.236337065938628,0,100.0,0.2857142857142857
HS001593,9,9.8,8.07,11.73,1.2982488205270974,0,100.0,0.1111111111111111
HS001594,18,10.242777777777778,8.08,13.0,1.7180693869284362,0,100.0,0.2222222222222222
HS001595,12,5.927499999999999,2.97,7.94,1.6279553545363696,0,100.0,0.5
HS001596,3,5.133333333333334,2.22,7.9,2.8428389566300325,0,100.0,0.0
HS001597,12,5.473333333333334,3.26,7.83,1.6947691359717476,0,100.0,0.25
HS001598,11,20.402727272727272,15.12,28.29,4.496816853973689,0,100.0,0.36363636363636365
HS001599,10,22.775,15.57,29.31,4.072210019687644,0,100.0,0.5
HS001600,9,10.18888888888889,8.1,11.97,1.4629631270510928,0,100.0,0.6666666666666666
HS001601,4,4.890000000000001,3.62,6.97,1.5713476169623746,0,100.0,0.25
HS001602,5,2.918,0.69,5.34,1.8119519861188373,1,80.0,0.6
HS001603,12,6.0975,3.63,10.25,1.9254851808877114,1,91.66666666666666,0.25
HS001604,5,13.002,12.01,14.91,1.1784608606143865,0,100.0,0.2
HS001605,5,5.464,2.32,10.44,3.062732440158624,1,80.0,0.0
HS001606,3,6.13,4.92,7.02,1.0859558002055145,0,100.0,0.3333333333333333
HS001607,4,13.23,12.39,13.76,0.6007217880738688,0,100.0,0.25
HS001608,4,3.335,-2.07,7.07,3.8849581722330035,1,75.0,0.5
HS001609,8,5.005,2.66,6.91,1.782269820842432,0,100.0,0.125
HS001610,6,1.72,-0.27,3.4,1.362644487751666,0,100.0,0.3333333333333333
HS001611,9,4.246666666666666,2.48,7.74,1.7365123091991028,0,100.0,0.3333333333333333
HS001612,11,21.982727272727274,16.34,28.73,4.518152478412147,0,100.0,0.2727272727272727
HS001613,8,13.95375,12.21,17.06,1.5607410099052303,1,87.5,0.25
HS001614,3,10.839999999999998,9.29,11.85,1.362754563375225,0,100.0,0.0
HS001615,11,5.28,1.26,7.98,2.0255419028003345,1,90.9090909090909,0.45454545454545453
HS001616,12,4.585833333333333,2.49,7.48,1.5490962663515275,0,100.0,0.08333333333333333
HS001617,7,10.387142857142859,7.58,12.46,2.044779648158649,1,85.71428571428571,0.14285714285714285
HS001618,6,6.185,3.07,10.49,2.741319025578745,1,83.33333333333334,0.3333333333333333
HS001619,7,11.177142857142856,8.68,12.49,1.612934326889084,0,100.0,0.0
HS001620,11,9.265454545454546,8.02,11.12,1.1603737642360206,0,100.0,0.09090909090909091
HS001621,9,3.6955555555555555,2.11,6.01,1.237437989467665,0,100.0,0.2222222222222222
HS001622,5,26.034000000000002,18.25,35.38,6.4526723146305835,1,80.0,0.2
HS001623,8,22.225,16.28,27.73,4.432554890482786,0,100.0,0.25
HS001624,6,4.433333333333334,2.62,5.43,1.1152697730444714,0,100.0,0.5
HS001625,9,0.8488888888888888,-0.96,2.71,1.1615231857828372,0,100.0,0.1111111111111111
HS001626,11,5.299090909090909,2.25,6.96,1.4970534696226085,0,100.0,0.09090909090909091
HS001627,11,4.401818181818182,2.1,7.83,1.7245916512717914,0,100.0,0.36363636363636365
HS001628,8,10.755,8.24,13.72,1.6627945496319487,1,87.5,0.375
HS001629,6,0.3966666666666667,-1.49,3.16,1.6411053185785083,0,100.0,0.3333333333333333
HS001630,8,22.7125,18.38,29.42,3.639351394332318,0,100.0,0.375
HS001631,8,4.8875,2.34,6.8,1.578876182605843,0,100.0,0.0
HS001632,10,-18.215,-19.55,-15.88,1.1921432613388183,0,100.0,0.2
HS001633,5,4.5200000000000005,3.45,5.9,0.9654791556527772,0,100.0,0.0
HS001634,6,5.23,0.7,7.96,2.5376051702343294,1,83.33333333333334,0.6666666666666666
HS001635,8,9.93875,8.43,11.15,0.827292269998941,0,100.0,0.0
HS001636,8,-16.705,-19.9,-13.27,2.4699334866695155,2,75.0,0.75
HS001637,6,21.05,16.78,25.5,3.382235946825707,0,100.0,0.3333333333333333
HS001638,8,13.77,12.22,16.01,1.2510909525004854,1,87.5,0.25
HS001639,6,4.576666666666667,2.47,7.11,2.169678931700879,0,100.0,0.3333333333333333
HS001640,7,9.584285714285715,8.52,11.16,0.8431658030474025,0,100.0,0.0
HS001641,7,11.018571428571429,9.03,14.75,1.874072468995695,1,85.71428571428571,0.14285714285714285
HS001642,7,20.56142857142857,17.05,28.29,3.9062020282768635,0,100.0,0.0
HS001643,9,5.443333333333333,2.23,7.98,1.9519605528801038,0,100.0,0.1111111111111111
HS001644,8,5.69125,2.97,7.46,1.5628676710274794,0,100.0,0.125
HS001645,8,10.3425,8.19,13.26,1.7438360833846418,1,87.5,0.125
HS001646,11,22.904545454545453,19.52,26.8,2.6550870555835404,0,100.0,0.09090909090909091
HS001647,9,10.059999999999999,8.02,12.86,1.606230058241969,0,100.0,0.4444444444444444
HS001648,8,4.3425,2.03,6.45,1.6440694284957331,0,100.0,0.25
HS001649,10,11.334,8.0,16.3,2.903033662299569,2,80.0,0.5
HS001650,9,10.06111111111111,8.18,12.0,1.5133856452045231,0,100.0,0.3333333333333333
HS001651,9,6.405555555555555,2.57,10.7,2.8080781288592696,2,77.77777777777779,0.0
HS001652,10,10.504999999999999,8.09,11.96,1.1153400079497433,0,100.0,0.2
HS001653,9,4.598888888888889,2.52,7.54,1.9716455338399728,0,100.0,0.1111111111111111
HS001654,14,11.192857142857141,8.35,16.37,1.9986704371865605,1,92.85714285714286,0.21428571428571427
HS001655,10,6.134,3.64,10.09,1.9893505361186485,1,90.0,0.2
HS001656,5,5.97,3.86,6.89,1.2406248425692596,0,100.0,0.2
HS001657,7,6.704285714285715,2.01,11.79,3.117685344091335,1,85.71428571428571,0.14285714285714285
HS001658,6,10.48,8.88,11.88,1.149765193419943,0,100.0,0.3333333333333333
HS001659,9,4.56,2.17,7.7,1.971997718051418,0,100.0,0.3333333333333333
HS001660,3,20.22,17.01,22.08,2.791612437284228,0,100.0,0.6666666666666666
HS001661,8,10.78875,8.06,12.59,1.7556719307921473,0,100.0,0.0
HS001662,6,10.551666666666668,8.07,12.9,2.1295015066129133,0,100.0,0.5
HS001663,6,24.830000000000002,17.64,28.76,4.275240344121018,0,100.0,0.16666666666666666
HS001664,5,14.180000000000001,12.04,17.12,2.144376366219326,2,60.0,0.0
HS001665,10,-17.743000000000002,-23.97,-15.12,2.527867129067946,1,90.0,0.4
HS001666,6,4.875,2.24,7.75,1.9499205112003921,0,100.0,0.16666666666666666
HS001667,4,9.61,8.29,11.65,1.5461134067935207,0,100.0,0.25
HS001668,9,1.4566666666666666,-0.56,3.8,1.6127848585598763,0,100.0,0.0
HS001669,12,0.4791666666666667,-4.73,3.55,2.414578669564351,1,91.66666666666666,0.25
HS001670,13,5.304615384615385,2.48,10.63,2.3385024245750934,1,92.3076923076923,0.15384615384615385
HS001671,7,21.8,17.29,26.72,3.409633411380174,0,100.0,0.14285714285714285
HS001672,10,14.225999999999999,12.15,17.58,1.9466164377081463,2,80.0,0.6
HS001673,8,4.36125,2.63,5.97,1.2290813933294131,0,100.0,0.375
HS001674,8,24.16375,16.19,29.35,4.49119754154088,0,100.0,0.25
HS001675,11,13.626363636363637,12.33,14.98,0.822195508711556,0,100.0,0.2727272727272727
HS001676,6,24.61,18.73,29.24,4.63610612475599,0,100.0,0.16666666666666666
HS001677,9,9.705555555555556,7.57,11.99,1.5137049837328862,1,88.88888888888889,0.2222222222222222
HS001678,5,5.54,3.35,7.63,1.709122581911549,0,100.0,0.6
HS001679,10,10.275,5.65,15.5,2.5420300286713107,2,80.0,0.1
HS001680,9,5.825555555555556,3.25,7.88,1.7230141548396454,0,100.0,0.4444444444444444
HS001681,6,23.893333333333334,18.3,29.37,3.8655383411197293,0,100.0,0.16666666666666666
HS001682,5,22.922,16.31,29.27,6.087476488660963,0,100.0,0.4
HS001683,10,23.833,19.2,28.61,3.377342972745816,0,100.0,0.4
HS001684,6,4.755,2.72,5.75,1.159737039160171,0,100.0,0.16666666666666666
HS001685,7,4.675714285714286,2.03,7.2,1.707238092581672,0,100.0,0.0
HS001686,10,3.682,-2.35,7.87,2.6529974661796336,1,90.0,0.5
HS001687,11,21.92909090909091,15.46,28.45,4.1967808009126575,0,100.0,0.0
HS001688,10,-16.203,-18.18,-12.53,1.6836537648816041,1,90.0,0.2
HS001689,6,23.633333333333336,16.72,29.27,4.742187961971422,0,100.0,0.5
HS001690,11,10.049999999999999,8.16,11.68,1.251311312184142,0,100.0,0.36363636363636365
HS001691,7,6.498571428571429,5.15,7.75,1.0684947133144607,0,100.0,0.2857142857142857
HS001692,9,5.221111111111111,2.66,7.38,1.960697863290291,0,100.0,0.5555555555555556
HS001693,11,9.688181818181818,8.15,11.77,1.2044402698500096,0,100.0,0.2727272727272727
HS001694,10,9.719,5.79,13.32,2.6333099155076893,3,70.0,0.2
HS001695,11,22.97909090909091,15.79,29.46,4.437475531302578,0,100.0,0.09090909090909091
HS001696,7,5.54,2.48,7.7,1.6994214701872319,0,100.0,0.14285714285714285
HS001697,6,14.645000000000001,12.7,19.47,2.510734952160422,1,83.33333333333334,0.3333333333333333
HS001698,11,5.115454545454546,2.58,7.36,1.5270976631267799,0,100.0,0.09090909090909091
HS001699,11,4.388181818181818,2.18,7.72,1.9738987723883825,0,100.0,0.09090909090909091
HS001700,8,-17.79625,-19.23,-15.69,1.3114870240630372,0,100.0,0.125
HS001701,5,16.368000000000002,15.56,16.98,0.6347991808438302,0,100.0,0.4
HS001702,6,22.098333333333333,12.23,28.91,5.515358253700902,1,83.33333333333334,0.16666666666666666
HS001703,13,-17.657692307692308,-25.13,-15.47,2.7262157955859925,1,92.3076923076923,0.15384615384615385
HS001704,7,4.781428571428571,2.64,7.04,1.5390411362428293,0,100.0,0.14285714285714285
HS001705,9,5.586666666666667,2.09,7.19,1.6819631387161849,0,100.0,0.3333333333333333
HS001706,8,21.13875,15.51,27.01,4.247676465686018,0,100.0,0.5
HS001707,11,10.155454545454544,8.07,12.66,1.5836120966724372,0,100.0,0.2727272727272727
HS001708,11,10.469090909090909,8.01,11.98,1.137562785480033,0,100.0,0.2727272727272727
HS001709,12,24.741666666666664,15.66,29.74,4.479851526219334,0,100.0,0.4166666666666667
HS001710,13,24.936153846153847,18.02,30.79,4.949871275197532,1,92.3076923076923,0.15384615384615385
HS001711,2,6.045,5.62,6.47,0.6010407640085651,0,100.0,0.5
HS001712,9,5.207777777777777,3.15,7.49,1.677578446584375,0,100.0,0.3333333333333333
HS001713,12,5.741666666666667,2.01,12.72,2.8587817918360496,1,91.66666666666666,0.3333333333333333
HS001714,9,4.93,3.04,7.02,1.2629528890659378,0,100.0,0.4444444444444444
HS001715,9,10.364444444444445,8.99,12.7,1.2702569731270041,0,100.0,0.5555555555555556
HS001716,9,14.222222222222221,12.68,17.21,1.4993980273577945,2,77.77777777777779,0.0
HS001717,9,1.5444444444444445,-2.3,3.56,1.9082132422184315,1,88.88888888888889,0.2222222222222222
HS001718,4,5.217499999999999,4.31,6.25,0.8464583076954628,0,100.0,0.75
HS001719,6,5.513333333333333,4.37,7.08,1.1645714519370063,0,100.0,0.16666666666666666
HS001720,11,10.482727272727272,8.68,12.32,1.516681185411693,0,100.0,0.09090909090909091
HS001721,6,23.873333333333335,19.15,29.42,3.9915243537609375,0,100.0,0.3333333333333333
HS001722,9,-17.558888888888887,-19.96,-15.84,1.6042712087147577,0,100.0,0.4444444444444444
HS001723,8,21.93625,15.22,28.65,5.548018790523335,0,100.0,0.0
HS001724,10,9.814,6.88,11.89,1.7072212640558475,1,90.0,0.2
HS001725,7,-16.61285714285714,-19.01,-11.6,2.500291411587286,1,85.71428571428571,0.14285714285714285
HS001726,5,20.541999999999998,17.74,25.59,3.2081567916796088,0,100.0,0.0
HS001727,2,6.3,5.06,7.54,1.753624817342638,0,100.0,1.0
HS001728,8,13.01375,12.14,14.67,1.0075704512765917,0,100.0,0.25
HS001729,8,10.1425,8.24,11.95,1.250825441744085,0,100.0,0.25
HS001730,11,10.996363636363638,8.59,20.19,3.2539154037167988,1,90.9090909090909,0.09090909090909091
HS001731,16,5.365625,2.67,10.52,2.11915067499537,1,93.75,0.3125
HS001732,10,5.189,2.02,10.27,3.0748927713914767,2,80.0,0.1
HS001733,10,10.754,8.45,15.42,2.08863166264955,1,90.0,0.3
HS001734,9,-16.58111111111111,-19.38,-12.24,2.076887361199714,1,88.88888888888889,0.3333333333333333
HS001735,11,10.553636363636365,9.37,12.49,0.9014795918629855,1,90.9090909090909,0.36363636363636365
HS001736,11,4.183636363636364,-1.68,7.3,2.6121304436313,1,90.9090909090909,0.2727272727272727
HS001737,6,4.16,2.36,7.93,1.937069952273278,0,100.0,0.16666666666666666
HS001738,9,12.535555555555554,6.8,14.85,2.294641099993151,1,88.88888888888889,0.1111111111111111
HS001739,8,10.8775,8.01,14.82,2.1295053080804602,1,87.5,0.25
HS001740,6,10.641666666666667,8.33,12.78,1.6222011794677837,0,100.0,0.16666666666666666
HS001741,9,9.862222222222222,8.61,11.78,1.1103578001907508,0,100.0,0.2222222222222222
HS001742,6,5.368333333333333,2.8,7.99,1.707623104395893,0,100.0,0.16666666666666666
HS001743,10,10.498,8.08,15.33,2.0565062065984097,1,90.0,0.0
HS001744,10,10.8,8.32,12.64,1.411398046067956,0,100.0,0.1
HS001745,9,22.40222222222222,15.77,28.75,4.4269537432013495,0,100.0,0.2222222222222222
HS001746,9,24.257777777777775,15.51,29.84,5.008245146200857,0,100.0,0.3333333333333333
HS001747,5,12.026,8.34,18.37,4.086811715751045,1,80.0,0.8
HS001748,16,4.854375,2.04,7.07,1.5642760572652559,0,100.0,0.1875
HS001749,4,4.9775,2.98,7.34,2.2059975067982283,0,100.0,0.25
HS001750,6,25.268333333333334,22.96,27.52,2.1800955636546453,0,100.0,0.8333333333333334
HS001751,12,22.5525,17.68,28.63,3.6219334992138217,0,100.0,0.4166666666666667
HS001752,6,13.226666666666667,12.65,13.59,0.41214884042863287,0,100.0,0.16666666666666666
HS001753,6,14.448333333333332,12.61,20.1,2.8362751394508026,1,83.33333333333334,0.3333333333333333
HS001754,13,4.804615384615385,2.17,9.13,2.1123668217768405,1,92.3076923076923,0.15384615384615385
HS001755,10,23.399,15.56,29.29,5.232722788164664,0,100.0,0.5
HS001756,8,24.63,18.24,28.81,4.286177117865557,0,100.0,0.0
HS001757,10,9.731,7.58,11.08,1.1916417246807027,1,90.0,0.3
HS001758,8,2.6425,1.7,3.86,0.8979301595494896,0,100.0,0.25
HS001759,9,13.496666666666666,12.5,14.48,0.7376821808882198,0,100.0,0.3333333333333333
HS001760,9,4.4366666666666665,2.19,6.2,1.4460981986020176,0,100.0,0.2222222222222222
HS001761,12,22.50916666666667,15.29,29.75,5.575386588036799,0,100.0,0.4166666666666667
HS001762,4,3.7275,2.39,5.16,1.1903045828694436,0,100.0,0.25
HS001763,9,8.992222222222221,2.68,11.99,2.6259321096411545,1,88.88888888888889,0.3333333333333333
HS001764,7,0.8,-1.89,3.76,1.9524770591908798,0,100.0,0.14285714285714285
HS001765,10,3.925,-2.07,6.29,2.270287549090545,1,90.0,0.2
HS001766,10,22.464,16.95,29.3,4.8734409472842355,0,100.0,0.2
HS001767,6,4.428333333333334,2.22,5.69,1.3097696998582105,0,100.0,0.16666666666666666
HS001768,10,22.459,17.29,27.55,3.565437327079714,0,100.0,0.2
HS001769,13,10.071538461538463,8.05,12.26,1.3873947176503532,0,100.0,0.23076923076923078
HS001770,6,12.723333333333334,12.04,13.48,0.5940594807480699,0,100.0,0.16666666666666666
HS001771,10,4.555,2.06,7.29,1.7850319013644795,0,100.0,0.3
HS001772,9,10.285555555555554,8.17,13.02,1.527605242782892,1,88.88888888888889,0.1111111111111111
HS001773,9,9.908888888888889,8.64,11.0,0.8757488858748901,0,100.0,0.2222222222222222
HS001774,9,-17.535555555555554,-22.32,-14.13,2.4212967141136956,2,77.77777777777779,0.4444444444444444
HS001775,12,15.100833333333334,12.12,20.72,2.9449014749172333,3,75.0,0.25
HS001776,9,9.856666666666666,8.26,11.44,1.4005534620284938,0,100.0,0.0
HS001777,8,14.82,13.25,19.3,1.8898223650461365,1,87.5,0.25
HS001778,11,10.397272727272728,8.51,11.73,0.9821618085538749,0,100.0,0.18181818181818182
HS001779,9,23.235555555555557,18.32,29.55,4.24596605942367,0,100.0,0.1111111111111111
HS001780,4,20.105,16.43,22.09,2.5093226177596204,0,100.0,0.0
HS001781,11,9.986363636363636,8.25,11.88,1.3086196752859303,0,100.0,0.18181818181818182
HS001782,6,4.501666666666667,2.45,7.13,1.9031386356928037,0,100.0,0.16666666666666666
HS001783,11,4.998181818181819,2.18,11.38,2.6791297773038854,1,90.9090909090909,0.18181818181818182
HS001784,10,23.435,15.04,28.46,5.199421442173478,0,100.0,0.2
HS001785,15,4.6353333333333335,-0.86,7.46,2.03513729500587,1,93.33333333333333,0.13333333333333333
HS001786,7,9.828571428571427,8.1,12.47,1.5279335562716572,0,100.0,0.5714285714285714
HS001787,9,5.546666666666667,3.34,7.95,1.5502177266435835,0,100.0,0.2222222222222222
HS001788,5,19.546,17.09,22.9,2.114291843620459,0,100.0,0.2
HS001789,8,5.01625,2.52,7.55,1.6786724133756923,0,100.0,0.25
HS001790,6,4.54,2.45,7.98,2.0432523094321953,0,100.0,0.5
HS001791,6,11.893333333333333,10.66,12.83,0.8691298330322494,0,100.0,0.0
HS001792,11,4.333636363636364,2.54,9.89,2.1576295915994144,1,90.9090909090909,0.45454545454545453
HS001793,11,22.844545454545454,17.0,28.51,4.610937786690172,0,100.0,0.0
HS001794,7,6.877142857142857,2.57,15.59,4.148922407427878,1,85.71428571428571,0.14285714285714285
HS001795,4,-15.482500000000002,-17.69,-12.88,2.0511683662407303,1,75.0,0.25
HS001796,9,6.088888888888889,3.33,9.2,1.8735223807339774,1,88.88888888888889,0.2222222222222222
HS001797,4,4.0975,2.81,5.23,1.0358048400479052,0,100.0,0.5
HS001798,5,4.478,2.14,7.16,2.29717652782715,0,100.0,0.4
HS001799,9,24.468888888888888,16.91,28.91,4.619825333398559,0,100.0,0.4444444444444444
HS001800,9,23.11,12.08,29.78,5.387965757129494,1,88.88888888888889,0.1111111111111111
HS001801,14,5.5928571428571425,2.13,13.3,3.2163821734542504,2,85.71428571428571,0.42857142857142855
HS001802,6,4.41,2.07,6.55,1.8318296864064627,0,100.0,0.16666666666666666
HS001803,4,4.33,3.5,6.08,1.2177027551911017,0,100.0,0.5
HS001804,3,14.19,13.39,14.82,0.7299999999999995,0,100.0,0.0
HS001805,7,11.09,9.48,12.64,1.3210980281568812,0,100.0,0.14285714285714285
HS001806,10,10.692,8.08,11.72,1.2159203190267942,0,100.0,0.1
HS001807,6,5.978333333333333,2.71,7.62,1.8276369077764507,0,100.0,0.3333333333333333
HS001808,13,13.70923076923077,12.29,14.94,0.8719944718714446,0,100.0,0.23076923076923078
HS001809,15,4.624666666666667,2.16,7.93,2.0135890723732466,0,100.0,0.2
HS001810,13,22.636923076923075,15.07,34.82,5.1150161039423665,1,92.3076923076923,0.07692307692307693
HS001811,7,10.147142857142857,8.9,11.34,1.0402838440495346,0,100.0,0.42857142857142855
HS001812,11,0.2427272727272727,-6.03,3.53,2.8199435842196947,1,90.9090909090909,0.36363636363636365
HS001813,7,26.684285714285714,23.03,29.4,2.067654525808225,0,100.0,0.0
HS001814,7,2.807142857142857,-0.54,9.65,3.350117979443482,1,85.71428571428571,0.2857142857142857
HS001815,8,14.27375,13.59,14.96,0.46821660128009773,0,100.0,0.375
HS001816,8,4.52125,2.34,6.88,1.5738618336526788,0,100.0,0.5
HS001817,9,1.5133333333333334,-1.29,3.65,1.9349612399218747,0,100.0,0.3333333333333333
HS001818,13,4.966923076923077,2.08,7.82,1.8095182812716786,0,100.0,0.23076923076923078
HS001819,9,13.023333333333333,8.2,14.72,2.000737364073556,1,88.88888888888889,0.4444444444444444
HS001820,9,4.568888888888889,3.04,7.79,1.492451376464611,0,100.0,0.6666666666666666
HS001821,10,0.8300000000000001,-1.19,3.5,1.5231108517329484,0,100.0,0.1
HS001822,9,10.43,8.18,15.66,2.1815075062900884,1,88.88888888888889,0.1111111111111111
HS001823,6,0.31,-1.87,3.91,1.9745176626204184,0,100.0,0.5
HS001824,8,9.5025,8.25,11.63,1.343096103358633,0,100.0,0.0
HS001825,10,5.894,2.61,12.67,2.725664852634837,1,90.0,0.2
HS001826,7,23.23,16.55,29.82,4.935858587925712,0,100.0,0.14285714285714285
HS001827,5,11.268,10.27,12.39,0.7881116672147422,0,100.0,0.2
HS001828,4,3.1575,-1.36,7.4,3.5895995598395096,1,75.0,0.25
HS001829,6,6.303333333333334,2.78,7.67,1.8289742115914775,0,100.0,0.3333333333333333
HS001830,6,5.406666666666666,2.1,10.26,3.1155202882771706,1,83.33333333333334,0.0
HS001831,9,21.834444444444443,15.02,28.82,5.275675575485835,0,100.0,0.3333333333333333
HS001832,3,4.046666666666667,2.31,5.21,1.5326556473433077,0,100.0,1.0
HS001833,9,10.53,8.35,12.78,1.6846661390317077,0,100.0,0.3333333333333333
HS001834,16,21.369375,15.63,29.52,4.513507828359963,0,100.0,0.1875
HS001835,11,4.252727272727273,2.77,6.34,1.1710259681927715,0,100.0,0.45454545454545453
HS001836,5,5.038,3.12,7.82,2.133593213337538,0,100.0,0.2
HS001837,10,10.223,8.06,11.79,1.1650660448613588,0,100.0,0.2
HS001838,6,13.148333333333333,12.26,14.4,0.868134014232058,0,100.0,0.16666666666666666
HS001839,11,-17.423636363636362,-19.25,-15.14,1.5171833951587577,0,100.0,0.36363636363636365
HS001840,7,10.507142857142856,6.48,12.99,2.452418631240829,1,85.71428571428571,0.0
HS001841,8,10.932500000000001,8.38,16.46,2.456215148789466,1,87.5,0.25
HS001842,5,19.796,14.53,26.15,4.848884407778763,1,80.0,0.2
HS001843,7,10.83,8.58,12.62,1.5700212312789485,0,100.0,0.2857142857142857
HS001844,2,10.094999999999999,9.01,11.18,1.5344217151748087,0,100.0,0.0
HS001845,7,10.54857142857143,8.74,11.85,1.2422483456945923,0,100.0,0.14285714285714285
HS001846,10,5.215,3.07,7.96,1.7218675261987428,0,100.0,0.2
HS001847,7,0.33428571428571435,-1.92,3.16,1.9103652106587468,0,100.0,0.14285714285714285
HS001848,6,20.73,15.79,28.55,4.88897126193231,0,100.0,0.3333333333333333
HS001849,9,10.216666666666667,8.3,11.69,1.1708116842601122,0,100.0,0.1111111111111111
HS001850,8,13.23375,12.51,14.08,0.5682539045180417,0,100.0,0.25
HS001851,11,5.508181818181819,-2.36,10.48,3.2841675297762083,2,81.81818181818183,0.45454545454545453
HS001852,7,4.974285714285714,2.81,7.31,1.700880724241191,0,100.0,0.0
HS001853,5,4.683999999999999,2.28,7.87,2.1914903604624874,0,100.0,0.0
HS001854,7,21.478571428571428,16.32,28.53,4.178219032759567,0,100.0,0.14285714285714285
HS001855,10,1.043,-1.04,3.2,1.3063524282010068,0,100.0,0.2
HS001856,12,5.790833333333334,2.83,12.24,2.5967513212170363,1,91.66666666666666,0.5
HS001857,6,24.69666666666667,16.76,29.68,5.700311102621213,0,100.0,0.0
HS001858,11,9.799090909090909,8.0,11.89,1.1551662611542513,0,100.0,0.18181818181818182
HS001859,10,22.326,15.0,33.41,5.473965046776725,1,90.0,0.0
HS001860,10,4.849,2.47,7.48,1.9847275211810143,0,100.0,0.2
HS001861,14,5.5321428571428575,2.52,12.8,2.6594972878677328,1,92.85714285714286,0.35714285714285715
HS001862,7,24.2,18.18,28.55,4.188002706143665,0,100.0,0.42857142857142855
HS001863,12,5.7575,3.42,7.93,1.4363218492195455,0,100.0,0.25
HS001864,12,5.988333333333333,2.2,9.97,2.3870553687196563,2,83.33333333333334,0.25
HS001865,14,9.493571428571428,2.85,11.13,1.9940318921253963,1,92.85714285714286,0.21428571428571427
HS001866,12,-16.416666666666668,-19.79,-13.81,1.8236343998297524,2,83.33333333333334,0.08333333333333333
HS001867,10,0.658,-1.93,3.06,1.8352402204252898,0,100.0,0.2
HS001868,5,11.396,8.15,14.65,2.4025153485461854,1,80.0,0.4
HS001869,8,4.29125,2.29,6.18,1.3943502070857234,0,100.0,0.25
HS001870,7,-16.815714285714286,-18.5,-15.31,1.1055143168507158,0,100.0,0.5714285714285714
HS001871,7,4.265714285714286,2.41,7.46,1.7303839375781813,0,100.0,0.14285714285714285
HS001872,6,11.046666666666667,10.14,11.89,0.6692582959266671,0,100.0,0.3333333333333333
HS001873,5,6.608,4.81,7.94,1.5615921362506922,0,100.0,0.2
HS001874,11,10.152727272727274,5.58,11.82,1.810133094051876,1,90.9090909090909,0.2727272727272727
HS001875,12,9.915833333333333,8.04,11.98,1.2848024845253159,0,100.0,0.16666666666666666
HS001876,10,4.768,0.28,8.25,2.5408563735699645,2,80.0,0.2
HS001877,10,10.261,8.86,11.99,1.4110551607455553,0,100.0,0.6
HS001878,6,10.486666666666666,8.86,12.21,1.1085245449094336,0,100.0,0.0
HS001879,6,-16.381666666666664,-19.81,-13.36,2.19757517884296,1,83.33333333333334,0.3333333333333333
HS001880,12,6.363333333333333,3.9,8.79,1.4983526307450477,1,91.66666666666666,0.5
HS001881,15,20.052,15.97,29.33,4.168211675458501,0,100.0,0.26666666666666666
HS001882,8,22.396250000000002,15.29,29.76,5.169489992805315,0,100.0,0.25
HS001883,4,1.2650000000000001,-0.43,2.86,1.496451357935388,0,100.0,0.0
HS001884,7,21.072857142857142,15.63,31.28,6.128699465861998,1,85.71428571428571,0.0
HS001885,6,21.61,16.87,26.79,3.6538089714707302,0,100.0,0.5
HS001886,8,5.3375,2.18,7.78,2.019623373658706,0,100.0,0.25
HS001887,12,4.450833333333334,-1.13,7.95,2.86347995003325,1,91.66666666666666,0.16666666666666666
HS001888,5,13.675999999999998,9.06,19.74,3.921081483468559,2,60.0,0.2
HS001889,10,5.851999999999999,2.15,7.92,1.6652380543867529,0,100.0,0.3
HS001890,8,4.58,2.73,6.94,1.6490776642890848,0,100.0,0.125
HS001891,6,9.051666666666668,3.2,11.1,2.978519207033365,1,83.33333333333334,0.16666666666666666
HS001892,10,10.354000000000001,8.07,12.76,1.611101762424983,0,100.0,0.3
HS001893,8,22.958750000000002,15.62,27.01,4.601035403657996,0,100.0,0.25
HS001894,8,5.25875,2.28,7.68,2.191629775173848,0,100.0,0.25
HS001895,7,13.59142857142857,12.26,14.91,1.0021880823383165,0,100.0,0.42857142857142855
HS001896,8,14.34375,12.66,18.61,1.8368368579863437,1,87.5,0.375
HS001897,7,6.032857142857144,2.98,7.62,1.734375144787639,0,100.0,0.2857142857142857
HS001898,10,20.047,15.16,28.1,4.899909409593429,0,100.0,0.4
HS001899,6,6.371666666666667,4.42,7.94,1.2351585593221086,0,100.0,0.5
HS001900,12,5.485,3.42,7.62,1.5357112654757377,0,100.0,0.16666666666666666
HS001901,10,11.368,8.87,12.72,1.339791028481681,0,100.0,0.3
HS001902,9,9.606666666666667,8.05,10.98,0.8254544203043556,0,100.0,0.4444444444444444
HS001903,9,5.39,3.55,9.13,1.9498782013243803,1,88.88888888888889,0.1111111111111111
HS001904,5,22.740000000000002,18.35,26.51,3.3245375618272077,0,100.0,0.2
HS001905,9,5.875555555555555,3.2,9.25,2.3999276609468416,2,77.77777777777779,0.2222222222222222
HS001906,7,5.378571428571428,2.89,8.23,2.334412335552773,1,85.71428571428571,0.0
HS001907,11,0.6354545454545456,-5.05,4.11,2.787344125278985,2,81.81818181818183,0.18181818181818182
HS001908,8,5.42375,2.68,7.52,1.4895918664424252,0,100.0,0.25
HS001909,6,3.0716666666666668,-0.76,5.6,2.1331330635163543,1,83.33333333333334,0.3333333333333333
HS001910,4,6.23,4.24,7.65,1.4981099203107004,0,100.0,0.5
HS001911,15,4.46,2.51,8.18,1.8035837340457153,1,93.33333333333333,0.26666666666666666
HS001912,8,3.70125,2.09,5.23,0.9589642850492401,0,100.0,0.25
HS001913,10,20.631,16.01,25.3,2.92624313564148,0,100.0,0.1
HS001914,10,5.24,2.02,8.22,2.2596214038835996,1,90.0,0.1
HS001915,8,9.9625,8.23,12.97,1.4296827819984606,1,87.5,0.125
HS001916,6,9.008333333333333,4.55,12.69,2.6478928729589244,1,83.33333333333334,0.16666666666666666
HS001917,7,6.011428571428572,4.85,7.24,0.9813159289346894,0,100.0,0.14285714285714285
HS001918,8,1.72375,-1.68,3.66,2.1218922653410766,0,100.0,0.125
HS001919,17,0.6023529411764706,-1.95,3.9,2.0261525405672347,0,100.0,0.23529411764705882
HS001920,7,5.812857142857142,3.67,7.17,1.395501275357285,0,100.0,0.0
HS001921,4,8.96,8.42,9.68,0.6055300708194987,0,100.0,0.0
HS001922,11,-17.39181818181818,-19.49,-15.0,1.8417373221055071,0,100.0,0.36363636363636365
HS001923,7,4.838571428571428,2.42,8.53,2.23305044405949,1,85.71428571428571,0.42857142857142855
HS001924,7,4.388571428571429,2.63,7.54,2.014360349849952,0,100.0,0.42857142857142855
HS001925,11,5.6863636363636365,2.03,8.93,2.103769344425727,2,81.81818181818183,0.18181818181818182
HS001926,12,13.148333333333333,10.12,14.74,1.2641981528609234,1,91.66666666666666,0.4166666666666667
HS001927,9,4.245555555555556,2.13,6.82,1.9442550701432613,0,100.0,0.2222222222222222
HS001928,6,19.766666666666666,16.36,23.76,2.7883806531151145,0,100.0,0.3333333333333333
HS001929,9,23.16888888888889,15.22,29.83,4.961039317634068,0,100.0,0.3333333333333333
HS001930,7,1.6171428571428572,-1.85,3.68,2.122496284140558,0,100.0,0.42857142857142855
HS001931,6,10.781666666666666,8.27,12.81,1.9804788983139079,0,100.0,0.16666666666666666
HS001932,9,4.843333333333333,2.09,7.95,2.109128967133115,0,100.0,0.1111111111111111
HS001933,4,5.0375,3.78,6.01,0.9866568130138597,0,100.0,0.5
HS001934,10,5.237,2.83,7.89,1.9379946680353206,0,100.0,0.1
HS001935,10,21.088,15.43,29.13,4.636581115913367,0,100.0,0.3
HS001936,5,9.728,8.68,11.67,1.172633787676272,0,100.0,0.2
HS001937,3,10.446666666666667,9.18,11.94,1.393891435275119,0,100.0,0.3333333333333333
HS001938,7,13.352857142857143,7.42,17.65,3.147658994055286,2,71.42857142857143,0.2857142857142857
HS001939,5,13.794,12.74,14.93,0.9413447827443465,0,100.0,0.0
HS001940,11,22.388181818181817,9.95,29.83,6.06263938921295,1,90.9090909090909,0.6363636363636364
HS001941,7,4.087142857142857,2.27,6.9,1.704960549746086,0,100.0,0.14285714285714285
HS001942,6,11.578333333333333,9.79,14.33,1.7246729158500365,1,83.33333333333334,0.5
HS001943,12,4.460833333333333,2.29,7.87,2.2421964001776686,0,100.0,0.0
HS001944,5,4.322,2.71,6.12,1.3953028345129956,0,100.0,0.2
HS001945,11,5.259090909090909,3.0,7.74,1.676421513495067,0,100.0,0.18181818181818182
HS001946,12,13.273333333333333,12.07,15.0,0.9952188734447344,0,100.0,0.4166666666666667
HS001947,12,-16.29,-19.18,-15.04,1.3132610347735685,0,100.0,0.16666666666666666
HS001948,10,13.412,12.06,14.68,0.9665839045030931,0,100.0,0.3
HS001949,7,23.504285714285714,16.19,28.93,4.93130428028548,0,100.0,0.42857142857142855
HS001950,14,10.287857142857144,7.55,12.96,1.6920137232187096,1,92.85714285714286,0.2857142857142857
HS001951,6,5.578333333333333,2.83,7.91,2.1005562755295717,0,100.0,0.3333333333333333
HS001952,9,20.11777777777778,15.13,26.79,4.008112953054646,0,100.0,0.2222222222222222
HS001953,8,13.315,12.09,14.13,0.7123402076455962,0,100.0,0.375
HS001954,8,9.5525,8.12,11.12,1.1285990050880408,0,100.0,0.125
HS001955,9,21.84,15.15,26.98,3.3974806842718035,0,100.0,0.3333333333333333
HS001956,10,5.831,3.51,7.86,1.5043968891220163,0,100.0,0.3
HS001957,8,-16.97625,-18.8,-15.3,1.3259491209803527,0,100.0,0.375
HS001958,15,10.177333333333333,6.73,15.41,2.032044947009457,2,86.66666666666667,0.4666666666666667
HS001959,17,10.868823529411765,7.99,12.85,1.3758174040953852,1,94.11764705882352,0.23529411764705882
HS001960,10,4.343999999999999,2.48,7.08,1.6449734884726193,0,100.0,0.4
HS001961,8,25.638749999999998,19.08,30.38,4.189938415844728,1,87.5,0.5
HS001962,9,10.600000000000001,8.58,12.99,1.7278961195627471,0,100.0,0.2222222222222222
HS001963,8,23.575,13.78,33.43,7.172030993479363,2,75.0,0.25
HS001964,10,-16.878999999999998,-18.91,-15.23,1.2992771494608497,0,100.0,0.3
HS001965,12,10.04,8.04,11.75,1.4181293696595207,0,100.0,0.16666666666666666
HS001966,13,10.986923076923079,8.65,14.47,1.50508795211102,1,92.3076923076923,0.15384615384615385
HS001967,10,11.484,8.05,14.47,1.6246791136166618,1,90.0,0.2
HS001968,6,3.645,2.58,4.98,1.0418013246296054,0,100.0,0.16666666666666666
HS001969,3,-17.416666666666668,-19.04,-14.23,2.7598973410859577,1,66.66666666666666,0.3333333333333333
HS001970,9,5.2844444444444445,2.12,7.59,1.905000729075393,0,100.0,0.2222222222222222
HS001971,13,10.521538461538462,8.45,15.83,2.0974978989017927,1,92.3076923076923,0.3076923076923077
HS001972,9,6.0,0.46,11.02,3.1792058756865686,2,77.77777777777779,0.2222222222222222
HS001973,4,1.0074999999999998,-1.82,3.82,2.302540263853526,0,100.0,0.0
HS001974,10,5.203,2.3,7.32,1.6759876027120382,0,100.0,0.2
HS001975,10,1.597,-1.15,7.82,2.5646574386802183,1,90.0,0.1
HS001976,9,10.401111111111112,5.68,12.84,2.0256384453083207,1,88.88888888888889,0.1111111111111111
HS001977,5,6.356,2.76,7.5,2.0268275703670504,0,100.0,0.2
HS001978,7,5.024285714285715,3.28,7.12,1.3794909344012514,0,100.0,0.2857142857142857
HS001979,11,5.397272727272727,2.76,7.96,1.8788192617124773,0,100.0,0.36363636363636365
HS001980,12,13.836666666666666,12.02,14.87,0.8965016182445805,0,100.0,0.3333333333333333
HS001981,4,-0.12999999999999995,-1.91,2.96,2.1875252379496484,0,100.0,0.0
HS001982,14,0.4257142857142857,-1.72,3.06,1.452545321870513,0,100.0,0.21428571428571427
HS001983,5,6.436,5.52,7.01,0.5798965424970217,0,100.0,0.2
HS001984,9,23.823333333333334,15.4,28.02,3.7812927683531723,0,100.0,0.2222222222222222
HS001985,8,21.67,16.3,26.29,3.504168945698823,0,100.0,0.5
HS001986,9,11.015555555555556,8.32,16.53,2.317817459977765,1,88.88888888888889,0.1111111111111111
HS001987,12,5.1674999999999995,2.58,7.26,1.5840461712738274,0,100.0,0.16666666666666666
HS001988,10,5.337,2.36,7.81,1.7750370888143907,0,100.0,0.0
HS001989,6,21.138333333333332,15.15,29.58,5.0679677057639845,0,100.0,0.16666666666666666
HS001990,6,10.883333333333333,8.33,12.66,1.885456620202827,0,100.0,0.3333333333333333
HS001991,7,11.48857142857143,8.57,14.18,1.6684266897432498,1,85.71428571428571,0.14285714285714285
HS001992,7,5.831428571428572,4.18,7.74,1.3509062214112493,0,100.0,0.42857142857142855
HS001993,14,10.900714285714287,8.55,12.7,1.3109037650867748,0,100.0,0.2857142857142857
HS001994,9,4.8244444444444445,2.61,9.41,2.5297683249218252,1,88.88888888888889,0.3333333333333333
HS001995,7,6.215714285714285,2.17,11.03,3.1859684929539456,2,71.42857142857143,0.2857142857142857
HS001996,17,11.202352941176471,8.1,16.85,2.220550408715609,1,94.11764705882352,0.17647058823529413
HS001997,10,5.286,2.02,7.85,2.013582766005797,0,100.0,0.1
HS001998,7,23.994285714285713,18.75,34.83,5.253814034086275,1,85.71428571428571,0.2857142857142857
HS001999,3,25.333333333333332,24.02,27.89,2.2144148963853496,0,100.0,0.3333333333333333
HS002000,11,5.375454545454546,2.94,10.88,2.1942714674185764,1,90.9090909090909,0.36363636363636365
HS002001,5,10.776,8.77,12.25,1.3735283033123127,0,100.0,0.2
HS002002,4,14.455,10.27,20.5,4.430428873145353,2,50.0,0.25
HS002003,10,23.839,15.74,29.64,4.526230833216039,0,100.0,0.1
HS002004,9,6.012222222222222,2.45,7.95,1.7801880362603397,0,100.0,0.6666666666666666
HS002005,7,0.21428571428571422,-1.35,2.28,1.2856497338292565,0,100.0,0.0
HS002006,7,27.26142857142857,23.7,29.95,2.2337369926607185,0,100.0,0.2857142857142857
HS002007,9,13.737777777777778,12.36,14.95,0.8923112934645868,0,100.0,0.4444444444444444
HS002008,11,5.1854545454545455,2.06,7.98,1.9581080850472155,0,100.0,0.2727272727272727
HS002009,8,10.67375,8.3,11.97,1.0885368620308637,0,100.0,0.125
HS002010,8,14.18375,12.19,17.58,1.706198259288761,1,87.5,0.5
HS002011,11,5.02,2.46,6.7,1.5971161510672918,0,100.0,0.18181818181818182
HS002012,5,5.498,2.8,9.96,2.8478184633153854,1,80.0,0.2
HS002013,11,22.08090909090909,18.29,28.32,3.309575364137988,0,100.0,0.09090909090909091
HS002014,9,5.496666666666666,3.44,7.39,1.497639809834127,0,100.0,0.3333333333333333
HS002015,5,24.56,19.53,27.47,3.097660407468836,0,100.0,0.2
HS002016,7,6.851428571428571,5.88,7.96,0.6844566840793888,0,100.0,0.14285714285714285
HS002017,9,-17.678888888888892,-21.55,-15.25,2.113619197280132,1,88.88888888888889,0.1111111111111111
HS002018,6,25.066666666666666,18.78,29.48,3.7921743982399687,0,100.0,0.5
HS002019,11,5.341818181818182,2.03,8.0,2.2575110993384646,0,100.0,0.2727272727272727
HS002020,7,5.648571428571429,2.92,7.97,1.9258887867806955,0,100.0,0.42857142857142855
HS002021,12,13.515833333333333,12.18,17.26,1.3418132801503646,1,91.66666666666666,0.5
HS002022,6,10.173333333333334,8.55,12.79,1.5673502054954613,0,100.0,0.6666666666666666
HS002023,4,23.795,16.99,28.86,6.013997561245487,0,100.0,0.0
HS002024,9,5.916666666666667,3.55,9.13,1.6885866871440154,1,88.88888888888889,0.0
HS002025,7,5.337142857142857,3.59,7.11,1.438699809848164,0,100.0,0.2857142857142857
HS002026,12,10.395833333333334,8.18,12.85,1.43928933431704,0,100.0,0.3333333333333333
HS002027,10,5.0200000000000005,2.42,6.91,1.356441422743103,0,100.0,0.3
HS002028,7,5.917142857142857,2.8,7.77,2.1331019219727425,0,100.0,0.14285714285714285
HS002029,5,12.459999999999999,10.55,16.86,2.5156609469481377,1,80.0,0.2
HS002030,6,3.9716666666666662,2.64,6.25,1.3930601805617253,0,100.0,0.16666666666666666
HS002031,6,-17.131666666666664,-19.61,-13.35,2.3797766001594907,1,83.33333333333334,0.5
HS002032,9,21.256666666666668,10.79,28.02,5.492142113966097,1,88.88888888888889,0.1111111111111111
HS002033,6,11.026666666666666,8.43,12.64,1.7040852873804961,0,100.0,0.16666666666666666
HS002034,8,-17.3975,-19.78,-15.93,1.3158783052720773,0,100.0,0.25
HS002035,8,13.2075,9.15,15.0,1.888890452847158,1,87.5,0.375
HS002036,14,6.557142857142857,3.13,13.27,2.6052208781935984,2,85.71428571428571,0.21428571428571427
HS002037,7,6.124285714285714,3.14,10.53,2.47978397676664,1,85.71428571428571,0.14285714285714285
HS002038,6,-17.91,-19.96,-15.81,1.543010045333471,0,100.0,0.3333333333333333
HS002039,5,13.463999999999999,12.36,14.49,0.8619628762307581,0,100.0,0.6
HS002040,9,23.67111111111111,17.97,29.05,4.024842992106788,0,100.0,0.3333333333333333
HS002041,9,10.166666666666666,8.13,16.31,2.5244306288745575,1,88.88888888888889,0.3333333333333333
HS002042,10,1.174,-1.07,3.69,1.538117175134731,0,100.0,0.2
HS002043,8,22.7825,16.11,29.08,5.336252698021603,0,100.0,0.5
HS002044,11,5.96090909090909,2.61,10.11,2.3151607052014964,1,90.9090909090909,0.36363636363636365
HS002045,7,21.59714285714286,15.51,25.11,4.138134500334315,0,100.0,0.42857142857142855
HS002046,7,0.7000000000000001,-1.34,3.06,1.64172673324968,0,100.0,0.2857142857142857
HS002047,5,23.03,21.19,25.06,1.9152284459040383,0,100.0,0.4
HS002048,5,-17.692,-18.34,-17.0,0.6296983404774069,0,100.0,0.2
HS002049,11,5.274545454545454,2.17,7.41,1.5740416998057174,0,100.0,0.09090909090909091
HS002050,14,10.192857142857141,8.63,12.87,1.420083575933953,0,100.0,0.2857142857142857
HS002051,11,4.682727272727273,2.27,7.93,2.2427308840299625,0,100.0,0.09090909090909091
HS002052,6,10.793333333333335,8.33,12.71,1.7656235914448657,0,100.0,0.0
HS002053,7,21.854285714285712,15.86,27.28,3.9927261244370245,0,100.0,0.2857142857142857
HS002054,11,10.111818181818181,8.2,12.83,1.458950432206785,0,100.0,0.09090909090909091
HS002055,9,11.126666666666667,8.52,15.06,2.3182752209347366,1,88.88888888888889,0.2222222222222222
HS002056,8,21.12875,16.7,25.92,3.2304331310655106,0,100.0,0.25
HS002057,6,11.29,9.66,12.67,1.227599283153913,0,100.0,0.6666666666666666
HS002058,11,5.253636363636364,2.04,7.91,1.838712988626951,0,100.0,0.2727272727272727
HS002059,10,5.365,2.1,8.67,2.1923313314065163,1,90.0,0.2
HS002060,12,13.946666666666667,12.39,17.12,1.3560794649103405,2,83.33333333333334,0.3333333333333333
HS002061,7,13.164285714285715,12.01,14.64,0.9515751352863517,0,100.0,0.2857142857142857
HS002062,6,5.84,3.44,7.74,1.825102736834286,0,100.0,0.16666666666666666
HS002063,10,11.172,9.22,12.8,1.3573650945858307,0,100.0,0.4
HS002064,7,10.462857142857144,9.13,12.8,1.29226821629921,0,100.0,0.0
HS002065,9,9.568888888888889,7.68,11.82,1.327821942547687,1,88.88888888888889,0.2222222222222222
HS002066,6,5.016666666666667,3.95,7.19,1.2539803294576304,0,100.0,0.3333333333333333
HS002067,9,6.397777777777778,3.21,7.77,1.4743454291462512,0,100.0,0.4444444444444444
HS002068,8,9.38625,8.39,10.86,0.984289990660418,0,100.0,0.25
HS002069,11,-15.752727272727272,-18.45,-10.58,2.4109545450260605,3,72.72727272727273,0.2727272727272727
HS002070,13,-17.003846153846155,-19.58,-12.48,1.888564439203926,1,92.3076923076923,0.23076923076923078
HS002071,8,9.9625,8.33,11.84,1.4707213973324207,0,100.0,0.375
HS002072,11,3.946363636363636,2.02,7.34,1.5176578845528574,0,100.0,0.09090909090909091
HS002073,5,22.46,18.87,24.58,2.127933269630416,0,100.0,0.2
HS002074,7,0.8085714285714286,-1.03,2.22,1.1483383440349593,0,100.0,0.2857142857142857
HS002075,9,5.423333333333334,2.1,7.89,2.0978917989257693,0,100.0,0.8888888888888888
HS002076,11,6.262727272727273,2.64,14.0,3.1377606374900266,1,90.9090909090909,0.18181818181818182
HS002077,10,10.275,8.19,12.84,1.5700336160590818,0,100.0,0.3
HS002078,9,21.558888888888887,16.56,27.86,4.556554192710881,0,100.0,0.2222222222222222
HS002079,3,21.506666666666664,18.4,24.22,2.9298691665897527,0,100.0,0.3333333333333333
HS002080,5,23.082,16.22,27.11,4.4860862675610695,0,100.0,0.2
HS002081,7,11.211428571428572,8.3,16.36,2.680437952844202,1,85.71428571428571,0.14285714285714285
HS002082,12,4.64,2.61,7.05,1.7029386365926398,0,100.0,0.3333333333333333
HS002083,5,12.98,12.09,14.4,0.9478396488858228,0,100.0,0.4
HS002084,16,5.8325000000000005,2.39,13.48,3.650942344107888,3,81.25,0.125
HS002085,8,6.0525,2.6,10.73,2.501717981136734,1,87.5,0.375
HS002086,7,-17.861428571428572,-19.97,-15.61,1.44415406116555,0,100.0,0.14285714285714285
HS002087,7,13.605714285714285,12.37,14.76,0.9081273248257858,0,100.0,0.2857142857142857
HS002088,6,23.765,17.49,29.3,4.553226328659712,0,100.0,0.16666666666666666
HS002089,9,9.682222222222222,8.26,11.68,1.3289824846266574,0,100.0,0.4444444444444444
HS002090,11,10.094545454545454,4.35,11.96,2.1975639405321687,1,90.9090909090909,0.2727272727272727
HS002091,3,18.86,16.78,22.76,3.380000000000001,0,100.0,0.0
HS002092,8,4.98125,2.32,7.14,2.0820692831892025,0,100.0,0.25
HS002093,11,4.330909090909091,2.12,6.68,1.8901664188396459,0,100.0,0.18181818181818182
HS002094,8,1.1025,-1.14,3.81,1.9090592297928168,0,100.0,0.0
HS002095,13,10.563076923076922,8.22,12.98,1.7572344968509686,0,100.0,0.23076923076923078
HS002096,7,14.475714285714286,14.13,14.94,0.31437011853637,0,100.0,0.42857142857142855
HS002097,7,6.464285714285714,2.09,10.22,2.8354473905826403,1,85.71428571428571,0.42857142857142855
HS002098,11,6.509090909090909,3.77,12.69,2.6565746913853356,2,81.81818181818183,0.36363636363636365
HS002099,5,0.484,-1.53,2.69,1.6935554316289736,0,100.0,0.2
HS002100,9,10.037777777777778,8.03,12.03,1.3408838295857115,0,100.0,0.1111111111111111
HS002101,7,-18.30142857142857,-21.82,-15.34,2.066780334815714,1,85.71428571428571,0.14285714285714285
HS002102,6,6.1066666666666665,3.22,7.69,1.606208786760509,0,100.0,0.0
HS002103,6,13.43,12.16,14.24,0.9678016325673356,0,100.0,0.0
HS002104,14,9.842857142857143,8.26,12.87,1.3244762597484947,1,92.85714285714286,0.42857142857142855
HS002105,8,4.31125,3.07,7.08,1.2172502677287502,0,100.0,0.375
HS002106,6,26.368333333333336,22.56,29.92,2.627831171644531,0,100.0,0.0
HS002107,6,-18.505,-19.88,-15.88,1.688380881199501,0,100.0,0.3333333333333333
HS002108,5,5.7379999999999995,2.18,7.82,2.2294102359144228,0,100.0,0.2
HS002109,7,5.731428571428571,3.22,8.73,2.421552040678516,2,71.42857142857143,0.14285714285714285
HS002110,10,10.381,8.78,11.9,1.1251908480095474,0,100.0,0.3
HS002111,11,4.628181818181818,2.11,7.81,1.7517067002316236,0,100.0,0.09090909090909091
HS002112,9,10.827777777777778,8.0,12.24,1.2430082238040279,0,100.0,0.3333333333333333
HS002113,6,5.8999999999999995,2.16,12.87,3.8793968603379567,1,83.33333333333334,0.16666666666666666
HS002114,8,13.7725,12.48,14.87,0.836741127401847,0,100.0,0.125
HS002115,9,10.68,8.3,16.08,2.739046366894872,1,88.88888888888889,0.2222222222222222
HS002116,9,5.1433333333333335,3.22,7.23,1.1664797469309103,0,100.0,0.1111111111111111
HS002117,13,4.336923076923077,2.19,7.21,1.751815175826608,0,100.0,0.23076923076923078
HS002118,9,0.37555555555555564,-1.8,3.16,1.9741207606875975,0,100.0,0.1111111111111111
HS002119,14,4.377857142857143,0.25,7.83,2.342609257189114,1,92.85714285714286,0.35714285714285715
HS002120,10,25.176,16.73,29.27,4.261309657839947,0,100.0,0.4
HS002121,11,20.26909090909091,15.49,29.46,4.067189335512806,0,100.0,0.2727272727272727
HS002122,6,22.18166666666667,15.15,28.11,4.480528614646565,0,100.0,0.3333333333333333
HS002123,9,-17.525555555555556,-19.72,-15.28,1.7063346031121145,0,100.0,0.1111111111111111
HS002124,10,-16.515,-19.51,-13.65,1.876422423419394,1,90.0,0.3
HS002125,8,0.79875,-1.66,3.55,2.0149330899915405,0,100.0,0.375
HS002126,13,5.164615384615384,1.19,7.75,1.97960692809042,1,92.3076923076923,0.3076923076923077
HS002127,5,4.002,1.76,5.97,1.6119770469829895,1,80.0,0.2
HS002128,10,0.533,-4.57,3.84,2.6075022105029513,1,90.0,0.3
HS002129,16,9.75,8.06,12.73,1.3582930464373293,1,93.75,0.375
HS002130,6,10.165000000000001,8.78,11.75,1.1583220622952846,0,100.0,0.0
HS002131,9,21.77777777777778,10.36,28.47,6.285854710733015,1,88.88888888888889,0.3333333333333333
HS002132,4,9.57,8.37,11.67,1.4571890748972836,0,100.0,0.25
HS002133,9,5.021111111111111,2.23,7.56,2.5325848675041693,0,100.0,0.3333333333333333
HS002134,16,0.703125,-6.54,3.74,2.55923613278129,1,93.75,0.1875
HS002135,10,13.338999999999999,12.26,14.85,0.8283242789578924,0,100.0,0.4
HS002136,12,23.893333333333334,16.0,29.34,4.841127466976587,0,100.0,0.3333333333333333
HS002137,9,13.71111111111111,12.1,16.83,1.3826464157951261,1,88.88888888888889,0.3333333333333333
HS002138,6,22.486666666666668,16.61,27.25,3.5918500339889836,0,100.0,0.3333333333333333
HS002139,10,3.412,0.83,6.31,1.5690110119293477,1,90.0,0.1
HS002140,10,10.359,8.38,12.73,1.4495857645854862,0,100.0,0.4
HS002141,8,13.592500000000001,12.01,16.12,1.341276044880929,1,87.5,0.125
HS002142,10,5.3660000000000005,3.48,7.54,1.596963785855313,0,100.0,0.0
HS002143,9,3.8544444444444443,2.52,6.21,1.2154743015702876,0,100.0,0.2222222222222222
HS002144,7,10.625714285714285,6.61,12.79,2.0445036654638793,1,85.71428571428571,0.2857142857142857
HS002145,5,24.596,21.83,28.48,2.511788207632165,0,100.0,0.0
HS002146,10,10.362,8.42,12.4,1.2907775434468431,0,100.0,0.3
HS002147,5,20.05,15.81,27.19,4.235852924736647,0,100.0,0.4
HS002148,11,13.72090909090909,12.21,16.88,1.4356006028520218,1,90.9090909090909,0.45454545454545453
HS002149,8,20.50875,16.36,27.9,4.269855927646403,0,100.0,0.375
HS002150,15,10.357333333333335,7.02,13.12,1.6878154378903376,2,86.66666666666667,0.26666666666666666
HS002151,6,4.78,2.16,7.44,2.3074748102633755,0,100.0,0.0
HS002152,12,1.2775,-1.52,3.83,1.9900074234671956,0,100.0,0.3333333333333333
HS002153,8,12.2675,9.37,14.44,1.756073135476668,2,75.0,0.0
HS002154,6,23.881666666666664,20.94,27.07,2.4749740739382835,0,100.0,0.16666666666666666
HS002155,14,11.43142857142857,8.1,15.54,1.8061044230091423,1,92.85714285714286,0.35714285714285715
HS002156,7,2.1814285714285715,-1.0,3.73,1.5423405219711648,0,100.0,0.0
HS002157,7,0.6071428571428571,-1.69,3.65,2.189525932599066,0,100.0,0.2857142857142857
HS002158,9,1.5611111111111111,-1.83,3.49,1.902816625718598,0,100.0,0.4444444444444444
HS002159,7,10.877142857142857,9.36,11.93,0.8710475357429179,0,100.0,0.14285714285714285
HS002160,7,12.962857142857144,8.98,14.92,1.9581599720631802,1,85.71428571428571,0.14285714285714285
HS002161,13,14.162307692307694,12.27,18.39,1.4741616478875594,1,92.3076923076923,0.15384615384615385
HS002162,11,4.720909090909091,2.59,7.93,1.9681486455319095,0,100.0,0.45454545454545453
HS002163,11,13.61909090909091,12.08,15.76,1.1909614145341112,1,90.9090909090909,0.2727272727272727
HS002164,8,19.30875,16.09,20.94,1.6121364484966625,0,100.0,0.25
HS002165,6,4.068333333333333,3.38,5.67,0.8833893064027131,0,100.0,0.3333333333333333
HS002166,11,-16.778181818181817,-19.64,-15.22,1.4642596640064776,0,100.0,0.18181818181818182
HS002167,13,5.765384615384615,2.43,7.09,1.292520892059489,0,100.0,0.38461538461538464
HS002168,10,11.225,8.55,13.02,1.3554273618801311,1,90.0,0.1
HS002169,10,5.317,2.7,7.51,1.5138842609511323,0,100.0,0.1
HS002170,7,10.95857142857143,9.05,12.52,1.5526475085202969,0,100.0,0.42857142857142855
HS002171,6,4.433333333333334,2.58,6.23,1.316505475365244,0,100.0,0.16666666666666666
HS002172,7,5.49,3.4,7.62,1.9104013539917035,0,100.0,0.0
HS002173,8,4.0875,2.2,6.81,1.740646431645439,0,100.0,0.125
HS002174,7,22.962857142857143,16.21,29.39,4.990413190260282,0,100.0,0.14285714285714285
HS002175,11,9.68,3.36,12.7,2.7537465388085365,1,90.9090909090909,0.09090909090909091
HS002176,11,5.237272727272727,2.18,7.88,1.9624682973698753,0,100.0,0.2727272727272727
HS002177,6,14.12,13.11,14.73,0.6612715024859311,0,100.0,0.16666666666666666
HS002178,4,3.5300000000000002,2.23,5.05,1.3544740676735012,0,100.0,0.0
HS002179,4,6.37,5.9,7.27,0.6217716622683923,0,100.0,0.75
HS002180,10,13.49,12.04,14.9,0.9526920920330048,0,100.0,0.2
HS002181,7,1.087142857142857,-1.09,3.69,1.9564058396773942,0,100.0,0.14285714285714285
HS002182,9,3.868888888888889,2.13,6.09,1.4422936979378056,0,100.0,0.2222222222222222
HS002183,10,10.139999999999999,8.1,16.9,2.6975544480139777,1,90.0,0.2
HS002184,10,23.503,17.59,29.25,3.9148522038229965,0,100.0,0.3
HS002185,10,4.986,2.26,7.94,1.965955803730649,0,100.0,0.1
HS002186,8,23.075,18.84,29.98,3.705721445086156,0,100.0,0.125
HS002187,8,5.49125,2.64,11.47,2.8489919896593,1,87.5,0.375
HS002188,13,21.306153846153848,15.67,27.23,4.066738124634899,0,100.0,0.46153846153846156
HS002189,7,12.94,9.22,18.79,3.8663634938617273,2,71.42857142857143,0.14285714285714285
HS002190,7,4.224285714285714,-0.88,7.76,3.103303922933627,1,85.71428571428571,0.14285714285714285
HS002191,7,5.707142857142857,2.58,9.51,2.6954635611567466,1,85.71428571428571,0.14285714285714285
HS002192,11,4.765454545454546,2.03,7.93,2.1291611664520076,0,100.0,0.18181818181818182
HS002193,3,5.813333333333333,2.5,7.67,2.876392416436487,0,100.0,0.0
HS002194,5,23.972,16.43,28.66,5.12755984850494,0,100.0,0.2
HS002195,8,1.14375,-1.44,3.3,1.6050539599296074,0,100.0,0.25
HS002196,10,6.053,3.97,12.94,2.5575858842970565,1,90.0,0.2
HS002197,6,-17.715,-19.95,-15.06,1.9145312742287601,0,100.0,0.16666666666666666
HS002198,7,23.267142857142858,17.89,29.59,4.740740850281084,0,100.0,0.14285714285714285
HS002199,7,24.208571428571428,22.32,25.66,1.4395419244957577,0,100.0,0.2857142857142857
HS002200,6,1.9716666666666667,-1.63,5.39,2.9114698464292337,1,83.33333333333334,0.5
HS002201,13,10.943846153846154,8.26,14.21,1.706407231883891,1,92.3076923076923,0.3076923076923077
HS002202,10,10.498000000000001,8.64,14.34,1.7482867804415458,1,90.0,0.2
HS002203,9,0.6311111111111111,-6.67,10.3,4.636152619479984,2,77.77777777777779,0.0
HS002204,11,21.037272727272725,15.19,31.16,4.560883885628072,1,90.9090909090909,0.0
HS002205,8,4.9275,2.9,12.41,3.108172407426222,1,87.5,0.375
HS002206,10,13.397,12.14,14.87,1.0158417418301164,0,100.0,0.3
HS002207,8,10.485,8.13,12.81,1.6225024763353328,0,100.0,0.625
HS002208,12,4.601666666666667,2.01,7.19,1.665985012119275,0,100.0,0.08333333333333333
HS002209,7,20.97714285714286,13.41,26.73,5.012244055928489,1,85.71428571428571,0.14285714285714285
HS002210,10,12.764,7.43,16.2,2.2406754933873545,2,80.0,0.1
HS002211,8,1.315,-0.66,3.03,1.0634445381468116,0,100.0,0.25
HS002212,12,6.1866666666666665,3.72,7.22,1.0617338592504186,0,100.0,0.16666666666666666
HS002213,4,18.6875,15.89,23.06,3.461544693726583,0,100.0,0.5
HS002214,8,10.4775,9.73,11.62,0.7446139939592858,0,100.0,0.375
HS002215,7,19.352857142857143,15.32,26.68,3.9170044433883153,0,100.0,0.14285714285714285
HS002216,9,1.6933333333333334,-0.53,3.68,1.5560205654167942,0,100.0,0.3333333333333333
HS002217,10,5.132,2.12,7.66,1.730631227166679,0,100.0,0.5
HS002218,8,9.60125,8.43,11.54,0.9995347131826603,0,100.0,0.0
HS002219,9,4.172222222222222,2.03,7.2,1.9114901109983398,0,100.0,0.1111111111111111
HS002220,8,-16.53125,-19.14,-11.04,2.572677524070427,1,87.5,0.5
HS002221,10,6.165,3.55,7.96,1.6239406803616114,0,100.0,0.1
HS002222,8,5.85125,4.63,7.85,1.3230855441515703,0,100.0,0.75
HS002223,12,1.1766666666666665,-1.89,3.63,1.9858697811988548,0,100.0,0.4166666666666667
HS002224,9,1.671111111111111,-1.01,3.55,1.4149597560040748,0,100.0,0.2222222222222222
HS002225,10,9.972,8.45,11.59,1.20475723695689,0,100.0,0.2
HS002226,6,4.571666666666666,3.37,6.38,1.1826988909552028,0,100.0,0.5
HS002227,15,10.742666666666667,8.34,13.99,1.675126718731906,1,93.33333333333333,0.06666666666666667
HS002228,7,20.135714285714283,15.88,24.58,3.87054198247419,0,100.0,0.2857142857142857
HS002229,11,23.19181818181818,16.11,29.94,4.690345015415856,0,100.0,0.36363636363636365
HS002230,9,9.981111111111112,8.07,12.23,1.639546007622571,0,100.0,0.0
HS002231,9,13.48,12.71,14.77,0.7377669008569031,0,100.0,0.1111111111111111
HS002232,9,11.305555555555555,9.34,15.23,1.6123128659716695,1,88.88888888888889,0.4444444444444444
HS002233,7,4.555714285714286,2.11,7.52,2.136148068704174,0,100.0,0.2857142857142857
HS002234,9,23.435555555555556,18.55,29.89,3.7090635985080898,0,100.0,0.1111111111111111
HS002235,11,6.127272727272728,2.34,10.8,2.6144448393840363,2,81.81818181818183,0.45454545454545453
HS002236,9,10.001111111111111,8.38,11.48,1.0173672449568598,0,100.0,0.3333333333333333
HS002237,7,9.962857142857143,8.2,11.73,1.2941498404449971,0,100.0,0.0
HS002238,5,10.002,8.98,11.55,1.036397607098743,0,100.0,0.2
HS002240,5,-16.448,-18.96,-9.98,3.750809246016118,1,80.0,0.2
HS002241,8,1.635,-1.64,3.62,2.10959034615051,0,100.0,0.0
HS002242,7,6.295714285714285,4.22,7.63,1.203991377915655,0,100.0,0.14285714285714285
HS002243,10,21.041999999999998,15.9,26.82,4.281011822247425,0,100.0,0.2
HS002244,13,5.092307692307693,2.52,7.8,1.542228657096356,0,100.0,0.46153846153846156
HS002245,8,22.3875,17.38,29.45,4.338623053458321,0,100.0,0.375
HS002246,5,21.596,18.13,28.93,4.503585238451694,0,100.0,0.6
HS002247,8,5.33375,2.4,7.82,1.6542493981950157,0,100.0,0.375
HS002248,11,22.938181818181818,17.67,29.59,3.8894622203636784,0,100.0,0.2727272727272727
HS002249,5,9.92,8.85,10.98,0.8551315688243537,0,100.0,0.2
HS002250,4,-18.5125,-19.98,-15.29,2.207477821708146,0,100.0,0.25
HS002251,5,9.542,8.01,11.76,1.4360954007307452,0,100.0,0.0
HS002252,8,5.4662500000000005,2.24,7.94,1.916111669128767,0,100.0,0.125
HS002253,10,10.747,8.01,16.32,2.2509111735275367,1,90.0,0.2
HS002254,13,10.151538461538461,8.22,11.92,1.1671035811918191,0,100.0,0.3076923076923077
HS002255,9,9.345555555555556,8.04,11.82,1.3178496795074082,0,100.0,0.3333333333333333
HS002256,8,5.0225,2.24,7.99,2.044936254682352,0,100.0,0.25
HS002257,4,2.1574999999999998,0.66,3.88,1.3457680582725489,0,100.0,0.0
HS002258,6,4.361666666666667,2.55,7.18,1.8299881602531385,0,100.0,0.16666666666666666
HS002259,7,5.377142857142857,2.59,7.36,1.9031702874039262,0,100.0,0.14285714285714285
HS002260,10,21.406,15.21,27.21,3.5132232746834884,0,100.0,0.4
HS002261,9,23.473333333333333,17.55,28.98,3.869341029167628,0,100.0,0.3333333333333333
HS002262,10,13.706999999999999,12.12,14.77,0.9744063719915721,0,100.0,0.3
HS002263,9,4.271111111111111,-0.76,7.46,2.6492472725495277,1,88.88888888888889,0.2222222222222222
HS002264,7,-17.334285714285716,-19.69,-15.06,1.6871559614022764,0,100.0,0.2857142857142857
HS002265,8,5.51625,2.48,7.74,2.0065317447917796,0,100.0,0.0
HS002266,11,5.192727272727272,2.27,7.51,1.822438426444586,0,100.0,0.45454545454545453
HS002267,11,5.738181818181818,2.56,12.62,3.2463882028550377,2,81.81818181818183,0.18181818181818182
HS002268,10,13.73,12.13,18.01,1.7518751858128099,1,90.0,0.1
HS002269,6,6.091666666666666,4.65,7.95,1.1726622133703577,0,100.0,0.0
HS002270,11,4.771818181818182,2.03,7.57,1.7698181724788464,0,100.0,0.18181818181818182
HS002271,8,-16.94375,-18.6,-15.75,1.222292196770361,0,100.0,0.25
HS002272,13,24.393076923076926,15.68,29.77,5.466082364020544,0,100.0,0.23076923076923078
HS002273,7,9.331428571428573,8.06,10.83,1.0620487837418855,0,100.0,0.14285714285714285
HS002274,6,13.43,12.88,14.52,0.5872989017527611,0,100.0,0.16666666666666666
HS002275,8,10.088750000000001,8.04,11.93,1.3602986804374995,0,100.0,0.625
HS002276,9,13.163333333333334,12.47,13.91,0.49262054362358865,0,100.0,0.3333333333333333
HS002277,11,9.435454545454546,8.01,11.46,1.1036517896181175,0,100.0,0.2727272727272727
HS002278,12,4.640833333333333,2.07,7.83,1.8914614759892716,0,100.0,0.0
HS002279,5,6.204,3.69,7.99,1.6624620296415795,0,100.0,0.2
HS002280,12,-16.739166666666666,-19.85,-12.77,2.2592173155294026,2,83.33333333333334,0.3333333333333333
HS002281,9,4.7444444444444445,2.16,7.76,2.31267762080619,0,100.0,0.4444444444444444
HS002282,3,9.283333333333333,8.32,10.23,0.9551090688153543,0,100.0,0.0
HS002283,7,4.241428571428572,2.06,6.69,1.6487917654192377,0,100.0,0.0
HS002284,10,10.338,8.6,15.09,1.9829652319471245,1,90.0,0.2
HS002285,6,21.971666666666664,15.25,28.33,5.218039542459089,0,100.0,0.16666666666666666
HS002286,13,9.94,8.1,11.71,1.1326370410094608,0,100.0,0.15384615384615385
HS002287,10,5.241,2.83,7.98,1.8655440076407859,0,100.0,0.2
HS002288,12,21.388333333333335,15.19,28.43,4.404883309430225,0,100.0,0.16666666666666666
HS002289,11,2.138181818181818,-1.41,7.58,2.4934867883420524,1,90.9090909090909,0.45454545454545453
HS002290,12,1.8941666666666668,-1.78,6.97,2.5757062873681615,1,91.66666666666666,0.25
HS002291,11,5.364545454545454,3.02,7.81,1.2741613997948895,0,100.0,0.2727272727272727
HS002292,11,13.538181818181817,12.11,14.51,0.7123316388006109,0,100.0,0.18181818181818182
HS002293,8,5.205,2.71,10.11,2.734331989457649,1,87.5,0.25
HS002294,7,24.109999999999996,16.54,28.99,5.203803096454233,0,100.0,0.14285714285714285
HS002295,11,23.187272727272727,15.15,29.23,4.333465335984796,0,100.0,0.2727272727272727
HS002296,11,5.043636363636364,2.11,10.93,2.759439336993197,1,90.9090909090909,0.09090909090909091
HS002297,8,6.1725,3.29,7.93,1.8274240261714223,0,100.0,0.25
HS002298,4,2.87,-0.29,6.15,2.7099323484790783,1,75.0,0.25
HS002299,9,1.3844444444444446,-1.45,3.91,2.0039468001366147,0,100.0,0.5555555555555556
HS002300,4,11.2475,10.19,12.99,1.2153566006183811,0,100.0,0.25
HS002301,5,13.366,12.31,14.99,1.0121659942914503,0,100.0,0.4
HS002302,14,13.799285714285714,12.59,14.83,0.7052927846560693,0,100.0,0.07142857142857142
HS002303,14,5.013571428571429,2.35,7.61,1.5448754350723912,0,100.0,0.14285714285714285
HS002304,19,14.066842105263158,12.24,17.64,1.1589701013858953,2,89.47368421052632,0.15789473684210525
HS002305,7,12.06857142857143,8.49,16.97,3.2343285164591657,3,57.14285714285714,0.42857142857142855
HS002306,5,10.784,9.03,11.89,1.194897485142555,0,100.0,0.8
HS002307,4,20.965,14.28,25.95,4.8936182932468295,1,75.0,0.25
HS002308,12,10.375833333333334,8.67,11.93,1.181874153686218,0,100.0,0.25
HS002309,6,9.621666666666668,8.4,11.76,1.1612651147204356,0,100.0,0.3333333333333333
HS002310,7,5.454285714285715,2.82,7.97,1.8555938595038979,0,100.0,0.42857142857142855
HS002311,4,11.945,8.85,15.81,2.8806075748008437,1,75.0,0.0
HS002312,8,21.9625,16.59,26.1,3.4699680937190998,0,100.0,0.375
HS002313,6,25.96666666666667,22.97,28.05,2.2595987844452985,0,100.0,0.16666666666666666
HS002314,13,5.798461538461538,3.35,7.97,1.5316921261241663,0,100.0,0.23076923076923078
HS002315,7,5.6899999999999995,3.93,7.62,1.408900280360537,0,100.0,0.2857142857142857
HS002316,6,7.331666666666667,2.73,12.44,3.1281586703149613,1,83.33333333333334,0.16666666666666666
HS002317,12,10.362499999999999,8.73,11.96,1.147646801859432,0,100.0,0.0
HS002318,13,10.626153846153844,8.25,12.33,1.2938671909018744,0,100.0,0.23076923076923078
HS002319,5,14.628,13.63,17.3,1.5283880397333653,1,80.0,0.2
HS002320,9,9.911111111111111,8.82,11.19,0.9211059174226983,0,100.0,0.1111111111111111
HS002321,9,1.9922222222222221,-0.29,6.01,1.9895839877834876,1,88.88888888888889,0.2222222222222222
HS002322,7,9.972857142857142,8.06,11.43,1.383687275431293,0,100.0,0.14285714285714285
HS002323,6,10.116666666666667,9.14,11.01,0.6254491719289957,0,100.0,0.3333333333333333
HS002324,7,4.871428571428572,2.24,7.45,2.407352823964036,0,100.0,0.0
HS002325,11,5.29,2.0,7.61,2.0018291635401857,0,100.0,0.36363636363636365
HS002326,7,12.952857142857143,12.13,14.93,1.08866453795027,0,100.0,0.2857142857142857
HS002327,8,10.62125,8.79,16.71,2.6062750512670654,1,87.5,0.375
HS002328,7,13.588571428571429,12.06,16.2,1.5343557667788843,1,85.71428571428571,0.42857142857142855
HS002329,7,11.534285714285714,8.2,17.58,3.0229668492109814,1,85.71428571428571,0.2857142857142857
HS002330,6,21.611666666666665,15.91,27.63,4.8148537534038,0,100.0,0.0
HS002331,6,26.60166666666667,23.13,29.73,2.63493769692315,0,100.0,0.16666666666666666
HS002332,10,4.311999999999999,1.04,7.88,2.4393842574624354,1,90.0,0.2
HS002333,8,5.6762500000000005,2.88,10.3,2.5671603962354985,1,87.5,0.125
HS002334,7,5.29,3.69,7.05,1.0683476338096447,0,100.0,0.14285714285714285
HS002335,9,-16.226666666666667,-19.79,-14.71,1.5257129481000022,1,88.88888888888889,0.0
HS002336,8,14.0925,12.42,14.95,0.9486795334267824,0,100.0,0.125
HS002337,7,9.837142857142856,8.37,11.82,1.2448924222024744,0,100.0,0.2857142857142857
HS002338,9,5.361111111111111,3.2,7.42,1.58294381173531,0,100.0,0.4444444444444444
HS002339,9,0.5888888888888889,-2.17,3.55,2.308632952877332,1,88.88888888888889,0.4444444444444444
HS002340,7,13.944285714285714,12.1,19.71,2.643992291610404,1,85.71428571428571,0.42857142857142855
HS002341,14,10.060714285714285,8.48,12.96,1.44498317416722,0,100.0,0.21428571428571427
HS002342,12,5.43,-0.21,12.89,3.3249579628238095,2,83.33333333333334,0.4166666666666667
HS002343,4,8.9725,8.35,10.15,0.8243128451423445,0,100.0,0.0
HS002344,9,5.763333333333333,2.7,12.2,2.8701175934097196,1,88.88888888888889,0.2222222222222222
HS002345,9,-16.982222222222223,-19.41,-14.92,1.6563120009359482,1,88.88888888888889,0.5555555555555556
HS002346,6,5.511666666666667,2.68,7.18,1.5969272577881144,0,100.0,0.0
HS002347,3,11.243333333333334,8.09,12.91,2.73234941640584,0,100.0,0.0
HS002348,6,10.46,8.65,11.91,1.3830112074744723,0,100.0,0.3333333333333333
HS002349,5,22.146,16.38,27.19,4.950568654205292,0,100.0,0.4
HS002350,11,4.5618181818181816,2.19,7.17,1.7533557436060612,0,100.0,0.2727272727272727
HS002351,11,9.758181818181818,8.16,11.89,1.2034435440170694,0,100.0,0.2727272727272727
HS002352,10,11.647,9.09,16.59,2.676158316193818,2,80.0,0.1
HS002353,8,21.805,15.09,28.56,5.147015778931654,0,100.0,0.375
HS002354,8,6.17125,3.06,9.78,2.0356496856918045,1,87.5,0.625
HS002355,4,25.3875,24.3,28.29,1.9393362266507583,0,100.0,0.25
HS002356,9,1.4944444444444445,-1.06,4.98,2.298614316882625,1,88.88888888888889,0.1111111111111111
HS002357,12,5.391666666666667,2.67,7.87,2.025643930539949,0,100.0,0.5833333333333334
HS002358,8,5.577500000000001,0.62,10.9,3.2463198944563145,2,75.0,0.25
HS002359,8,13.4775,12.35,14.68,1.0069437493155788,0,100.0,0.25
HS002360,5,-18.184,-19.3,-17.13,0.7920416655706943,0,100.0,0.2
HS002361,8,1.4275,-1.19,9.39,3.3845014403897076,1,87.5,0.125
HS002362,6,14.14,12.19,15.74,1.2283810483722062,1,83.33333333333334,0.3333333333333333
HS002363,6,23.051666666666666,18.31,32.35,5.520121073551436,1,83.33333333333334,0.5
HS002364,12,4.7250000000000005,2.03,7.63,2.228405463350624,0,100.0,0.25
HS002365,6,9.965,8.8,11.51,0.9133400243063915,0,100.0,0.3333333333333333
HS002366,20,4.894,2.01,7.61,2.180404115127092,0,100.0,0.3
HS002367,11,23.991818181818186,16.45,29.88,4.300043762990832,0,100.0,0.09090909090909091
HS002368,7,24.867142857142856,17.65,29.47,4.029403240703327,0,100.0,0.14285714285714285
HS002369,7,4.355714285714286,2.05,6.94,1.7119273460328972,0,100.0,0.0
HS002370,1,26.25,26.25,26.25,,0,100.0,0.0
HS002371,13,21.436153846153847,15.53,30.0,4.538468057361682,0,100.0,0.23076923076923078
HS002372,6,22.186666666666667,18.29,25.13,2.9776008239296723,0,100.0,0.16666666666666666
HS002373,11,21.26090909090909,15.25,26.59,3.808788401960536,0,100.0,0.2727272727272727
HS002374,5,4.372,2.1,6.47,1.5571191348127473,0,100.0,0.2
HS002375,9,3.9822222222222217,2.02,7.02,1.5026790889755686,0,100.0,0.2222222222222222
HS002376,9,0.8355555555555555,-1.99,3.39,1.999981944362943,0,100.0,0.2222222222222222
HS002377,4,4.5975,2.4,6.51,1.7750187792433822,0,100.0,0.25
HS002378,4,13.3875,12.86,14.59,0.8099948559507438,0,100.0,0.5
HS002379,8,5.2212499999999995,2.57,6.76,1.375950969849061,0,100.0,0.25
HS002380,7,23.900000000000002,17.7,29.04,4.580876917505352,0,100.0,0.0
HS002381,10,4.611,2.77,7.27,1.5484935331547955,0,100.0,0.3
HS002382,5,28.206,24.34,29.76,2.193896077757559,0,100.0,0.0
HS002383,12,5.516666666666667,2.21,7.83,1.6043199257761602,0,100.0,0.3333333333333333
HS002384,7,12.731428571428571,7.06,15.46,2.6904734934668317,2,71.42857142857143,0.14285714285714285
HS002385,17,10.004117647058823,6.01,16.16,2.0631318996356285,2,88.23529411764706,0.23529411764705882
HS002386,14,23.88357142857143,16.23,31.05,4.784128579348205,1,92.85714285714286,0.2857142857142857
HS002387,6,0.7366666666666667,-1.41,6.76,3.1901013568014833,1,83.33333333333334,0.3333333333333333
HS002388,9,5.138888888888889,2.8,7.99,1.5159522126739717,0,100.0,0.1111111111111111
HS002389,8,1.2425,-0.98,2.47,1.2548961254678754,0,100.0,0.25
HS002390,9,4.773333333333333,-0.3,7.7,2.600403814794925,1,88.88888888888889,0.3333333333333333
HS002391,7,4.4314285714285715,3.43,5.57,0.8781121525072706,0,100.0,0.42857142857142855
HS002392,13,22.267692307692307,16.33,29.9,3.964166902486477,0,100.0,0.38461538461538464
HS002393,13,-16.98076923076923,-19.98,-15.13,1.3969816363530674,0,100.0,0.38461538461538464
HS002394,9,5.526666666666667,2.87,11.1,2.8435057587421904,1,88.88888888888889,0.2222222222222222
HS002395,11,0.9745454545454546,-1.84,7.07,2.396532343350966,1,90.9090909090909,0.2727272727272727
HS002396,8,19.42625,15.24,26.5,4.22091708890717,0,100.0,0.125
HS002397,7,9.941428571428572,8.35,12.9,1.7721872415316677,0,100.0,0.14285714285714285
HS002398,2,10.190000000000001,9.24,11.14,1.3435028842544399,0,100.0,0.0
HS002399,11,9.999090909090908,6.58,15.08,2.192033095304241,2,81.81818181818183,0.09090909090909091
HS002400,10,1.1280000000000001,-1.84,3.62,2.005291887869583,0,100.0,0.3
HS002401,11,-0.08909090909090908,-1.58,3.64,1.5381251870082262,0,100.0,0.18181818181818182
HS002402,7,5.687142857142858,2.38,9.19,2.6447918272566953,1,85.71428571428571,0.2857142857142857
HS002403,9,5.39,2.44,7.87,1.7703601328543292,0,100.0,0.3333333333333333
HS002404,13,10.005384615384616,8.22,12.94,1.3952396173215518,1,92.3076923076923,0.3076923076923077
HS002405,7,-16.919999999999998,-19.71,-12.87,2.7722193275424654,2,71.42857142857143,0.42857142857142855
HS002406,5,23.604,16.49,27.21,4.35304835718603,0,100.0,0.4
HS002407,12,10.315833333333332,8.12,12.08,1.4688985256946372,0,100.0,0.25
HS002408,9,14.471111111111112,12.03,19.42,2.202211640853602,2,77.77777777777779,0.1111111111111111
HS002409,13,10.34769230769231,8.01,12.43,1.3552684472467307,0,100.0,0.23076923076923078
HS002410,8,5.06375,2.25,7.42,1.8729040666454708,0,100.0,0.25
HS002411,11,10.468181818181819,8.18,12.51,1.1882829476334178,0,100.0,0.36363636363636365
HS002412,8,4.70875,2.1,7.55,2.0250251321191755,0,100.0,0.25
HS002413,5,-16.77,-19.51,-13.89,2.1517086233967646,1,80.0,0.0
HS002414,7,5.29,3.77,7.42,1.64641023644372,0,100.0,0.2857142857142857
HS002415,10,4.244,2.61,8.58,2.035246094865844,1,90.0,0.2
HS002416,8,9.98125,8.36,11.7,1.1023408534309416,0,100.0,0.25
HS002417,3,23.326666666666668,20.4,28.89,4.820169429940542,0,100.0,0.3333333333333333
HS002418,8,5.83875,2.59,8.58,2.1287584409697593,1,87.5,0.5
HS002419,2,6.07,4.62,7.52,2.0506096654409873,0,100.0,0.5
HS002420,14,9.973571428571429,8.01,11.99,1.3509916992448807,0,100.0,0.21428571428571427
HS002421,9,-17.991111111111113,-19.89,-16.03,1.3170558496552485,0,100.0,0.1111111111111111
HS002422,11,22.902727272727272,15.21,28.86,4.54013015432177,0,100.0,0.18181818181818182
HS002423,10,10.706,8.06,15.24,1.9711936598022135,1,90.0,0.3
HS002424,11,13.563636363636363,12.04,14.99,1.114542710956137,0,100.0,0.5454545454545454
HS002425,10,13.334999999999999,12.16,14.95,1.1925719172350897,0,100.0,0.4
HS002426,13,1.7284615384615383,-1.7,6.5,2.3062120679946374,1,92.3076923076923,0.23076923076923078
HS002427,6,19.89,17.44,23.51,2.0702173798903334,0,100.0,0.5
HS002428,12,5.270833333333333,2.4,7.8,1.874733718465509,0,100.0,0.3333333333333333
HS002429,7,5.248571428571429,2.87,7.18,1.6070617968975611,0,100.0,0.14285714285714285
HS002430,11,4.798181818181818,0.76,7.46,1.893086464912885,1,90.9090909090909,0.09090909090909091
HS002431,9,4.695555555555555,2.45,7.46,2.0342388693999967,0,100.0,0.1111111111111111
HS002432,12,10.064166666666667,8.1,14.66,1.9462152470574234,1,91.66666666666666,0.25
HS002433,6,13.171666666666667,12.16,14.0,0.6890403955260282,0,100.0,0.3333333333333333
HS002434,10,4.997999999999999,2.07,7.82,2.031757859588588,0,100.0,0.2
HS002435,10,21.444,15.15,28.09,4.840581232317734,0,100.0,0.4
HS002436,5,5.1579999999999995,2.46,7.03,1.8068951270065454,0,100.0,0.2
HS002437,13,-17.38307692307692,-19.95,-12.01,2.079360416952709,1,92.3076923076923,0.15384615384615385
HS002438,9,25.07,20.74,29.81,3.4838233307675064,0,100.0,0.3333333333333333
HS002439,8,10.63125,8.39,12.87,1.4653954853797755,0,100.0,0.0
HS002440,7,5.585714285714286,2.59,7.43,2.2891035883278064,0,100.0,0.14285714285714285
HS002441,7,9.781428571428572,8.05,11.74,1.47292711486831,0,100.0,0.42857142857142855
HS002442,8,21.8,15.68,27.95,4.07514767480009,0,100.0,0.25
HS002443,4,1.1849999999999998,0.53,2.28,0.7801922839915811,0,100.0,0.25
HS002444,8,10.3525,9.68,12.92,1.059268615602294,0,100.0,0.25
HS002445,6,9.356666666666667,8.74,10.5,0.680871989926643,0,100.0,0.5
HS002446,13,5.569999999999999,2.93,7.9,1.7755093165999816,0,100.0,0.23076923076923078
HS002447,9,5.49,2.45,9.97,2.8936870943486617,2,77.77777777777779,0.3333333333333333
HS002448,6,-17.131666666666668,-19.38,-12.88,2.3923078118558805,1,83.33333333333334,0.16666666666666666
HS002449,9,10.631111111111112,8.22,12.46,1.2701421617721032,0,100.0,0.1111111111111111
HS002450,5,25.048,19.59,28.52,3.693828637064801,0,100.0,0.2
HS002451,10,5.24,3.35,7.38,1.3840921613502157,0,100.0,0.3
HS002452,8,-17.93625,-19.66,-15.11,1.4741965123900065,0,100.0,0.25
HS002453,5,-16.794,-18.32,-14.03,1.8854919782380413,1,80.0,0.2
HS002454,6,21.153333333333332,16.9,24.18,3.0477904564892047,0,100.0,0.16666666666666666
HS002455,10,23.113,16.25,30.97,5.2640817496185095,1,90.0,0.4
HS002456,4,1.3025,0.4,2.12,0.7742684719570252,0,100.0,0.25
HS002457,7,4.817142857142857,2.21,7.73,2.284241043072544,0,100.0,0.2857142857142857
HS002458,9,4.761111111111111,2.35,6.85,1.3696390440956008,0,100.0,0.3333333333333333
HS002459,8,23.48375,17.32,29.66,4.651018129706348,0,100.0,0.125
HS002460,11,-17.724545454545453,-24.05,-15.09,2.629693379983162,1,90.9090909090909,0.09090909090909091
HS002461,3,10.263333333333334,8.43,11.22,1.588217029669854,0,100.0,0.3333333333333333
HS002462,9,13.156666666666666,12.03,14.71,0.950710260805047,0,100.0,0.1111111111111111
HS002463,5,21.236,15.36,26.74,5.16487463545825,0,100.0,0.4
HS002464,11,22.06090909090909,16.33,28.2,3.6954146033847266,0,100.0,0.36363636363636365
HS002465,8,24.52,15.46,29.65,5.2886698300639425,0,100.0,0.5
HS002466,3,7.936666666666667,6.7,10.3,2.0474455629719035,1,66.66666666666666,0.3333333333333333
HS002467,6,22.71166666666667,15.87,28.01,5.096949741430326,0,100.0,0.5
HS002468,7,23.28,15.41,28.76,5.004451351879977,0,100.0,0.0
HS002469,4,5.5575,2.24,7.81,2.693614362401072,0,100.0,0.25
HS002470,6,13.918333333333335,12.9,15.92,1.0987523227127514,1,83.33333333333334,0.5
HS002471,8,22.835,15.0,29.42,4.206885512381542,0,100.0,0.125
HS002472,10,11.087,8.84,14.37,1.5877310855431406,1,90.0,0.4
HS002473,9,2.051111111111111,-1.83,8.31,3.6152193724739736,2,77.77777777777779,0.3333333333333333
HS002474,11,-17.936363636363637,-19.55,-15.21,1.2160778982225828,0,100.0,0.09090909090909091
HS002475,11,6.634545454545455,2.39,12.47,2.6474340922348327,2,81.81818181818183,0.36363636363636365
HS002476,10,11.187000000000001,8.32,18.71,3.1120663017787185,1,90.0,0.4
HS002477,9,4.88,-0.75,10.91,3.2653675137723774,2,77.77777777777779,0.2222222222222222
HS002478,9,9.397777777777778,8.06,12.76,1.4347628530333658,0,100.0,0.2222222222222222
HS002479,9,23.531111111111112,15.05,29.88,5.7672880204747115,0,100.0,0.2222222222222222
HS002480,4,10.385,9.59,11.03,0.707366006157115,0,100.0,0.75
HS002481,14,4.167857142857143,2.22,7.07,1.6238329706233692,0,100.0,0.2857142857142857
HS002482,8,23.6375,15.28,33.85,6.024814757081154,1,87.5,0.25
HS002483,14,13.933571428571428,12.29,15.83,0.9866618713377185,1,92.85714285714286,0.14285714285714285
HS002484,9,10.748888888888889,8.77,12.19,1.1541495185248363,0,100.0,0.4444444444444444
HS002485,7,22.054285714285715,18.12,28.22,3.5407148861157824,0,100.0,0.0
HS002486,10,10.504000000000001,8.02,13.98,1.7208215092410566,1,90.0,0.1
HS002487,11,13.614545454545453,12.13,21.01,2.525131139708842,1,90.9090909090909,0.18181818181818182
HS002488,6,5.396666666666667,2.31,8.65,2.6070877750215216,1,83.33333333333334,0.0
HS002489,6,21.138333333333332,18.39,25.68,3.5026813538583075,0,100.0,0.16666666666666666
HS002490,10,1.4789999999999999,-1.22,3.6,1.9140849278731367,0,100.0,0.1
HS002491,5,5.024,2.7,7.59,1.85594450348064,0,100.0,0.2
HS002492,9,19.976666666666667,15.24,27.98,4.574595610543078,0,100.0,0.3333333333333333
HS002493,12,5.5625,3.19,7.87,1.6915196234048353,0,100.0,0.25
HS002494,10,4.962,2.43,8.03,2.0847904237863117,1,90.0,0.2
HS002495,13,5.295384615384616,2.1,7.96,2.334750576916142,0,100.0,0.3076923076923077
HS002496,6,5.453333333333333,2.95,7.34,1.7701713664689829,0,100.0,0.3333333333333333
HS002497,12,4.839166666666666,2.15,7.72,1.8101755732692357,0,100.0,0.4166666666666667
HS002498,9,5.121111111111111,2.01,12.43,3.3059735496690092,1,88.88888888888889,0.1111111111111111
HS002499,7,9.508571428571429,8.05,10.34,0.8114683927183807,0,100.0,0.0
HS002500,12,5.409166666666667,2.71,7.63,1.5327720481256015,0,100.0,0.4166666666666667
HS002501,8,10.37375,8.03,12.98,1.7956052501275759,0,100.0,0.375
HS002502,9,5.302222222222222,2.46,7.99,1.9021157810302833,0,100.0,0.4444444444444444
HS002503,6,13.686666666666667,13.01,14.62,0.5574106804382802,0,100.0,0.16666666666666666
HS002504,8,2.06,-0.67,4.46,1.7354126722071446,1,87.5,0.125
HS002505,9,4.314444444444444,2.16,6.19,1.4187944804578914,0,100.0,0.2222222222222222
HS002506,4,4.9925,2.37,7.52,2.723911097423458,0,100.0,0.5
HS002507,9,13.27111111111111,12.29,14.0,0.5946520924970427,0,100.0,0.2222222222222222
HS002508,17,10.597058823529412,8.1,13.49,1.7682716303847466,1,94.11764705882352,0.11764705882352941
HS002509,10,22.916,16.04,28.38,4.766655477842346,0,100.0,0.3
HS002510,9,11.55,8.26,13.33,1.5383920176599983,1,88.88888888888889,0.2222222222222222
HS002511,8,25.107499999999998,20.18,29.47,3.3101737114538263,0,100.0,0.125
HS002512,9,5.86,2.45,9.56,2.562689017419008,1,88.88888888888889,0.3333333333333333
HS002513,15,13.294666666666666,12.01,14.95,0.9905688601337448,0,100.0,0.26666666666666666
HS002514,11,4.4409090909090905,-0.06,10.79,3.0949263466048897,2,81.81818181818183,0.2727272727272727
HS002515,7,5.448571428571428,2.65,7.85,1.8916697084095533,0,100.0,0.2857142857142857
HS002516,11,9.136363636363637,8.02,10.37,0.7829721927025601,0,100.0,0.09090909090909091
HS002517,15,22.454,15.44,31.12,5.195512899196217,1,93.33333333333333,0.26666666666666666
HS002518,10,13.947999999999999,12.24,17.12,1.3228487777856128,1,90.0,0.2
HS002519,6,4.456666666666667,4.02,5.0,0.32004166395434624,0,100.0,0.16666666666666666
HS002520,5,3.628,2.01,7.14,2.0875032934105757,0,100.0,0.0
HS002521,3,6.430000000000001,3.21,10.05,3.437499090908971,1,66.66666666666666,0.6666666666666666
HS002522,4,22.427500000000002,16.01,30.64,6.107281855839523,1,75.0,0.25
HS002523,4,10.8075,9.75,11.7,0.8059104582189431,0,100.0,0.0
HS002524,14,21.523571428571426,11.36,30.35,5.7240176948912875,2,85.71428571428571,0.21428571428571427
HS002525,7,-16.94,-19.6,-13.85,1.8772675177857139,1,85.71428571428571,0.5714285714285714
HS002526,6,22.913333333333338,18.44,28.92,4.219562378572767,0,100.0,0.5
HS002527,6,21.348333333333333,16.86,29.62,4.623433428380544,0,100.0,0.3333333333333333
HS002528,7,23.372857142857146,15.05,28.65,5.719518377992196,0,100.0,0.2857142857142857
HS002529,11,2.17,-1.97,7.73,3.5756342094794875,3,72.72727272727273,0.2727272727272727
HS002530,12,5.7525,2.09,9.52,2.1986157835411726,2,83.33333333333334,0.16666666666666666
HS002531,6,5.73,4.26,7.03,1.1161541112229976,0,100.0,0.16666666666666666
HS002532,8,-16.6375,-19.29,-14.4,1.8158960794683634,1,87.5,0.0
HS002533,6,3.44,2.04,6.33,1.6800714270530286,0,100.0,0.16666666666666666
HS002534,8,4.29375,2.67,7.69,1.524288475697057,0,100.0,0.5
HS002535,8,9.31,7.76,10.92,1.0279938854737554,1,87.5,0.625
HS002536,5,24.508000000000003,17.37,27.82,4.1642310214492175,0,100.0,0.2
HS002537,3,10.543333333333333,9.12,12.42,1.696064071116812,0,100.0,0.3333333333333333
HS002538,7,25.002857142857145,17.44,31.02,4.156712299745695,1,85.71428571428571,0.42857142857142855
HS002539,9,14.574444444444445,12.05,20.09,2.241172188337562,1,88.88888888888889,0.1111111111111111
HS002540,11,13.988181818181818,12.33,15.0,0.9174946123200739,0,100.0,0.5454545454545454
HS002541,5,22.366,18.58,26.16,3.1628910825382532,0,100.0,0.6
HS002542,8,21.18,16.72,24.73,3.5308153651610197,0,100.0,0.125
HS002543,3,5.6866666666666665,3.29,7.01,2.0793348295388436,0,100.0,0.6666666666666666
HS002544,5,22.526,15.35,28.52,5.134231198534011,0,100.0,0.0
HS002545,5,11.862,10.23,14.38,1.614766236951962,1,80.0,0.4
HS002546,10,25.216,16.4,29.78,4.778231192955541,0,100.0,0.3
HS002547,6,4.3500000000000005,2.1,7.8,2.506391828904651,0,100.0,0.16666666666666666
HS002548,9,4.205555555555556,2.2,6.98,1.5552179197070028,0,100.0,0.2222222222222222
HS002549,7,3.934285714285714,2.03,6.84,1.9533633997360993,0,100.0,0.0
HS002550,10,9.803999999999998,8.27,11.86,1.2732041819319042,0,100.0,0.3
HS002551,5,1.154,-0.24,2.48,1.2306827373454134,0,100.0,0.2
HS002552,7,5.8500000000000005,3.62,9.53,1.880443210167929,1,85.71428571428571,0.2857142857142857
HS002553,5,13.666,12.65,14.18,0.594163277222684,0,100.0,0.2
HS002554,8,21.99375,16.15,29.52,5.508455675465805,0,100.0,0.125
HS002555,9,6.328888888888889,4.29,7.68,1.1669880509718644,0,100.0,0.4444444444444444
HS002556,3,13.133333333333333,12.17,13.85,0.8667371766189177,0,100.0,0.3333333333333333
HS002557,9,-17.203333333333333,-19.02,-13.43,1.6836196126203804,1,88.88888888888889,0.2222222222222222
HS002558,8,13.8025,12.49,14.89,0.8761400736020636,0,100.0,0.0
HS002559,12,10.4,8.36,11.82,0.9761985640040841,0,100.0,0.25
HS002560,9,5.955555555555556,2.19,12.04,2.9000909947409887,1,88.88888888888889,0.2222222222222222
HS002561,6,11.006666666666666,8.44,14.12,1.9562276622792827,1,83.33333333333334,0.5
HS002562,4,11.145,9.89,13.31,1.548816752664218,1,75.0,0.25
HS002563,5,5.26,2.13,7.46,2.261382320617193,0,100.0,0.4
HS002564,10,9.942,8.64,11.08,0.7309172319763709,0,100.0,0.3
HS002565,5,22.978,18.24,29.75,4.89293061467256,0,100.0,0.6
HS002566,12,22.22666666666667,15.09,26.73,3.9191170929022774,0,100.0,0.3333333333333333
HS002567,10,13.882,12.08,16.43,1.3859357047777425,1,90.0,0.1
HS002568,7,4.694285714285714,3.18,7.35,1.5231421157468874,0,100.0,0.14285714285714285
HS002569,11,9.696363636363635,8.08,11.2,1.137112771252463,0,100.0,0.36363636363636365
HS002570,9,-16.74888888888889,-19.2,-13.88,1.5312612811375825,1,88.88888888888889,0.1111111111111111
HS002571,16,9.769375,3.46,11.74,2.0502437863174547,1,93.75,0.375
HS002572,9,22.200000000000003,15.81,28.09,4.172756882445945,0,100.0,0.3333333333333333
HS002573,10,10.758,8.93,12.99,1.4629331267468566,0,100.0,0.2
HS002574,12,4.9174999999999995,2.11,10.29,2.530408249490763,1,91.66666666666666,0.3333333333333333
HS002575,13,13.890769230769232,12.49,18.49,1.5691370321425158,1,92.3076923076923,0.3076923076923077
HS002576,7,10.435714285714285,7.26,12.79,2.145979629779503,1,85.71428571428571,0.2857142857142857
HS002577,6,4.988333333333333,2.01,7.53,2.1299147087774823,0,100.0,0.5
HS002578,9,0.02666666666666664,-1.98,3.57,1.7712636732005766,0,100.0,0.3333333333333333
HS002579,8,21.235,15.5,29.07,5.5212602081150175,0,100.0,0.5
HS002580,7,10.937142857142858,8.42,14.72,1.8774514133590277,1,85.71428571428571,0.2857142857142857
HS002581,5,9.822,8.61,11.29,0.9977825414387644,0,100.0,0.2
HS002582,6,5.068333333333333,2.98,6.29,1.3700425784137757,0,100.0,0.3333333333333333
HS002583,10,5.025,2.37,7.13,1.2880411484110281,0,100.0,0.1
HS002584,10,20.169999999999998,15.11,25.78,4.044832093754532,0,100.0,0.2
HS002585,6,22.596666666666664,16.15,29.98,4.889125347816997,0,100.0,0.3333333333333333
HS002586,9,25.561111111111114,19.65,28.81,3.223904637409598,0,100.0,0.2222222222222222
HS002587,8,13.205,12.19,14.91,0.8987928412201401,0,100.0,0.25
HS002588,9,5.185555555555556,3.08,9.24,2.159236619219343,1,88.88888888888889,0.1111111111111111
HS002589,7,4.107142857142857,2.45,8.78,2.150493852472917,1,85.71428571428571,0.42857142857142855
HS002590,9,5.131111111111111,2.75,7.35,1.5644443458017645,0,100.0,0.1111111111111111
HS002591,6,-17.12333333333333,-19.93,-15.32,2.176241408177564,0,100.0,0.16666666666666666
HS002592,8,12.022499999999999,9.58,16.95,2.2127858975896033,1,87.5,0.125
HS002593,13,4.200769230769231,2.16,7.46,1.8463994761808793,0,100.0,0.3076923076923077
HS002594,4,24.310000000000002,17.12,29.14,5.378928022075278,0,100.0,0.0
HS002595,7,11.608571428571429,10.51,12.11,0.5295730535512726,0,100.0,0.5714285714285714
HS002596,7,22.66,17.57,29.4,4.140503190032181,0,100.0,0.5714285714285714
HS002597,11,4.413636363636363,2.07,7.77,1.887226921847358,0,100.0,0.2727272727272727
HS002598,11,10.531818181818181,8.17,14.8,1.86510492027563,1,90.9090909090909,0.18181818181818182
HS002599,14,11.312857142857142,8.2,18.06,2.445615947494079,1,92.85714285714286,0.2857142857142857
HS002600,12,13.790833333333333,12.09,17.21,1.4469683563376308,2,83.33333333333334,0.16666666666666666
HS002601,9,5.08,2.35,7.38,1.8318979229203793,0,100.0,0.5555555555555556
HS002602,12,10.119166666666667,8.01,11.57,1.1613899065996378,0,100.0,0.16666666666666666
HS002603,10,-16.996000000000002,-19.34,-15.23,1.4265436083999217,0,100.0,0.2
HS002604,5,19.176,15.31,24.87,3.5209700367938375,0,100.0,0.0
HS002605,9,5.432222222222222,3.88,7.3,1.3091101727679166,0,100.0,0.0
HS002606,15,13.339333333333334,12.04,14.55,0.9527663981920274,0,100.0,0.26666666666666666
HS002607,4,4.79,3.92,6.45,1.1544984481005884,0,100.0,0.5
HS002608,5,20.594,17.8,26.74,3.6258902355145812,0,100.0,0.0
HS002609,5,0.0040000000000000036,-1.87,1.81,1.3503999407582925,0,100.0,0.2
HS002610,10,9.794,8.17,15.74,2.2355024292339998,1,90.0,0.1
HS002611,6,5.38,2.89,8.32,2.0729399412428715,1,83.33333333333334,0.3333333333333333
HS002612,6,3.7383333333333333,2.88,4.92,0.666885797319651,0,100.0,0.0
HS002613,7,4.29,2.85,5.63,0.9460091613368937,0,100.0,0.14285714285714285
HS002614,9,9.77111111111111,8.1,11.64,1.3933901503567159,0,100.0,0.3333333333333333
HS002615,13,21.27769230769231,15.1,27.27,4.388942837491648,0,100.0,0.23076923076923078
HS002616,7,14.445714285714287,12.48,18.59,2.011863623135335,1,85.71428571428571,0.7142857142857143
HS002617,9,13.984444444444444,12.62,14.83,0.6370657562432452,0,100.0,0.4444444444444444
HS002618,12,13.601666666666667,12.12,14.75,0.9200378780081273,0,100.0,0.25
HS002619,5,0.26799999999999996,-1.55,2.98,1.6918835657337652,0,100.0,0.4
HS002620,7,4.25,2.76,5.96,1.149231627363837,0,100.0,0.0
HS002621,3,11.096666666666666,10.65,11.41,0.39715656022950635,0,100.0,0.0
HS002622,11,5.075454545454545,2.96,7.98,1.6650427239945742,0,100.0,0.18181818181818182
HS002623,8,6.7524999999999995,3.31,11.09,2.473844607661755,1,87.5,0.25
HS002624,7,11.129999999999999,8.05,16.6,2.8851285355537746,1,85.71428571428571,0.14285714285714285
HS002625,12,23.675833333333333,15.45,28.92,4.726758370910206,0,100.0,0.4166666666666667
HS002626,8,4.715,0.61,7.98,2.6553181138451727,1,87.5,0.5
HS002627,8,13.52125,12.49,14.35,0.730135750587323,0,100.0,0.5
HS002628,8,21.26125,16.69,29.14,4.355113373954804,0,100.0,0.25
HS002629,11,22.819090909090907,18.05,27.09,3.372495973445942,0,100.0,0.18181818181818182
HS002630,13,5.261538461538462,2.65,10.32,2.041122428770692,1,92.3076923076923,0.07692307692307693
HS002631,9,20.482222222222223,15.12,30.95,5.307724978222256,1,88.88888888888889,0.2222222222222222
HS002632,7,4.935714285714285,2.23,7.0,1.6796314788553783,0,100.0,0.14285714285714285
HS002633,8,5.15125,3.33,7.82,1.4471492913409354,0,100.0,0.125
HS002634,5,19.413999999999998,16.27,24.36,3.046757292598149,0,100.0,0.4
HS002635,15,5.494,2.11,11.37,2.4035711526215082,1,93.33333333333333,0.2
HS002636,3,11.5,10.55,12.05,0.8261355820929153,0,100.0,0.0
HS002637,16,1.4481249999999999,-1.95,3.51,1.7830506395874832,0,100.0,0.3125
HS002638,6,4.64,2.33,7.75,2.170050690652179,0,100.0,0.3333333333333333
HS002639,5,9.966,8.39,11.92,1.286440826466574,0,100.0,0.0
HS002640,8,24.985,17.4,28.48,3.8230728104870977,0,100.0,0.125
HS002641,4,1.6799999999999997,-1.57,5.38,3.1259665172017863,1,75.0,0.0
HS002642,10,-0.6699999999999999,-6.31,1.73,2.2618379940020263,1,90.0,0.1
HS002643,9,-0.2155555555555555,-3.53,2.81,1.8028734780282774,1,88.88888888888889,0.1111111111111111
HS002644,9,0.9277777777777779,-1.6,2.99,1.4398331307635772,0,100.0,0.3333333333333333
HS002645,7,10.904285714285715,8.93,12.86,1.4064832875278819,0,100.0,0.42857142857142855
HS002646,6,22.86,17.55,27.82,3.6370592516482314,0,100.0,0.6666666666666666
HS002647,12,-16.968333333333334,-19.87,-12.3,2.425117929028807,2,83.33333333333334,0.08333333333333333
HS002648,10,5.221,2.37,9.55,2.3155294570932727,1,90.0,0.1
HS002649,13,5.167692307692307,2.15,7.31,1.9407135880312762,0,100.0,0.23076923076923078
HS002650,13,10.487692307692308,6.49,12.59,1.5140737203878913,1,92.3076923076923,0.38461538461538464
HS002651,9,10.802222222222222,8.85,15.67,2.1440019693191616,1,88.88888888888889,0.1111111111111111
HS002652,10,5.656000000000001,2.03,11.09,2.7909305497151546,1,90.0,0.4
HS002653,4,12.2675,8.57,13.97,2.4873061063461144,1,75.0,0.0
HS002654,5,-16.816,-19.36,-10.86,3.466890537643206,1,80.0,0.8
HS002655,14,24.365714285714287,16.66,29.12,4.363933853911936,0,100.0,0.21428571428571427
HS002656,5,5.534000000000001,3.67,7.28,1.5865623214989066,0,100.0,0.2
HS002657,4,4.05,3.25,4.72,0.6778888797829133,0,100.0,0.5
HS002658,7,6.4314285714285715,4.33,7.88,1.3598214168464497,0,100.0,0.14285714285714285
HS002659,8,13.31125,12.05,14.55,0.8667416405299634,0,100.0,0.25
HS002660,11,21.543636363636367,15.55,33.18,5.999523768979122,1,90.9090909090909,0.2727272727272727
HS002661,8,6.48625,3.75,10.51,2.1283859578831765,1,87.5,0.25
HS002662,9,10.774444444444445,8.64,15.07,1.9243512615366711,1,88.88888888888889,0.2222222222222222
HS002663,8,13.88375,12.45,14.96,0.9706100806046831,0,100.0,0.375
HS002664,9,23.051111111111112,17.6,27.86,3.75476512063153,0,100.0,0.4444444444444444
HS002665,10,9.982000000000001,8.13,12.66,1.7063528357288829,0,100.0,0.1
HS002666,7,-16.907142857142855,-19.33,-15.07,1.3993416819551752,0,100.0,0.14285714285714285
HS002667,6,13.775,12.35,14.75,1.037260815802853,0,100.0,0.3333333333333333
HS002668,9,13.224444444444446,12.14,14.88,1.0211893936864884,0,100.0,0.2222222222222222
HS002669,7,23.301428571428573,19.16,29.36,3.3574316998336116,0,100.0,0.2857142857142857
HS002670,8,14.2925,10.92,19.41,2.4642399581673393,2,75.0,0.25
HS002671,10,9.508,8.14,11.62,1.027108130194241,0,100.0,0.3
HS002672,10,5.806,2.39,9.89,2.1169852778578004,1,90.0,0.3
HS002673,9,19.99,13.74,24.14,3.4745791112018147,1,88.88888888888889,0.1111111111111111
HS002674,14,6.528571428571429,3.19,10.49,1.8248492335737563,1,92.85714285714286,0.2857142857142857
HS002675,10,15.096,12.36,19.72,2.7583054379254097,3,70.0,0.3
HS002676,9,24.025555555555556,12.45,29.63,5.951565153619491,1,88.88888888888889,0.4444444444444444
HS002677,6,5.616666666666667,3.39,6.87,1.332736533102723,0,100.0,0.16666666666666666
HS002678,14,21.735714285714288,15.68,28.73,4.574635276400504,0,100.0,0.21428571428571427
HS002679,10,4.496,2.16,6.92,1.5612829482334216,0,100.0,0.4
HS002680,8,5.38125,3.51,7.47,1.4241031012034007,0,100.0,0.375
HS002681,13,4.625384615384616,2.03,6.61,1.8398397366102994,0,100.0,0.3076923076923077
HS002682,10,4.837000000000001,2.44,7.0,1.5772764853097605,0,100.0,0.4
HS002683,9,6.335555555555556,3.52,11.7,2.9803779588800103,2,77.77777777777779,0.2222222222222222
HS002684,5,4.986,2.28,6.63,2.088331870177726,0,100.0,0.0
HS002685,5,25.494,23.47,27.67,1.8081565197736629,0,100.0,0.0
HS002686,10,1.3699999999999999,-1.31,3.58,1.686870870379038,0,100.0,0.1
HS002687,8,11.32625,8.71,12.95,1.595824350341496,0,100.0,0.375
HS002688,6,6.503333333333334,3.16,11.27,2.8438330940240966,1,83.33333333333334,0.16666666666666666
HS002689,5,1.812,-1.25,5.22,2.61787509251301,1,80.0,0.2
HS002690,6,7.065,5.95,7.94,0.7646633246076342,0,100.0,0.3333333333333333
HS002691,4,24.8325,18.04,28.97,4.718957335400834,0,100.0,0.0
HS002692,7,0.37,-1.19,3.05,1.3212746371086772,0,100.0,0.14285714285714285
HS002693,8,9.865,8.61,11.82,0.9073194428802748,0,100.0,0.0
HS002694,12,1.5816666666666668,-1.21,3.73,1.5801256183281662,0,100.0,0.08333333333333333
HS002695,10,-17.829,-19.85,-15.58,1.4911848383826276,0,100.0,0.2
HS002696,13,21.245384615384616,15.1,29.02,4.929382340254229,0,100.0,0.23076923076923078
HS002697,6,6.631666666666668,4.61,9.96,1.8332530285442508,1,83.33333333333334,0.0
HS002698,8,1.7974999999999999,-0.6,3.47,1.4010480770786258,0,100.0,0.375
HS002699,9,4.174444444444444,-0.93,7.93,2.7478769582675597,1,88.88888888888889,0.2222222222222222
HS002700,12,3.9425000000000003,2.12,7.14,1.6250657329362515,0,100.0,0.16666666666666666
HS002701,8,9.4125,8.21,11.81,1.2199619432003375,0,100.0,0.25
HS002702,6,20.533333333333335,15.96,28.15,4.613240365151881,0,100.0,0.0
HS002703,10,20.84,15.48,29.48,5.2033344010248745,0,100.0,0.4
HS002704,6,1.64,-0.94,2.99,1.4027401755136266,0,100.0,0.0
HS002705,9,1.4166666666666667,-1.36,3.76,2.2221273590863326,0,100.0,0.3333333333333333
HS002706,7,10.547142857142857,8.16,14.21,1.8365521526827957,1,85.71428571428571,0.42857142857142855
HS002707,10,2.2190000000000003,-1.18,7.18,2.5816250265632648,2,80.0,0.3
HS002708,8,5.14875,2.3,7.25,1.5257451341183148,0,100.0,0.125
HS002709,9,5.2988888888888885,2.4,8.03,1.967405934501345,1,88.88888888888889,0.1111111111111111
HS002710,7,10.854285714285714,9.58,11.99,1.062965304276315,0,100.0,0.0
HS002711,7,5.76,2.55,7.65,1.9326665516844854,0,100.0,0.5714285714285714
HS002712,6,10.756666666666666,8.55,14.11,2.1335572799122744,1,83.33333333333334,0.3333333333333333
HS002713,11,-17.740909090909092,-19.56,-15.07,1.4655337222012625,0,100.0,0.2727272727272727
HS002714,11,-16.76090909090909,-18.67,-15.54,1.1204860958124796,0,100.0,0.18181818181818182
HS002715,5,11.522,8.02,17.71,3.6423234342930066,1,80.0,0.0
HS002716,5,5.6259999999999994,2.49,7.77,2.38215868489066,0,100.0,0.2
HS002717,10,21.735999999999997,16.08,29.46,5.361913422982094,0,100.0,0.1
HS002718,8,2.26625,-1.36,6.55,2.4261076262782972,1,87.5,0.25
HS002719,11,10.746363636363636,8.19,13.99,1.6639547633711242,1,90.9090909090909,0.36363636363636365
HS002720,7,3.75,2.02,7.16,2.0786373741788955,0,100.0,0.42857142857142855
HS002721,16,5.0975,2.19,7.22,1.4790334681811632,0,100.0,0.25
HS002722,9,-16.61888888888889,-19.65,-11.26,2.5217971986484384,1,88.88888888888889,0.3333333333333333
HS002723,15,1.1413333333333333,-1.89,3.65,2.051441537298195,0,100.0,0.13333333333333333
HS002724,9,9.634444444444446,8.2,11.14,1.1392773050393739,0,100.0,0.3333333333333333
HS002725,7,1.3871428571428572,-1.3,3.64,1.5113207721031547,0,100.0,0.0
HS002726,16,5.00625,2.95,8.74,1.894514449667777,1,93.75,0.25
HS002727,11,4.820909090909091,2.34,6.94,1.6353253776876,0,100.0,0.36363636363636365
HS002728,10,9.888,7.19,11.82,1.5405179504165334,1,90.0,0.2
HS002729,6,4.653333333333333,2.41,6.35,1.4204881789957515,0,100.0,0.16666666666666666
HS002730,5,5.593999999999999,3.76,7.98,1.794848182994874,0,100.0,0.6
HS002731,3,14.203333333333333,13.82,14.51,0.3513308032799474,0,100.0,0.3333333333333333
HS002732,7,4.784285714285715,-0.8,7.73,2.8694009661882225,1,85.71428571428571,0.14285714285714285
HS002733,10,10.767,8.8,14.19,1.6056639332894869,1,90.0,0.3
HS002734,9,10.164444444444445,8.2,11.32,1.1833333333333333,0,100.0,0.1111111111111111
HS002735,9,-17.313333333333333,-18.76,-15.77,1.0811336642617324,0,100.0,0.3333333333333333
HS002736,9,10.564444444444444,8.15,12.96,1.5198282066660609,0,100.0,0.1111111111111111
HS002737,3,2.9233333333333333,2.03,3.53,0.7900210967647214,0,100.0,1.0
HS002738,7,10.697142857142856,8.4,15.3,2.2709815373219446,1,85.71428571428571,0.42857142857142855
HS002739,10,1.217,-0.85,3.8,1.6665069923512337,0,100.0,0.2
HS002740,7,4.8185714285714285,2.94,6.35,1.4623204000426693,0,100.0,0.2857142857142857
HS002741,8,24.27125,18.84,29.67,3.9698522372645404,0,100.0,0.125
HS002742,11,23.08727272727273,16.67,29.14,3.926963434790527,0,100.0,0.2727272727272727
HS002743,10,4.89,2.05,7.48,1.9657511993580923,0,100.0,0.3
HS002744,12,-17.455000000000002,-19.85,-13.42,1.9090240248023937,1,91.66666666666666,0.16666666666666666
HS002745,5,11.084,8.02,12.79,2.059254719552683,0,100.0,0.0
HS002746,14,1.035,-1.74,5.89,1.96423698241249,1,92.85714285714286,0.07142857142857142
HS002747,9,10.974444444444444,9.71,13.5,1.2088952716334769,1,88.88888888888889,0.4444444444444444
HS002748,6,3.481666666666667,2.14,4.19,0.8924217986281299,0,100.0,0.3333333333333333
HS002749,8,13.238750000000001,8.88,16.55,2.248151224577971,2,75.0,0.125
HS002750,7,21.584285714285716,16.77,29.01,5.26435769156712,0,100.0,0.5714285714285714
HS002751,10,4.454,3.15,6.88,1.2633922589599793,0,100.0,0.3
HS002752,11,1.229090909090909,-1.79,8.76,2.9347553715615025,1,90.9090909090909,0.18181818181818182
HS002753,5,5.1579999999999995,2.52,6.7,1.6769525932476448,0,100.0,0.4
HS002754,9,10.996666666666666,8.05,12.55,1.3548431643551957,0,100.0,0.2222222222222222
HS002755,10,10.607,8.72,12.78,1.4186304036718733,0,100.0,0.1
HS002756,8,23.635,17.03,29.79,4.984805484097218,0,100.0,0.25
HS002757,5,22.554,16.66,28.88,5.1789458386818445,0,100.0,0.2
HS002758,6,13.485,12.81,14.42,0.5873925433643159,0,100.0,0.5
HS002759,5,6.653999999999999,2.29,13.02,4.105926204889708,1,80.0,0.4
HS002760,9,5.591111111111111,2.2,12.66,3.1643579303092615,1,88.88888888888889,0.2222222222222222
HS002761,7,10.248571428571427,8.73,11.61,0.9459638571571427,0,100.0,0.42857142857142855
HS002762,3,6.06,2.64,9.51,3.4350982518699515,1,66.66666666666666,0.0
HS002763,3,16.373333333333335,12.41,21.94,4.963187819671279,1,66.66666666666666,0.3333333333333333
HS002764,7,10.491428571428571,8.09,13.0,1.881891146085311,0,100.0,0.2857142857142857
HS002765,7,6.328571428571428,2.38,7.61,1.8585426958724818,0,100.0,0.14285714285714285
HS002766,9,9.907777777777778,8.4,11.44,1.0981777836236013,0,100.0,0.0
HS002767,5,23.754,18.66,28.03,4.103739757830655,0,100.0,0.2
HS002768,8,-17.48875,-18.77,-15.36,1.2342081035454038,0,100.0,0.125
HS002769,3,24.666666666666668,19.37,29.42,5.04698259689226,0,100.0,0.0
HS002770,7,1.9042857142857144,-0.58,5.66,2.2054391636954995,1,85.71428571428571,0.14285714285714285
HS002771,8,24.447499999999998,15.14,32.57,6.0977132716172475,1,87.5,0.125
HS002772,6,3.5066666666666664,1.43,7.41,2.0751546127136327,1,83.33333333333334,0.16666666666666666
HS002773,9,1.0877777777777777,-1.62,3.65,1.7523397057775199,0,100.0,0.3333333333333333
HS002774,4,5.6,2.05,7.17,2.4144288489551036,0,100.0,0.0
HS002775,8,20.68,15.39,29.5,5.005006065359534,0,100.0,0.5
HS002776,16,13.69,12.12,17.94,1.4476325500623424,1,93.75,0.3125
HS002777,7,1.2342857142857144,-0.7,3.22,1.5695313222196527,0,100.0,0.0
HS002778,9,6.832222222222223,2.94,13.44,3.4347262546590875,2,77.77777777777779,0.4444444444444444
HS002779,11,5.0236363636363635,-0.91,7.75,2.6449282513038903,1,90.9090909090909,0.18181818181818182
HS002780,8,22.62875,17.51,28.87,3.360575790375384,0,100.0,0.125
HS002781,12,4.8175,2.05,7.93,2.1562599143382086,0,100.0,0.4166666666666667
HS002782,7,13.071428571428571,12.49,14.35,0.622988190670004,0,100.0,0.5714285714285714
HS002783,5,2.664,-0.05,6.28,2.3236243241970076,1,80.0,0.0
HS002784,9,4.713333333333334,3.42,7.02,1.3329666162361307,0,100.0,0.0
HS002785,9,10.377777777777778,8.59,11.95,1.1999768516285823,0,100.0,0.2222222222222222
HS002786,4,10.6625,9.13,14.27,2.4356159385256113,1,75.0,0.5
HS002787,8,13.975,12.57,18.33,1.891983086605163,1,87.5,0.25
HS002788,7,5.045714285714285,2.95,8.78,2.2445256153796147,1,85.71428571428571,0.5714285714285714
HS002789,8,24.90875,20.7,29.37,2.9214401414370967,0,100.0,0.25
HS002790,10,-0.056000000000000036,-1.84,2.3,1.3691619496774092,0,100.0,0.3
HS002791,5,10.081999999999999,8.41,11.44,1.2297235461679996,0,100.0,0.2
HS002792,9,5.6466666666666665,2.82,9.74,2.426875563353012,2,77.77777777777779,0.3333333333333333
HS002793,3,19.97,15.21,29.34,8.11500462107077,0,100.0,0.3333333333333333
HS002794,9,5.788888888888889,2.68,11.68,2.6658790503530185,1,88.88888888888889,0.3333333333333333
HS002795,8,11.20125,8.26,12.93,1.401605584422991,0,100.0,0.5
HS002796,12,13.806666666666667,12.09,14.75,0.9043966681348035,0,100.0,0.4166666666666667
HS002797,7,22.49857142857143,16.38,27.04,3.998734918993876,0,100.0,0.14285714285714285
HS002798,9,22.26,17.56,28.74,3.7528422562106196,0,100.0,0.3333333333333333
HS002799,6,9.545,8.28,11.18,1.2177971916538486,0,100.0,0.16666666666666666
HS002800,7,22.577142857142857,16.04,30.71,5.233503333605238,1,85.71428571428571,0.14285714285714285
HS002801,7,10.971428571428572,9.4,12.67,1.2225032865862926,1,85.71428571428571,0.2857142857142857
HS002802,10,11.267,8.39,14.42,1.8014626773202318,2,80.0,0.1
HS002803,4,4.9825,2.15,7.68,2.433986784406741,0,100.0,0.25
HS002804,9,4.016666666666667,2.36,5.64,1.1696046340537471,0,100.0,0.1111111111111111
HS002805,14,5.005714285714285,2.22,8.96,2.307035107884358,1,92.85714285714286,0.14285714285714285
HS002806,9,20.283333333333335,15.29,27.13,3.691771255102352,0,100.0,0.3333333333333333
HS002807,6,25.00833333333333,22.22,27.58,1.841199789992022,0,100.0,0.5
HS002808,9,11.41,9.51,17.66,2.4823073943409995,1,88.88888888888889,0.4444444444444444
HS002809,6,0.775,-1.5,3.87,2.0893707186614825,0,100.0,0.16666666666666666
HS002810,7,21.874285714285715,17.54,31.52,5.067237436522512,1,85.71428571428571,0.5714285714285714
HS002811,10,2.102,-1.33,5.31,2.1983721250052275,2,80.0,0.1
HS002812,7,21.184285714285714,17.0,29.95,4.300774570325897,0,100.0,0.14285714285714285
HS002813,7,4.615714285714286,2.21,9.76,2.5483907153525807,1,85.71428571428571,0.2857142857142857
HS002814,6,9.596666666666666,8.21,11.54,1.4242144033349284,0,100.0,0.16666666666666666
HS002816,9,18.48111111111111,15.99,23.29,2.5918836993798764,0,100.0,0.2222222222222222
HS002817,4,21.4575,15.56,26.76,5.239468007345784,0,100.0,0.25
HS002818,8,11.0375,9.16,13.7,1.5111750394974104,1,87.5,0.125
HS002819,10,10.120000000000001,8.59,11.77,1.1231008661538628,0,100.0,0.1
HS002820,6,4.451666666666667,2.52,7.45,1.7931582938119737,0,100.0,0.3333333333333333
HS002821,8,10.04625,9.0,11.52,0.8262468932295167,0,100.0,0.0
HS002822,14,9.589285714285714,5.94,11.52,1.394061384178309,1,92.85714285714286,0.2857142857142857
HS002823,5,21.107999999999997,16.34,28.3,4.876183958794006,0,100.0,0.4
HS002824,7,24.875714285714285,22.14,28.66,2.4381745708819205,0,100.0,0.0
HS002825,7,19.638571428571428,15.24,28.11,4.258487323653116,0,100.0,0.14285714285714285
HS002826,9,-18.00111111111111,-19.77,-15.88,1.2317512375115003,0,100.0,0.4444444444444444
HS002827,7,4.7871428571428565,2.03,6.8,1.575867108247755,0,100.0,0.2857142857142857
HS002828,10,21.165,16.09,27.12,4.646078992010361,0,100.0,0.2
HS002829,8,10.76375,8.97,12.34,1.0544455211829844,0,100.0,0.125
HS002830,6,9.933333333333332,6.99,12.6,2.196767321922525,1,83.33333333333334,0.3333333333333333
HS002831,4,23.005,15.98,28.7,5.3327010041816525,0,100.0,0.5
HS002832,14,4.890000000000001,3.16,7.91,1.3230035757844576,0,100.0,0.14285714285714285
HS002833,7,21.375714285714285,16.11,27.41,4.984238013119816,0,100.0,0.42857142857142855
HS002834,9,13.639999999999999,12.04,14.45,0.8633365508305557,0,100.0,0.3333333333333333
HS002835,5,22.336000000000002,18.98,26.43,2.9624871307737357,0,100.0,0.0
HS002836,6,-0.5566666666666666,-5.99,1.55,2.757779299847373,1,83.33333333333334,0.3333333333333333
HS002837,4,-16.7275,-19.72,-15.12,2.1059182478592717,0,100.0,0.25
HS002838,6,18.713333333333335,15.81,21.52,2.301275008917158,0,100.0,0.3333333333333333
HS002839,4,5.5675,2.66,7.68,2.1556340907800964,0,100.0,0.25
HS002840,7,5.065714285714286,2.15,7.32,1.6404050022566292,0,100.0,0.0
HS002841,6,-16.683333333333334,-19.22,-13.98,1.8221818423710259,1,83.33333333333334,0.16666666666666666
HS002842,11,22.67,15.88,28.27,3.900987054579905,0,100.0,0.0
HS002843,10,22.819,15.87,29.28,4.117262979752987,0,100.0,0.2
HS002844,9,5.345555555555555,3.03,7.02,1.4226569431095388,0,100.0,0.4444444444444444
HS002845,10,10.164,8.56,11.55,1.0678347770657741,0,100.0,0.2
HS002846,8,13.379999999999999,12.03,14.63,1.1099034707062205,0,100.0,0.375
HS002847,7,19.754285714285714,16.68,25.14,3.042750165792217,0,100.0,0.14285714285714285
HS002848,8,24.99625,15.6,29.97,4.9213991550022795,0,100.0,0.125
HS002849,10,24.281,16.88,29.9,4.599104864596541,0,100.0,0.3
HS002850,6,9.773333333333333,8.25,11.8,1.3924319253258546,0,100.0,0.3333333333333333
HS002851,10,5.452,2.97,7.96,1.773983590053126,0,100.0,0.2
HS002852,6,4.2,2.02,6.83,2.0920516246020315,0,100.0,0.3333333333333333
HS002853,7,4.574285714285715,2.9,6.64,1.275171323690234,0,100.0,0.42857142857142855
HS002854,14,9.715714285714286,8.01,11.72,1.2306390727880077,0,100.0,0.35714285714285715
HS002855,6,1.7850000000000001,-1.64,3.98,2.1844244093124394,0,100.0,0.0
HS002856,9,13.681111111111111,12.27,16.4,1.3666514226792106,1,88.88888888888889,0.2222222222222222
HS002857,14,5.404285714285714,2.05,13.0,3.222341991795395,2,85.71428571428571,0.2857142857142857
HS002858,8,10.6525,9.79,12.43,0.9398746116979038,0,100.0,0.25
HS002859,14,10.827142857142857,8.29,16.15,2.5416633819710954,3,78.57142857142857,0.2857142857142857
HS002860,7,9.495714285714286,5.24,10.92,1.9419050538312208,1,85.71428571428571,0.2857142857142857
HS002861,8,22.06125,15.96,29.28,4.974527795249946,0,100.0,0.25
HS002862,14,3.6407142857142856,-1.83,6.51,1.9968377472922,1,92.85714285714286,0.42857142857142855
HS002863,9,23.866666666666667,16.08,29.62,4.1052710020167975,0,100.0,0.2222222222222222
HS002864,8,5.86,2.27,9.08,2.044295198141124,1,87.5,0.125
HS002865,2,4.455,2.15,6.76,3.259762261269984,0,100.0,0.5
HS002866,7,4.024285714285715,2.58,5.97,1.3785119651621591,0,100.0,0.14285714285714285
HS002867,9,0.7722222222222223,-1.73,3.6,1.9022209241947803,0,100.0,0.1111111111111111
HS002868,14,4.582857142857143,-1.23,7.37,2.6004568491278266,2,85.71428571428571,0.21428571428571427
HS002869,15,5.224,2.29,7.89,1.668467217880788,0,100.0,0.26666666666666666
HS002870,4,20.8175,17.53,29.09,5.527901199068837,0,100.0,0.5
HS002871,12,22.175833333333333,16.05,27.63,4.46864522551468,0,100.0,0.25
HS002872,8,10.56875,8.11,12.53,1.8363118121464481,0,100.0,0.5
HS002873,8,4.885,2.84,6.64,1.6174141619970352,0,100.0,0.125
HS002874,9,10.81111111111111,8.31,12.95,1.7651731108055981,0,100.0,0.1111111111111111
HS002875,13,9.716153846153846,8.31,11.58,1.1496777697942036,0,100.0,0.15384615384615385
HS002876,6,5.386666666666667,2.7,8.48,2.2533412228658727,1,83.33333333333334,0.16666666666666666
HS002877,8,0.65875,-1.01,2.92,1.5076892205339554,0,100.0,0.125
HS002878,7,4.6571428571428575,2.41,6.77,1.7336158194720677,0,100.0,0.2857142857142857
HS002879,8,10.2025,8.02,12.16,1.2096014691978985,1,87.5,0.375
HS002880,5,24.476,15.76,29.4,6.234876101415327,0,100.0,0.2
HS002881,8,22.37625,15.89,29.97,4.88096869044894,0,100.0,0.125
HS002882,7,6.45,2.74,9.89,2.1256214777487235,1,85.71428571428571,0.14285714285714285
HS002883,8,22.62,17.17,26.92,3.6269152575865755,0,100.0,0.0
HS002884,15,10.542,8.31,14.87,1.9142779317539023,1,93.33333333333333,0.13333333333333333
HS002885,10,5.412000000000001,2.72,7.62,1.8018928319347347,0,100.0,0.1
HS002886,8,20.06625,16.42,28.44,3.9509562585711904,0,100.0,0.125
HS002887,11,23.88,16.17,29.04,4.624141001310406,0,100.0,0.2727272727272727
HS002888,3,24.27,20.0,29.78,5.006525741469828,0,100.0,0.0
HS002889,17,4.638235294117647,1.43,10.04,2.513581198445053,3,82.35294117647058,0.17647058823529413
HS002890,8,21.275,15.49,27.81,4.54485894799199,0,100.0,0.25
HS002891,11,5.292727272727273,2.68,7.28,1.9615712625805413,0,100.0,0.36363636363636365
HS002892,8,13.48625,8.6,17.3,2.4494427208769642,2,75.0,0.375
HS002893,11,11.100909090909092,9.43,15.8,1.7846201531163692,1,90.9090909090909,0.45454545454545453
HS002894,3,22.623333333333335,18.96,29.18,5.691276951030703,0,100.0,0.3333333333333333
HS002895,7,-17.86857142857143,-19.88,-15.56,1.6377060030362434,0,100.0,0.0
HS002896,6,4.8116666666666665,3.24,7.25,1.7765068721135493,0,100.0,0.3333333333333333
HS002897,8,23.76375,15.34,29.5,5.604997610551294,0,100.0,0.375
HS002898,9,-17.51222222222222,-19.92,-14.4,1.86685415725076,1,88.88888888888889,0.1111111111111111
HS002899,6,4.991666666666666,2.98,7.54,1.6518161721773603,0,100.0,0.3333333333333333
HS002900,9,6.072222222222222,2.51,11.43,3.101373799535368,2,77.77777777777779,0.2222222222222222
HS002901,10,0.24900000000000003,-1.91,2.66,1.4390154813467282,0,100.0,0.1
HS002902,7,5.867142857142857,2.22,7.7,1.8093158401793232,0,100.0,0.0
HS002903,8,1.7112500000000002,-1.74,6.41,2.556473226369261,1,87.5,0.25
HS002904,9,4.937777777777778,2.72,10.05,2.341002871515634,1,88.88888888888889,0.0
HS002905,9,4.934444444444444,2.25,7.75,2.1529404956425937,0,100.0,0.4444444444444444
HS002906,15,5.724,2.8,7.68,1.420692989856912,0,100.0,0.13333333333333333
HS002907,5,22.332,15.23,29.07,6.4001031241691715,0,100.0,0.0
HS002908,6,9.270000000000001,8.39,10.24,0.6018970011555136,0,100.0,0.16666666666666666
HS002909,7,5.661428571428572,3.76,7.45,1.3791595094045332,0,100.0,0.2857142857142857
HS002910,11,5.009090909090909,2.16,10.63,2.697841561491166,2,81.81818181818183,0.45454545454545453
HS002911,13,10.544615384615385,9.05,11.55,0.9199693417411201,0,100.0,0.15384615384615385
HS002912,16,5.61625,2.02,9.7,2.0174236871151616,1,93.75,0.375
HS002913,12,5.559166666666667,2.72,10.71,2.2319679792967597,1,91.66666666666666,0.16666666666666666
HS002914,6,5.708333333333333,2.52,8.99,2.1896065095506696,1,83.33333333333334,0.16666666666666666
HS002915,14,22.14071428571429,15.34,27.89,4.570738813004228,0,100.0,0.42857142857142855
HS002916,10,5.419,2.17,9.37,2.31340273671106,1,90.0,0.2
HS002917,9,10.83222222222222,8.07,15.23,2.086317196507867,1,88.88888888888889,0.1111111111111111
HS002918,4,4.0825000000000005,2.09,5.9,1.7520916071940993,0,100.0,0.0
HS002919,11,6.288181818181818,2.23,12.09,3.4172673825201865,3,72.72727272727273,0.2727272727272727
HS002920,5,4.91,3.44,7.09,1.670688480836568,0,100.0,0.2
HS002921,5,22.07,14.12,27.09,5.296295875420859,1,80.0,0.0
HS002922,10,5.17,2.26,7.57,2.062102486945464,0,100.0,0.4
HS002923,11,13.372727272727273,12.28,14.8,0.8976646468374578,0,100.0,0.18181818181818182
HS002924,9,7.057777777777777,2.48,14.98,3.640232745916728,2,77.77777777777779,0.5555555555555556
HS002925,4,14.0975,13.81,14.37,0.23314873650383225,0,100.0,0.0
HS002926,8,6.25625,3.19,11.54,2.6340297075014165,1,87.5,0.5
HS002927,10,10.277,8.7,12.92,1.1495994471505668,0,100.0,0.3
HS002928,8,5.6225000000000005,3.07,7.66,1.6953528920467944,0,100.0,0.5
HS002929,12,22.72083333333333,15.35,29.54,3.4051443924352656,0,100.0,0.25
HS002930,11,6.591818181818183,3.62,12.91,2.3429119410759687,1,90.9090909090909,0.18181818181818182
HS002931,9,11.166666666666666,8.66,13.61,1.781074114123272,1,88.88888888888889,0.2222222222222222
HS002932,6,5.2283333333333335,2.02,7.64,2.4460941655354698,0,100.0,0.0
HS002933,12,-17.166666666666668,-19.68,-12.25,2.070842311424962,1,91.66666666666666,0.16666666666666666
HS002934,9,0.8033333333333332,-1.31,3.55,1.760113632695344,0,100.0,0.4444444444444444
HS002935,9,10.113333333333333,8.1,12.51,1.768905028541669,1,88.88888888888889,0.2222222222222222
HS002936,4,24.072499999999998,20.57,29.15,3.652436401454057,0,100.0,0.0
HS002937,9,5.23,2.51,11.64,2.8056371825309134,1,88.88888888888889,0.3333333333333333
HS002938,9,5.335555555555555,3.55,8.92,1.904410086556406,1,88.88888888888889,0.2222222222222222
HS002939,12,13.083333333333334,12.07,14.98,0.8541910935162135,0,100.0,0.25
HS002940,4,5.0,3.83,6.75,1.360367597379473,0,100.0,0.5
HS002941,8,4.29125,2.02,6.72,1.5336272363256984,0,100.0,0.0
HS002942,10,10.841,9.36,12.24,1.057538546710132,0,100.0,0.3
HS002943,7,1.0285714285714285,-1.6,3.36,1.915397509408326,0,100.0,0.2857142857142857
HS002944,3,3.4933333333333336,2.14,5.63,1.8722268381083882,0,100.0,0.0
HS002945,8,21.65125,16.88,27.85,4.090188390701408,0,100.0,0.25
HS002946,9,23.14888888888889,16.05,29.47,4.681259030550553,0,100.0,0.3333333333333333
HS002947,11,11.321818181818182,8.02,17.1,2.498510829201339,2,81.81818181818183,0.09090909090909091
HS002948,5,11.678,8.9,13.6,1.833144838794796,2,60.0,0.4
HS002949,6,21.141666666666666,16.09,26.66,4.37828923972214,0,100.0,0.5
HS002950,6,24.573333333333334,19.35,28.56,3.3251867115496934,0,100.0,0.0
HS002951,8,25.025,17.52,29.89,4.859620796493724,0,100.0,0.375
HS002952,7,9.758571428571429,8.42,11.55,1.198741403464881,0,100.0,0.14285714285714285
HS002953,11,9.73090909090909,8.51,12.16,1.0418200856717492,0,100.0,0.36363636363636365
HS002954,11,9.978181818181818,8.4,11.66,1.2636440810751908,0,100.0,0.18181818181818182
HS002955,7,19.49142857142857,10.48,28.7,6.101946215679684,1,85.71428571428571,0.14285714285714285
HS002956,8,1.42625,-1.56,3.78,1.999449477802756,0,100.0,0.25
HS002957,10,5.233,3.31,7.74,1.617055279753224,0,100.0,0.3
HS002958,7,-0.5228571428571429,-1.87,0.77,1.0863043509335415,0,100.0,0.14285714285714285
HS002959,7,10.215714285714284,8.15,11.87,1.2777826776993697,0,100.0,0.2857142857142857
HS002960,11,0.7445454545454545,-1.65,3.71,1.6036231704260426,0,100.0,0.45454545454545453
HS002961,10,10.814,8.47,14.33,2.0563516776617328,2,80.0,0.4
HS002962,8,-18.44375,-22.08,-15.76,2.144980436141218,1,87.5,0.125
HS002963,3,6.956666666666667,6.16,7.62,0.7390759997005268,0,100.0,0.0
HS002964,7,4.411428571428571,2.28,7.2,1.8486520185568418,0,100.0,0.42857142857142855
HS002965,8,4.215,2.5,7.24,1.4943034688920644,0,100.0,0.5
HS002966,9,22.754444444444445,19.21,29.4,3.544369164996471,0,100.0,0.3333333333333333
HS002967,9,5.564444444444444,2.75,7.83,1.85562059100932,0,100.0,0.5555555555555556
HS002968,6,14.453333333333333,12.0,19.96,2.939194901102455,1,83.33333333333334,0.0
HS002969,11,13.136363636363637,12.11,14.47,0.8623372046626859,0,100.0,0.45454545454545453
HS002970,7,-16.20714285714286,-18.3,-10.11,2.937945508263183,1,85.71428571428571,0.2857142857142857
HS002971,7,8.930000000000001,8.08,10.24,0.7975378778883584,0,100.0,0.14285714285714285
HS002972,12,9.7025,8.58,11.9,0.9051280672820937,0,100.0,0.16666666666666666
HS002973,5,13.504,12.63,14.94,0.8760878951338156,0,100.0,0.2
HS002974,9,14.77222222222222,12.18,20.52,2.331012536312159,1,88.88888888888889,0.2222222222222222
HS002975,8,4.90625,3.06,7.61,1.4434674275111696,0,100.0,0.125
HS002976,10,1.3359999999999999,-1.61,3.92,2.0926177120747327,0,100.0,0.2
HS002977,8,13.37625,12.38,14.18,0.49578040934037987,0,100.0,0.125
HS002978,11,5.129090909090909,2.19,11.18,2.628225464245617,1,90.9090909090909,0.36363636363636365
HS002979,5,10.828,9.5,12.47,1.2318157329730781,0,100.0,0.2
HS002980,8,5.57875,2.88,9.72,2.2341916882846022,1,87.5,0.5
HS002981,8,10.125,8.09,12.68,1.9559360199878,0,100.0,0.125
HS002982,10,21.878999999999998,16.91,29.24,3.975473277205844,0,100.0,0.2
HS002983,8,22.13875,15.64,27.76,3.4355637403904633,0,100.0,0.125
HS002984,9,5.1688888888888895,2.25,7.43,1.9403250014137092,0,100.0,0.2222222222222222
HS002985,3,10.99,9.74,11.67,1.0839280418920807,0,100.0,0.0
HS002986,11,9.992727272727272,8.03,12.66,1.5288759983013074,0,100.0,0.36363636363636365
HS002987,4,12.129999999999999,8.09,14.54,2.826552670657315,1,75.0,0.75
HS002988,14,22.895000000000003,15.69,29.86,4.554437818892014,0,100.0,0.2857142857142857
HS002989,11,10.41,8.5,11.8,1.1397104895542554,0,100.0,0.09090909090909091
HS002990,3,21.313333333333333,15.62,26.17,5.324531278275427,0,100.0,0.0
HS002991,11,0.6163636363636363,-1.95,3.86,1.8992275941933483,0,100.0,0.36363636363636365
HS002992,4,4.3925,2.45,7.7,2.2975838758719274,0,100.0,0.0
HS002993,7,21.16,16.17,28.9,4.4087186347055525,0,100.0,0.0
HS002994,3,10.306666666666667,9.68,11.52,1.050967807943389,0,100.0,0.0
HS002995,10,22.291,15.67,29.42,4.417800986413439,0,100.0,0.4
HS002996,12,10.621666666666668,8.55,12.3,1.297906239318005,1,91.66666666666666,0.16666666666666666
HS002997,9,20.943333333333335,15.01,27.82,4.789219665039389,0,100.0,0.1111111111111111
HS002998,10,4.103,2.36,7.79,1.7153104675247568,0,100.0,0.3
HS002999,9,10.176666666666668,8.48,11.99,1.2637642185154634,0,100.0,0.4444444444444444
HS003000,9,21.58111111111111,16.43,29.2,4.509036605652155,0,100.0,0.2222222222222222
HS003001,11,9.805454545454545,8.4,11.88,1.2178289176757437,0,100.0,0.45454545454545453
HS003002,9,13.88,12.03,14.86,0.9162423260251625,0,100.0,0.2222222222222222
HS003003,4,18.487499999999997,15.85,20.68,1.992274663125878,0,100.0,0.25
HS003004,8,6.092499999999999,2.81,8.61,1.9528934577039414,1,87.5,0.125
HS003005,9,21.822222222222223,15.11,26.82,3.9955937536797275,0,100.0,0.2222222222222222
HS003006,9,-17.45111111111111,-19.51,-13.16,2.075339998918517,1,88.88888888888889,0.2222222222222222
HS003007,11,-18.33818181818182,-19.75,-16.6,1.0508931266481683,0,100.0,0.36363636363636365
HS003008,11,10.944545454545455,9.39,12.83,1.0188460495714118,0,100.0,0.18181818181818182
HS003009,14,13.387857142857143,12.03,14.98,1.1230807805142244,0,100.0,0.21428571428571427
HS003010,8,22.19125,15.69,29.24,5.136968081605002,0,100.0,0.125
HS003011,10,10.193000000000001,8.04,15.6,2.1517695560217924,1,90.0,0.4
HS003012,9,5.265555555555555,2.99,7.19,1.3621408802975474,0,100.0,0.2222222222222222
HS003013,8,10.33125,8.24,13.73,1.7350046315294296,1,87.5,0.125
HS003014,9,9.864444444444445,8.13,12.12,1.342815243351734,0,100.0,0.2222222222222222
HS003015,8,1.34625,-0.05,3.66,1.6309150586622925,0,100.0,0.25
HS003016,7,19.077142857142857,15.35,25.29,3.30224022084864,0,100.0,0.2857142857142857
HS003017,5,25.054,20.95,33.65,5.104608701947679,1,80.0,0.6
HS003018,8,23.5625,16.65,28.83,4.484117208866996,0,100.0,0.5
HS003019,5,10.05,8.3,11.93,1.6900147928346658,0,100.0,0.2
HS003020,5,5.636,3.61,7.91,1.9178451449478395,0,100.0,0.4
HS003021,6,10.655,8.38,11.63,1.24184942726564,0,100.0,0.3333333333333333
HS003022,9,5.496666666666666,3.09,7.73,1.8271357366107206,0,100.0,0.2222222222222222
HS003023,9,5.3566666666666665,2.36,7.55,1.5739837991542354,0,100.0,0.2222222222222222
HS003024,7,2.3542857142857145,-1.36,5.48,2.2280773261780147,1,85.71428571428571,0.14285714285714285
HS003025,7,15.055714285714286,12.3,18.39,1.889478386070762,2,71.42857142857143,0.14285714285714285
HS003026,12,21.4575,16.81,29.82,4.186304781937493,0,100.0,0.25
HS003027,5,25.588,17.31,30.99,5.948455261662478,1,80.0,0.6
HS003028,10,21.768,16.71,29.71,4.4273287657457745,0,100.0,0.1
HS003029,12,10.5325,8.1,14.3,1.6994016326610113,1,91.66666666666666,0.16666666666666666
HS003030,7,22.48,15.64,29.69,5.132338648218764,0,100.0,0.2857142857142857
HS003031,5,10.532,8.79,12.76,2.0246283609591167,0,100.0,0.2
HS003032,12,4.865,2.2,8.74,1.9593946189390414,1,91.66666666666666,0.5
HS003033,8,11.276250000000001,8.15,14.19,2.171792791352672,2,75.0,0.125
HS003034,9,10.126666666666667,8.04,12.75,1.6966805827851037,0,100.0,0.1111111111111111
HS003035,8,0.32,-1.1,3.12,1.5671448105209862,0,100.0,0.25
HS003036,11,11.877272727272727,8.31,15.38,1.9031977874571568,2,81.81818181818183,0.36363636363636365
HS003037,4,4.7524999999999995,1.17,6.81,2.6306954086958325,1,75.0,0.0
HS003038,11,-17.75,-19.88,-15.75,1.4229335894552502,0,100.0,0.2727272727272727
HS003039,8,24.41625,18.17,29.8,4.364915111267506,0,100.0,0.375
HS003040,5,6.764,2.11,12.59,3.805072929655883,1,80.0,0.2
HS003041,10,0.3380000000000001,-1.15,2.25,1.1414883072355824,0,100.0,0.3
HS003042,8,13.16125,12.55,14.29,0.6012472156157682,0,100.0,0.0
HS003043,6,19.87333333333333,15.86,28.6,5.03514713455989,0,100.0,0.5
HS003044,5,9.867999999999999,8.78,11.1,0.9463191850533303,0,100.0,0.0
HS003045,13,11.053076923076922,5.67,12.71,1.9834077770989031,1,92.3076923076923,0.5384615384615384
HS003046,6,10.729999999999999,9.07,13.09,1.324039274341966,1,83.33333333333334,0.16666666666666666
HS003047,7,-17.408571428571427,-19.81,-14.44,2.0357179615672747,2,71.42857142857143,0.14285714285714285
HS003048,4,4.62,2.08,7.04,2.346642992304823,0,100.0,0.25
HS003049,8,-17.4625,-19.68,-15.91,1.2845649624900817,0,100.0,0.125
HS003050,5,3.8300000000000005,-0.26,6.15,2.490562185531612,1,80.0,0.2
HS003051,8,4.48375,2.61,7.97,1.9394619099121282,0,100.0,0.375
HS003052,10,5.694,3.6,7.77,1.116812925745002,0,100.0,0.2
HS003053,12,9.9025,8.15,11.69,1.3215013844453245,0,100.0,0.25
HS003054,6,3.3683333333333336,0.93,6.56,1.8802490969727035,1,83.33333333333334,0.3333333333333333
HS003055,11,-16.580909090909092,-19.13,-12.75,2.0476838356809606,3,72.72727272727273,0.09090909090909091
HS003056,12,0.5683333333333332,-1.5,3.6,1.910368043233047,0,100.0,0.3333333333333333
HS003057,7,9.991428571428571,8.04,15.25,2.6075430873488847,1,85.71428571428571,0.14285714285714285
HS003058,7,-17.86,-19.99,-14.43,1.9193054299233703,1,85.71428571428571,0.2857142857142857
HS003059,8,4.79,2.38,7.93,1.9187049203638822,0,100.0,0.25
HS003060,14,10.34,8.06,13.89,1.6197150746587876,1,92.85714285714286,0.07142857142857142
HS003061,12,13.815833333333332,12.22,14.92,0.9029593601378778,0,100.0,0.25
HS003062,8,6.605,2.57,10.65,2.2201093924141926,1,87.5,0.0
HS003063,4,6.2125,5.67,7.32,0.7716378684331144,0,100.0,0.0
HS003064,12,5.421666666666667,2.58,9.62,1.7142336391801933,1,91.66666666666666,0.25
HS003065,5,12.844,10.78,17.84,2.8913457074518085,1,80.0,0.2
HS003066,9,22.574444444444442,19.56,27.63,2.730105818055002,0,100.0,0.2222222222222222
HS003067,5,13.284,10.69,17.39,2.4716148567282894,1,80.0,0.2
HS003068,12,-17.78,-19.78,-16.1,1.2073261214917717,0,100.0,0.08333333333333333
HS003069,10,23.075,15.96,28.22,4.038834402811452,0,100.0,0.1
HS003070,11,4.845454545454545,2.39,7.5,1.6494020955265192,0,100.0,0.5454545454545454
HS003071,9,9.324444444444445,8.07,11.13,1.1404945321121795,0,100.0,0.1111111111111111
HS003072,7,5.5928571428571425,2.17,7.0,1.59993452246974,0,100.0,0.2857142857142857
HS003073,9,22.313333333333333,16.26,28.27,4.915353496952178,0,100.0,0.4444444444444444
HS003074,9,18.98888888888889,16.24,23.57,2.3274258551264557,0,100.0,0.4444444444444444
HS003075,12,10.234166666666667,8.04,11.52,1.2119290283250794,0,100.0,0.16666666666666666
HS003076,7,3.827142857142857,2.48,5.13,0.9673281808795864,0,100.0,0.2857142857142857
HS003077,8,5.43,2.17,7.96,2.143155217363942,0,100.0,0.0
HS003078,8,14.467500000000001,12.69,21.17,2.7773612862365815,1,87.5,0.5
HS003079,7,-16.54285714285714,-19.65,-10.37,3.1406618956610317,1,85.71428571428571,0.14285714285714285
HS003080,2,5.845,4.55,7.14,1.831406563273158,0,100.0,0.5
HS003081,8,5.1850000000000005,2.22,7.45,2.4708124748176026,0,100.0,0.25
HS003082,12,21.12333333333333,15.59,28.88,3.9360093619006657,0,100.0,0.08333333333333333
HS003083,13,5.495384615384615,2.03,9.4,2.302945995113706,1,92.3076923076923,0.0
HS003084,10,-18.292,-21.31,-15.05,1.8216158882828297,1,90.0,0.1
HS003085,6,3.0416666666666665,-3.29,6.92,3.404546470040711,1,83.33333333333334,0.16666666666666666
HS003086,6,10.721666666666666,9.51,12.06,1.1099624618277264,1,83.33333333333334,0.3333333333333333
HS003087,10,4.481,2.06,7.68,2.1327522646154247,0,100.0,0.4
HS003088,9,21.572222222222223,15.21,29.83,4.763766308756596,0,100.0,0.2222222222222222
HS003089,6,4.47,2.25,7.73,2.0929405151604286,0,100.0,0.0
HS003090,11,10.393636363636363,9.0,13.77,1.5529215867343251,1,90.9090909090909,0.18181818181818182
HS003091,15,4.957333333333334,0.76,7.91,2.1275924242696305,1,93.33333333333333,0.2
HS003092,9,24.184444444444445,17.8,29.76,4.170572835687896,0,100.0,0.4444444444444444
HS003093,9,20.59111111111111,17.1,27.29,3.0401991893807074,0,100.0,0.1111111111111111
HS003094,10,1.748,-3.56,7.68,3.2156381775456153,2,80.0,0.2
HS003095,9,4.828888888888889,3.01,6.58,1.2412337052751634,0,100.0,0.3333333333333333
HS003096,7,1.2871428571428571,-0.28,3.6,1.478081124134873,0,100.0,0.2857142857142857
HS003097,9,21.257777777777775,15.15,28.75,5.196060473516877,0,100.0,0.2222222222222222
HS003098,9,23.311111111111114,16.77,29.81,3.714789511010161,0,100.0,0.4444444444444444
HS003099,5,20.484,15.97,24.6,4.078165028539183,0,100.0,0.0
HS003100,4,4.7675,2.25,6.69,2.0292260429368962,0,100.0,0.25
HS003101,14,10.485,8.13,15.44,2.075185811884361,2,85.71428571428571,0.2857142857142857
HS003102,9,1.788888888888889,-0.94,3.88,2.065620030671447,0,100.0,0.4444444444444444
HS003103,6,13.313333333333333,12.01,16.49,1.6485710984566804,1,83.33333333333334,0.5
HS003104,6,11.13,9.54,12.6,1.2001833193308429,1,83.33333333333334,0.16666666666666666
HS003105,10,5.583,2.03,13.04,3.4120083691443535,1,90.0,0.4
HS003106,10,-17.762999999999998,-19.9,-15.69,1.457578280726097,0,100.0,0.3
HS003107,6,21.814999999999998,15.38,26.64,4.456279838609779,0,100.0,0.0
HS003108,10,21.672,15.23,28.83,4.088870531359757,0,100.0,0.3
HS003109,11,21.37272727272727,15.47,29.84,5.201144279692865,0,100.0,0.09090909090909091
HS003110,12,5.379166666666666,2.65,7.71,1.8472311384306725,0,100.0,0.16666666666666666
HS003111,13,5.300000000000001,2.07,10.46,2.5180878989158955,1,92.3076923076923,0.46153846153846156
HS003112,8,10.379999999999999,8.2,11.7,1.2048829225874425,0,100.0,0.25
HS003113,7,-18.775714285714287,-19.74,-16.54,1.1786695485851415,0,100.0,0.2857142857142857
HS003114,7,14.247142857142858,13.27,14.82,0.6287478107507094,0,100.0,0.14285714285714285
HS003115,8,10.2225,8.54,11.21,0.9669059638129982,0,100.0,0.125
HS003116,7,11.651428571428571,7.08,14.07,2.4130301046017406,2,71.42857142857143,0.14285714285714285
HS003117,12,21.713333333333335,15.47,33.82,5.781749237248554,1,91.66666666666666,0.16666666666666666
HS003118,9,5.485555555555555,2.83,7.51,1.5283087966041995,0,100.0,0.2222222222222222
HS003119,3,18.88,15.19,25.06,5.385564037313083,0,100.0,0.0
HS003120,10,21.696,16.7,27.19,3.8699503298563873,0,100.0,0.1
HS003121,9,24.071111111111108,15.5,29.14,4.183910982694435,0,100.0,0.3333333333333333
HS003122,8,13.45,12.4,14.57,0.6646803743153549,0,100.0,0.0
HS003123,8,24.0625,17.86,33.27,5.516035714170095,1,87.5,0.25
HS003124,7,23.40142857142857,21.05,27.48,2.6364523421410353,0,100.0,0.42857142857142855
HS003125,11,23.671818181818182,15.93,31.66,5.025604079475059,1,90.9090909090909,0.09090909090909091
HS003126,6,13.700000000000001,12.98,14.77,0.6833154469203808,0,100.0,0.16666666666666666
HS003127,10,10.116,8.04,11.93,1.3687804791127032,0,100.0,0.3
HS003128,14,20.7,13.88,29.53,5.355282079764441,1,92.85714285714286,0.07142857142857142
HS003129,9,14.536666666666665,12.19,17.95,1.9465739133153923,2,77.77777777777779,0.4444444444444444
HS003130,8,4.80875,2.16,7.41,2.0797007854840217,0,100.0,0.125
HS003131,8,3.41625,2.06,4.75,1.010628340616442,0,100.0,0.125
HS003132,8,13.44375,12.21,14.83,1.0089164980314276,0,100.0,0.5
HS003133,6,9.296666666666667,8.08,11.66,1.3801545807143007,0,100.0,0.3333333333333333
HS003134,9,22.70777777777778,15.79,29.1,5.274072851643637,0,100.0,0.2222222222222222
HS003135,11,21.985454545454544,15.71,32.82,5.684066086238555,1,90.9090909090909,0.18181818181818182
HS003136,6,22.271666666666665,17.09,28.07,3.9831716843072025,0,100.0,0.3333333333333333
HS003137,6,11.096666666666666,9.23,12.87,1.5727004376761224,0,100.0,0.16666666666666666
HS003138,13,10.61076923076923,4.01,14.85,2.619311173885422,2,84.61538461538461,0.3076923076923077
HS003139,10,4.502,2.45,7.7,1.6643370385164717,0,100.0,0.4
HS003140,5,4.098000000000001,2.43,4.84,0.9864684485577834,0,100.0,0.4
HS003141,15,10.530000000000001,8.33,16.6,2.178964367374032,2,86.66666666666667,0.2
HS003142,12,21.805833333333336,16.6,29.73,4.688745632475769,0,100.0,0.25
HS003143,12,24.686666666666667,16.4,33.09,5.028374639498485,1,91.66666666666666,0.08333333333333333
HS003144,10,7.476000000000001,4.73,11.47,2.0568595263437683,2,80.0,0.3
HS003145,4,7.7225,6.87,9.04,0.9445413348992898,1,75.0,0.0
HS003146,3,5.016666666666667,4.63,5.55,0.4772141378179541,0,100.0,0.3333333333333333
HS003147,5,8.815999999999999,8.01,10.64,1.0795276744947306,0,100.0,0.4
HS003148,11,10.461818181818181,8.03,14.67,2.338892123129317,1,90.9090909090909,0.18181818181818182
HS003149,11,5.305454545454546,2.47,7.42,1.926854242730174,0,100.0,0.2727272727272727
HS003150,9,4.818888888888889,2.14,5.79,1.1923657623024533,0,100.0,0.1111111111111111
HS003151,10,1.609,-1.97,3.87,1.9531481709736664,0,100.0,0.3
HS003152,10,20.253,15.03,29.72,4.986666778074865,0,100.0,0.6
HS003153,9,10.67111111111111,8.93,12.81,1.1665166570225698,0,100.0,0.0
HS003154,9,9.399999999999999,8.15,11.25,1.2006144260336034,0,100.0,0.1111111111111111
HS003155,7,8.974285714285715,2.59,10.99,2.9070022196004435,1,85.71428571428571,0.42857142857142855
HS003156,9,13.85888888888889,12.23,16.86,1.418612389312567,1,88.88888888888889,0.3333333333333333
HS003157,2,0.02499999999999991,-1.11,1.16,1.605132393293463,0,100.0,0.5
HS003158,6,25.401666666666667,17.81,29.79,4.1078530483290985,0,100.0,0.16666666666666666
HS003159,4,25.2125,18.18,28.6,4.855384468127457,0,100.0,0.25
HS003160,10,-16.736,-19.91,-13.93,1.7114594162098427,1,90.0,0.3
HS003161,9,5.802222222222222,0.21,9.34,2.77735385654123,2,77.77777777777779,0.2222222222222222
HS003162,13,13.59,12.12,14.72,0.8790809594874262,0,100.0,0.3076923076923077
HS003163,5,4.936,2.4,7.57,2.400277067340352,0,100.0,0.2
HS003164,9,5.470000000000001,2.21,8.0,2.066198199592672,0,100.0,0.4444444444444444
HS003165,7,21.12142857142857,15.22,28.46,5.270466230393121,0,100.0,0.2857142857142857
HS003166,6,4.423333333333333,2.16,7.19,1.714463958987376,0,100.0,0.16666666666666666
HS003167,7,10.29857142857143,8.24,12.77,1.701209653662442,0,100.0,0.14285714285714285
HS003168,11,11.206363636363635,8.48,12.94,1.4559208270182327,0,100.0,0.0
HS003169,11,14.053636363636365,12.2,16.37,1.2872006271539242,2,81.81818181818183,0.2727272727272727
HS003170,12,20.171666666666667,11.6,29.88,5.31054668189689,1,91.66666666666666,0.4166666666666667
HS003171,9,9.76,6.61,11.9,1.5389200758973813,1,88.88888888888889,0.3333333333333333
HS003172,3,10.203333333333333,8.81,11.57,1.380193223187729,0,100.0,0.0
HS003173,11,13.782727272727271,12.52,14.87,0.8118508595683189,0,100.0,0.2727272727272727
HS003174,5,19.806,15.71,25.58,3.9929850988953106,0,100.0,0.4
HS003175,11,5.5227272727272725,2.07,8.05,2.0211337952203507,1,90.9090909090909,0.45454545454545453
HS003176,5,-17.938,-19.69,-15.81,1.8537178857636345,0,100.0,0.2
HS003177,6,4.0,2.17,7.67,1.9922449648574845,0,100.0,0.0
HS003178,9,9.736666666666666,8.13,11.86,1.2592060990957752,0,100.0,0.1111111111111111
HS003179,9,21.549999999999997,16.68,29.11,4.945733009372827,0,100.0,0.0
HS003180,7,13.635714285714286,12.09,14.81,0.9571982926377228,0,100.0,0.2857142857142857
HS003181,7,9.398571428571428,8.18,11.0,1.2307779189253782,0,100.0,0.14285714285714285
HS003182,8,0.18500000000000005,-1.43,3.39,1.8540765895722864,0,100.0,0.375
HS003183,13,10.951538461538462,9.49,12.02,0.8094941440373546,1,92.3076923076923,0.07692307692307693
HS003184,9,9.850000000000001,8.02,11.88,1.4389840165894827,0,100.0,0.2222222222222222
HS003185,3,24.473333333333333,21.9,25.94,2.23582945086009,0,100.0,0.0
HS003186,8,5.33875,2.46,7.89,2.317655450172498,0,100.0,0.375
HS003187,6,11.145000000000001,8.64,12.79,1.6897070752056402,0,100.0,0.16666666666666666
HS003188,10,5.878,2.23,9.71,2.0031796946077725,1,90.0,0.1
HS003189,10,4.808,2.24,7.56,1.986134156820452,0,100.0,0.0
HS003190,6,9.191666666666666,8.31,10.49,0.8330526193864745,0,100.0,0.6666666666666666
HS003191,8,10.47,8.89,11.76,1.182865769464747,0,100.0,0.375
HS003192,9,1.6966666666666665,-1.76,3.15,1.4964290828502365,0,100.0,0.2222222222222222
HS003193,8,0.02124999999999999,-1.92,2.6,1.851126587475082,0,100.0,0.25
HS003194,8,23.1475,9.78,37.05,8.229524808360964,2,75.0,0.0
HS003195,10,5.252,2.4,7.1,1.5163391587782873,0,100.0,0.3
HS003196,6,10.305,9.15,11.94,1.1533906536815701,0,100.0,0.16666666666666666
HS003197,6,5.133333333333334,2.85,7.93,2.1798042725590445,0,100.0,0.16666666666666666
HS003198,9,-17.16111111111111,-18.94,-15.59,1.0226979569311316,0,100.0,0.2222222222222222
HS003199,7,13.218571428571428,10.82,14.73,1.3217340702202367,1,85.71428571428571,0.2857142857142857
HS003200,11,1.750909090909091,-0.39,3.83,1.5578540017951268,0,100.0,0.18181818181818182
HS003201,4,13.5,12.43,14.79,1.2282779272895306,0,100.0,0.0
HS003202,12,22.906666666666666,16.86,32.29,5.1264631318701825,1,91.66666666666666,0.16666666666666666
HS003203,6,18.726666666666667,15.57,24.54,3.118991289931196,0,100.0,0.0
HS003204,10,6.063000000000001,2.25,7.94,1.8516902188721165,0,100.0,0.1
HS003205,8,28.70375,24.84,33.42,2.3938369529153105,1,87.5,0.25
HS003206,9,20.203333333333333,15.3,27.49,4.377599227887359,0,100.0,0.6666666666666666
HS003207,10,13.694999999999999,12.25,14.7,0.850192788594315,0,100.0,0.5
HS003208,9,5.193333333333333,2.34,7.76,1.696312176458095,0,100.0,0.2222222222222222
HS003209,6,1.915,-0.81,3.48,1.6750611929120682,0,100.0,0.3333333333333333
HS003210,6,9.795,8.44,11.83,1.3039133406787438,0,100.0,0.0
HS003211,7,5.418571428571428,2.11,10.61,2.8216982390718095,1,85.71428571428571,0.0
HS003212,9,11.596666666666668,8.77,16.26,2.26408369986624,1,88.88888888888889,0.3333333333333333
HS003213,11,22.895454545454545,15.03,29.81,4.529364996633333,0,100.0,0.2727272727272727
HS003214,5,4.61,3.46,6.37,1.219897536680848,0,100.0,0.4
HS003215,5,4.482,2.44,6.89,1.9215280377865944,0,100.0,0.4
HS003216,5,6.311999999999999,4.96,8.26,1.4759810296883897,1,80.0,0.0
HS003217,6,13.358333333333334,12.28,14.49,0.7290381791557059,0,100.0,0.16666666666666666
HS003218,9,21.85111111111111,16.3,27.16,3.785784081417098,0,100.0,0.2222222222222222
HS003219,9,8.97888888888889,4.98,11.51,1.953218142223523,1,88.88888888888889,0.3333333333333333
HS003220,8,10.40625,8.93,12.29,1.0306577303561335,1,87.5,0.0
HS003221,4,6.7425,5.47,7.38,0.8616795614766937,0,100.0,0.75
HS003222,11,5.216363636363637,2.12,7.92,2.052804290366097,0,100.0,0.09090909090909091
HS003223,7,5.351428571428571,4.62,6.23,0.6174525237195319,0,100.0,0.42857142857142855
HS003224,9,10.252222222222223,9.0,11.68,0.880238288444921,0,100.0,0.1111111111111111
HS003225,4,5.72,3.79,7.99,1.8453184007102947,0,100.0,0.5
HS003226,13,10.203076923076923,2.72,12.93,2.7272555943517793,1,92.3076923076923,0.23076923076923078
HS003227,3,9.983333333333333,8.75,11.91,1.6902465303420486,0,100.0,0.6666666666666666
HS003228,7,4.494285714285715,3.67,5.87,0.8799215332982281,0,100.0,0.2857142857142857
HS003229,3,12.246666666666668,9.5,16.14,3.46533307682441,1,66.66666666666666,0.0
HS003230,14,10.631428571428572,8.09,12.69,1.3887008712786604,0,100.0,0.07142857142857142
HS003231,14,-16.86785714285714,-19.97,-10.12,2.5539236136141232,2,85.71428571428571,0.14285714285714285
HS003232,5,5.196,2.32,6.68,1.7115577699861608,0,100.0,0.0
HS003233,8,10.385,8.1,12.76,1.8100591939807618,0,100.0,0.125
HS003234,6,4.57,2.21,6.73,1.9403298688625088,0,100.0,0.5
HS003235,13,9.973846153846154,5.27,12.88,2.0625531850174537,1,92.3076923076923,0.23076923076923078
HS003236,7,25.76142857142857,22.66,29.49,2.572854631023866,0,100.0,0.0
HS003237,10,13.547999999999998,12.45,16.38,1.2971233129077928,1,90.0,0.3
HS003238,13,14.783846153846154,13.15,17.6,1.3477916410529887,3,76.92307692307693,0.15384615384615385
HS003239,4,5.67,4.36,6.72,1.0875967389922911,0,100.0,0.75
HS003240,7,13.665714285714285,12.56,14.93,0.8778165553017919,0,100.0,0.14285714285714285
HS003241,9,13.761111111111111,12.23,14.86,1.1377438688523485,0,100.0,0.5555555555555556
HS003242,9,10.926666666666668,8.11,13.17,1.3995267057116132,1,88.88888888888889,0.3333333333333333
HS003243,4,-16.425,-19.33,-11.2,3.595149510103856,1,75.0,0.25
HS003244,9,0.6344444444444445,-1.91,3.57,1.8349394479867114,0,100.0,0.2222222222222222
HS003245,3,-18.003333333333334,-19.3,-17.08,1.1561285972301425,0,100.0,0.0
HS003246,8,22.89125,16.98,27.47,3.6912577705399325,0,100.0,0.25
HS003247,7,5.392857142857143,2.27,13.21,3.7386927942161567,1,85.71428571428571,0.14285714285714285
HS003248,13,23.712307692307693,17.71,29.9,4.328113819063591,0,100.0,0.07692307692307693
HS003249,10,5.201,3.42,7.07,1.3243149172307922,0,100.0,0.4
HS003250,5,23.904,18.96,28.56,3.72874375628039,0,100.0,0.0
HS003251,20,5.664499999999999,2.01,7.95,1.8572545527428947,0,100.0,0.3
HS003252,6,5.6066666666666665,4.0,9.1,2.194827252124109,1,83.33333333333334,0.6666666666666666
HS003253,10,9.895,8.29,12.63,1.4692571819346902,0,100.0,0.3
HS003254,12,5.024166666666667,2.43,12.5,2.6466289307286157,1,91.66666666666666,0.3333333333333333
HS003255,6,10.411666666666667,9.23,11.75,0.8998092390427359,0,100.0,0.16666666666666666
HS003256,7,5.904285714285714,3.77,7.81,1.4988201709217501,0,100.0,0.14285714285714285
HS003257,12,10.615,8.34,14.79,1.6807601094310116,1,91.66666666666666,0.16666666666666666
HS003258,5,11.4,8.56,17.9,3.8239246854507996,1,80.0,0.6
HS003259,11,24.25818181818182,16.6,28.38,3.243454387475853,0,100.0,0.36363636363636365
HS003260,12,4.333333333333333,-1.97,10.99,3.386949105378503,3,75.0,0.25
HS003261,7,-0.08999999999999993,-4.01,2.91,2.4039897393014527,1,85.71428571428571,0.14285714285714285
HS003262,11,4.636363636363637,2.22,10.54,2.3465986990845824,1,90.9090909090909,0.18181818181818182
HS003263,15,1.248,-1.22,5.04,1.6961477361530577,1,93.33333333333333,0.2
HS003264,7,23.192857142857143,16.57,29.19,4.6400097495792485,0,100.0,0.2857142857142857
HS003265,8,-18.81,-19.98,-17.8,0.8085790004693427,0,100.0,0.375
HS003266,10,0.5660000000000001,-1.55,3.05,1.5974090132322263,0,100.0,0.3
HS003267,6,5.463333333333334,3.87,6.23,0.8476477255715763,0,100.0,0.0
HS003268,12,5.220833333333333,2.08,9.48,2.1894269002447087,1,91.66666666666666,0.08333333333333333
HS003269,10,4.237,-0.49,7.28,2.412900743917992,1,90.0,0.0
HS003270,8,22.53,16.77,28.89,4.266946047400714,0,100.0,0.375
HS003271,8,5.16625,2.03,7.58,1.91575376810278,0,100.0,0.5
HS003272,6,4.288333333333333,0.55,7.14,2.1801230852102518,1,83.33333333333334,0.3333333333333333
HS003273,7,5.897142857142858,2.5,9.22,2.377784082471986,1,85.71428571428571,0.42857142857142855
HS003274,8,4.4262500000000005,2.29,6.94,1.9495929062242712,0,100.0,0.375
HS003275,5,23.722,18.69,28.32,3.9154782594211905,0,100.0,0.2
HS003276,2,5.4,4.37,6.43,1.4566399692442873,0,100.0,0.5
HS003277,9,4.8788888888888895,2.16,7.82,1.9216558253524774,0,100.0,0.3333333333333333
HS003278,6,7.4366666666666665,5.06,11.32,2.2685737075675254,2,66.66666666666666,0.3333333333333333
HS003279,2,5.295,3.34,7.25,2.764787514439401,0,100.0,0.0
HS003280,9,10.304444444444444,9.1,11.19,0.583461890595931,0,100.0,0.5555555555555556
HS003281,10,5.856,2.15,9.37,2.427715890388421,2,80.0,0.2
HS003282,4,24.0975,19.22,33.08,6.279938295875207,1,75.0,0.5
HS003283,10,-17.464,-19.37,-15.28,1.323616258588569,0,100.0,0.3
HS003284,3,14.006666666666666,13.11,14.73,0.823792044956331,0,100.0,0.3333333333333333
HS003285,5,4.49,1.76,6.74,2.272531627942722,1,80.0,0.4
HS003286,8,5.3875,3.16,12.05,2.88046003270311,1,87.5,0.25
HS003287,4,12.075,9.8,12.86,1.516805854419081,0,100.0,0.5
HS003288,8,-18.017500000000002,-19.93,-15.87,1.4864507103451876,0,100.0,0.125
HS003289,8,2.4725,-1.85,7.35,2.901998080141139,1,87.5,0.25
HS003290,6,20.330000000000002,17.09,24.71,2.771245207483452,0,100.0,0.0
HS003291,8,13.0625,10.51,14.9,1.4193635394580408,1,87.5,0.125
HS003292,8,14.42875,12.14,18.81,2.0215230290904067,1,87.5,0.125
HS003293,10,5.404,2.21,6.81,1.600806741059714,0,100.0,0.3
HS003294,14,11.190714285714284,8.18,15.59,2.155741758066705,2,85.71428571428571,0.21428571428571427
HS003295,10,5.522,2.96,7.84,1.8149306690155778,0,100.0,0.1
HS003296,4,21.9175,19.35,24.73,2.2061032765187285,0,100.0,0.25
HS003297,13,13.306923076923077,12.03,14.95,0.8116175681459077,0,100.0,0.38461538461538464
HS003298,10,5.8229999999999995,3.38,7.85,1.606376529819692,0,100.0,0.1
HS003299,8,24.87375,20.45,27.67,2.8280075646494103,0,100.0,0.25
HS003300,9,5.587777777777777,3.0,7.94,1.9918444829967135,0,100.0,0.2222222222222222
HS003301,9,5.637777777777778,2.8,7.91,1.8710009204819877,0,100.0,0.1111111111111111
HS003302,5,1.392,-1.6,3.76,2.3875657059021433,0,100.0,0.2
HS003303,5,12.712,12.16,13.14,0.391752472870306,0,100.0,0.4
HS003304,8,13.215,12.02,14.79,1.128437605085646,0,100.0,0.25
HS003305,9,5.785555555555556,4.18,7.04,0.9800906987507727,0,100.0,0.3333333333333333
HS003306,6,6.645,2.08,11.15,3.202990789871242,1,83.33333333333334,0.3333333333333333
HS003307,9,10.032222222222224,8.14,12.44,1.8531782009414108,0,100.0,0.1111111111111111
HS003308,5,9.406,8.12,11.36,1.3380695049211755,0,100.0,0.4
HS003309,5,18.740000000000002,16.45,21.97,2.5924795081157344,0,100.0,0.2
HS003310,5,10.162,8.42,11.03,1.0091927467040176,0,100.0,0.6
HS003311,3,4.756666666666667,2.37,6.52,2.144069339674753,0,100.0,0.3333333333333333
HS003312,10,5.133,2.22,8.84,2.458116035594016,1,90.0,0.4
HS003313,8,1.86125,-0.92,3.71,1.7218879795984738,0,100.0,0.375
HS003314,7,10.68142857142857,8.68,12.61,1.4810404965364559,0,100.0,0.14285714285714285
HS003315,6,13.648333333333333,12.7,14.37,0.6538934673680923,0,100.0,0.16666666666666666
HS003316,9,6.024444444444445,2.12,11.29,3.2328977369811405,2,77.77777777777779,0.1111111111111111
HS003317,6,4.99,2.39,6.7,1.4601232824662445,0,100.0,0.3333333333333333
HS003318,11,13.759999999999998,12.59,15.04,0.8583006466268096,1,90.9090909090909,0.18181818181818182
HS003319,11,4.806363636363637,1.97,9.73,2.364386908808593,2,81.81818181818183,0.2727272727272727
HS003320,9,5.198888888888889,2.08,7.54,1.914173741098522,0,100.0,0.3333333333333333
HS003321,9,12.176666666666668,9.98,12.89,0.8807099408999535,0,100.0,0.1111111111111111
HS003322,8,0.4125,-1.94,3.6,2.0245757933100808,0,100.0,0.25
HS003323,10,13.646,12.15,15.0,1.0193374754657498,0,100.0,0.3
HS003324,8,5.68625,3.46,7.97,1.7498892822118775,0,100.0,0.25
HS003325,11,9.946363636363635,8.05,11.58,1.2662406779698137,0,100.0,0.18181818181818182
HS003326,10,4.442,2.12,7.67,2.221985098459883,0,100.0,0.1
HS003327,10,5.593999999999999,2.67,7.88,1.8909738819513668,0,100.0,0.3
HS003328,10,4.725,2.22,7.4,1.9496680629162377,0,100.0,0.2
HS003329,9,5.26,2.24,7.77,1.8010413654327875,0,100.0,0.3333333333333333
HS003330,8,24.82,18.71,29.96,3.889722722398456,0,100.0,0.0
HS003331,4,3.565,2.4,4.95,1.3468605470995627,0,100.0,0.25
HS003332,8,22.740000000000002,16.93,29.77,5.496198686364967,0,100.0,0.25
HS003333,11,10.184545454545455,8.24,12.77,1.6074847659394076,0,100.0,0.36363636363636365
HS003334,10,5.181,2.01,10.45,2.657573872705872,1,90.0,0.2
HS003335,8,9.8775,8.01,14.87,2.237733228068082,1,87.5,0.375
HS003336,8,5.01,3.19,7.64,1.7285584415096544,0,100.0,0.125
HS003337,6,-16.28,-17.64,-12.21,2.035357462462061,1,83.33333333333334,0.16666666666666666
HS003338,9,24.23,15.92,28.74,3.692441604142169,0,100.0,0.4444444444444444
HS003339,6,0.5583333333333333,-1.85,3.61,2.181086120873421,0,100.0,0.3333333333333333
HS003340,10,-16.468,-19.71,-9.93,2.6577007606826872,1,90.0,0.3
HS003341,11,13.516363636363637,12.1,16.01,1.1103267332391202,1,90.9090909090909,0.09090909090909091
HS003342,10,10.774000000000001,8.68,15.05,1.6917328394282596,1,90.0,0.1
HS003343,7,24.33142857142857,16.37,29.71,4.85677680693492,0,100.0,0.0
HS003344,15,13.666666666666666,12.15,15.0,1.0467000297988687,0,100.0,0.3333333333333333
HS003345,10,10.469,8.1,16.71,2.50638052444822,1,90.0,0.1
HS003346,7,24.194285714285716,16.55,27.05,3.6004946750081297,0,100.0,0.14285714285714285
HS003347,12,22.355833333333333,15.79,27.05,3.9027856213300534,0,100.0,0.25
HS003348,11,1.5154545454545456,-0.78,5.95,1.9018746732440794,1,90.9090909090909,0.36363636363636365
HS003349,6,4.776666666666666,2.76,7.88,2.3132372698594206,0,100.0,0.3333333333333333
HS003350,5,22.066,15.89,26.8,4.268598130534191,0,100.0,0.0
HS003351,11,10.6,8.04,12.82,1.8789571575743822,0,100.0,0.2727272727272727
HS003352,8,5.02875,2.3,10.0,2.8553980833301886,1,87.5,0.25
HS003353,3,5.1000000000000005,3.56,7.85,2.3872787855631774,0,100.0,0.0
HS003354,4,25.4,20.64,29.99,5.156878901040822,0,100.0,0.5
HS003355,11,24.12818181818182,15.07,29.08,5.230544557083552,0,100.0,0.09090909090909091
HS003356,5,-17.948,-19.32,-15.43,1.7420447755439594,0,100.0,0.2
HS003357,16,10.111875,8.14,11.99,1.1615806400475752,0,100.0,0.4375
HS003358,6,5.484999999999999,4.14,7.79,1.2778223663717898,0,100.0,0.3333333333333333
HS003359,8,10.53125,8.73,12.42,1.5571717723396563,0,100.0,0.5
HS003360,12,23.355,16.51,29.18,4.874895803082265,0,100.0,0.25
HS003361,7,13.422857142857143,12.28,14.9,0.984796328955287,0,100.0,0.2857142857142857
HS003362,7,11.152857142857142,8.88,16.92,2.79730652763043,1,85.71428571428571,0.0
HS003363,9,5.783333333333333,3.8,7.97,1.4872793954062564,0,100.0,0.2222222222222222
HS003364,10,6.693,2.69,10.37,2.4241701902117163,2,80.0,0.2
HS003365,8,21.98625,15.84,26.67,4.354911635974128,0,100.0,0.375
HS003366,6,11.54,4.71,14.83,3.7234607558023223,4,33.33333333333333,0.16666666666666666
HS003367,7,18.434285714285714,15.38,26.19,3.6856969360979623,0,100.0,0.0
HS003368,11,10.192727272727273,8.5,11.64,1.060613887417008,0,100.0,0.18181818181818182
HS003369,5,9.964,8.39,14.29,2.474202901946402,1,80.0,0.2
HS003370,12,5.258333333333334,2.19,7.73,1.7484217991888535,0,100.0,0.3333333333333333
HS003371,6,10.758333333333333,8.26,12.19,1.4835823760973532,0,100.0,0.0
HS003372,8,0.50125,-1.91,2.92,1.7085034177816059,0,100.0,0.25
HS003373,5,11.325999999999999,10.52,11.93,0.5850897367071137,0,100.0,0.0
HS003374,5,10.534,9.12,12.01,1.0684240731095502,1,80.0,0.2
HS003375,9,5.533333333333333,2.1,7.91,2.26881577039653,0,100.0,0.2222222222222222
HS003376,7,10.827142857142858,8.75,16.32,2.63305091915389,1,85.71428571428571,0.2857142857142857
HS003377,10,-16.969,-19.21,-15.32,1.3094566303114683,0,100.0,0.3
HS003378,9,4.577777777777778,2.23,7.73,2.2184103417637697,0,100.0,0.2222222222222222
HS003379,4,10.0975,9.29,10.54,0.5734907729568688,0,100.0,0.0
HS003380,9,5.6288888888888895,2.49,7.82,1.6261261055376706,0,100.0,0.3333333333333333
HS003381,9,10.601111111111111,9.1,11.82,0.8560876772335363,0,100.0,0.4444444444444444
HS003382,6,5.420000000000001,4.36,7.54,1.1142710621747296,0,100.0,0.5
HS003383,6,8.44,3.79,11.1,2.576796460724052,1,83.33333333333334,0.0
HS003384,9,20.529999999999998,15.17,29.79,5.077331976540435,0,100.0,0.1111111111111111
HS003385,8,-0.11625,-2.95,2.46,1.7873998473441008,1,87.5,0.5
HS003386,5,4.198,2.34,11.13,3.8764377977725895,1,80.0,0.2
HS003387,7,19.451428571428572,15.56,23.66,2.8859049913411248,0,100.0,0.14285714285714285
HS003388,13,6.189230769230769,2.79,14.03,3.0107071747859657,1,92.3076923076923,0.07692307692307693
HS003389,11,21.766363636363636,15.55,26.36,2.975457184122375,0,100.0,0.18181818181818182
HS003390,8,5.31625,2.08,11.17,2.9723196208637166,1,87.5,0.375
HS003391,7,22.275714285714287,15.37,28.59,5.535376702456233,0,100.0,0.14285714285714285
HS003392,7,21.791428571428572,16.52,29.71,5.330570415291496,0,100.0,0.2857142857142857
HS003393,8,24.814999999999998,17.4,29.64,5.036886793588732,0,100.0,0.25
HS003394,14,14.001428571428573,12.11,20.19,2.114768061997333,2,85.71428571428571,0.5714285714285714
HS003395,9,23.74888888888889,17.41,29.85,3.8100703551392745,0,100.0,0.2222222222222222
HS003396,4,22.8625,15.85,29.11,6.921682719300754,0,100.0,0.5
HS003397,10,-17.23,-19.94,-10.51,2.6514691944069213,1,90.0,0.3
HS003398,10,10.47,8.63,12.64,1.3824294235551813,0,100.0,0.3
HS003399,9,22.263333333333335,15.89,29.22,4.903735820779907,0,100.0,0.2222222222222222
HS003400,14,10.18142857142857,6.15,17.19,2.55456712317629,2,85.71428571428571,0.35714285714285715
HS003401,12,6.0825,3.62,9.16,1.7255045375457314,1,91.66666666666666,0.3333333333333333
HS003402,8,4.3775,3.26,6.57,1.2390405274128158,0,100.0,0.375
HS003403,8,13.65875,12.16,17.16,1.6867927089174721,1,87.5,0.375
HS003404,6,4.505,2.07,6.11,1.656958056198165,0,100.0,0.16666666666666666
HS003405,11,9.817272727272726,8.02,13.69,1.6885206004611901,1,90.9090909090909,0.2727272727272727
HS003406,12,3.8074999999999997,2.01,5.97,1.5679930716451755,0,100.0,0.25
HS003407,10,25.041,16.17,29.46,4.203301480185942,0,100.0,0.4
HS003408,7,4.668571428571428,2.99,6.71,1.694760834369937,0,100.0,0.5714285714285714
HS003409,13,5.312307692307693,2.93,7.77,1.766555753654333,0,100.0,0.15384615384615385
HS003410,3,14.446666666666667,14.11,14.85,0.3744774136491183,0,100.0,0.6666666666666666
HS003411,10,22.344,15.25,28.97,4.918968274840658,0,100.0,0.2
HS003412,7,21.505714285714284,15.21,26.38,4.607055665472461,0,100.0,0.14285714285714285
HS003413,6,14.090000000000002,12.31,18.04,2.3191981372879718,2,66.66666666666666,0.5
HS003414,7,6.162857142857143,3.71,7.69,1.5741634210559197,0,100.0,0.5714285714285714
HS003415,6,5.591666666666666,3.04,7.42,1.6203014122892894,0,100.0,0.0
HS003416,11,4.377272727272727,1.18,6.72,1.6923066560708844,1,90.9090909090909,0.36363636363636365
HS003417,9,5.135555555555555,2.36,7.5,1.6939385401418132,0,100.0,0.4444444444444444
HS003418,12,4.505833333333333,1.68,7.7,1.9399365422298709,1,91.66666666666666,0.16666666666666666
HS003419,9,2.5122222222222224,-1.27,7.56,2.898196757372495,1,88.88888888888889,0.2222222222222222
HS003420,7,11.308571428571428,8.82,12.92,1.5082818986231605,0,100.0,0.42857142857142855
HS003421,12,4.918333333333334,1.86,7.62,2.211062407463202,1,91.66666666666666,0.4166666666666667
HS003422,12,21.890833333333333,15.02,29.92,4.942685060375647,0,100.0,0.4166666666666667
HS003423,8,10.21625,8.03,14.56,2.106323387869421,1,87.5,0.25
HS003424,5,0.508,-1.64,2.19,1.5361868375949588,0,100.0,0.4
HS003425,10,13.85,12.08,18.34,1.8559334279248512,1,90.0,0.4
HS003426,10,22.15,16.96,29.99,4.39245312376176,0,100.0,0.4
HS003427,7,1.3499999999999999,-0.83,3.03,1.6198868273226168,0,100.0,0.42857142857142855
HS003428,7,6.011428571428572,4.51,7.86,1.4287340383643672,0,100.0,0.7142857142857143
HS003429,7,11.004285714285714,8.83,12.92,1.5257660059006115,0,100.0,0.2857142857142857
HS003430,8,5.8075,2.99,7.97,2.0174506543797155,0,100.0,0.125
HS003431,8,24.97375,15.8,29.77,4.9066308996820105,0,100.0,0.375
HS003432,12,5.351666666666667,2.25,7.36,2.0894663665562314,0,100.0,0.3333333333333333
HS003433,10,4.611,2.44,7.72,1.4703548324582516,0,100.0,0.3
HS003434,13,4.8100000000000005,2.46,7.3,1.493854075872205,0,100.0,0.15384615384615385
HS003435,9,5.805555555555555,2.86,8.6,2.0805234384110594,1,88.88888888888889,0.3333333333333333
HS003436,14,5.3028571428571425,2.38,8.89,2.0712888168088397,1,92.85714285714286,0.14285714285714285
HS003437,6,5.9316666666666675,2.43,7.47,2.0386016449190523,0,100.0,0.16666666666666666
HS003438,6,14.568333333333333,13.1,18.99,2.213878195987002,1,83.33333333333334,0.16666666666666666
HS003439,12,5.335,2.93,10.86,2.0745273284205337,1,91.66666666666666,0.25
HS003440,8,23.73875,20.15,27.93,2.6224875731695225,0,100.0,0.125
HS003441,10,23.541,18.09,29.79,4.055905022994935,0,100.0,0.2
HS003442,6,24.926666666666666,15.2,35.09,7.264834937331108,1,83.33333333333334,0.3333333333333333
HS003443,12,4.949166666666667,2.46,8.48,1.7231812986098671,1,91.66666666666666,0.25
HS003444,6,11.56,9.43,12.78,1.2054708623604302,0,100.0,0.3333333333333333
HS003445,17,-17.293529411764705,-19.99,-15.2,1.5768359980371716,0,100.0,0.35294117647058826
HS003446,10,24.071,17.72,29.91,3.380570136004347,0,100.0,0.5
HS003447,6,5.243333333333333,2.55,6.81,1.9055252994034653,0,100.0,0.16666666666666666
HS003448,9,5.046666666666667,2.81,6.6,1.432986392119618,0,100.0,0.2222222222222222
HS003449,8,5.96,2.19,11.77,3.6232700305505405,2,75.0,0.125
HS003450,11,22.200000000000003,15.81,28.16,4.959723782631448,0,100.0,0.45454545454545453
HS003451,9,23.628888888888888,18.27,28.64,3.3908717332142064,0,100.0,0.3333333333333333
HS003452,9,4.911111111111111,2.03,12.32,3.0912596317862255,1,88.88888888888889,0.2222222222222222
HS003453,4,6.2924999999999995,3.2,8.45,2.302438924271391,1,75.0,0.25
HS003454,8,11.75375,8.12,16.24,2.469383598621902,2,75.0,0.125
HS003455,6,7.275000000000001,5.44,10.97,2.0420847191044746,1,83.33333333333334,0.16666666666666666
HS003456,7,4.508571428571428,2.4,6.79,1.8418598261126224,0,100.0,0.2857142857142857
HS003457,6,23.205,15.65,28.87,4.5361161801699925,0,100.0,0.3333333333333333
HS003458,9,4.65,2.1,6.36,1.4661514246489002,0,100.0,0.0
HS003459,8,4.9825,3.74,7.22,1.4095870722611337,0,100.0,0.375
HS003460,8,5.585,4.43,7.54,1.0145231110512678,0,100.0,0.25
HS003461,7,-15.817142857142857,-19.08,-12.62,2.0026042568425266,1,85.71428571428571,0.14285714285714285
HS003462,5,4.414,2.13,7.77,2.321126881495279,0,100.0,0.2
HS003463,10,13.455000000000002,12.19,14.48,0.7305895640584468,0,100.0,0.3
HS003464,5,19.976,15.64,26.23,4.14079460973374,0,100.0,0.4
HS003465,6,4.42,3.17,6.86,1.4810401750121434,0,100.0,0.16666666666666666
HS003466,9,6.334444444444445,3.18,11.01,2.826026853690138,2,77.77777777777779,0.2222222222222222
HS003467,7,11.601428571428572,10.38,12.97,1.0656833265003975,0,100.0,0.2857142857142857
HS003468,8,2.04625,-1.89,3.7,1.8606292138490603,0,100.0,0.625
HS003469,5,6.668000000000001,2.81,12.06,3.4530595129536934,1,80.0,0.2
HS003470,5,18.85,17.48,20.82,1.479121360808503,0,100.0,0.2
HS003471,9,10.068888888888889,8.45,11.2,1.0418306537586182,0,100.0,0.4444444444444444
HS003472,11,23.7,15.92,29.26,4.6219086966317295,0,100.0,0.09090909090909091
HS003473,8,5.2325,2.08,9.74,2.538186923207756,1,87.5,0.25
HS003474,6,12.778333333333334,10.2,16.5,2.6062188447378456,2,66.66666666666666,0.5
HS003475,11,10.551818181818183,8.03,12.78,1.299613928686656,0,100.0,0.2727272727272727
HS003476,6,9.646666666666667,8.7,12.08,1.2281639412825418,0,100.0,0.5
HS003477,5,24.806,22.39,28.7,2.858256461551343,0,100.0,0.0
HS003478,6,10.018333333333333,8.38,12.54,1.5020042165941698,0,100.0,0.0
HS003479,16,4.713125,2.74,7.85,1.7068751907115725,0,100.0,0.125
HS003480,11,4.872727272727273,2.22,8.23,2.1669291216331508,1,90.9090909090909,0.36363636363636365
HS003481,7,23.21142857142857,20.68,26.63,2.5990346193117455,0,100.0,0.0
HS003482,9,-16.082222222222224,-17.8,-15.15,0.9953112299398844,0,100.0,0.4444444444444444
HS003483,8,6.28125,3.46,7.75,1.4649957337821842,0,100.0,0.125
HS003484,8,13.9875,12.05,15.27,1.0171072425546592,1,87.5,0.0
HS003485,4,21.8875,16.98,27.64,5.080678268367981,0,100.0,0.0
HS003486,8,10.5375,8.45,12.85,1.5585226521109203,0,100.0,0.125
HS003487,8,12.0625,7.2,13.85,2.0533787487247173,1,87.5,0.5
HS003488,7,22.604285714285712,18.24,26.93,3.0004547274419218,0,100.0,0.2857142857142857
HS003489,1,10.88,10.88,10.88,,0,100.0,0.0
HS003490,10,14.085999999999999,12.2,17.46,1.6551750494870463,2,80.0,0.4
HS003491,6,-18.305,-19.87,-16.69,1.089766029934866,0,100.0,0.3333333333333333
HS003492,11,6.406363636363636,3.96,7.97,1.442028243324469,0,100.0,0.09090909090909091
HS003493,2,13.535,12.31,14.76,1.732411613907041,0,100.0,0.0
HS003494,5,3.2039999999999997,0.87,7.78,2.697356112937259,1,80.0,0.8
HS003495,13,4.366923076923077,2.1,7.8,2.0216922969605795,0,100.0,0.23076923076923078
HS003496,7,20.761428571428574,16.17,23.88,2.4908996271188744,0,100.0,0.42857142857142855
HS003497,7,13.767142857142858,12.49,15.0,0.8871248368693528,0,100.0,0.0
HS003498,5,0.03200000000000003,-1.25,1.37,1.2660845153464282,0,100.0,0.2
HS003499,11,21.384545454545453,15.12,29.9,4.8597949825818025,0,100.0,0.36363636363636365
HS003500,9,12.853333333333333,12.21,14.67,0.7710868952329556,0,100.0,0.0
HS003501,11,10.73,8.18,12.51,1.4124234492530918,0,100.0,0.09090909090909091
HS003502,6,10.063333333333333,8.76,11.31,1.0084774001764578,0,100.0,0.16666666666666666
HS003503,13,3.8307692307692305,2.09,5.97,1.1554830269809355,0,100.0,0.3076923076923077
HS003504,5,13.562000000000001,12.98,14.15,0.5215074304360384,0,100.0,0.2
HS003505,5,3.558,2.39,5.91,1.4903590171498946,0,100.0,0.4
HS003506,9,24.581111111111113,13.23,29.51,6.2225506113740146,1,88.88888888888889,0.2222222222222222
HS003507,12,10.9325,8.31,13.0,1.37129086497491,0,100.0,0.25
HS003508,6,-17.238333333333333,-19.77,-15.24,1.802525080731657,0,100.0,0.3333333333333333
HS003509,7,9.531428571428572,4.83,12.76,2.609344927827854,1,85.71428571428571,0.2857142857142857
HS003510,7,8.94,4.68,12.0,2.31668585123951,1,85.71428571428571,0.0
HS003511,10,5.654999999999999,2.47,10.69,2.5505914346807224,2,80.0,0.1
HS003512,5,6.598000000000001,2.8,10.9,3.1106783826040263,1,80.0,0.2
HS003513,17,23.004117647058823,15.12,34.66,5.05472805750162,1,94.11764705882352,0.17647058823529413
HS003514,6,5.114999999999999,3.36,6.48,1.315275636511222,0,100.0,0.0
HS003515,9,13.487777777777778,12.03,14.76,0.9631170460771861,0,100.0,0.3333333333333333
HS003516,5,4.593999999999999,2.11,7.5,2.185893410027122,0,100.0,0.0
HS003517,7,11.345714285714285,9.77,12.34,1.0043382090188737,0,100.0,0.2857142857142857
HS003518,10,22.173,14.4,28.49,5.3394549243241,1,90.0,0.2
HS003519,9,6.372222222222223,2.83,13.84,3.3973658096302266,1,88.88888888888889,0.3333333333333333
HS003520,1,6.06,6.06,6.06,,0,100.0,0.0
HS003521,9,4.264444444444445,2.21,6.43,1.5085101185533287,0,100.0,0.1111111111111111
HS003522,11,-17.05181818181818,-19.71,-13.56,1.7652411630245777,1,90.9090909090909,0.2727272727272727
HS003523,5,24.509999999999998,17.36,28.03,4.6050515740868745,0,100.0,0.2
HS003524,5,10.158,9.2,11.89,1.09998636355184,0,100.0,0.4
HS003525,8,9.74125,8.04,11.82,1.45036387060036,0,100.0,0.0
HS003526,9,10.475555555555555,8.43,11.58,0.8983472478823421,0,100.0,0.2222222222222222
HS003527,11,3.928181818181818,-0.85,7.84,2.5216495322777037,1,90.9090909090909,0.18181818181818182
HS003528,7,4.778571428571429,2.56,7.57,2.0585547403573266,0,100.0,0.2857142857142857
HS003529,17,13.974117647058824,12.52,20.24,1.755281525936543,1,94.11764705882352,0.11764705882352941
HS003530,7,5.268571428571429,2.08,7.89,1.807294742346772,0,100.0,0.14285714285714285
HS003531,12,5.299166666666666,2.11,11.03,2.299598614514887,1,91.66666666666666,0.5833333333333334
HS003532,3,10.583333333333334,9.24,11.75,1.2642916330235408,0,100.0,0.3333333333333333
HS003533,9,22.003333333333334,17.07,26.91,3.2107008580682193,0,100.0,0.1111111111111111
HS003534,8,0.5175,-1.53,3.49,1.8437829900196265,0,100.0,0.25
HS003535,13,5.154615384615385,2.72,10.34,2.406649176014289,1,92.3076923076923,0.3076923076923077
HS003536,10,4.288,2.01,6.71,1.744851474099348,0,100.0,0.2
HS003537,8,5.6575,2.17,7.79,1.9719587796329385,0,100.0,0.375
HS003538,9,23.20888888888889,15.2,29.59,4.6425974530548215,0,100.0,0.2222222222222222
HS003539,5,3.7479999999999998,3.01,5.25,0.8846863851105656,1,80.0,0.2
HS003540,5,4.093999999999999,2.18,5.34,1.3101259481439178,0,100.0,0.0
HS003541,6,24.145,20.52,29.09,2.887377703037828,0,100.0,0.16666666666666666
HS003542,8,20.7725,15.0,28.42,5.455769554203277,0,100.0,0.25
HS003543,9,25.81222222222222,19.75,32.51,3.8053244860910924,1,88.88888888888889,0.0
HS003544,6,9.6,5.86,12.87,2.412956692524754,1,83.33333333333334,0.0
HS003545,5,13.575999999999999,12.08,14.86,1.3432907354701733,0,100.0,0.2
HS003546,8,4.8225,2.01,7.0,1.6433915279949922,0,100.0,0.125
HS003547,10,5.1579999999999995,3.05,7.97,1.8500618608276018,0,100.0,0.2
HS003548,8,4.47875,3.32,6.36,1.0840721839434861,0,100.0,0.125
HS003549,11,6.414545454545455,2.17,14.3,3.139517044503386,1,90.9090909090909,0.2727272727272727
HS003550,12,10.694166666666668,8.15,12.61,1.3347758295502337,0,100.0,0.25
HS003551,7,9.791428571428572,8.17,12.95,1.9790690452114814,0,100.0,0.2857142857142857
HS003552,6,5.401666666666666,3.08,7.71,1.5575290259467611,0,100.0,0.16666666666666666
HS003553,9,10.463333333333333,8.29,12.4,1.5644487847162023,0,100.0,0.4444444444444444
HS003554,6,-17.54,-19.58,-15.3,1.523719134223889,0,100.0,0.3333333333333333
HS003555,13,4.656153846153846,2.14,7.69,1.8446342838149903,0,100.0,0.3076923076923077
HS003556,6,4.138333333333333,2.69,6.83,1.528403306286226,0,100.0,0.16666666666666666
HS003557,4,6.375,4.84,7.28,1.074228405259639,0,100.0,0.25
HS003558,13,5.217692307692308,2.17,10.01,2.3246725713748515,1,92.3076923076923,0.38461538461538464
HS003559,12,5.154166666666667,2.23,8.41,1.7384970433385758,1,91.66666666666666,0.08333333333333333
HS003560,10,11.875,9.7,16.62,2.4973419202557485,2,80.0,0.1
HS003561,8,3.6075,-1.76,7.17,2.654062923142554,1,87.5,0.375
HS003562,7,6.2871428571428565,3.63,8.6,1.821041041874256,1,85.71428571428571,0.2857142857142857
HS003563,10,11.172,8.01,18.6,3.753729404797907,2,80.0,0.3
HS003564,10,0.31799999999999995,-1.26,2.64,1.1298456138389488,0,100.0,0.1
HS003565,12,23.440833333333334,16.31,29.25,3.6940799280946153,0,100.0,0.25
HS003566,8,11.595,9.77,12.92,1.1688822499660583,0,100.0,0.25
HS003567,10,5.691,2.53,8.68,2.2149514667369123,1,90.0,0.1
HS003568,6,22.84166666666667,18.25,29.32,4.250752482404341,0,100.0,0.3333333333333333
HS003569,9,20.89888888888889,16.46,24.74,2.310424443930403,0,100.0,0.1111111111111111
HS003570,11,5.658181818181818,2.06,8.75,1.8733543080891997,1,90.9090909090909,0.09090909090909091
HS003571,9,1.57,-1.4,3.74,1.6901405267018477,0,100.0,0.3333333333333333
HS003572,8,21.951249999999998,18.0,26.47,3.2414610352211772,0,100.0,0.25
HS003573,8,2.4437499999999996,-0.03,5.97,2.030024190566633,1,87.5,0.125
HS003574,8,10.8225,8.38,14.74,2.0530656520015556,1,87.5,0.0
HS003575,4,10.1675,8.97,11.91,1.2688676053867871,0,100.0,0.5
HS003576,13,25.056153846153848,17.13,29.56,4.392471852426485,0,100.0,0.07692307692307693
HS003577,8,5.25375,2.52,6.9,1.6163798837437406,0,100.0,0.25
HS003578,8,10.1525,6.84,12.42,1.770171500973039,1,87.5,0.25
HS003579,11,5.64,2.87,7.72,1.5759251251249218,0,100.0,0.36363636363636365
HS003580,7,6.248571428571429,4.47,10.05,2.000428525520041,1,85.71428571428571,0.42857142857142855
HS003581,5,5.05,2.47,7.73,1.8872731651777388,0,100.0,0.0
HS003582,4,23.9575,15.86,31.1,6.830258047833917,1,75.0,0.25
HS003583,9,4.4622222222222225,-0.67,7.96,2.9686603787642074,1,88.88888888888889,0.2222222222222222
HS003584,5,23.278,15.67,27.41,5.003935451222368,0,100.0,0.4
HS003585,7,26.454285714285714,21.81,29.63,3.016807678893134,0,100.0,0.14285714285714285
HS003586,8,9.97125,6.92,12.95,2.2897251082670538,2,75.0,0.375
HS003587,11,-17.919090909090908,-19.56,-15.05,1.5932448308119787,0,100.0,0.36363636363636365
HS003588,7,10.522857142857143,8.37,11.75,1.122195976433621,0,100.0,0.2857142857142857
HS003589,9,20.104444444444443,15.16,27.7,4.113578463792538,0,100.0,0.0
HS003590,10,10.754999999999999,8.25,12.84,1.6500185184145997,0,100.0,0.0
HS003591,7,-16.39857142857143,-19.81,-15.06,1.7380681667820026,0,100.0,0.5714285714285714
HS003592,11,23.259090909090908,15.43,29.58,4.709901176342142,0,100.0,0.18181818181818182
HS003593,10,14.443999999999999,12.12,18.39,2.032361516397448,2,80.0,0.1
HS003594,8,22.71125,18.08,27.2,3.4724854725603755,0,100.0,0.0
HS003595,6,9.715,8.33,11.3,1.08978438234359,0,100.0,0.0
HS003596,12,5.550833333333333,2.17,11.99,3.157926414979336,2,83.33333333333334,0.25
HS003597,5,4.29,2.03,6.81,1.915789654424514,0,100.0,0.2
HS003598,4,5.9475,2.94,7.78,2.2692050737354403,0,100.0,0.25
HS003599,5,-0.01599999999999998,-1.06,1.59,1.0201127388676214,0,100.0,0.2
HS003600,15,23.278666666666666,17.76,29.8,3.7819474701093703,0,100.0,0.13333333333333333
HS003601,6,4.864999999999999,2.73,6.76,1.5479890180489002,0,100.0,0.16666666666666666
HS003602,5,2.3240000000000003,-0.75,3.72,1.8751746585318392,0,100.0,0.4
HS003603,7,23.975714285714282,17.0,28.84,4.828266967014347,0,100.0,0.14285714285714285
HS003604,6,19.68,16.17,22.85,2.7595796781394086,0,100.0,0.3333333333333333
HS003605,4,9.695,8.56,10.79,0.9147130697655951,0,100.0,0.0
HS003606,6,21.161666666666665,15.02,26.96,4.732797974419221,0,100.0,0.3333333333333333
HS003607,10,9.78,8.3,12.05,1.3547939572741923,1,90.0,0.2
HS003608,8,0.8825,-0.98,2.53,1.4158364514105637,0,100.0,0.5
HS003609,6,2.3066666666666666,1.23,3.62,0.8626161757506445,0,100.0,0.16666666666666666
HS003610,8,21.32125,15.8,28.88,4.371016349611543,0,100.0,0.125
HS003611,14,14.041428571428572,12.82,16.17,0.8119194460124646,1,92.85714285714286,0.21428571428571427
HS003612,11,13.715454545454547,12.17,18.9,1.9642421624451685,1,90.9090909090909,0.2727272727272727
HS003613,6,4.8966666666666665,2.62,7.6,1.7470737439119925,0,100.0,0.16666666666666666
HS003614,6,13.701666666666666,12.83,14.83,0.7346405016514318,0,100.0,0.3333333333333333
HS003615,7,4.9071428571428575,2.85,6.32,1.453796343895461,0,100.0,0.42857142857142855
HS003616,9,5.9366666666666665,2.01,12.71,3.231443176043794,1,88.88888888888889,0.2222222222222222
HS003617,3,-15.579999999999998,-17.06,-13.34,1.9730179928221634,1,66.66666666666666,0.3333333333333333
HS003618,11,10.567272727272726,9.05,13.78,1.379826734840943,1,90.9090909090909,0.36363636363636365
HS003619,6,5.996666666666667,2.38,7.65,1.8968886806206282,0,100.0,0.0
HS003620,9,21.744444444444444,16.39,29.94,4.967718568697082,0,100.0,0.6666666666666666
HS003621,5,3.886,3.0,4.91,0.8594940372102654,0,100.0,0.0
HS003622,7,11.368571428571428,9.73,14.08,1.7328918851775736,2,71.42857142857143,0.2857142857142857
HS003623,7,10.912857142857144,9.34,12.9,1.1391621816890147,0,100.0,0.2857142857142857
HS003624,8,5.2275,2.02,11.65,3.017320239645011,1,87.5,0.0
HS003625,6,23.968333333333334,16.34,29.34,5.658750450997699,0,100.0,0.5
HS003626,8,4.873749999999999,2.35,7.81,2.379843557283305,0,100.0,0.625
HS003627,11,9.953636363636363,8.11,11.7,1.2495781106219233,0,100.0,0.36363636363636365
HS003628,10,5.453,2.29,10.95,2.6052342611664607,1,90.0,0.2
HS003629,7,10.021428571428572,8.02,13.74,2.5451812546550823,2,71.42857142857143,0.2857142857142857
HS003630,8,10.5825,8.27,12.81,1.6262379899633386,0,100.0,0.375
HS003631,9,22.003333333333334,15.39,29.97,5.5752937142360475,0,100.0,0.2222222222222222
HS003632,7,3.8957142857142855,2.58,6.12,1.0976620175454304,0,100.0,0.2857142857142857
HS003633,8,10.0125,8.99,12.0,1.101878266545681,0,100.0,0.125
HS003634,4,4.1775,2.48,6.87,1.8854950720345751,0,100.0,0.5
HS003635,11,13.077272727272726,8.11,14.62,1.88811064775924,1,90.9090909090909,0.2727272727272727
HS003636,4,13.8725,12.86,14.74,0.8993840484835537,0,100.0,0.5
HS003637,8,1.2175,-1.39,3.39,1.6135475556319108,0,100.0,0.5
HS003638,8,5.7325,3.0,9.29,2.078335529078154,1,87.5,0.375
HS003639,6,4.56,2.78,6.34,1.2686528287912342,0,100.0,0.16666666666666666
HS003640,5,24.407999999999998,16.49,29.77,6.620666129627744,0,100.0,0.4
HS003641,10,9.940999999999999,8.01,12.12,1.227711964048028,0,100.0,0.4
HS003642,4,20.689999999999998,17.66,23.59,2.4611514920188604,0,100.0,0.0
HS003643,10,6.715999999999999,2.33,12.92,3.1055727687855303,1,90.0,0.2
HS003644,9,11.0,8.35,12.95,1.6368720169885,0,100.0,0.0
HS003645,6,23.62,19.39,29.79,4.420511282645934,0,100.0,0.16666666666666666
HS003646,7,9.70142857142857,8.2,11.52,1.3625396455568861,0,100.0,0.14285714285714285
HS003647,7,0.49571428571428566,-1.94,3.78,2.354137189027416,0,100.0,0.42857142857142855
HS003648,11,5.317272727272727,2.1,10.63,2.383015278629539,1,90.9090909090909,0.09090909090909091
HS003649,7,10.268571428571429,8.6,12.85,1.8813153959524223,0,100.0,0.42857142857142855
HS003650,11,21.318181818181817,13.89,29.15,5.548554439098202,1,90.9090909090909,0.2727272727272727
HS003651,9,11.227777777777778,8.17,15.39,2.2826452734589413,1,88.88888888888889,0.2222222222222222
HS003652,9,21.954444444444444,15.04,29.74,5.040188764101774,0,100.0,0.5555555555555556
HS003653,9,10.077777777777778,8.15,11.93,1.3322610271431212,0,100.0,0.2222222222222222
HS003654,9,13.765555555555556,10.92,14.8,1.177275574272132,1,88.88888888888889,0.4444444444444444
HS003655,6,5.258333333333334,3.22,7.98,1.8162754930534815,0,100.0,0.5
HS003656,7,21.72142857142857,18.55,24.41,1.8298855025331375,0,100.0,0.14285714285714285
HS003657,7,14.312857142857142,12.01,18.94,2.2205833639362598,1,85.71428571428571,0.14285714285714285
HS003658,5,22.3,15.88,29.75,5.474783100726458,0,100.0,0.2
HS003659,9,10.19,8.19,11.67,1.4045105909177042,0,100.0,0.3333333333333333
HS003660,10,3.6799999999999997,2.06,6.46,1.286683937707919,0,100.0,0.1
HS003661,9,6.026666666666667,2.62,13.43,3.1092844836071207,1,88.88888888888889,0.1111111111111111
HS003662,6,10.468333333333334,8.13,14.88,2.3868507843320805,1,83.33333333333334,0.5
HS003663,9,22.433333333333334,16.4,25.99,3.4172686461558746,0,100.0,0.3333333333333333
HS003664,15,4.526666666666667,-1.97,6.9,2.513627619502103,2,86.66666666666667,0.26666666666666666
HS003665,3,4.66,3.1,7.7,2.6330210785331745,0,100.0,0.0
HS003666,13,0.8669230769230769,-1.64,3.68,1.6551957820521042,0,100.0,0.23076923076923078
HS003667,7,5.2,4.13,7.8,1.2210105104652729,0,100.0,0.5714285714285714
HS003668,15,0.49933333333333335,-1.83,3.7,1.6630757506442548,0,100.0,0.4
HS003669,8,20.94125,15.54,29.67,5.299359631125255,0,100.0,0.25
HS003670,13,4.519230769230769,-0.49,7.55,2.1342112576564887,1,92.3076923076923,0.38461538461538464
HS003671,8,5.2225,3.64,7.86,1.2287246582185474,0,100.0,0.125
HS003672,7,-17.79,-19.52,-15.31,1.672562903650163,0,100.0,0.0
HS003673,5,0.5059999999999999,-1.86,3.03,2.3316367641637497,0,100.0,0.4
HS003674,10,5.386,2.52,7.44,1.2943140611493367,0,100.0,0.0
HS003675,9,-17.121111111111112,-19.76,-15.11,1.9374883512194623,0,100.0,0.5555555555555556
HS003676,10,4.962,2.65,7.52,2.1712095963105704,0,100.0,0.2
HS003677,11,5.615454545454545,0.58,8.81,2.2857968572747827,2,81.81818181818183,0.5454545454545454
HS003678,6,22.65833333333333,18.43,27.49,3.7387239356051243,0,100.0,0.16666666666666666
HS003679,6,22.316666666666666,16.59,29.83,5.364649724508271,0,100.0,0.16666666666666666
HS003680,11,24.277272727272727,18.96,28.99,2.898762118246652,0,100.0,0.09090909090909091
HS003681,11,1.0709090909090908,-1.87,3.92,1.9770050811540902,0,100.0,0.18181818181818182
HS003682,6,4.680000000000001,2.45,7.88,2.371008224363636,0,100.0,0.3333333333333333
HS003683,3,13.719999999999999,13.02,14.4,0.6902173570694967,0,100.0,0.3333333333333333
HS003684,8,4.3625,2.26,7.75,1.8001805465008227,0,100.0,0.125
HS003685,7,10.038571428571428,8.53,11.81,1.230249684297576,0,100.0,0.42857142857142855
HS003686,10,10.214,8.76,11.5,0.7982647848093182,0,100.0,0.1
HS003687,9,20.673333333333332,16.41,26.01,3.770805616841049,0,100.0,0.3333333333333333
HS003688,9,20.353333333333335,15.45,27.14,4.531500855125154,0,100.0,0.2222222222222222
HS003689,6,6.008333333333333,2.89,8.2,1.7654734964497951,1,83.33333333333334,0.16666666666666666
HS003690,11,9.744545454545454,5.43,12.5,2.042328884564695,1,90.9090909090909,0.36363636363636365
HS003691,10,4.161,2.17,7.07,1.634975025293455,0,100.0,0.3
HS003692,10,5.223,2.27,7.73,1.9202201841339845,0,100.0,0.1
HS003693,15,21.196666666666665,15.04,28.54,4.087198947701865,0,100.0,0.4
HS003694,7,20.458571428571428,15.21,25.79,4.315960412899345,0,100.0,0.14285714285714285
HS003695,7,4.7457142857142856,2.15,7.73,2.254779051576578,0,100.0,0.2857142857142857
HS003696,10,11.197,9.72,12.82,1.264937855302693,0,100.0,0.6
HS003697,5,9.623999999999999,5.29,12.82,2.8969432165646603,1,80.0,0.4
HS003698,7,10.588571428571429,8.58,15.74,2.3451967122285535,1,85.71428571428571,0.2857142857142857
HS003699,8,5.57375,3.3,7.51,1.7417309739779807,0,100.0,0.25
HS003700,8,10.20625,8.08,11.64,1.5427150232162594,0,100.0,0.125
HS003701,8,10.885,9.9,11.91,0.8023002644183252,0,100.0,0.375
HS003702,9,10.52888888888889,8.18,13.9,1.8398807328495808,1,88.88888888888889,0.3333333333333333
HS003703,5,13.180000000000001,12.11,14.13,0.8891569040388768,0,100.0,0.4
HS003704,16,4.354375,2.38,7.22,1.4306081166180113,0,100.0,0.3125
HS003705,5,9.466,8.1,11.74,1.4475772863650491,0,100.0,0.0
HS003706,12,23.488333333333333,16.31,29.55,5.458356118388715,0,100.0,0.4166666666666667
HS003707,11,10.176363636363636,8.12,13.05,1.7325372880678374,1,90.9090909090909,0.2727272727272727
HS003708,7,9.388571428571428,8.1,11.83,1.4223153491335712,0,100.0,0.2857142857142857
HS003709,9,10.422222222222222,8.66,11.96,1.2386462143987866,0,100.0,0.1111111111111111
HS003710,5,5.304,3.22,7.87,1.9969301439960288,0,100.0,0.2
HS003711,8,11.26125,8.52,13.15,1.4106375205153572,1,87.5,0.125
HS003712,5,5.442,2.78,7.35,1.8111239604179499,0,100.0,0.2
HS003713,7,10.585714285714285,9.14,12.59,1.364109686973609,1,85.71428571428571,0.0
HS003714,8,22.26375,16.73,33.48,5.967552591186057,1,87.5,0.0
HS003715,12,14.1325,13.12,17.45,1.1378298722488427,1,91.66666666666666,0.0
HS003716,12,5.8691666666666675,2.93,10.71,2.2058165189225316,1,91.66666666666666,0.16666666666666666
HS003717,15,23.630666666666666,17.08,31.47,4.592433943325644,1,93.33333333333333,0.3333333333333333
HS003718,14,10.68142857142857,4.85,12.94,2.0321828246904934,1,92.85714285714286,0.5
HS003719,7,12.48,8.62,17.29,3.408587195109825,2,71.42857142857143,0.14285714285714285
HS003720,8,21.19,15.93,26.18,3.7799092959638987,0,100.0,0.375
HS003721,8,11.41,8.94,15.33,1.9730179928221638,1,87.5,0.25
HS003722,11,10.132727272727273,8.44,11.71,1.238895402437921,0,100.0,0.18181818181818182
HS003723,10,4.407,2.22,7.27,1.9141406543001078,0,100.0,0.6
HS003724,4,10.785,9.14,11.76,1.1634861408714756,0,100.0,0.0
HS003725,6,21.826666666666668,17.29,28.88,5.216062371815225,0,100.0,0.3333333333333333
HS003726,14,-17.85142857142857,-22.71,-16.03,1.9415689814915438,1,92.85714285714286,0.21428571428571427
HS003727,7,0.9028571428571429,-3.88,3.89,2.902215902178393,1,85.71428571428571,0.14285714285714285
HS003728,6,11.128333333333332,9.66,12.72,1.3103956145632765,0,100.0,0.0
HS003729,6,4.25,2.25,6.29,1.7831432920547918,0,100.0,0.3333333333333333
HS003730,7,5.868571428571428,2.92,7.63,1.5966780991737042,0,100.0,0.5714285714285714
HS003731,6,9.651666666666667,8.05,11.72,1.3733377831643125,0,100.0,0.16666666666666666
HS003732,8,24.021250000000002,15.5,29.31,5.34817041479741,0,100.0,0.25
HS003733,10,-0.2040000000000001,-5.17,3.3,2.343464671520923,1,90.0,0.2
HS003734,8,23.7075,14.53,29.84,5.168386733650205,1,87.5,0.25
HS003735,8,10.365,8.27,12.87,1.621489614961678,0,100.0,0.125
HS003736,10,13.245,12.13,14.68,0.8840217443278442,0,100.0,0.3
HS003737,11,5.107272727272727,2.4,8.31,2.0140610264293928,1,90.9090909090909,0.18181818181818182
HS003738,8,19.333750000000002,16.44,23.22,2.1506938249252086,0,100.0,0.25
HS003739,9,4.761111111111111,2.43,7.84,1.9727293557685786,0,100.0,0.1111111111111111
HS003740,4,11.23,8.1,15.53,3.2596216549368626,1,75.0,0.0
HS003741,5,23.058,17.9,29.66,5.224387045386282,0,100.0,0.4
HS003742,4,11.377500000000001,9.88,12.9,1.3313245284302395,0,100.0,0.0
HS003743,6,6.419999999999999,3.82,11.69,3.013609131921391,1,83.33333333333334,0.16666666666666666
HS003744,8,-16.87625,-18.91,-13.3,1.8624403154387061,1,87.5,0.125
HS003745,6,9.796666666666667,8.57,11.15,0.8594339222224516,0,100.0,0.0
HS003746,10,9.733,8.37,11.31,1.0216658510056562,0,100.0,0.0
HS003747,9,9.956666666666667,8.05,13.9,2.0121319539235003,1,88.88888888888889,0.2222222222222222
HS003748,8,24.69625,15.76,28.75,4.18130511921816,0,100.0,0.25
HS003749,10,5.7219999999999995,2.49,8.83,2.0264298107207606,1,90.0,0.4
HS003750,9,-16.06,-18.8,-13.66,1.865341791736839,3,66.66666666666666,0.2222222222222222
HS003751,6,21.116666666666667,15.87,29.68,5.0419586141366395,0,100.0,0.3333333333333333
HS003752,4,-18.625,-19.9,-17.14,1.3967700836811556,0,100.0,0.0
HS003753,4,5.54,3.14,7.57,2.081649986589164,0,100.0,0.0
HS003754,7,4.167142857142857,2.08,7.14,1.8307076435604008,0,100.0,0.42857142857142855
HS003755,11,4.667272727272728,1.14,7.8,1.8949358348455545,1,90.9090909090909,0.2727272727272727
HS003756,9,1.0066666666666666,-0.63,3.78,1.4066982618884547,0,100.0,0.2222222222222222
HS003757,2,25.494999999999997,24.68,26.31,1.152584053334073,0,100.0,0.5
HS003758,9,24.357777777777777,17.53,29.9,4.1715008623329375,0,100.0,0.1111111111111111
HS003759,6,4.401666666666666,2.08,7.35,2.199658306798278,0,100.0,0.5
HS003760,9,3.572222222222222,0.48,6.86,2.203660464873036,2,77.77777777777779,0.1111111111111111
HS003761,6,23.595,16.25,28.2,4.120202664918317,0,100.0,0.5
HS003762,5,13.578,12.55,14.0,0.6092372280154913,0,100.0,0.2
HS003763,9,21.952222222222222,11.22,29.06,6.228759462721644,1,88.88888888888889,0.1111111111111111
HS003764,7,11.481428571428571,9.09,15.69,2.391146367828818,1,85.71428571428571,0.14285714285714285
HS003765,15,5.376,2.07,7.79,1.9260129060537767,0,100.0,0.3333333333333333
HS003766,13,21.264615384615386,15.03,29.72,4.792618656824637,0,100.0,0.23076923076923078
HS003767,10,4.3549999999999995,2.21,7.55,2.01877438065773,0,100.0,0.0
HS003768,5,13.928,13.14,14.86,0.8227818665964869,0,100.0,0.4
HS003769,12,22.3025,15.74,29.28,5.2073080202905055,0,100.0,0.3333333333333333
HS003770,9,5.662222222222223,3.01,7.99,1.662376144091476,0,100.0,0.0
HS003771,7,4.3,2.0,7.1,1.6718054113243361,0,100.0,0.2857142857142857
HS003772,13,4.7784615384615385,2.0,8.74,2.1395125852782693,1,92.3076923076923,0.3076923076923077
HS003773,11,4.653636363636363,2.05,6.81,1.6861154926473612,0,100.0,0.18181818181818182
HS003774,8,5.58875,3.47,7.87,1.4962757337565062,0,100.0,0.25
HS003775,12,14.424999999999999,12.23,18.31,1.73517355694676,2,83.33333333333334,0.16666666666666666
HS003776,9,4.115555555555556,2.43,7.9,2.1483313938444826,0,100.0,0.3333333333333333
HS003777,16,21.9175,15.16,29.64,4.979586997599968,0,100.0,0.1875
HS003778,8,9.64375,8.09,10.87,1.1789091507466911,0,100.0,0.25
HS003779,7,4.814285714285715,3.95,6.34,0.8382294264869082,0,100.0,0.42857142857142855
HS003780,7,-17.03,-18.8,-12.95,2.1417127102702955,1,85.71428571428571,0.14285714285714285
HS003781,9,23.29222222222222,17.02,29.85,4.365314358032472,0,100.0,0.1111111111111111
HS003782,8,1.30375,-1.49,5.86,2.3187862434595266,1,87.5,0.125
HS003783,12,22.173333333333332,15.89,29.88,4.746951813021858,0,100.0,0.4166666666666667
HS003784,5,12.466,10.23,15.83,2.1274938307783646,1,80.0,0.4
HS003785,13,5.444615384615385,2.23,10.54,2.2614767129194413,1,92.3076923076923,0.23076923076923078
HS003786,5,20.216,15.05,23.67,3.6785024126674166,0,100.0,0.2
HS003787,9,22.65,16.37,28.92,4.466136473508171,0,100.0,0.2222222222222222
HS003788,8,0.8999999999999999,-1.36,4.02,1.8507295858660713,1,87.5,0.5
HS003789,6,6.28,4.21,11.08,2.6086088246419776,1,83.33333333333334,0.16666666666666666
HS003790,8,5.4087499999999995,2.27,8.86,2.374834956671425,1,87.5,0.375
HS003791,7,11.385714285714286,8.63,13.57,1.5282654344371067,1,85.71428571428571,0.2857142857142857
HS003792,7,22.94142857142857,18.63,28.33,4.152278204277056,0,100.0,0.2857142857142857
HS003793,3,26.506666666666664,24.33,28.09,1.948956986014145,0,100.0,0.3333333333333333
HS003794,13,4.399230769230769,2.04,6.34,1.519689998752276,0,100.0,0.23076923076923078
HS003795,5,11.709999999999999,8.65,17.71,3.5293342148342934,1,80.0,0.4
HS003796,12,5.1466666666666665,2.08,11.03,2.639873734354227,1,91.66666666666666,0.08333333333333333
HS003797,6,13.466666666666667,12.26,14.33,0.7124230952647915,0,100.0,0.16666666666666666
HS003798,10,5.012,2.08,7.31,1.6317257394822475,0,100.0,0.0
HS003799,5,1.408,-1.57,3.13,1.7871541623486207,0,100.0,0.0
HS003800,11,11.393636363636363,9.35,15.73,1.733581683839979,1,90.9090909090909,0.0
HS003801,10,-17.659,-19.71,-15.07,1.5979671113289204,0,100.0,0.2
HS003802,13,21.39846153846154,15.18,29.66,4.866459777829339,0,100.0,0.07692307692307693
HS003803,10,15.227,13.45,20.89,2.2205107020182946,2,80.0,0.1
HS003804,11,6.193636363636363,2.42,9.43,1.8148954390116954,1,90.9090909090909,0.09090909090909091
HS003805,10,5.372,3.17,8.1,1.6524782735166124,1,90.0,0.3
HS003806,9,14.057777777777778,12.07,19.24,2.250226531806174,1,88.88888888888889,0.2222222222222222
HS003807,11,5.09,2.48,7.63,1.6115954827437313,0,100.0,0.2727272727272727
HS003808,7,1.2971428571428572,-1.7,4.04,2.0812553446234823,1,85.71428571428571,0.14285714285714285
HS003809,5,13.11,12.14,14.69,0.9954647155976944,0,100.0,0.4
HS003810,5,14.516,12.31,18.12,2.164770195655881,1,80.0,0.0
HS003811,13,23.529230769230768,17.99,29.02,4.067178509192954,0,100.0,0.23076923076923078
HS003812,10,4.121,2.04,6.52,1.674909284442328,0,100.0,0.3
HS003813,8,-17.89875,-19.62,-16.22,1.072413000134344,0,100.0,0.125
HS003814,7,-17.005714285714284,-17.95,-15.81,0.769087275993588,0,100.0,0.2857142857142857
HS003815,5,24.666,22.13,27.82,2.244555635309583,0,100.0,0.0
HS003816,9,5.981111111111111,3.88,7.61,1.526339120612163,0,100.0,0.4444444444444444
HS003817,5,22.44,16.52,29.98,5.59243685704184,0,100.0,0.0
HS003818,3,-17.533333333333335,-19.39,-15.53,1.9341751041033841,0,100.0,0.6666666666666666
HS003819,13,4.568461538461539,-2.31,7.84,2.8269030349891326,1,92.3076923076923,0.3076923076923077
HS003820,8,5.6850000000000005,4.08,7.91,1.3720995382468224,0,100.0,0.25
HS003821,3,6.583333333333333,5.86,7.1,0.6453164598345005,0,100.0,0.0
HS003822,9,5.712222222222222,2.16,9.33,2.527477882088079,1,88.88888888888889,0.2222222222222222
HS003823,4,13.58,12.32,14.38,0.9684351638941382,0,100.0,0.25
HS003824,7,5.512857142857143,2.32,9.51,2.4380778924234168,1,85.71428571428571,0.2857142857142857
HS003825,4,4.24,2.29,6.2,1.6593372170839777,0,100.0,0.5
HS003826,9,10.986666666666666,8.48,15.0,2.5512692919407782,3,66.66666666666666,0.4444444444444444
HS003827,5,10.78,8.38,12.75,1.9963591861185699,0,100.0,0.6
HS003828,6,5.395,2.42,7.77,2.212480508388718,0,100.0,0.5
HS003829,1,3.68,3.68,3.68,,0,100.0,0.0
HS003830,9,22.96333333333333,17.4,29.98,4.338055439940805,0,100.0,0.5555555555555556
HS003831,11,1.009090909090909,-1.93,3.25,1.723951591811409,0,100.0,0.0
HS003832,7,22.41142857142857,17.58,29.95,4.463852702809643,0,100.0,0.0
HS003833,9,21.966666666666665,15.77,28.91,4.35942370044482,0,100.0,0.2222222222222222
HS003834,7,9.799999999999999,8.84,11.17,0.841625411530173,0,100.0,0.0
HS003835,8,24.44125,19.06,28.86,3.503310424237542,0,100.0,0.25
HS003836,3,9.103333333333333,8.38,10.31,1.051871348280451,0,100.0,0.0
HS003837,5,2.154,0.56,3.94,1.323170434978049,0,100.0,0.2
HS003838,6,25.53,15.16,30.48,5.884882326775957,1,83.33333333333334,0.16666666666666666
HS003839,2,5.734999999999999,3.63,7.84,2.976919548795365,0,100.0,1.0
HS003840,9,1.5233333333333334,-1.55,4.39,2.0877739341221786,1,88.88888888888889,0.3333333333333333
HS003841,10,5.317,2.38,10.94,2.308183749666006,1,90.0,0.4
HS003842,5,9.053999999999998,8.1,9.85,0.6803161029991869,0,100.0,0.2
HS003843,5,9.998000000000001,8.69,10.96,1.104205596797988,0,100.0,0.2
HS003844,11,10.15,8.55,11.77,1.2082549399857623,0,100.0,0.2727272727272727
HS003845,6,8.97,8.07,10.87,0.9929551852928701,0,100.0,0.3333333333333333
HS003846,7,0.7714285714285715,-1.73,2.95,1.8498416920683471,0,100.0,0.2857142857142857
HS003847,3,4.263333333333334,2.97,6.24,1.738802269763107,0,100.0,0.6666666666666666
HS003848,12,5.033333333333333,2.3,10.78,2.582068703167828,1,91.66666666666666,0.3333333333333333
HS003849,9,5.15,2.73,7.41,1.6816138082211383,0,100.0,0.2222222222222222
HS003850,7,10.18142857142857,8.46,11.89,1.5436583016914567,0,100.0,0.14285714285714285
HS003851,11,10.317272727272726,8.09,12.92,1.8120490661628947,0,100.0,0.2727272727272727
HS003852,3,21.123333333333335,15.17,24.11,5.155747601787091,0,100.0,0.3333333333333333
HS003853,16,23.863125,15.22,29.99,5.12944274913627,0,100.0,0.1875
HS003854,9,4.516666666666667,2.6,6.98,1.6082910184416253,0,100.0,0.1111111111111111
HS003855,9,10.314444444444444,8.17,14.58,2.159844387398726,1,88.88888888888889,0.4444444444444444
HS003856,4,25.815,24.07,28.37,1.9069434531032479,0,100.0,0.25
HS003857,8,20.27125,15.37,26.4,4.113654744523761,0,100.0,0.25
HS003858,11,5.903636363636363,2.29,7.87,2.045987647701094,0,100.0,0.0
HS003859,7,10.647142857142857,9.07,12.4,1.2743850057408643,0,100.0,0.2857142857142857
HS003860,8,9.6825,8.14,12.2,1.407852975278313,1,87.5,0.375
HS003861,8,1.02375,-1.17,2.88,1.4281550285995863,0,100.0,0.125
HS003862,6,21.651666666666667,15.1,28.41,5.429959177256001,0,100.0,0.3333333333333333
HS003863,4,5.1000000000000005,4.16,6.65,1.1061344101569817,0,100.0,0.0
HS003864,14,5.092142857142858,2.32,7.74,1.952702973085999,0,100.0,0.2857142857142857
HS003865,9,-17.13111111111111,-19.63,-15.05,1.430807852617223,0,100.0,0.2222222222222222
HS003866,11,21.89727272727273,17.48,29.79,4.233523570051526,0,100.0,0.36363636363636365
HS003867,14,4.971428571428571,2.81,7.85,1.611663532087061,0,100.0,0.14285714285714285
HS003868,7,21.622857142857146,15.53,29.26,5.453291710168316,0,100.0,0.14285714285714285
HS003869,6,3.1916666666666664,2.36,4.64,0.8788951397445924,0,100.0,0.3333333333333333
HS003870,5,6.016,2.75,9.43,2.517236580061556,1,80.0,0.4
HS003871,8,1.56125,-1.95,7.14,3.0364567579429056,1,87.5,0.375
HS003872,11,5.706363636363637,2.47,10.24,2.473646186208823,1,90.9090909090909,0.2727272727272727
HS003873,9,23.486666666666665,15.27,28.92,5.136241329999984,0,100.0,0.4444444444444444
HS003874,7,4.3028571428571425,2.39,7.2,1.9157219203711366,0,100.0,0.14285714285714285
HS003875,8,4.9875,2.83,7.35,1.7030372028484033,0,100.0,0.0
HS003876,8,4.29,2.11,5.56,1.3579185752992915,0,100.0,0.375
HS003877,7,-0.21428571428571427,-1.49,1.79,1.1231630505386287,0,100.0,0.42857142857142855
HS003878,15,5.1466666666666665,2.02,7.53,1.900269404459223,0,100.0,0.2
HS003879,10,4.871,2.06,7.8,1.6443806669314065,0,100.0,0.3
HS003880,5,4.74,3.1,6.18,1.1166915420114902,0,100.0,0.0
HS003881,7,5.140000000000001,2.93,7.9,1.9713869905897896,0,100.0,0.42857142857142855
HS003882,8,0.8525,-1.82,3.05,1.6929243506851854,0,100.0,0.25
HS003883,9,9.854444444444445,8.12,11.95,1.3404020955585598,0,100.0,0.4444444444444444
HS003884,13,-17.86923076923077,-19.48,-15.54,1.4000979819192518,0,100.0,0.07692307692307693
HS003885,7,5.927142857142857,2.93,7.99,2.104635473470519,0,100.0,0.14285714285714285
HS003886,8,5.1225000000000005,2.91,7.7,1.5780616500721925,0,100.0,0.0
HS003887,6,5.526666666666667,2.32,10.81,3.0522494437163337,1,83.33333333333334,0.0
HS003888,8,5.04,3.14,7.77,1.537047262030119,0,100.0,0.375
HS003889,6,24.05333333333333,20.96,27.17,2.5572615561703245,0,100.0,0.3333333333333333
HS003890,7,6.338571428571428,3.43,9.13,1.7869940176306187,1,85.71428571428571,0.2857142857142857
HS003891,12,4.911666666666666,2.47,7.93,2.104427511584838,0,100.0,0.0
HS003892,13,5.065384615384615,3.08,7.48,1.1812325158114536,0,100.0,0.15384615384615385
HS003893,5,0.18400000000000002,-1.22,1.27,0.9356708823085177,0,100.0,0.6
HS003894,8,-17.57125,-19.52,-15.74,1.3946063192579783,0,100.0,0.25
HS003895,4,0.655,-0.28,1.48,0.9515075757274173,0,100.0,0.0
HS003896,9,22.624444444444446,15.23,29.94,5.814649841372891,0,100.0,0.1111111111111111
HS003897,8,12.79,11.26,14.06,0.8354126439755899,1,87.5,0.375
HS003898,5,0.7259999999999999,-4.73,7.01,4.296141291903701,2,60.0,0.4
HS003899,6,13.236666666666666,12.49,14.41,0.7039791663583996,0,100.0,0.3333333333333333
HS003900,13,4.759230769230769,1.55,6.49,1.8763682187427104,1,92.3076923076923,0.3076923076923077
HS003901,8,-17.541249999999998,-19.7,-15.28,1.6753629670696946,0,100.0,0.25
HS003902,17,5.313529411764706,2.49,7.94,1.7419132483295148,0,100.0,0.29411764705882354
HS003903,5,6.462000000000001,5.54,7.55,1.0053705784435905,0,100.0,0.6
HS003904,5,22.366,16.4,25.08,3.4760868803871983,0,100.0,0.2
HS003905,11,22.60909090909091,17.09,29.76,4.085634478377758,0,100.0,0.2727272727272727
HS003906,11,4.994545454545454,2.2,7.83,1.9000229663683734,0,100.0,0.09090909090909091
HS003907,7,20.704285714285714,15.17,27.23,4.312975991674647,0,100.0,0.2857142857142857
HS003908,9,5.586666666666667,3.25,8.25,1.9355748500122643,1,88.88888888888889,0.0
HS003909,8,23.62375,16.86,29.07,5.011147394987072,0,100.0,0.125
HS003910,3,14.423333333333334,14.31,14.49,0.09865765724632489,0,100.0,0.0
HS003911,11,11.185454545454546,8.41,12.86,1.4694853768334255,0,100.0,0.36363636363636365
HS003912,3,4.913333333333333,2.72,6.02,1.899508708412081,0,100.0,0.3333333333333333
HS003913,11,10.147272727272728,8.51,11.42,1.1736872744397533,0,100.0,0.36363636363636365
HS003914,8,4.30625,2.73,5.88,1.0958745692042369,0,100.0,0.375
HS003915,5,13.256,12.31,14.65,0.896816592174788,0,100.0,0.6
HS003916,7,-17.684285714285714,-19.51,-15.19,1.6981937182671203,0,100.0,0.14285714285714285
HS003917,8,12.63,6.99,15.91,2.6253707221212457,2,75.0,0.25
HS003918,10,13.527000000000001,12.05,16.56,1.3395193997185033,1,90.0,0.4
HS003919,6,20.883333333333333,17.41,26.45,3.3342265469920704,0,100.0,0.16666666666666666
HS003920,8,-16.896250000000002,-19.39,-15.22,1.414041194590879,0,100.0,0.25
HS003921,13,22.544615384615383,15.99,29.18,4.375125932253485,0,100.0,0.07692307692307693
HS003922,7,5.1657142857142855,1.52,7.51,2.3648668542003035,1,85.71428571428571,0.5714285714285714
HS003923,8,9.325000000000001,6.34,11.71,1.7489997141223326,1,87.5,0.125
HS003924,6,0.48166666666666663,-1.86,4.13,2.7344865453438727,1,83.33333333333334,0.16666666666666666
HS003925,9,1.7855555555555556,-1.18,8.21,2.819969463979669,1,88.88888888888889,0.3333333333333333
HS003926,10,10.064,8.09,11.95,1.0703083667803404,0,100.0,0.2
HS003927,8,25.58625,16.59,30.6,4.767568824883392,2,75.0,0.5
HS003928,6,0.02833333333333336,-1.47,3.79,1.943259289612857,0,100.0,0.6666666666666666
HS003929,8,4.635,3.35,7.5,1.546322827133547,0,100.0,0.375
HS003930,5,5.05,2.95,6.37,1.3625710990623572,0,100.0,0.0
HS003931,13,0.5407692307692308,-1.73,3.57,1.7290578433473605,0,100.0,0.23076923076923078
HS003932,8,10.29375,8.9,12.19,1.19904649617936,0,100.0,0.75
HS003933,7,21.835714285714285,16.53,27.93,3.7423382046649976,0,100.0,0.2857142857142857
HS003934,8,4.8575,2.16,6.9,1.6658224052143995,0,100.0,0.375
HS003935,3,14.113333333333335,12.67,14.94,1.2543657095653298,0,100.0,0.3333333333333333
HS003936,11,9.92909090909091,8.25,11.73,1.299033906758823,0,100.0,0.2727272727272727
HS003937,7,-18.647142857142857,-19.75,-17.22,0.9897426312887997,0,100.0,0.0
HS003938,7,22.602857142857143,16.64,26.74,3.6742015653550024,0,100.0,0.14285714285714285
HS003939,8,24.5925,18.03,29.26,4.116346334172714,0,100.0,0.375
HS003940,8,4.8425,2.13,7.49,2.211242378651164,0,100.0,0.5
HS003941,6,20.7,17.46,23.78,3.0094185484907214,0,100.0,0.16666666666666666
HS003942,10,5.381,2.1,7.62,1.9018964219956875,0,100.0,0.3
HS003943,5,3.7760000000000007,2.25,6.15,1.467780637561349,0,100.0,0.0
HS003944,5,1.2419999999999998,-1.49,2.51,1.607877482894763,0,100.0,0.2
HS003945,10,9.539,5.51,11.43,1.7189883976080556,1,90.0,0.3
HS003946,6,9.17,8.25,10.67,0.8987324407185938,0,100.0,0.3333333333333333
HS003947,11,4.668181818181818,2.96,7.55,1.6326409169307141,0,100.0,0.2727272727272727
HS003948,11,11.124545454545455,8.64,12.7,1.5688044086906667,0,100.0,0.45454545454545453
HS003949,10,23.498,15.53,29.17,5.221474461831213,0,100.0,0.2
HS003950,7,20.419999999999998,15.49,29.75,5.101182869361445,0,100.0,0.14285714285714285
HS003951,7,5.325714285714286,2.83,6.79,1.3304993691951044,0,100.0,0.2857142857142857
HS003952,10,4.236,2.16,6.63,1.730030185992269,0,100.0,0.2
HS003953,4,5.484999999999999,2.24,7.09,2.268986557915229,0,100.0,0.25
HS003954,9,13.743333333333332,12.28,14.9,0.879531125088817,0,100.0,0.3333333333333333
HS003955,7,6.125714285714286,3.94,7.98,1.3813985321991278,0,100.0,0.2857142857142857
HS003956,7,10.387142857142859,8.33,12.73,1.6920176741168547,0,100.0,0.14285714285714285
HS003957,14,5.227142857142857,2.03,9.77,2.5035864384808155,2,85.71428571428571,0.14285714285714285
HS003958,10,10.067,8.44,12.62,1.3531859525660994,0,100.0,0.2
HS003959,6,10.428333333333333,8.15,13.79,1.8805681765537419,1,83.33333333333334,0.5
HS003960,9,11.157777777777778,9.78,13.62,1.3254506571141926,1,88.88888888888889,0.2222222222222222
HS003961,9,23.938888888888886,17.51,28.32,4.887157774321504,0,100.0,0.4444444444444444
HS003962,3,11.076666666666668,9.32,12.3,1.5599465802819443,1,66.66666666666666,0.3333333333333333
HS003963,10,4.145999999999999,2.21,7.3,2.030129716709419,0,100.0,0.3
HS003964,5,4.956,2.36,6.79,1.606745157142227,0,100.0,0.0
HS003965,7,4.595714285714286,2.22,7.49,2.1897629791285413,0,100.0,0.2857142857142857
HS003966,6,6.146666666666667,4.57,7.32,1.064117787966476,0,100.0,0.3333333333333333
HS003967,14,10.376428571428573,8.65,11.7,0.8887208365255791,0,100.0,0.2857142857142857
HS003968,4,-16.802500000000002,-18.59,-15.8,1.3141632318703793,0,100.0,0.25
HS003969,10,1.81,-1.91,5.97,2.8443042500173337,2,80.0,0.2
HS003970,12,6.0058333333333325,2.49,10.6,2.04843380674262,1,91.66666666666666,0.25
HS003971,16,1.454375,-1.51,3.81,1.8484082115881943,0,100.0,0.25
HS003972,6,3.7416666666666667,3.05,5.41,0.9209650735324696,0,100.0,0.16666666666666666
HS003973,8,4.58375,2.06,7.88,2.066100104752222,0,100.0,0.25
HS003974,5,8.73,4.84,12.35,2.7063905852629624,1,80.0,0.2
HS003975,10,4.932,3.06,6.67,1.1579176712242254,0,100.0,0.3
HS003976,8,10.24125,8.94,11.82,1.1033641737885096,0,100.0,0.25
HS003977,9,4.793333333333333,1.9,7.76,2.300179340834101,1,88.88888888888889,0.5555555555555556
HS003978,9,4.864444444444445,2.26,7.84,1.70604155218382,0,100.0,0.4444444444444444
HS003979,8,9.85875,8.13,11.79,1.5013464195276756,0,100.0,0.125
HS003980,6,10.773333333333333,9.54,11.99,1.0104190549799956,0,100.0,0.16666666666666666
HS003981,8,-18.13,-21.24,-15.7,1.9708663794672348,1,87.5,0.25
HS003982,9,4.973333333333334,2.09,9.05,2.2583234932134943,1,88.88888888888889,0.3333333333333333
HS003983,8,22.31,12.92,28.61,5.954047842794489,1,87.5,0.125
HS003984,8,22.32,18.87,28.58,3.7737438780530477,0,100.0,0.25
HS003985,9,22.971111111111114,15.92,29.39,4.577617951632827,0,100.0,0.4444444444444444
HS003986,9,4.664444444444445,2.16,7.47,1.6673265360383904,0,100.0,0.3333333333333333
HS003987,11,10.500909090909092,8.69,14.67,1.8377891856546251,1,90.9090909090909,0.2727272727272727
HS003988,11,1.8463636363636367,-1.75,6.7,2.639697985479675,1,90.9090909090909,0.36363636363636365
HS003989,7,-16.95,-18.06,-15.63,1.0101155049465063,0,100.0,0.14285714285714285
HS003990,15,-17.045333333333335,-19.82,-13.52,1.8385587005146442,1,93.33333333333333,0.26666666666666666
HS003991,2,4.095,2.93,5.26,1.6475588001646557,0,100.0,0.0
HS003992,7,11.748571428571429,8.88,20.5,3.9920480481887513,1,85.71428571428571,0.14285714285714285
HS003993,10,10.214,8.37,12.03,1.1383828686147535,0,100.0,0.3
HS003994,9,13.321111111111112,10.15,18.15,2.267760152906632,2,77.77777777777779,0.2222222222222222
HS003995,8,13.0725,12.42,14.63,0.7917025054544522,0,100.0,0.125
HS003996,9,22.423333333333332,15.39,26.19,3.4460339522413297,0,100.0,0.3333333333333333
HS003997,8,11.08,8.89,17.29,2.743511826629719,2,75.0,0.125
HS003998,8,0.43374999999999997,-1.7,3.83,2.174573439288069,0,100.0,0.25
HS003999,12,20.896666666666665,16.14,28.78,4.460536725416334,0,100.0,0.08333333333333333
HS004000,13,5.4,2.45,7.67,1.6300408992823872,0,100.0,0.23076923076923078
HS004001,5,5.652,3.78,6.96,1.2591147683988146,0,100.0,0.4
HS004002,10,5.061,-2.47,9.08,3.421862553249813,2,80.0,0.1
HS004003,11,5.464545454545455,-0.08,9.96,2.9985942160831422,3,72.72727272727273,0.18181818181818182
HS004004,5,5.3759999999999994,3.2,7.47,1.845191047019251,0,100.0,0.6
HS004005,4,24.1425,15.36,29.22,6.0542787899688495,0,100.0,0.5
HS004006,8,5.0075,2.9,7.24,1.425940792199011,0,100.0,0.25
HS004007,9,24.30777777777778,17.55,29.76,3.7719980705780385,0,100.0,0.5555555555555556
HS004008,3,24.386666666666667,17.45,28.91,6.099264983039624,0,100.0,0.3333333333333333
HS004009,9,5.062222222222222,3.22,7.79,1.578375571416526,0,100.0,0.3333333333333333
HS004010,6,4.786666666666666,2.41,7.82,2.179565705976002,0,100.0,0.0
HS004011,5,1.748,0.53,3.83,1.4093154366571026,0,100.0,0.2
HS004012,9,-17.75111111111111,-19.92,-15.27,1.8072108651485892,0,100.0,0.1111111111111111
HS004013,6,4.441666666666666,2.06,6.66,1.7381647409456524,0,100.0,0.6666666666666666
HS004014,11,5.944545454545454,3.16,10.73,2.3457295821827526,1,90.9090909090909,0.2727272727272727
HS004015,6,22.825,18.05,27.95,3.68027580488202,0,100.0,0.6666666666666666
HS004016,8,5.2125,2.43,7.97,2.066762478577822,0,100.0,0.25
HS004017,9,-17.325555555555557,-19.89,-14.87,1.7805414282677554,1,88.88888888888889,0.3333333333333333
HS004018,11,12.389090909090909,8.19,16.56,2.768438023671306,3,72.72727272727273,0.2727272727272727
HS004019,6,2.5233333333333334,0.94,4.66,1.4068499090758286,1,83.33333333333334,0.16666666666666666
HS004020,4,5.505,5.04,6.36,0.5909032633745283,0,100.0,0.0
HS004021,12,22.9575,15.12,29.65,4.138807744442178,0,100.0,0.16666666666666666
HS004022,5,4.506,2.15,7.69,2.2072901938802705,0,100.0,0.0
HS004023,14,4.675,-2.94,7.62,2.583136882522131,1,92.85714285714286,0.42857142857142855
HS004024,3,4.483333333333333,2.91,7.29,2.4365823058811973,0,100.0,0.3333333333333333
HS004025,14,14.787857142857144,12.56,19.45,1.91051414172057,2,85.71428571428571,0.35714285714285715
HS004026,6,9.643333333333333,8.66,11.22,0.9879608629225481,0,100.0,0.0
HS004027,11,23.06090909090909,14.73,29.87,4.490301670367939,1,90.9090909090909,0.2727272727272727
HS004028,8,5.1325,2.55,7.98,2.3079041203159694,0,100.0,0.0
HS004029,5,20.442,15.5,26.9,5.5597230146833745,0,100.0,0.0
HS004030,8,10.4275,8.03,12.91,2.1039741307480813,0,100.0,0.375
HS004031,7,4.777142857142857,0.5,7.66,2.6951976692239987,1,85.71428571428571,0.2857142857142857
HS004032,8,-0.23499999999999993,-3.94,2.56,2.0644611887851028,1,87.5,0.25
HS004033,8,5.39,2.44,9.09,1.9936685496125692,1,87.5,0.375
HS004034,15,-16.914,-19.97,-15.09,1.5482746157301315,0,100.0,0.2
HS004035,5,5.3,2.63,7.93,2.2097171764730437,0,100.0,0.2
HS004036,6,24.05,20.11,28.72,3.2251263541138986,0,100.0,0.3333333333333333
HS004037,9,1.5477777777777777,-1.5,3.03,1.486756350060239,0,100.0,0.2222222222222222
HS004038,11,10.226363636363637,8.35,11.86,1.037432144549924,0,100.0,0.09090909090909091
HS004039,8,10.23625,9.15,12.18,0.9315415411333745,0,100.0,0.0
HS004040,4,4.5825,2.21,5.91,1.64939130186462,0,100.0,0.0
HS004041,8,4.9175,2.02,7.4,1.8596447433390526,0,100.0,0.5
HS004042,7,2.424285714285714,0.49,3.81,1.2705229519487522,0,100.0,0.14285714285714285
HS004043,9,2.283333333333333,-1.09,4.22,1.6322836763259014,1,88.88888888888889,0.0
HS004044,11,5.783636363636363,3.93,9.5,1.511041182279773,1,90.9090909090909,0.45454545454545453
HS004045,9,24.866666666666667,19.26,29.56,3.7211087057488648,0,100.0,0.2222222222222222
HS004046,7,5.32,3.21,7.89,1.801638143468327,0,100.0,0.14285714285714285
HS004047,6,6.321666666666666,4.62,7.92,1.2494385405719908,0,100.0,0.16666666666666666
HS004048,5,5.302,2.16,12.54,4.246118227275354,1,80.0,0.6
HS004049,6,21.72666666666667,11.97,29.94,7.441646771156682,1,83.33333333333334,0.3333333333333333
HS004050,7,0.8114285714285714,-1.4,3.24,1.6419341092283881,0,100.0,0.14285714285714285
HS004051,5,21.672,15.25,28.87,5.793118331261672,0,100.0,0.4
HS004052,10,10.22,8.38,12.0,1.2049988473945616,0,100.0,0.1
HS004053,14,-16.920714285714286,-19.52,-14.53,1.7430586039210785,2,85.71428571428571,0.21428571428571427
HS004054,10,5.763,3.56,7.96,1.511136805337109,0,100.0,0.2
HS004055,8,5.88875,2.38,10.18,2.3401980227566823,1,87.5,0.125
HS004056,4,10.807500000000001,9.87,11.74,0.8983828063062351,0,100.0,0.25
HS004057,8,1.9112500000000001,-0.14,3.87,1.6043551218925494,0,100.0,0.125
HS004058,13,4.711538461538462,2.31,9.19,2.05978496512721,1,92.3076923076923,0.15384615384615385
HS004059,3,20.87,15.98,28.26,6.510537612209917,0,100.0,0.0
HS004060,8,5.96625,3.47,7.59,1.5783892105561286,0,100.0,0.125
HS004061,7,13.06,12.15,14.49,0.9902693236354108,0,100.0,0.14285714285714285
HS004062,10,-0.23800000000000004,-3.25,1.89,1.5364808275189552,1,90.0,0.3
HS004063,8,6.2175,3.56,7.92,1.614777737912293,0,100.0,0.0
HS004064,7,10.065714285714284,8.01,13.43,1.970201826741422,1,85.71428571428571,0.14285714285714285
HS004065,14,1.5385714285714285,-1.43,4.31,1.9565977423258785,1,92.85714285714286,0.21428571428571427
HS004066,5,6.362,2.49,12.03,3.6977452589382085,1,80.0,0.4
HS004067,6,14.29,12.66,18.56,2.191985401411241,1,83.33333333333334,0.0
HS004068,3,2.04,-0.18,3.83,2.0392890918160673,0,100.0,0.0
HS004069,8,1.54125,-1.59,3.56,1.8721144462879402,0,100.0,0.25
HS004070,8,23.835,17.75,29.81,4.197730679443699,0,100.0,0.375
HS004071,5,6.306,4.52,7.26,1.085347870500514,0,100.0,0.2
HS004072,8,9.69375,6.66,12.05,1.8149690079998615,2,75.0,0.125
HS004073,13,24.753076923076925,17.53,29.54,3.7265654084679287,0,100.0,0.15384615384615385
HS004074,4,0.9125,-0.28,2.79,1.3432392440167413,0,100.0,0.0
HS004075,7,10.679999999999998,8.37,17.88,3.3323665264593365,1,85.71428571428571,0.2857142857142857
HS004076,7,21.422857142857143,16.44,28.42,4.287566187188696,0,100.0,0.14285714285714285
HS004077,8,13.7375,12.19,17.66,1.8663620074511655,2,75.0,0.375
HS004078,7,21.577142857142857,16.14,27.49,3.5601391091066197,0,100.0,0.5714285714285714
HS004079,8,5.25125,2.59,7.97,1.9703620950765077,0,100.0,0.25
HS004080,12,23.150000000000002,17.74,29.86,3.671885817198767,0,100.0,0.5
HS004081,12,23.55,18.14,30.55,4.014303970009791,1,91.66666666666666,0.3333333333333333
HS004082,10,11.283,9.14,14.0,1.5220457724172864,1,90.0,0.3
HS004083,6,5.255,2.02,7.81,2.637989764953609,0,100.0,0.0
HS004084,10,4.284000000000001,2.14,6.32,1.3237757446872267,0,100.0,0.4
HS004085,7,-17.46,-19.96,-16.18,1.2331125928586841,0,100.0,0.14285714285714285
HS004086,8,1.3075,-1.71,3.65,1.7198816404458934,0,100.0,0.375
HS004087,12,10.544166666666667,8.18,14.86,1.8896726909144554,2,83.33333333333334,0.25
HS004088,7,10.992857142857144,8.17,14.9,2.0969876353610535,1,85.71428571428571,0.2857142857142857
HS004089,11,9.92909090909091,8.02,11.94,1.2810499954760122,0,100.0,0.45454545454545453
HS004090,8,13.695,10.52,14.92,1.4956030795062474,1,87.5,0.25
HS004091,8,10.192499999999999,8.4,12.8,1.5265811475319617,0,100.0,0.125
HS004092,9,23.417777777777776,17.28,29.7,3.4114211766424325,0,100.0,0.2222222222222222
HS004093,6,5.14,4.3,5.89,0.5352756299328411,0,100.0,0.0
HS004094,11,22.205454545454543,16.29,29.56,4.860070706556364,0,100.0,0.45454545454545453
HS004095,9,20.808888888888887,15.98,29.27,5.025224981143741,0,100.0,0.2222222222222222
HS004096,9,5.474444444444445,0.26,7.99,2.3905601389167725,1,88.88888888888889,0.2222222222222222
HS004097,12,5.261666666666667,2.44,13.51,3.063512046753866,1,91.66666666666666,0.16666666666666666
HS004098,12,23.519166666666667,17.71,29.67,3.9943356674473947,0,100.0,0.25
HS004099,6,7.2749999999999995,5.06,11.11,2.2035403331911128,1,83.33333333333334,0.16666666666666666
HS004101,9,22.525555555555556,15.06,29.34,5.2652946525125985,0,100.0,0.1111111111111111
HS004102,7,0.3842857142857143,-1.21,3.22,1.5007204618988523,0,100.0,0.2857142857142857
HS004103,6,4.9750000000000005,2.68,7.26,1.5842821718368225,0,100.0,0.3333333333333333
HS004104,11,21.232727272727274,15.62,27.97,3.618682331758594,0,100.0,0.09090909090909091
HS004105,9,5.091111111111111,2.06,7.8,2.1003240490722166,0,100.0,0.3333333333333333
HS004106,3,23.173333333333332,15.29,28.12,6.900741506050879,0,100.0,0.0
HS004107,11,10.603636363636364,8.99,13.54,1.3151142363100836,1,90.9090909090909,0.36363636363636365
HS004108,7,9.975714285714286,8.47,11.32,1.1074273060094,0,100.0,0.14285714285714285
HS004109,4,5.67,4.18,7.23,1.6079179083522892,0,100.0,0.0
HS004110,7,10.382857142857144,8.32,11.56,1.1463233151502863,0,100.0,0.0
HS004111,5,19.02,15.17,23.02,3.0465308138930753,0,100.0,0.2
HS004112,3,9.556666666666667,8.24,11.93,2.0594740428889446,0,100.0,0.3333333333333333
HS004113,16,5.028125,2.68,7.6,1.5665597924539403,0,100.0,0.25
HS004114,7,10.049999999999999,8.23,12.57,1.9183847372203524,0,100.0,0.14285714285714285
HS004115,10,23.114,16.8,29.69,4.646719751011938,0,100.0,0.1
HS004116,4,5.1225000000000005,2.11,7.79,2.97777741500827,0,100.0,0.25
HS004117,8,10.07,8.01,11.84,1.298625647147233,0,100.0,0.125
HS004118,7,11.375714285714285,10.66,12.0,0.4801686211758369,0,100.0,0.14285714285714285
HS004119,10,1.059,-1.8,3.92,2.438403166008443,0,100.0,0.1
HS004120,7,23.335714285714285,12.0,29.15,6.431404349344076,1,85.71428571428571,0.14285714285714285
HS004121,6,24.138333333333332,17.83,29.98,4.767680428328504,0,100.0,0.6666666666666666
HS004122,5,5.366,-0.82,12.91,5.020515909744734,2,60.0,0.4
HS004123,8,4.67625,2.8,7.6,1.7035671608212488,0,100.0,0.0
HS004124,3,9.906666666666666,8.96,11.04,1.0524891131661804,0,100.0,0.3333333333333333
HS004125,5,4.95,3.12,7.1,1.9625748393373437,0,100.0,0.0
HS004126,11,0.8509090909090908,-1.82,3.54,1.8364664687679684,0,100.0,0.09090909090909091
HS004127,4,9.4975,8.39,11.02,1.1624507158011756,0,100.0,0.0
HS004128,9,0.3244444444444444,-1.92,2.71,1.703152306101183,0,100.0,0.3333333333333333
HS004129,10,24.825,15.66,35.24,6.012321145410943,1,90.0,0.3
HS004130,11,9.774545454545454,8.17,11.94,1.1764893848765792,0,100.0,0.09090909090909091
HS004131,10,10.815000000000001,9.49,12.9,1.2883171624685867,0,100.0,0.3
HS004132,5,11.07,8.96,12.72,1.3926593266122191,0,100.0,0.4
HS004133,5,15.118,13.01,21.51,3.5962994869726863,1,80.0,0.4
HS004134,8,13.786249999999999,12.35,14.93,1.035539024580228,0,100.0,0.125
HS004135,6,-17.055,-19.47,-15.53,1.866587795952818,0,100.0,0.16666666666666666
HS004136,8,9.58,8.16,10.83,1.0222104899257716,0,100.0,0.0
HS004137,10,4.813000000000001,2.05,12.86,3.441831069519698,1,90.0,0.3
HS004138,8,23.14875,17.52,31.51,4.897872533778606,1,87.5,0.125
HS004139,9,23.49111111111111,15.51,29.59,5.638121239483159,0,100.0,0.2222222222222222
HS004140,4,-18.32,-22.25,-15.29,3.1248466629047043,1,75.0,0.25
HS004141,8,13.65875,12.38,14.93,0.7330842379972436,0,100.0,0.25
HS004142,4,10.29,8.29,11.98,1.6085397104206045,0,100.0,0.5
HS004143,2,8.774999999999999,8.77,8.78,0.0070710678118646965,0,100.0,0.5
HS004144,7,22.56714285714286,15.48,26.97,4.395428360943957,0,100.0,0.2857142857142857
HS004145,4,18.8925,16.08,20.62,1.972230125179785,0,100.0,0.0
HS004146,13,5.940769230769231,3.61,10.6,2.016579040266219,1,92.3076923076923,0.15384615384615385
HS004147,5,2.956,0.97,5.33,1.5553231175546771,1,80.0,0.2
HS004148,5,5.736,3.88,7.69,1.667072283975713,0,100.0,0.0
HS004149,10,11.823,8.24,15.31,1.9406874497913817,2,80.0,0.3
HS004150,4,23.2325,19.94,28.24,3.989046460830792,0,100.0,0.25
HS004151,3,11.46,8.32,17.48,5.215093479507343,1,66.66666666666666,0.6666666666666666
HS004152,4,4.4125,2.64,7.42,2.1648306323282354,0,100.0,0.0
HS004153,8,5.67125,2.2,9.36,2.4292999432523175,1,87.5,0.125
HS004154,3,13.92,13.54,14.46,0.4804164859785734,0,100.0,0.0
HS004155,11,4.503636363636364,1.81,6.29,1.5053788408721087,1,90.9090909090909,0.18181818181818182
HS004156,8,22.96,15.72,28.1,4.196787887352489,0,100.0,0.5
HS004157,11,13.714545454545457,12.17,14.94,1.181899857317562,0,100.0,0.2727272727272727
HS004158,9,0.9144444444444445,-1.45,2.99,1.6322156039499738,0,100.0,0.1111111111111111
HS004159,8,3.865,2.22,5.29,1.1604063327743679,0,100.0,0.375
HS004160,6,14.485,12.15,18.86,2.412009535636208,1,83.33333333333334,0.16666666666666666
HS004161,6,9.976666666666667,8.11,11.69,1.4479456711723222,0,100.0,0.5
HS004162,7,11.26,7.61,13.12,1.7928376018665677,2,71.42857142857143,0.14285714285714285
HS004163,12,10.603333333333333,8.15,13.58,1.9855676235975415,3,75.0,0.16666666666666666
HS004164,3,4.716666666666666,4.31,5.22,0.4626373669877232,0,100.0,0.0
HS004165,5,23.722,18.29,28.1,4.251754931789932,0,100.0,0.0
HS004166,12,5.653333333333333,1.04,7.94,1.9570308370001983,1,91.66666666666666,0.3333333333333333
HS004167,12,23.09,18.27,28.62,4.032610253241126,0,100.0,0.25
HS004168,9,3.9655555555555555,2.21,7.53,1.7548725816359942,0,100.0,0.3333333333333333
HS004169,6,4.218333333333333,2.05,7.52,2.4759597465763994,0,100.0,0.0
HS004170,7,-16.84857142857143,-18.55,-12.42,2.129870329162698,1,85.71428571428571,0.14285714285714285
HS004171,4,9.3775,8.19,11.79,1.631632617962757,0,100.0,0.0
HS004172,9,4.827777777777778,2.36,7.81,2.0249060334851205,0,100.0,0.4444444444444444
HS004173,5,5.25,2.52,10.39,3.2341691359605793,1,80.0,0.0
HS004174,8,24.18125,15.6,29.95,5.295880980265971,0,100.0,0.125
HS004175,9,5.664444444444445,2.76,11.09,2.487383721458709,1,88.88888888888889,0.1111111111111111
HS004176,12,11.051666666666668,8.0,12.9,1.638207631048104,0,100.0,0.08333333333333333
HS004177,9,20.715555555555554,15.37,29.93,4.791795360590619,0,100.0,0.1111111111111111
HS004178,6,10.549999999999999,8.38,13.07,1.6969266336527336,1,83.33333333333334,0.0
HS004179,8,21.458750000000002,15.05,28.73,4.3775415066972405,0,100.0,0.375
HS004180,9,22.721111111111114,16.94,29.45,5.076062559810617,0,100.0,0.0
HS004181,10,24.449,16.88,29.25,4.714039197498845,0,100.0,0.2
HS004182,14,23.500714285714285,15.49,29.17,5.261930713641604,0,100.0,0.14285714285714285
HS004183,8,11.9175,8.1,18.93,3.3643158931009176,1,87.5,0.25
HS004184,8,-17.6775,-19.68,-15.54,1.4542916783487028,0,100.0,0.25
HS004185,9,6.126666666666667,2.44,14.77,3.6645565898209296,1,88.88888888888889,0.3333333333333333
HS004186,6,5.478333333333333,2.92,7.47,1.5163827573098643,0,100.0,0.5
HS004187,9,9.88,8.0,12.48,1.7901047455386516,0,100.0,0.1111111111111111
HS004188,3,13.286666666666667,12.27,14.37,1.0515861036231573,0,100.0,0.3333333333333333
HS004189,13,5.136153846153846,0.7,7.25,2.168465426907311,1,92.3076923076923,0.23076923076923078
HS004190,7,4.97,2.84,7.62,2.2157165883749665,0,100.0,0.42857142857142855
HS004191,11,1.6063636363636364,-0.84,8.56,2.7825968904146814,1,90.9090909090909,0.09090909090909091
HS004192,7,21.092857142857145,15.77,25.44,3.715264523044151,0,100.0,0.42857142857142855
HS004193,12,4.559166666666667,2.19,6.89,1.5811472148890864,0,100.0,0.25
HS004194,10,4.242,2.35,7.92,1.8198278306843572,0,100.0,0.3
HS004195,6,9.518333333333333,8.47,10.26,0.6946485922152768,0,100.0,0.16666666666666666
HS004196,10,5.0520000000000005,2.28,7.66,1.9123040204597874,0,100.0,0.2
HS004197,5,5.664,3.38,7.26,1.8148636312406505,0,100.0,0.4
HS004198,7,10.049999999999999,8.62,11.59,1.2703018014104634,0,100.0,0.5714285714285714
HS004199,12,9.576666666666666,4.59,11.95,1.9390828822519228,1,91.66666666666666,0.16666666666666666
HS004200,10,5.67,2.3,12.62,2.9588511283942625,1,90.0,0.0
HS004201,6,9.43,8.2,12.72,1.6926901665691807,0,100.0,0.3333333333333333
HS004202,13,0.8200000000000001,-1.8,3.95,1.7265186551748195,0,100.0,0.0
HS004203,8,10.185,8.01,13.49,1.785521132410847,1,87.5,0.25
HS004204,12,10.2125,8.17,12.2,1.4691935017057984,0,100.0,0.16666666666666666
HS004205,11,10.353636363636364,8.39,12.89,1.2691514702924367,1,90.9090909090909,0.18181818181818182
HS004206,10,-17.506999999999998,-19.85,-15.01,1.7900654860771004,0,100.0,0.4
HS004207,7,1.02,-1.24,3.87,1.8070694507959566,0,100.0,0.5714285714285714
HS004208,11,4.844545454545455,2.77,7.65,1.9661198520759797,0,100.0,0.2727272727272727
HS004209,5,13.874,12.55,15.76,1.3275654409482038,1,80.0,0.4
HS004210,18,22.525,15.09,29.87,5.746639171264008,0,100.0,0.3333333333333333
HS004211,6,0.875,-1.32,2.9,1.8897274935820774,0,100.0,0.5
HS004212,4,5.6175,4.09,7.42,1.4483179899455783,0,100.0,0.25
HS004213,8,4.90125,3.12,7.05,1.265457991626521,0,100.0,0.125
HS004214,10,25.544,22.66,29.63,2.4276060452864074,0,100.0,0.3
HS004215,6,22.136666666666667,17.83,28.91,4.252936240606798,0,100.0,0.5
HS004216,10,5.875,2.05,7.72,1.8027710152244332,0,100.0,0.1
HS004217,9,4.800000000000001,2.31,7.45,1.7520131278046978,0,100.0,0.1111111111111111
HS004218,5,10.174,8.28,12.57,1.8533833926093115,0,100.0,0.2
HS004219,4,-17.4875,-19.0,-16.34,1.2909266697480022,0,100.0,0.25
HS004220,8,3.9425,2.15,7.17,1.8065179608454334,0,100.0,0.25
HS004221,13,9.956153846153846,8.08,11.8,1.343785315576478,0,100.0,0.23076923076923078
HS004222,9,21.11888888888889,15.33,28.64,4.710545203170341,0,100.0,0.2222222222222222
HS004223,16,22.72875,16.51,29.6,4.679019662279696,0,100.0,0.25
HS004224,3,10.229999999999999,9.02,12.13,1.6658631396366275,0,100.0,0.0
HS004225,7,21.865714285714287,16.14,31.32,5.405502928013443,1,85.71428571428571,0.5714285714285714
HS004226,9,5.1866666666666665,2.06,7.53,2.069589331244245,0,100.0,0.5555555555555556
HS004227,10,5.005000000000001,1.31,9.18,2.8939525067131133,3,70.0,0.1
HS004228,6,20.898333333333333,15.22,29.14,5.164158853740526,0,100.0,0.5
HS004229,13,4.433076923076923,2.22,9.4,2.143643256294389,1,92.3076923076923,0.23076923076923078
HS004230,6,4.418333333333333,3.43,7.37,1.4832722833878704,0,100.0,0.3333333333333333
HS004231,8,-17.2325,-19.9,-15.08,2.0121115419237716,0,100.0,0.25
HS004232,9,13.383333333333333,12.09,14.35,0.8697125962063561,0,100.0,0.2222222222222222
HS004233,11,5.662727272727273,2.39,7.86,1.6687365934088632,0,100.0,0.18181818181818182
HS004234,11,5.046363636363636,3.05,8.97,1.9942180057720507,1,90.9090909090909,0.09090909090909091
HS004235,9,5.58,2.31,8.39,2.176373129773477,1,88.88888888888889,0.1111111111111111
HS004236,6,14.420000000000002,12.13,17.84,2.08683492399375,1,83.33333333333334,0.3333333333333333
HS004237,4,9.17,8.47,10.06,0.7767882594375386,0,100.0,0.5
HS004238,5,4.9719999999999995,3.16,7.39,1.6384504875033605,0,100.0,0.0
HS004239,5,13.518,12.32,14.89,1.0752302079089853,0,100.0,0.4
HS004240,10,5.7700000000000005,2.0,12.27,3.0721400431042274,1,90.0,0.2
HS004241,6,4.443333333333333,2.88,5.93,0.9874951476674033,0,100.0,0.3333333333333333
HS004242,10,6.284000000000001,2.1,12.24,2.6241324492317673,1,90.0,0.2
HS004243,10,10.102,9.11,11.17,0.6068461273026483,0,100.0,0.4
HS004244,10,21.188,15.77,29.71,4.091839575436836,0,100.0,0.3
HS004245,8,4.07,-2.73,7.37,3.150550972222387,1,87.5,0.125
HS004246,7,4.352857142857142,2.12,7.63,2.3032275490834904,0,100.0,0.42857142857142855
HS004247,5,5.688000000000001,4.08,7.07,1.2999307673872482,0,100.0,0.2
HS004248,8,4.82125,-1.48,9.34,3.635638821838212,2,75.0,0.375
HS004249,7,0.7728571428571429,-1.64,3.92,1.6709250360774643,0,100.0,0.14285714285714285
HS004250,10,-0.353,-1.7,0.9,0.9771506195737345,0,100.0,0.2
HS004251,6,4.705,2.03,7.98,2.5398326716537842,0,100.0,0.16666666666666666
HS004252,5,25.046,17.82,29.6,4.7012530244606054,0,100.0,0.2
HS004253,3,0.7333333333333334,0.29,1.58,0.7335075550622048,0,100.0,0.3333333333333333
HS004254,11,20.313636363636363,16.16,28.0,3.7825263323003386,0,100.0,0.18181818181818182
HS004255,9,5.055555555555555,2.94,6.43,1.2937553005795872,0,100.0,0.2222222222222222
HS004256,4,20.990000000000002,15.71,28.18,5.289291067808614,0,100.0,0.0
HS004257,7,23.782857142857143,15.95,28.85,5.217555986876469,0,100.0,0.0
HS004258,5,13.338,12.69,14.54,0.7639175348164222,0,100.0,0.2
HS004259,3,13.653333333333334,12.44,14.93,1.246207580354627,0,100.0,0.0
HS004260,6,2.2216666666666667,-1.72,7.55,3.17066186570985,1,83.33333333333334,0.5
HS004261,5,5.954,4.98,7.89,1.1378840011178641,0,100.0,0.4
HS004262,6,2.4316666666666666,-3.59,7.62,3.7059596148186325,2,66.66666666666666,0.6666666666666666
HS004263,12,22.430000000000003,16.63,28.04,4.140559909436932,0,100.0,0.25
HS004264,5,24.985999999999997,17.72,28.95,4.851982069216661,0,100.0,0.2
HS004265,11,5.634545454545454,3.1,9.46,2.2179150733802397,2,81.81818181818183,0.18181818181818182
HS004266,8,4.6274999999999995,2.18,7.39,1.8465624433370391,0,100.0,0.125
HS004267,5,13.315999999999999,12.07,14.66,0.9732317298567696,0,100.0,0.2
HS004268,14,5.445714285714286,-0.71,14.83,3.5251114860399793,2,85.71428571428571,0.07142857142857142
HS004269,10,10.345,8.44,11.7,0.9889191630821558,0,100.0,0.3
HS004270,8,5.7025,2.75,9.76,2.152080388833094,1,87.5,0.125
HS004271,7,0.5285714285714286,-1.47,3.56,1.6322931576101616,0,100.0,0.0
HS004272,9,3.954444444444444,2.17,7.09,1.5404472654971926,0,100.0,0.4444444444444444
HS004273,6,-14.965000000000002,-18.76,-7.46,3.934710916954383,1,83.33333333333334,0.3333333333333333
HS004274,7,5.015714285714286,2.31,7.95,2.306605421702761,0,100.0,0.2857142857142857
HS004275,10,10.077,8.57,11.81,1.1172391567311506,0,100.0,0.3
HS004276,11,10.302727272727273,8.21,11.88,1.2570289647346309,0,100.0,0.18181818181818182
HS004277,3,25.066666666666666,22.69,28.14,2.790991460634254,0,100.0,0.3333333333333333
HS004278,8,22.7425,17.9,29.78,4.087352443819837,0,100.0,0.25
HS004279,11,4.809090909090909,2.08,7.47,1.878256928886219,0,100.0,0.09090909090909091
HS004280,6,11.283333333333333,9.69,12.93,1.518205080569376,0,100.0,0.3333333333333333
HS004281,6,5.035,2.52,7.37,1.762472694823951,0,100.0,0.5
HS004282,10,5.454,2.12,7.63,1.9363838003407852,0,100.0,0.1
HS004283,6,4.145,2.06,6.76,1.8149352605533895,0,100.0,0.0
HS004284,5,9.526,8.08,11.8,1.4215590033480852,0,100.0,0.2
HS004285,7,6.1899999999999995,3.79,11.1,2.58246652124153,1,85.71428571428571,0.2857142857142857
HS004286,5,10.284,9.47,11.87,0.9478290985193479,0,100.0,0.4
HS004287,5,5.148000000000001,3.07,7.1,1.9068350741477358,0,100.0,0.2
HS004288,10,13.200999999999999,12.29,14.72,0.7329764283006955,0,100.0,0.2
HS004289,3,-17.26666666666667,-19.44,-15.22,2.1128495765987063,0,100.0,0.0
HS004290,14,5.329285714285715,2.33,7.33,1.6510624285159974,0,100.0,0.0
HS004291,12,10.736666666666666,8.17,15.09,1.912111319188738,1,91.66666666666666,0.16666666666666666
HS004292,8,1.7462499999999999,-1.84,3.97,2.4943761745173885,0,100.0,0.125
HS004293,16,4.7631250000000005,1.82,7.87,1.861886923705805,1,93.75,0.25
HS004294,14,24.05642857142857,17.58,34.99,4.722269022967109,1,92.85714285714286,0.2857142857142857
HS004295,9,20.15,15.01,27.61,3.880995362017327,0,100.0,0.2222222222222222
HS004296,4,12.815,12.03,14.32,1.0409771050956564,0,100.0,0.25
HS004297,13,23.393846153846155,15.36,29.5,4.91297014452822,0,100.0,0.3076923076923077
HS004298,11,5.385454545454546,2.09,12.18,2.7435136727793563,1,90.9090909090909,0.2727272727272727
HS004299,9,5.188888888888889,2.48,7.6,1.7851921776411386,0,100.0,0.4444444444444444
HS004300,6,5.5633333333333335,2.23,7.67,2.5690984151384058,0,100.0,0.16666666666666666
HS004301,8,4.6425,2.8,7.76,1.717546006869768,0,100.0,0.5
HS004302,8,10.60875,8.5,14.28,1.8242371203954193,1,87.5,0.25
HS004303,8,21.49875,17.97,28.63,3.445732090986928,0,100.0,0.25
HS004304,12,1.7258333333333333,-1.46,7.66,2.471655530329026,1,91.66666666666666,0.16666666666666666
HS004305,8,4.5737499999999995,2.35,7.72,1.8655212791220428,0,100.0,0.75
HS004306,6,0.3283333333333334,-1.65,3.72,2.172385018054274,0,100.0,0.3333333333333333
HS004307,6,10.678333333333335,8.3,14.07,2.145352340914346,2,66.66666666666666,0.6666666666666666
HS004308,10,13.846,12.46,14.66,0.8287500628456482,0,100.0,0.4
HS004309,5,-16.652,-19.65,-13.08,2.7569494010590763,1,80.0,0.0
HS004310,8,4.39375,2.02,6.35,1.6400168770908599,0,100.0,0.25
HS004311,6,23.168333333333333,17.49,27.86,4.32832261582552,0,100.0,0.3333333333333333
HS004312,12,-16.961666666666666,-19.88,-13.21,2.0871373755080014,1,91.66666666666666,0.3333333333333333
HS004313,5,2.268,1.74,3.17,0.6203386172083759,0,100.0,0.2
HS004314,7,22.095714285714287,15.81,29.98,4.707826310669136,0,100.0,0.42857142857142855
HS004315,16,10.936875,8.45,17.52,2.3208611009709306,2,87.5,0.3125
HS004316,6,4.278333333333333,2.75,7.19,1.7196792336557034,0,100.0,0.16666666666666666
HS004317,9,4.181111111111111,2.48,6.49,1.0827678011056254,0,100.0,0.0
HS004318,13,10.925384615384615,8.33,12.76,1.3827726698233,0,100.0,0.3076923076923077
HS004319,13,13.463846153846154,7.98,14.95,1.9159311855315435,1,92.3076923076923,0.15384615384615385
HS004320,8,11.0725,6.55,12.91,2.118919873088982,1,87.5,0.125
HS004321,11,13.186363636363637,12.18,15.07,1.0454403161086983,1,90.9090909090909,0.09090909090909091
HS004322,4,5.467499999999999,3.88,6.68,1.1635971525116984,0,100.0,0.5
HS004323,18,14.052777777777777,12.19,17.0,1.2642449760537413,3,83.33333333333334,0.3333333333333333
HS004324,3,-16.19333333333333,-17.02,-15.19,0.9277032571535658,0,100.0,1.0
HS004325,6,9.888333333333334,8.61,11.74,1.0279186089699262,0,100.0,0.3333333333333333
HS004326,11,10.478181818181818,8.71,12.18,1.1964850035150307,1,90.9090909090909,0.18181818181818182
HS004327,11,4.287272727272727,2.0,7.73,1.7894808795239527,0,100.0,0.2727272727272727
HS004328,6,13.473333333333334,12.74,14.48,0.634654761793108,0,100.0,0.3333333333333333
HS004329,10,23.412,17.65,29.28,3.8301227134388265,0,100.0,0.1
HS004330,4,3.8625,2.25,6.55,1.8718150727747298,0,100.0,0.25
HS004331,6,10.691666666666668,8.01,16.43,3.265409111683659,1,83.33333333333334,0.0
HS004332,9,12.932222222222222,8.82,14.5,1.8139720076242754,1,88.88888888888889,0.1111111111111111
HS004333,11,5.357272727272727,2.27,8.45,1.7971816319398042,1,90.9090909090909,0.2727272727272727
HS004334,10,2.288,0.01,6.32,1.8491908140228976,2,80.0,0.2
HS004335,8,21.81625,18.24,25.05,2.9448256678937237,0,100.0,0.375
HS004336,10,4.154999999999999,1.98,7.98,1.719129301581343,1,90.0,0.5
HS004337,7,-16.975714285714286,-19.32,-12.53,2.377315412693186,1,85.71428571428571,0.42857142857142855
HS004338,4,5.0675,4.54,6.04,0.6685992820815766,0,100.0,0.25
HS004339,7,26.09142857142857,23.82,28.41,1.6396282970176361,0,100.0,0.14285714285714285
HS004340,12,1.3275,-1.99,3.98,2.0334257927314323,0,100.0,0.16666666666666666
HS004341,13,9.615384615384615,4.13,12.47,2.0927319281448646,1,92.3076923076923,0.3076923076923077
HS004342,7,5.225714285714285,2.95,7.58,1.7453830252302516,0,100.0,0.14285714285714285
HS004343,9,22.31,17.21,27.7,3.8230550610735388,0,100.0,0.2222222222222222
HS004344,5,6.266,2.78,10.35,2.8876166643098595,1,80.0,0.0
HS004345,8,23.11,16.02,29.41,5.428417291044811,0,100.0,0.375
HS004346,10,22.856,15.56,29.72,4.6255791229015015,0,100.0,0.5
HS004347,7,13.56,12.29,14.55,0.8035131195776049,0,100.0,0.14285714285714285
HS004348,5,24.89,20.61,28.71,3.595114740867112,0,100.0,0.2
HS004349,12,0.7716666666666666,-5.76,3.91,2.7863166736859983,1,91.66666666666666,0.08333333333333333
HS004350,8,4.075,1.93,7.95,2.0427292667269583,1,87.5,0.25
HS004351,8,4.43375,2.25,6.81,2.1033098915756567,0,100.0,0.75
HS004352,6,23.983333333333334,17.23,30.48,4.795746726701347,1,83.33333333333334,0.3333333333333333
HS004353,6,0.6866666666666666,-1.82,3.2,2.1038884634568125,0,100.0,0.16666666666666666
HS004354,3,4.28,2.25,7.48,2.8044429036798024,0,100.0,0.3333333333333333
HS004355,9,9.74888888888889,8.62,11.89,1.2736801447424355,0,100.0,0.2222222222222222
HS004356,9,5.4688888888888885,2.33,7.74,1.7677064550176624,0,100.0,0.1111111111111111
HS004357,5,20.792,15.48,26.65,4.911707442427733,0,100.0,0.0
HS004358,8,4.5375,2.72,7.37,1.748049933905943,0,100.0,0.125
HS004359,8,9.425,5.0,11.88,2.2392983594994984,1,87.5,0.125
HS004360,17,22.771764705882354,17.09,29.36,4.239664248637676,0,100.0,0.35294117647058826
HS004361,7,19.12714285714286,15.87,26.14,3.810772949965726,0,100.0,0.14285714285714285
HS004362,13,0.53,-1.76,3.26,1.5104028160284484,0,100.0,0.15384615384615385
HS004363,9,9.643333333333333,8.09,11.62,1.2895251063860675,0,100.0,0.1111111111111111
HS004364,8,2.25375,-0.57,3.98,1.851477691698483,0,100.0,0.375
HS004365,5,10.145999999999999,8.61,11.1,1.1383233284089367,0,100.0,0.4
HS004366,8,5.8100000000000005,2.67,7.59,1.8935227940081871,0,100.0,0.5
HS004367,7,-17.538571428571426,-19.73,-15.7,1.5793609316368924,0,100.0,0.2857142857142857
HS004368,8,19.533749999999998,15.27,28.77,4.335016683111743,0,100.0,0.125
HS004369,7,5.2299999999999995,2.43,7.75,1.826882590644511,0,100.0,0.14285714285714285
HS004370,7,22.73,15.97,26.75,3.742801980691294,0,100.0,0.42857142857142855
HS004371,2,18.055,16.36,19.75,2.3970919882223964,0,100.0,0.5
HS004372,6,10.576666666666666,8.98,11.73,1.0509360906671092,0,100.0,0.16666666666666666
HS004373,13,10.606153846153846,4.05,12.67,2.25892503365922,1,92.3076923076923,0.3076923076923077
HS004374,12,4.235833333333333,2.04,6.99,1.861731639353453,0,100.0,0.3333333333333333
HS004375,8,5.3275,3.59,7.14,1.3818388369953176,0,100.0,0.25
HS004376,9,5.345555555555555,3.63,7.79,1.3680470670915448,0,100.0,0.3333333333333333
HS004377,10,-17.168,-19.95,-15.06,2.1589236001098127,0,100.0,0.0
HS004378,5,1.998,0.39,3.83,1.6848353035237598,0,100.0,0.4
HS004379,8,6.94,2.72,11.07,2.3418185851415316,1,87.5,0.25
HS004380,13,5.561538461538461,2.05,10.05,2.31562751089867,1,92.3076923076923,0.23076923076923078
HS004381,9,9.803333333333335,8.07,11.26,1.0493926815067844,0,100.0,0.3333333333333333
HS004382,12,13.268333333333333,11.02,15.87,1.2643419656329555,2,83.33333333333334,0.3333333333333333
HS004383,12,13.935,12.22,18.56,1.6324187297047617,1,91.66666666666666,0.25
HS004384,6,25.48,20.67,29.39,3.4093283796079237,0,100.0,0.16666666666666666
HS004385,7,24.58857142857143,16.81,28.75,4.001822203994195,0,100.0,0.2857142857142857
HS004386,9,20.81222222222222,16.66,26.25,3.956095858854338,0,100.0,0.2222222222222222
HS004387,16,10.530625,8.63,14.67,1.654128043209876,1,93.75,0.3125
HS004388,5,0.476,-1.6,3.45,2.225338176547556,0,100.0,0.4
HS004389,8,13.0975,12.1,14.74,0.9070005512677489,0,100.0,0.5
HS004390,9,5.901111111111111,0.37,8.97,2.585548512619926,2,77.77777777777779,0.3333333333333333
HS004391,5,12.038,10.1,14.66,2.000017499923439,2,60.0,0.0
HS004392,12,22.465833333333332,15.25,29.64,4.610214860568437,0,100.0,0.25
HS004393,11,13.415454545454544,12.12,14.86,1.0155625400374282,0,100.0,0.09090909090909091
HS004394,7,-16.94,-19.95,-13.14,2.1110423965425227,1,85.71428571428571,0.42857142857142855
HS004395,12,21.044166666666666,15.61,26.99,3.856021167268697,0,100.0,0.16666666666666666
HS004396,9,4.861111111111111,2.94,7.8,1.8170817568593634,0,100.0,0.2222222222222222
HS004397,4,10.1425,8.88,11.75,1.251435842009756,0,100.0,0.25
HS004398,10,20.231,15.01,29.46,4.9366170377879,0,100.0,0.0
HS004399,9,-17.784444444444446,-22.03,-13.82,2.534541926616678,2,77.77777777777779,0.2222222222222222
HS004400,8,5.42625,3.26,7.67,1.3462321759000455,0,100.0,0.125
HS004401,5,-16.612000000000002,-18.83,-13.68,2.2061550262844176,1,80.0,0.2
HS004402,8,22.26625,15.09,27.56,4.104119663738584,0,100.0,0.5
HS004403,14,4.885714285714286,-0.85,13.07,3.270652050457957,2,85.71428571428571,0.21428571428571427
HS004404,12,4.983333333333333,2.48,7.97,1.7799250920567793,0,100.0,0.16666666666666666
HS004405,7,4.672857142857143,1.82,7.98,2.5150660315103344,1,85.71428571428571,0.2857142857142857
HS004406,6,10.03,8.65,11.69,1.2774192733789484,0,100.0,0.16666666666666666
HS004407,3,26.373333333333335,23.55,29.5,2.986575519442516,0,100.0,0.6666666666666666
HS004408,9,13.148888888888889,12.54,14.94,0.7820876620373901,0,100.0,0.3333333333333333
HS004409,8,5.33875,2.57,7.93,1.837657184725004,0,100.0,0.25
HS004410,5,5.536,2.21,9.03,2.7056847562123716,1,80.0,0.2
HS004411,13,10.263076923076921,8.11,12.69,1.4101086519330386,0,100.0,0.23076923076923078
HS004412,12,6.445,2.25,10.63,2.135664682566914,1,91.66666666666666,0.25
HS004413,10,1.408,-1.9,3.99,1.9639914007505794,0,100.0,0.2
HS004414,9,5.501111111111111,3.29,7.94,1.457553124627405,0,100.0,0.1111111111111111
HS004415,11,13.384545454545453,12.03,14.23,0.8077297027640332,0,100.0,0.36363636363636365
HS004416,6,24.91333333333333,21.79,28.3,2.3789801736598544,0,100.0,0.0
HS004417,4,20.8025,15.13,32.1,7.987975859586291,1,75.0,0.5
HS004418,6,6.286666666666666,3.8,10.29,2.358157472830571,1,83.33333333333334,0.3333333333333333
HS004419,8,4.17,2.23,6.77,1.7418381095842401,0,100.0,0.375
HS004420,9,11.20111111111111,8.49,14.39,1.872321049155596,3,66.66666666666666,0.1111111111111111
HS004421,7,10.147142857142857,8.28,11.16,1.0086247119339329,0,100.0,0.2857142857142857
HS004422,9,4.964444444444444,2.16,7.69,2.0236792675169104,0,100.0,0.2222222222222222
HS004423,9,20.41444444444444,16.27,27.16,3.9127998642631563,0,100.0,0.1111111111111111
HS004424,5,5.014,2.71,7.15,1.9344585805852756,0,100.0,0.4
HS004425,5,4.412000000000001,2.62,5.49,1.1726977445190212,0,100.0,0.4
HS004426,12,21.111666666666668,15.2,29.72,4.933528763532859,0,100.0,0.3333333333333333
HS004427,7,4.444285714285714,2.67,6.53,1.2168519102292488,0,100.0,0.2857142857142857
HS004428,11,10.962727272727273,9.04,12.96,1.404037684031956,0,100.0,0.09090909090909091
HS004429,8,4.672499999999999,2.17,7.35,1.9503241488825094,0,100.0,0.125
HS004430,10,10.848,8.76,12.68,1.526490528412585,0,100.0,0.3
HS004431,12,23.903333333333332,17.83,29.05,3.517910881431902,0,100.0,0.16666666666666666
HS004432,6,5.051666666666667,2.53,7.0,1.4914612521506105,0,100.0,0.5
HS004433,8,-17.28625,-19.88,-15.0,2.201466637753763,0,100.0,0.125
HS004434,5,4.5,2.25,7.45,2.2039283109938035,0,100.0,0.6
HS004435,9,21.037777777777777,15.53,26.1,3.6424091539041092,0,100.0,0.5555555555555556
HS004436,6,-17.08666666666667,-19.83,-13.53,2.784375453610139,1,83.33333333333334,0.3333333333333333
HS004437,9,4.314444444444444,2.12,5.98,1.5201242639263994,0,100.0,0.2222222222222222
HS004438,3,15.633333333333333,12.95,19.16,3.1897387562829245,1,66.66666666666666,0.0
HS004439,9,23.62222222222222,18.27,29.83,3.9025945785393135,0,100.0,0.2222222222222222
HS004440,8,0.65125,-1.28,3.49,1.582109238598,0,100.0,0.25
HS004441,7,10.372857142857143,8.52,12.32,1.271688042009705,0,100.0,0.2857142857142857
HS004442,7,22.01142857142857,15.53,27.15,3.796500268104072,0,100.0,0.5714285714285714
HS004443,9,9.747777777777777,8.04,15.08,2.131541565263142,1,88.88888888888889,0.0
HS004444,14,5.3028571428571425,2.17,7.76,1.9819703815664333,0,100.0,0.2857142857142857
HS004445,14,4.8221428571428575,-0.0,7.73,2.674998716236726,1,92.85714285714286,0.35714285714285715
HS004446,8,5.16875,2.29,10.45,3.080159724522647,1,87.5,0.25
HS004447,10,4.825,2.71,7.14,1.69709064774592,0,100.0,0.2
HS004448,9,9.655555555555557,8.22,12.59,1.347656401972616,0,100.0,0.2222222222222222
HS004449,10,13.271,12.13,14.61,0.9382187615073816,0,100.0,0.5
HS004450,9,9.686666666666667,8.16,12.21,1.2504499190291467,1,88.88888888888889,0.1111111111111111
HS004451,6,13.409999999999998,12.25,14.12,0.6245958693427293,0,100.0,0.3333333333333333
HS004452,6,24.088333333333335,19.55,29.86,4.492684794937952,0,100.0,0.5
HS004453,11,1.5272727272727273,-1.76,5.09,2.116847140957943,1,90.9090909090909,0.36363636363636365
HS004454,4,4.734999999999999,3.91,5.83,0.8696551040498756,0,100.0,0.0
HS004455,7,5.975714285714285,3.36,7.99,1.638361550888134,0,100.0,0.42857142857142855
HS004456,11,5.327272727272727,2.18,12.81,3.000593577641234,1,90.9090909090909,0.18181818181818182
HS004457,6,14.443333333333333,12.42,17.21,1.6116037560972196,1,83.33333333333334,0.16666666666666666
HS004458,9,10.55,8.13,15.41,2.306577551265077,1,88.88888888888889,0.1111111111111111
HS004459,6,-17.12,-19.62,-15.98,1.322164891380799,0,100.0,0.5
HS004460,7,4.621428571428572,2.45,7.46,1.748984739512503,0,100.0,0.2857142857142857
HS004461,14,21.23,15.52,28.51,4.344977648875855,0,100.0,0.42857142857142855
HS004462,11,20.188181818181818,15.9,26.15,3.3702427751775343,0,100.0,0.36363636363636365
HS004463,11,20.670909090909092,15.78,27.68,4.719714937462759,0,100.0,0.18181818181818182
HS004464,9,11.986666666666666,7.01,14.37,2.480035282007093,2,77.77777777777779,0.3333333333333333
HS004465,11,9.963636363636363,8.5,12.82,1.3977000588629365,1,90.9090909090909,0.18181818181818182
HS004466,7,13.29857142857143,12.24,14.76,0.8868751992516303,0,100.0,0.2857142857142857
HS004467,6,23.368333333333336,17.41,29.42,5.074419835475449,0,100.0,0.16666666666666666
HS004468,3,20.150000000000002,10.63,26.36,8.371099091517193,1,66.66666666666666,0.3333333333333333
HS004469,12,23.15833333333333,18.69,29.83,2.8414843538779744,0,100.0,0.25
HS004470,4,11.0225,10.16,12.44,0.9844922549212864,0,100.0,0.0
HS004471,16,23.051875,16.72,29.07,4.030728997340308,0,100.0,0.0625
HS004472,9,5.934444444444444,3.6,7.73,1.334129970346884,0,100.0,0.4444444444444444
HS004473,6,24.060000000000002,17.99,28.6,3.8093569011054886,0,100.0,0.0
HS004474,3,1.0866666666666667,-0.89,2.75,1.8401177498555177,0,100.0,0.0
HS004475,7,14.814285714285715,12.71,17.17,1.3041581849716593,1,85.71428571428571,0.42857142857142855
HS004476,7,10.765714285714285,8.5,14.7,1.9200161209640674,1,85.71428571428571,0.2857142857142857
HS004477,1,26.84,26.84,26.84,,0,100.0,1.0
HS004478,2,5.34,2.97,7.71,3.351686142824235,0,100.0,0.5
HS004479,7,5.271428571428571,2.92,7.54,1.8738234403791318,0,100.0,0.0
HS004480,8,4.5325,-1.67,7.84,2.9053780181882405,1,87.5,0.25
HS004481,7,5.49,2.63,10.0,2.6271086768537004,1,85.71428571428571,0.2857142857142857
HS004482,12,22.41,15.19,29.5,5.002139542235902,0,100.0,0.3333333333333333
HS004483,11,10.233636363636363,8.04,11.7,1.1479483675433553,0,100.0,0.36363636363636365
HS004484,9,9.912222222222223,3.46,16.12,4.05274838158557,4,55.55555555555556,0.3333333333333333
HS004485,7,19.467142857142857,15.29,24.42,3.7137389707486377,0,100.0,0.14285714285714285
HS004486,11,-0.8118181818181818,-7.31,3.02,2.7443498981792325,1,90.9090909090909,0.2727272727272727
HS004487,14,13.630714285714285,12.02,17.06,1.440071922807032,2,85.71428571428571,0.42857142857142855
HS004488,4,9.9125,8.84,10.89,1.109725942143675,0,100.0,0.25
HS004489,7,11.647142857142857,8.43,16.31,2.5226224072428693,1,85.71428571428571,0.0
HS004490,5,9.613999999999999,6.8,11.53,2.095931773698752,1,80.0,0.0
HS004491,13,10.273076923076925,5.83,15.34,2.2391828294245526,2,84.61538461538461,0.15384615384615385
HS004492,10,10.785,8.07,12.94,1.880651482864382,0,100.0,0.1
HS004493,11,5.346363636363637,3.5,7.98,1.6152230355419817,0,100.0,0.36363636363636365
HS004494,3,23.46666666666667,17.65,29.03,5.694228071769986,0,100.0,0.0
HS004495,7,22.697142857142858,16.16,27.9,4.463767893778059,0,100.0,0.2857142857142857
HS004496,11,4.635454545454546,1.94,7.95,2.4581959386361523,1,90.9090909090909,0.2727272727272727
HS004497,6,5.478333333333333,5.1,5.89,0.28757028126471385,0,100.0,0.16666666666666666
HS004498,9,22.866666666666667,16.24,29.03,4.817141268428818,0,100.0,0.3333333333333333
HS004499,9,5.5811111111111105,3.26,7.96,1.3570873631093585,0,100.0,0.4444444444444444
HS004500,6,4.536666666666666,-2.81,6.92,3.734646792759212,1,83.33333333333334,0.16666666666666666
HS004501,5,9.097999999999999,8.18,10.52,0.881487379376472,0,100.0,0.4
HS004502,10,4.672,-0.75,7.73,2.787116391142964,1,90.0,0.1
HS004503,7,5.5685714285714285,3.03,7.83,1.7724317435981238,0,100.0,0.14285714285714285
HS004504,7,2.0742857142857143,-1.36,3.52,1.8200719504354506,0,100.0,0.0
HS004505,4,10.4725,9.42,11.88,1.0721124008237197,0,100.0,0.25
HS004506,5,21.72,16.62,30.4,6.195453978523284,1,80.0,0.2
HS004507,5,2.7119999999999997,-0.06,8.84,3.582948506467823,1,80.0,0.4
HS004508,10,0.08399999999999999,-1.7,2.52,1.5793824390846218,0,100.0,0.2
HS004509,8,9.69125,8.21,11.69,1.30335213419639,0,100.0,0.25
HS004510,10,5.647,2.76,12.74,2.8430033024563617,1,90.0,0.3
HS004511,13,4.428461538461539,2.48,7.5,1.8848467937467586,0,100.0,0.5384615384615384
HS004512,9,10.562222222222223,9.06,11.97,1.2624953245237953,0,100.0,0.1111111111111111
HS004513,8,2.64625,0.55,5.11,1.6228804858733656,2,75.0,0.125
HS004514,11,-17.722727272727273,-18.94,-15.72,1.0498770490785192,0,100.0,0.36363636363636365
HS004515,9,25.385555555555555,19.96,29.97,3.758174793404077,0,100.0,0.3333333333333333
HS004516,10,11.525,8.15,19.92,3.883252502735304,2,80.0,0.2
HS004517,5,23.004,16.64,27.43,4.633500836300777,0,100.0,0.2
HS004518,9,6.141111111111112,3.89,9.78,1.8950161242351238,1,88.88888888888889,0.2222222222222222
HS004519,12,10.0575,8.4,11.73,1.2060990838235468,0,100.0,0.25
HS004520,7,10.084285714285715,8.31,11.8,1.114313796959922,0,100.0,0.14285714285714285
HS004521,10,13.778,13.25,14.62,0.5012827988714993,0,100.0,0.2
HS004522,10,11.009,9.22,14.36,1.514576948633952,1,90.0,0.6
HS004523,10,4.644,2.17,6.93,1.6858641041844915,0,100.0,0.0
HS004524,12,5.685833333333334,-0.34,8.21,2.339407299969699,2,83.33333333333334,0.08333333333333333
HS004525,10,12.588,7.11,14.96,2.2227050586566306,2,80.0,0.3
HS004526,12,22.269166666666667,15.48,30.06,5.603880892792605,1,91.66666666666666,0.0
HS004527,14,13.81857142857143,7.82,19.02,2.3954953145848146,3,78.57142857142857,0.2857142857142857
HS004528,6,1.4433333333333334,-0.45,3.5,1.4579666205598352,0,100.0,0.6666666666666666
HS004529,11,23.345454545454547,17.35,28.57,4.157738240044372,0,100.0,0.18181818181818182
HS004530,9,24.08888888888889,15.35,29.74,4.996982700701605,0,100.0,0.5555555555555556
HS004531,8,-17.79625,-19.77,-15.47,1.6707649018167856,0,100.0,0.125
HS004532,12,5.2325,3.77,7.56,1.338765544006187,0,100.0,0.16666666666666666
HS004533,7,13.79857142857143,12.33,14.57,0.7788330709343,0,100.0,0.2857142857142857
HS004534,9,9.651111111111112,8.13,11.8,1.2704373700073182,0,100.0,0.3333333333333333
HS004535,10,3.6130000000000004,-0.38,10.13,2.82035872422877,2,80.0,0.3
HS004536,7,10.724285714285713,9.4,11.75,0.8423351894754076,0,100.0,0.0
HS004537,9,3.296666666666667,2.12,7.1,1.6213189075564374,0,100.0,0.4444444444444444
HS004538,10,11.14,8.76,16.14,2.1354104471454143,1,90.0,0.3
HS004539,5,20.552,15.76,28.42,5.887713478082983,0,100.0,0.2
HS004540,3,23.143333333333334,16.72,26.91,5.590387583462649,0,100.0,0.3333333333333333
HS004541,9,20.035555555555554,15.12,27.55,4.72701573699282,0,100.0,0.1111111111111111
HS004542,5,7.242,3.5,11.34,3.14122905882395,2,60.0,0.0
HS004543,9,13.952222222222224,12.99,14.9,0.6964513223797084,0,100.0,0.3333333333333333
HS004544,6,10.546666666666667,8.37,11.44,1.1168467516479903,0,100.0,0.16666666666666666
HS004545,13,-17.798461538461538,-19.47,-15.01,1.7247456148364124,0,100.0,0.3076923076923077
HS004546,11,-17.153636363636362,-18.79,-15.18,1.2729279062639223,0,100.0,0.2727272727272727
HS004547,8,5.1525,2.84,7.24,1.721135422579276,0,100.0,0.375
HS004548,8,4.73625,3.06,6.82,1.6911951606566795,0,100.0,0.375
HS004549,3,4.67,2.78,6.04,1.6910647533432894,0,100.0,0.3333333333333333
HS004550,8,10.0475,7.97,12.87,1.7351636398745955,1,87.5,0.25
HS004551,8,5.6850000000000005,2.91,9.43,2.215387744198035,1,87.5,0.25
HS004552,13,4.466923076923077,2.02,7.39,1.846435234965764,0,100.0,0.23076923076923078
HS004553,7,0.6328571428571428,-1.39,2.92,1.283351267654525,0,100.0,0.2857142857142857
HS004554,11,23.092727272727274,14.13,29.03,5.717184780832418,1,90.9090909090909,0.2727272727272727
HS004555,12,5.491666666666667,3.25,7.37,1.2188879681036644,0,100.0,0.3333333333333333
HS004556,7,5.524285714285715,3.04,7.91,1.7256965467394816,0,100.0,0.14285714285714285
HS004557,5,20.822,15.81,29.5,5.643887844385287,0,100.0,0.2
HS004558,8,9.5375,8.29,11.08,1.0199404744535694,0,100.0,0.25
HS004559,9,-17.206666666666667,-19.56,-15.06,1.450034482348608,0,100.0,0.4444444444444444
HS004560,5,4.0280000000000005,2.27,7.0,1.8761982837642721,0,100.0,0.6
HS004561,11,1.5472727272727271,-0.89,3.68,1.5851377915442613,0,100.0,0.18181818181818182
HS004562,9,9.602222222222222,8.06,11.87,1.2821834675445023,0,100.0,0.3333333333333333
HS004563,13,22.689230769230768,16.5,29.94,4.8379893577436714,0,100.0,0.23076923076923078
HS004564,9,23.272222222222226,17.26,29.19,4.663477183866611,0,100.0,0.2222222222222222
HS004565,6,9.635,8.88,10.4,0.49423678535697874,0,100.0,0.16666666666666666
HS004566,9,11.392222222222223,8.02,12.89,1.553317238829353,0,100.0,0.5555555555555556
HS004567,4,11.0875,6.91,12.83,2.7960492961796413,1,75.0,0.0
HS004568,3,22.919999999999998,15.41,28.52,6.7604807521359,0,100.0,0.3333333333333333
HS004569,9,0.7244444444444444,-1.4,3.27,1.6998463982894978,0,100.0,0.0
HS004570,6,14.436666666666667,12.49,17.16,1.5321836269411926,1,83.33333333333334,0.16666666666666666
HS004571,6,21.900000000000002,17.22,32.45,5.760836744779357,1,83.33333333333334,0.0
HS004572,9,6.448888888888889,4.11,10.31,1.8715664858911936,1,88.88888888888889,0.3333333333333333
HS004573,6,4.008333333333334,2.25,6.04,1.7065218037478063,0,100.0,0.16666666666666666
HS004574,7,4.2628571428571425,3.35,5.46,0.8629738174034073,0,100.0,0.14285714285714285
HS004575,7,5.3914285714285715,3.18,7.68,1.6805993828733503,0,100.0,0.42857142857142855
HS004576,10,5.034000000000001,2.86,7.85,1.6831267199933453,0,100.0,0.3
HS004577,9,10.816666666666666,8.55,16.75,2.537015963686472,1,88.88888888888889,0.2222222222222222
HS004578,8,4.84375,3.11,7.93,1.7967982437022327,0,100.0,0.5
HS004579,4,21.3425,16.81,25.62,3.8521801186687354,0,100.0,0.25
HS004580,8,6.6625,3.46,13.57,3.2245210054030835,2,75.0,0.375
HS004581,6,22.353333333333335,17.52,27.73,4.0531551495923095,0,100.0,0.16666666666666666
HS004582,10,0.39199999999999996,-1.86,3.57,1.9414988482555888,0,100.0,0.3
HS004583,16,5.115,2.22,7.91,1.9111043927530487,0,100.0,0.1875
HS004584,13,10.706153846153846,9.14,12.84,1.252600883904755,0,100.0,0.38461538461538464
HS004585,8,22.88125,17.3,29.66,3.8862447445169632,0,100.0,0.625
HS004586,4,11.1125,9.71,12.94,1.6187726832387552,0,100.0,0.5
HS004587,8,9.955,8.11,11.7,1.3902620513516768,0,100.0,0.375
HS004588,11,13.942727272727273,12.41,15.69,1.0885962604114612,2,81.81818181818183,0.36363636363636365
HS004589,7,10.461428571428572,8.45,11.87,1.2447279297290712,0,100.0,0.42857142857142855
HS004590,12,23.830833333333334,16.42,29.37,3.5540564745431973,0,100.0,0.6666666666666666
HS004591,4,25.0575,22.21,27.98,2.5773937094152566,0,100.0,0.25
HS004592,7,6.384285714285714,3.26,11.42,2.6876312814003906,1,85.71428571428571,0.42857142857142855
HS004593,11,9.975454545454546,8.06,11.95,1.4576444260268935,0,100.0,0.2727272727272727
HS004594,6,25.44666666666667,17.15,33.65,5.761658326095592,1,83.33333333333334,0.16666666666666666
HS004595,10,3.978,2.04,6.54,1.961222974461485,0,100.0,0.3
HS004596,11,5.210909090909091,2.97,7.71,1.4661136009563147,0,100.0,0.45454545454545453
HS004597,7,5.634285714285714,3.9,7.96,1.434699238433584,0,100.0,0.42857142857142855
HS004598,11,-17.061818181818182,-19.8,-11.86,2.2263774081759737,1,90.9090909090909,0.09090909090909091
HS004599,9,10.656666666666666,8.23,17.12,2.5900144787240094,1,88.88888888888889,0.1111111111111111
HS004600,9,4.81,2.04,7.44,1.889398052290729,0,100.0,0.3333333333333333
HS004601,9,4.470000000000001,2.66,6.12,1.0313340874808703,0,100.0,0.4444444444444444
HS004602,10,14.142000000000001,12.13,19.01,1.8888844444392163,1,90.0,0.1
HS004603,9,6.470000000000001,3.03,12.82,2.916419037106979,1,88.88888888888889,0.0
HS004604,6,3.563333333333333,2.26,4.96,1.0152963442594811,0,100.0,0.16666666666666666
HS004605,12,6.206666666666667,2.1,10.22,2.1868421954678827,1,91.66666666666666,0.25
HS004606,10,24.085,18.78,27.8,2.6419321633144848,0,100.0,0.2
HS004607,4,22.2775,17.29,28.75,5.567916276908864,0,100.0,0.5
HS004608,9,-17.03222222222222,-19.54,-15.18,1.2904144467745413,0,100.0,0.2222222222222222
HS004609,8,1.98375,0.91,3.55,0.877755864203058,0,100.0,0.5
HS004610,14,1.7971428571428572,-1.15,3.52,1.4109812655978575,0,100.0,0.21428571428571427
HS004611,12,1.14,-1.6,3.38,1.7155704060696018,0,100.0,0.4166666666666667
HS004612,10,11.169,5.0,18.43,4.000515105722151,3,70.0,0.2
HS004613,11,5.709090909090909,1.12,13.95,3.8474314926856192,3,72.72727272727273,0.5454545454545454
HS004614,11,5.305454545454546,2.95,7.61,1.4453260091506253,0,100.0,0.18181818181818182
HS004615,7,5.112857142857143,2.76,7.67,1.94250451982069,0,100.0,0.5714285714285714
HS004616,8,23.365,19.23,29.88,3.9985926095493722,0,100.0,0.0
HS004617,8,4.84,2.84,7.01,1.675811104254551,0,100.0,0.125
HS004618,10,4.699,0.5,6.76,1.9881283772544578,1,90.0,0.2
HS004619,4,9.8725,8.86,11.56,1.2242923125898761,0,100.0,0.75
HS004620,7,9.717142857142857,8.79,11.94,1.242641196346372,0,100.0,0.14285714285714285
HS004621,7,4.302857142857143,2.27,7.38,1.9476628240510407,0,100.0,0.2857142857142857
HS004622,12,5.03,2.57,7.93,1.8710230551030824,0,100.0,0.16666666666666666
HS004623,7,13.907142857142857,12.73,17.39,1.6328575594716794,1,85.71428571428571,0.2857142857142857
HS004624,12,13.738333333333335,12.09,16.2,1.275245668548423,2,83.33333333333334,0.4166666666666667
HS004625,6,10.136666666666667,8.1,12.43,1.5127282196966738,0,100.0,0.3333333333333333
HS004626,4,21.495,17.49,27.43,4.5080483582144515,0,100.0,0.5
HS004627,8,20.86875,15.92,27.77,4.382538199654234,0,100.0,0.375
HS004628,5,4.254,2.28,6.53,1.6928171785517776,0,100.0,0.0
HS004629,6,13.47,12.42,14.63,0.8884368294932399,0,100.0,0.16666666666666666
HS004630,8,10.385,8.34,12.41,1.429785198652481,1,87.5,0.375
HS004631,6,10.756666666666668,8.56,14.78,2.239630921975017,1,83.33333333333334,0.3333333333333333
HS004632,9,3.8533333333333335,2.03,6.2,1.5312413265060472,0,100.0,0.1111111111111111
HS004633,6,10.866666666666667,8.76,14.38,2.0385648546628743,1,83.33333333333334,0.6666666666666666
HS004634,5,4.644,2.08,7.84,2.495241471280886,0,100.0,0.4
HS004635,15,24.011333333333333,19.19,30.76,3.561452084807678,1,93.33333333333333,0.13333333333333333
HS004636,11,5.2309090909090905,3.02,8.52,1.79131490556772,1,90.9090909090909,0.2727272727272727
HS004637,11,21.305454545454545,16.51,26.65,3.9678214769224773,0,100.0,0.09090909090909091
HS004638,13,14.039230769230768,12.04,17.21,1.426869893265568,2,84.61538461538461,0.23076923076923078
HS004639,7,10.045714285714284,6.67,12.8,1.865206486718089,1,85.71428571428571,0.2857142857142857
HS004640,10,22.374000000000002,15.05,29.55,5.503653735878053,0,100.0,0.1
HS004641,10,6.247,3.16,7.77,1.7834239852348939,0,100.0,0.3
HS004642,13,-17.173846153846153,-19.88,-13.99,1.729915886498235,1,92.3076923076923,0.15384615384615385
HS004643,5,22.452,15.5,29.0,5.649652201684631,0,100.0,0.2
HS004644,14,0.0035714285714285587,-4.12,3.68,2.294094784249526,1,92.85714285714286,0.2857142857142857
HS004645,12,5.118333333333333,2.24,7.34,1.69930377900284,0,100.0,0.5833333333333334
HS004646,8,4.925,2.67,6.94,1.6306878478552718,0,100.0,0.25
HS004647,10,11.058,8.66,15.64,1.9965959920713947,1,90.0,0.6
HS004648,5,9.825999999999999,8.09,11.61,1.6194690487934618,0,100.0,0.2
HS004649,5,9.056000000000001,8.07,10.7,1.0462456690471884,0,100.0,0.2
HS004650,7,20.964285714285715,16.05,25.25,3.3379427653514226,0,100.0,0.14285714285714285
HS004651,4,2.775,2.09,3.79,0.732962027211051,0,100.0,0.5
HS004652,7,10.79857142857143,8.21,14.58,2.2634223981353885,1,85.71428571428571,0.14285714285714285
HS004653,7,11.045714285714284,9.06,12.78,1.4125491984689373,0,100.0,0.14285714285714285
HS004654,5,5.4799999999999995,4.26,7.95,1.4570003431708582,0,100.0,0.0
HS004655,10,22.975,15.58,28.98,4.791337669864927,0,100.0,0.4
HS004656,10,10.994,8.87,12.08,0.9885140363191613,0,100.0,0.1
HS004657,6,7.0683333333333325,4.98,7.93,1.124942961517012,0,100.0,0.16666666666666666
HS004658,5,30.438,26.57,34.45,3.1364821057994257,2,60.0,0.2
HS004659,11,22.569090909090907,15.71,29.88,5.345249207558903,0,100.0,0.09090909090909091
HS004660,8,20.135,15.5,28.89,4.288079823350841,0,100.0,0.125
HS004661,14,11.035714285714286,8.0,16.42,2.248608849542703,2,85.71428571428571,0.14285714285714285
HS004662,5,12.936000000000002,12.14,14.95,1.154179362144376,0,100.0,0.4
HS004663,11,6.8518181818181825,3.36,9.83,1.8164846169556086,2,81.81818181818183,0.09090909090909091
HS004664,11,10.42,4.26,12.86,2.6136564426106195,1,90.9090909090909,0.36363636363636365
HS004665,6,23.463333333333335,16.12,28.94,4.474486190242034,0,100.0,0.3333333333333333
HS004666,9,9.551111111111112,8.06,10.8,0.9202369863850896,0,100.0,0.4444444444444444
HS004667,7,-17.834285714285716,-19.92,-15.7,1.7228354259075085,0,100.0,0.2857142857142857
HS004668,7,22.30857142857143,17.62,26.88,3.418388648527394,0,100.0,0.2857142857142857
HS004669,8,23.26875,16.81,31.11,5.154904564725575,1,87.5,0.375
HS004670,13,-17.23153846153846,-19.93,-15.78,1.1799777268649763,0,100.0,0.3076923076923077
HS004671,8,22.12875,17.28,29.98,4.196551092436331,0,100.0,0.125
HS004672,9,11.011111111111113,8.02,16.69,2.6173481065978046,2,77.77777777777779,0.3333333333333333
HS004673,5,5.7,2.76,9.01,2.522369917359466,1,80.0,0.2
HS004674,9,10.515555555555556,8.46,14.48,2.186584729155899,2,77.77777777777779,0.0
HS004675,4,23.572499999999998,18.23,28.38,4.203739406766314,0,100.0,0.0
HS004676,10,20.901999999999997,9.94,28.58,5.435716859603504,1,90.0,0.2
HS004677,11,10.30090909090909,8.12,16.22,2.3238995440657697,1,90.9090909090909,0.2727272727272727
HS004678,6,9.868333333333334,8.13,11.78,1.4228902510969237,0,100.0,0.3333333333333333
HS004679,8,4.335,2.12,9.32,2.2954551369421896,1,87.5,0.25
HS004680,9,10.605555555555556,8.12,12.97,1.6650383712628904,0,100.0,0.3333333333333333
HS004681,7,25.142857142857142,18.21,29.59,4.638504479843024,0,100.0,0.42857142857142855
HS004682,10,13.512,12.25,14.83,0.9310543605086772,0,100.0,0.4
HS004683,6,22.836666666666662,15.9,29.56,5.615117689476032,0,100.0,0.3333333333333333
HS004684,7,0.2057142857142857,-1.24,1.95,1.477823367240451,0,100.0,0.14285714285714285
HS004685,11,5.496363636363636,2.59,11.7,2.821256006559039,2,81.81818181818183,0.45454545454545453
HS004686,8,14.42,12.34,18.42,1.9017210250567402,1,87.5,0.125
HS004687,5,21.206,15.01,26.72,5.294703013389891,0,100.0,0.0
HS004688,11,0.5,-3.87,3.62,2.0294038533520133,1,90.9090909090909,0.09090909090909091
HS004689,4,4.3475,-1.91,7.95,4.5712899346537474,1,75.0,0.0
HS004690,8,4.775,2.16,7.08,1.8632690166938934,0,100.0,0.0
HS004691,5,20.832,16.06,27.11,4.739722565720488,0,100.0,0.4
HS004692,7,25.419999999999998,20.89,33.13,3.9657491936160905,1,85.71428571428571,0.2857142857142857
HS004693,11,24.031818181818185,15.95,28.44,3.767701734962093,0,100.0,0.09090909090909091
HS004694,7,0.76,-5.9,4.05,3.7023461030361093,2,71.42857142857143,0.14285714285714285
HS004695,6,25.736666666666665,20.4,33.5,4.424760633827176,1,83.33333333333334,0.3333333333333333
HS004696,7,10.645714285714286,8.76,12.98,1.667411738222418,0,100.0,0.2857142857142857
HS004697,10,4.684,-0.01,6.71,2.10908721699433,1,90.0,0.3
HS004698,4,4.3875,2.6,5.47,1.3427924883118263,0,100.0,0.5
HS004699,4,1.9825,-1.3,3.67,2.2849708240296343,0,100.0,0.5
HS004700,12,23.689999999999998,16.79,29.28,4.215007818390247,0,100.0,0.25
HS004701,3,17.41,16.49,18.24,0.8784645695758025,0,100.0,0.6666666666666666
HS004702,9,5.16,2.72,6.57,1.2937542270462346,0,100.0,0.2222222222222222
HS004703,9,1.231111111111111,-1.66,3.93,2.2992414207975447,0,100.0,0.2222222222222222
HS004704,8,21.625,13.67,30.87,5.041074148574744,2,75.0,0.375
HS004705,11,21.86818181818182,16.77,29.65,4.169220114558161,0,100.0,0.18181818181818182
HS004706,8,21.841250000000002,16.0,28.55,4.030293989631172,0,100.0,0.125
HS004707,6,9.348333333333334,4.6,11.81,2.635506908863391,1,83.33333333333334,0.3333333333333333
HS004708,7,5.481428571428571,2.53,8.24,1.9677265102263626,1,85.71428571428571,0.14285714285714285
HS004709,8,23.96625,17.34,29.8,4.523929826094629,0,100.0,0.25
HS004710,9,5.266666666666667,2.21,12.14,3.2482957069823555,1,88.88888888888889,0.5555555555555556
HS004711,12,4.149166666666667,2.45,6.59,1.532428010074407,0,100.0,0.08333333333333333
HS004712,8,-16.77625,-19.18,-14.37,1.7900912785984644,1,87.5,0.375
HS004713,10,4.947,2.53,7.62,1.972601497177437,0,100.0,0.1
HS004714,5,3.7640000000000002,2.38,5.22,1.229422628716423,0,100.0,0.4
HS004715,9,22.857777777777777,16.1,27.23,4.344711664131976,0,100.0,0.2222222222222222
HS004716,8,11.13625,7.57,13.91,1.8250161447426785,2,75.0,0.125
HS004717,13,5.167692307692307,2.07,7.65,1.5640340674366926,0,100.0,0.3076923076923077
HS004718,9,4.415555555555556,2.3,7.13,1.7423196543050812,0,100.0,0.1111111111111111
HS004719,9,22.936666666666667,16.4,29.8,5.364377876324523,0,100.0,0.3333333333333333
HS004720,6,4.873333333333334,2.48,7.53,1.7262637882625782,0,100.0,0.5
HS004721,9,4.876666666666667,2.33,7.36,1.879002394889373,0,100.0,0.3333333333333333
HS004722,8,10.20375,8.45,11.53,0.9061683460751497,0,100.0,0.25
HS004723,7,14.215714285714284,12.58,18.48,2.011913327679709,1,85.71428571428571,0.2857142857142857
HS004724,5,5.132,2.53,7.18,2.271919892953975,0,100.0,0.2
HS004725,8,9.7025,8.26,11.26,0.9135292629608062,0,100.0,0.5
HS004726,9,21.426666666666666,15.92,28.1,4.46896240753936,0,100.0,0.3333333333333333
HS004727,8,20.57125,10.91,27.07,5.489799469405574,1,87.5,0.25
HS004728,10,10.397,8.25,12.99,1.6179002166731764,1,90.0,0.4
HS004729,7,22.12857142857143,15.02,24.77,3.5401856287085116,0,100.0,0.42857142857142855
HS004730,8,4.63875,2.66,7.82,1.6594442916659953,0,100.0,0.5
HS004731,7,5.661428571428572,3.11,7.98,1.9098815719953999,0,100.0,0.5714285714285714
HS004732,9,21.34111111111111,15.98,27.49,3.885278125322705,0,100.0,0.1111111111111111
HS004733,4,0.6775,0.02,2.37,1.1303797297073819,0,100.0,0.0
HS004734,9,10.70111111111111,8.58,11.68,1.1511564233895892,0,100.0,0.0
HS004735,4,8.434999999999999,6.21,9.7,1.564150461645767,1,75.0,0.25
HS004736,8,5.2375,3.74,7.07,1.250345666491585,0,100.0,0.375
HS004737,14,23.76571428571429,11.18,29.12,4.574995105984291,1,92.85714285714286,0.07142857142857142
HS004738,4,1.165,-1.96,3.51,2.389930263975639,0,100.0,0.25
HS004739,7,7.028571428571429,5.77,7.83,0.7976095237526646,0,100.0,0.0
HS004740,4,9.8575,8.42,10.82,1.0419332992087356,0,100.0,0.25
HS004741,6,18.263333333333332,15.37,23.47,3.016578635916303,0,100.0,0.3333333333333333
HS004742,11,5.454545454545454,2.01,7.75,1.916154292515943,0,100.0,0.2727272727272727
HS004743,10,4.535,2.42,6.88,1.8490973774009605,0,100.0,0.2
HS004744,8,6.30625,2.56,7.99,1.689065147183072,0,100.0,0.125
HS004745,3,9.626666666666667,8.48,10.25,0.9943004240838548,0,100.0,0.3333333333333333
HS004746,10,10.019,8.44,11.99,1.533836511641461,0,100.0,0.4
HS004747,11,5.956363636363636,2.47,9.0,1.9777779082964437,1,90.9090909090909,0.18181818181818182
HS004748,3,2.9933333333333336,2.02,4.72,1.4993776486707189,0,100.0,0.0
HS004749,8,5.62375,2.58,12.36,3.868277348233596,2,75.0,0.125
HS004750,7,22.24142857142857,15.66,28.14,4.319392042758752,0,100.0,0.5714285714285714
HS004751,7,10.03,8.05,12.57,1.7246642185268024,0,100.0,0.14285714285714285
HS004752,6,4.918333333333334,2.56,7.02,1.7798473717335053,0,100.0,0.5
HS004753,7,10.234285714285715,9.18,11.91,0.9296210185313358,0,100.0,0.2857142857142857
HS004754,10,10.492,8.02,12.65,1.3479185600192782,0,100.0,0.4
HS004755,4,4.1425,2.54,5.14,1.1586306572847105,0,100.0,0.25
HS004756,5,20.856,15.63,27.0,4.435124575476996,0,100.0,0.2
HS004757,8,21.3125,15.8,28.12,3.655558390021577,0,100.0,0.25
HS004758,11,13.67090909090909,12.1,14.71,0.8787542835793695,0,100.0,0.0
HS004759,12,1.5599999999999998,-1.55,5.07,2.1513251730038396,1,91.66666666666666,0.25
HS004760,13,4.797692307692308,2.34,7.84,1.9534633937622765,0,100.0,0.07692307692307693
HS004761,8,23.48125,15.15,29.73,4.809895863143579,0,100.0,0.375
HS004762,4,-16.375,-19.24,-15.13,1.9452249227274456,0,100.0,0.0
HS004763,6,21.425,15.12,29.17,5.561592397865922,0,100.0,0.16666666666666666
HS004764,6,14.200000000000001,12.07,19.84,2.8298056470365593,1,83.33333333333334,0.0
HS004765,9,6.067777777777778,2.96,9.62,2.387659825947667,1,88.88888888888889,0.3333333333333333
HS004766,11,25.777272727272727,23.0,29.89,2.0811347429183478,0,100.0,0.09090909090909091
HS004767,13,5.722307692307693,2.51,10.46,2.022923436704719,1,92.3076923076923,0.38461538461538464
HS004768,5,-16.564,-18.27,-14.37,1.6948392254134312,1,80.0,0.0
HS004769,6,4.4799999999999995,2.29,7.21,1.8118609218149166,0,100.0,0.0
HS004770,5,23.254,19.0,28.86,4.192550536368047,0,100.0,0.2
HS004771,9,13.66777777777778,12.13,14.94,1.047088556161533,0,100.0,0.2222222222222222
HS004772,6,22.05,15.85,29.56,5.357118628516639,0,100.0,0.16666666666666666
HS004773,6,5.34,2.28,7.94,2.335183076334702,0,100.0,0.0
HS004774,8,6.31875,2.72,11.23,2.4308460461329098,1,87.5,0.0
HS004775,12,4.463333333333334,0.17,9.16,2.327122035841045,3,75.0,0.3333333333333333
HS004776,10,9.861,5.84,12.68,1.959197398029214,1,90.0,0.1
HS004777,8,19.55125,16.61,25.9,3.1648851818487365,0,100.0,0.25
HS004778,4,27.0225,24.46,28.7,1.9152436746621384,0,100.0,0.0
HS004779,7,25.42571428571429,19.54,30.48,3.6214631349905027,1,85.71428571428571,0.42857142857142855
HS004780,3,20.173333333333332,17.7,24.09,3.430806513537792,0,100.0,0.0
HS004781,8,-17.56,-19.83,-15.52,1.847964130758882,0,100.0,0.125
HS004782,8,4.33125,2.04,7.63,2.420362649923118,0,100.0,0.125
HS004783,5,23.264,16.09,29.12,5.538711944125638,0,100.0,0.4
HS004784,8,9.89375,8.06,11.4,1.3026340073646387,0,100.0,0.125
HS004785,9,22.023333333333333,12.99,29.57,5.115640233636451,1,88.88888888888889,0.2222222222222222
HS004786,10,4.482,0.26,7.15,2.3457706622771117,1,90.0,0.2
HS004787,8,6.6274999999999995,3.87,13.53,3.4523522002086797,2,75.0,0.375
HS004788,4,3.4875,1.65,5.92,1.8497094366413336,1,75.0,0.0
HS004789,5,6.26,4.32,11.91,3.1963025513865237,1,80.0,0.2
HS004790,8,9.6775,8.12,11.27,1.0831666538441813,0,100.0,0.375
HS004791,6,7.1816666666666675,2.67,9.49,2.439978825044731,2,66.66666666666666,0.3333333333333333
HS004792,7,5.182857142857143,3.34,7.69,1.6526112094270116,0,100.0,0.5714285714285714
HS004793,12,11.230833333333335,8.54,14.11,1.6795803498240718,1,91.66666666666666,0.3333333333333333
HS004794,5,11.690000000000001,9.75,12.67,1.205591141307865,0,100.0,0.0
HS004795,13,1.2723076923076921,-1.74,3.52,1.5965543828620112,0,100.0,0.46153846153846156
HS004796,7,4.114285714285715,2.08,7.99,2.6219767170518327,0,100.0,0.42857142857142855
HS004797,13,23.838461538461537,16.27,29.76,5.172381537476791,0,100.0,0.38461538461538464
HS004798,7,10.044285714285715,8.27,14.47,2.143267421040883,1,85.71428571428571,0.2857142857142857
HS004799,3,-1.0799999999999998,-1.96,-0.46,0.7830708780180757,0,100.0,0.0
HS004800,9,13.227777777777778,9.72,18.02,2.230794576926446,2,77.77777777777779,0.1111111111111111
HS004801,12,5.545833333333333,2.48,7.86,1.9692567048754641,0,100.0,0.5
HS004802,9,2.6522222222222225,-0.49,8.6,2.615663289577702,1,88.88888888888889,0.0
HS004803,11,-17.453636363636363,-19.81,-15.22,1.6601522383641356,0,100.0,0.2727272727272727
HS004804,4,5.5200000000000005,3.2,6.44,1.550225790006088,0,100.0,0.5
HS004805,6,4.253333333333333,2.04,7.88,2.4358790336686806,0,100.0,0.16666666666666666
HS004806,7,13.324285714285713,12.16,14.45,0.9186377077473129,0,100.0,0.2857142857142857
HS004807,10,5.157,2.54,10.11,2.3025109482186323,1,90.0,0.2
HS004808,7,5.351428571428571,2.73,7.98,1.8668728627612237,0,100.0,0.2857142857142857
HS004809,9,-17.445555555555554,-19.39,-14.51,1.688017410389412,1,88.88888888888889,0.1111111111111111
HS004810,8,5.21125,2.41,9.44,2.3929505845294843,1,87.5,0.25
HS004811,7,24.0,20.36,28.42,2.511712563172786,0,100.0,0.42857142857142855
HS004812,5,4.704,2.65,7.0,1.7154532928646002,0,100.0,0.2
HS004813,7,10.924285714285714,8.97,12.29,1.2501180896600272,0,100.0,0.42857142857142855
HS004814,12,10.370833333333334,8.05,12.56,1.6215114068128667,0,100.0,0.4166666666666667
HS004815,10,9.683,8.45,11.17,1.057817984763394,0,100.0,0.2
HS004816,8,4.685,2.05,7.95,1.8121179400280294,0,100.0,0.375
HS004817,8,24.1,16.68,29.85,5.025114071199919,0,100.0,0.5
HS004818,11,4.1045454545454545,2.15,7.71,2.0461738129316562,0,100.0,0.2727272727272727
HS004819,9,4.134444444444444,-1.32,7.69,2.6700286099174626,1,88.88888888888889,0.1111111111111111
HS004820,9,14.034444444444444,10.18,20.04,3.120673449398027,3,66.66666666666666,0.3333333333333333
HS004821,7,22.527142857142856,16.41,29.18,4.3261056940613996,0,100.0,0.2857142857142857
HS004822,7,9.620000000000001,4.52,11.99,2.4827337083679892,1,85.71428571428571,0.14285714285714285
HS004823,13,5.399230769230769,2.56,9.67,1.9861539951140978,1,92.3076923076923,0.46153846153846156
HS004824,10,23.465,16.28,27.8,4.584435625025177,0,100.0,0.4
HS004825,5,6.138,2.75,9.78,2.8234145993813944,1,80.0,0.0
HS004826,11,10.653636363636364,8.59,13.19,1.2911566343962515,1,90.9090909090909,0.18181818181818182
HS004827,11,10.132727272727273,8.04,11.56,0.9735819524733492,0,100.0,0.18181818181818182
HS004828,11,0.23909090909090908,-1.41,3.14,1.4286948907688761,0,100.0,0.18181818181818182
HS004829,10,13.311000000000002,12.02,14.58,0.9827224090928904,0,100.0,0.3
HS004830,5,-17.852,-19.3,-16.44,1.3318295686761132,0,100.0,0.2
HS004831,8,5.145,2.97,6.63,1.2897618827852346,0,100.0,0.0
HS004832,3,4.34,2.42,6.88,2.2937305857489014,0,100.0,0.3333333333333333
HS004833,12,10.525833333333333,8.36,12.19,1.2702359003052321,0,100.0,0.25
HS004834,8,19.17375,15.71,24.34,3.011947341125718,0,100.0,0.375
HS004835,9,5.397777777777778,2.08,9.79,2.583881662236962,1,88.88888888888889,0.1111111111111111
HS004836,8,4.095000000000001,2.22,6.49,1.281817905498727,0,100.0,0.25
HS004837,12,6.021666666666667,3.25,10.06,2.0882042452061462,1,91.66666666666666,0.16666666666666666
HS004838,8,10.24,8.37,11.82,1.3014058332653744,0,100.0,0.125
HS004839,7,5.357142857142857,2.23,7.48,1.9921823400960257,0,100.0,0.2857142857142857
HS004840,3,6.076666666666667,4.96,7.35,1.202677568317183,0,100.0,0.3333333333333333
HS004841,9,5.235555555555555,2.53,7.6,1.7467334592827202,0,100.0,0.4444444444444444
HS004842,10,24.454,17.36,35.42,6.065333553161862,1,90.0,0.1
HS004843,8,20.1125,15.1,27.56,5.421372388189966,0,100.0,0.5
HS004844,6,23.80666666666667,20.94,29.39,2.9227635324580508,0,100.0,0.3333333333333333
HS004845,3,-0.22666666666666666,-1.17,0.4,0.8315247039825896,0,100.0,0.6666666666666666
HS004846,12,-0.10666666666666667,-1.92,3.2,2.022812323714115,0,100.0,0.08333333333333333
HS004847,7,-17.357142857142858,-19.39,-15.35,1.364743129502328,0,100.0,0.14285714285714285
HS004848,8,10.27,8.08,12.66,1.6059354194451818,0,100.0,0.125
HS004849,8,23.43875,20.98,27.27,1.973477261080046,0,100.0,0.25
HS004850,10,21.841,15.4,27.68,4.17872242570754,0,100.0,0.1
HS004851,12,10.653333333333334,8.0,12.91,1.7270223103961515,0,100.0,0.16666666666666666
HS004852,6,22.061666666666667,16.35,28.33,4.904550608023804,0,100.0,0.5
HS004853,7,24.25,18.75,28.1,3.61255219108781,0,100.0,0.14285714285714285
HS004854,7,4.685714285714285,2.03,8.82,2.794845595871426,1,85.71428571428571,0.14285714285714285
HS004855,9,23.40888888888889,16.9,30.01,4.652062565261898,1,88.88888888888889,0.1111111111111111
HS004856,8,14.0425,12.37,17.42,1.710937504076974,1,87.5,0.25
HS004857,7,9.775714285714287,8.74,11.39,0.9815779327670515,0,100.0,0.14285714285714285
HS004858,6,4.7299999999999995,2.73,6.72,1.5948416849330216,0,100.0,0.16666666666666666
HS004859,16,0.506875,-1.97,3.34,1.581344233028765,0,100.0,0.375
HS004860,6,4.25,2.21,6.46,1.4905301070424577,0,100.0,0.5
HS004861,4,22.8225,16.2,28.6,6.378517983565358,0,100.0,0.0
HS004862,13,10.844615384615384,8.61,17.4,2.2417649868820453,1,92.3076923076923,0.38461538461538464
HS004863,6,10.258333333333333,8.05,12.3,1.854048722840548,0,100.0,0.16666666666666666
HS004864,7,-16.155714285714286,-18.79,-12.42,2.223704545294159,1,85.71428571428571,0.14285714285714285
HS004865,6,10.268333333333333,8.91,11.74,1.1724063573124577,0,100.0,0.0
HS004866,14,5.03,2.26,7.39,1.6994116628998401,0,100.0,0.21428571428571427
HS004867,6,5.07,2.83,7.51,1.6846245872597252,0,100.0,0.5
HS004868,11,24.429090909090913,19.38,29.12,2.908509771499675,0,100.0,0.36363636363636365
HS004869,10,5.781000000000001,2.42,7.76,1.8960980401281409,0,100.0,0.0
HS004870,15,10.069333333333333,8.06,14.52,1.7650312286458953,1,93.33333333333333,0.2
HS004871,13,9.72076923076923,6.26,11.95,1.7049704862473016,1,92.3076923076923,0.23076923076923078
HS004872,12,10.491666666666667,8.16,13.73,1.6114975154880764,1,91.66666666666666,0.5
HS004873,5,22.834,15.92,34.82,7.93587613310591,1,80.0,0.4
HS004874,6,4.986666666666667,2.59,7.53,2.0483326552751797,0,100.0,0.16666666666666666
HS004875,9,4.272222222222222,2.94,6.56,1.088540051832933,0,100.0,0.4444444444444444
HS004876,6,11.033333333333333,8.48,15.63,2.57738368635069,1,83.33333333333334,0.0
HS004877,7,22.835714285714285,15.08,28.37,5.050273448513646,0,100.0,0.0
HS004878,5,10.190000000000001,8.3,12.74,1.9583411347362334,0,100.0,0.4
HS004879,7,5.92,0.47,12.73,3.7243612427726007,2,71.42857142857143,0.14285714285714285
HS004880,12,5.093333333333333,1.13,8.4,1.9951046148616933,2,83.33333333333334,0.16666666666666666
HS004881,10,10.308,8.54,15.98,2.336059359976397,1,90.0,0.4
HS004882,10,4.343999999999999,2.03,7.51,1.8449221603573895,0,100.0,0.2
HS004883,12,11.970833333333333,9.15,15.09,1.4794253081599769,2,83.33333333333334,0.25
HS004884,4,4.4475,2.61,6.79,1.735249741871949,0,100.0,0.75
HS004885,11,22.82181818181818,15.22,33.98,5.673390200192153,1,90.9090909090909,0.2727272727272727
HS004886,7,4.09,2.07,7.55,2.340199421701777,0,100.0,0.14285714285714285
HS004887,10,23.074,12.25,29.63,6.4204555047822645,1,90.0,0.3
HS004888,8,1.795,-0.6,3.59,1.6583296243078884,0,100.0,0.75
HS004889,4,10.675,9.79,12.38,1.1729876384685392,0,100.0,0.0
HS004890,4,5.2375,2.86,7.17,1.9705561820629898,0,100.0,0.75
HS004891,7,4.917142857142857,3.02,7.87,1.7308063081091647,0,100.0,0.42857142857142855
HS004892,11,13.31,9.22,14.87,1.607973880384877,1,90.9090909090909,0.0
HS004893,7,6.017142857142857,1.07,9.76,2.8422626801295374,2,71.42857142857143,0.2857142857142857
HS004894,12,-17.37,-19.72,-15.5,1.5612058276741196,0,100.0,0.25
HS004895,6,4.903333333333333,2.07,9.37,2.8080360871375327,1,83.33333333333334,0.3333333333333333
HS004896,7,10.702857142857143,9.11,12.56,1.1552447689517908,0,100.0,0.14285714285714285
HS004897,10,23.766,16.24,29.78,4.284045855133777,0,100.0,0.3
HS004898,6,4.878333333333333,2.53,7.34,1.8362071415465813,0,100.0,0.3333333333333333
HS004899,7,10.462857142857143,8.97,12.89,1.5878886850753982,0,100.0,0.42857142857142855
HS004900,6,13.225,12.11,14.04,0.6637695383188349,0,100.0,0.16666666666666666
HS004901,5,24.204,15.33,29.3,5.8826635123896045,0,100.0,0.4
HS004902,10,4.947,2.06,7.88,2.04473334311456,0,100.0,0.1
HS004903,4,6.2675,5.04,7.63,1.1024329155705275,0,100.0,0.25
HS004904,7,10.774285714285714,9.47,12.2,1.0209939135120105,0,100.0,0.14285714285714285
HS004905,11,5.427272727272728,3.31,7.5,1.7103689128903794,0,100.0,0.5454545454545454
HS004906,6,26.16,16.26,33.31,6.911951967425699,2,66.66666666666666,0.0
HS004907,7,4.83,2.67,7.22,1.4767983387495172,0,100.0,0.2857142857142857
HS004908,7,18.505714285714284,15.24,24.77,3.2459762637397556,0,100.0,0.2857142857142857
HS004909,9,10.232222222222223,8.21,11.89,1.267209313588108,0,100.0,0.4444444444444444
HS004910,6,13.231666666666667,12.22,14.88,1.0561896925584282,0,100.0,0.16666666666666666
HS004911,6,2.6950000000000003,1.26,4.6,1.250819731216293,1,83.33333333333334,0.3333333333333333
HS004912,11,4.52,2.19,7.4,2.1187260323128143,0,100.0,0.36363636363636365
HS004913,5,11.782,8.33,16.41,3.1477484016356834,1,80.0,0.2
HS004914,11,0.8463636363636364,-1.22,3.2,1.4598374753873988,0,100.0,0.18181818181818182
HS004915,10,5.784000000000001,2.83,9.29,2.506108980515856,2,80.0,0.2
HS004916,9,0.4066666666666667,-1.53,3.29,1.9540726700918778,0,100.0,0.2222222222222222
HS004917,9,-16.450000000000003,-19.5,-15.18,1.3827780009820805,0,100.0,0.2222222222222222
HS004918,12,22.14916666666667,15.13,27.58,4.1922882845298295,0,100.0,0.3333333333333333
HS004919,5,3.978,2.64,7.09,1.782588006242609,0,100.0,0.6
HS004920,4,-17.015,-17.7,-15.44,1.0580957738629653,0,100.0,0.5
HS004921,11,0.8027272727272728,-1.74,2.79,1.7865558536418107,0,100.0,0.2727272727272727
HS004922,6,4.9783333333333335,2.79,7.61,2.007539953940311,0,100.0,0.3333333333333333
HS004923,14,10.470714285714285,8.22,15.32,2.112808791398547,1,92.85714285714286,0.35714285714285715
HS004924,6,20.846666666666668,17.17,22.44,1.9517752602865577,0,100.0,0.0
HS004925,5,10.988,9.34,12.72,1.5987088540444134,0,100.0,0.4
HS004926,6,23.981666666666666,16.7,27.22,3.7941503220967223,0,100.0,0.16666666666666666
HS004927,10,13.469999999999999,12.33,14.97,0.756864878590918,0,100.0,0.2
HS004928,8,23.7925,15.15,29.34,5.344138979159451,0,100.0,0.375
HS004929,12,13.433333333333332,12.17,14.83,0.8714808017844042,0,100.0,0.25
HS004930,13,23.46153846153846,16.39,28.29,4.290924232520399,0,100.0,0.38461538461538464
HS004931,10,5.209,2.37,8.87,1.9966830828484858,1,90.0,0.5
HS004932,13,9.233846153846153,8.02,11.7,1.1238441355569022,0,100.0,0.23076923076923078
HS004933,17,5.105882352941176,2.45,7.77,1.974765995072357,0,100.0,0.29411764705882354
HS004934,6,0.6233333333333334,-1.46,2.91,1.5376172042048266,0,100.0,0.3333333333333333
HS004935,9,5.384444444444444,2.69,11.43,2.68809463705759,1,88.88888888888889,0.1111111111111111
HS004936,7,10.731428571428571,8.72,12.78,1.4596623875794998,0,100.0,0.42857142857142855
HS004937,6,3.0400000000000005,2.22,5.99,1.455609837834301,0,100.0,0.3333333333333333
HS004938,5,4.734,3.16,5.99,1.301395404940405,0,100.0,0.2
HS004939,9,5.526666666666667,2.32,8.31,1.944286501521831,1,88.88888888888889,0.3333333333333333
HS004940,10,22.558,15.19,37.3,7.467045823706542,1,90.0,0.4
HS004941,5,10.6,9.21,12.39,1.1661903789690597,0,100.0,0.4
HS004942,12,9.74,8.03,11.79,1.2739559004783627,0,100.0,0.3333333333333333
HS004943,8,1.09125,-0.71,2.58,1.1907793066487413,0,100.0,0.375
HS004944,7,10.184285714285716,4.81,14.22,3.198139340006191,3,57.14285714285714,0.0
HS004945,7,9.422857142857143,5.7,11.73,2.059083244923286,1,85.71428571428571,0.2857142857142857
HS004946,8,5.29875,3.11,7.74,1.6043818346729595,0,100.0,0.375
HS004947,10,10.635,8.0,12.41,1.390125893579427,0,100.0,0.4
HS004948,7,9.942857142857141,9.15,11.35,0.7495490707911048,0,100.0,0.2857142857142857
HS004949,9,5.3933333333333335,2.62,6.84,1.3269796531974407,0,100.0,0.0
HS004950,9,0.9144444444444445,-1.52,3.23,1.4935704796820866,0,100.0,0.1111111111111111
HS004951,6,20.698333333333334,15.72,26.28,3.6506241475488364,0,100.0,0.3333333333333333
HS004952,10,1.492,-4.83,3.99,2.66300498601778,1,90.0,0.4
HS004953,4,3.4275,0.61,5.83,2.2162186263994803,1,75.0,0.25
HS004954,9,10.846666666666668,8.68,15.71,2.2463804219232326,1,88.88888888888889,0.2222222222222222
HS004955,10,22.916,17.87,28.58,2.6210099834478564,0,100.0,0.2
HS004956,7,13.120000000000001,12.43,13.79,0.5789070161375941,0,100.0,0.42857142857142855
HS004957,7,9.982857142857142,8.44,12.19,1.480739840819607,0,100.0,0.2857142857142857
HS004958,7,22.715714285714284,17.09,29.62,4.5793553299667895,0,100.0,0.2857142857142857
HS004959,13,5.343076923076922,3.19,7.16,1.3768586505483211,0,100.0,0.15384615384615385
HS004960,7,0.722857142857143,-1.81,3.16,1.617340556651714,0,100.0,0.0
HS004961,9,11.362222222222222,9.07,17.44,2.631956391060545,2,77.77777777777779,0.2222222222222222
HS004962,6,14.648333333333333,13.36,18.96,2.1281016579728216,1,83.33333333333334,0.6666666666666666
HS004963,12,4.663333333333333,2.17,9.97,2.372058305788584,1,91.66666666666666,0.25
HS004964,5,5.314,4.35,7.95,1.4874407551227042,0,100.0,0.8
HS004965,10,4.821,2.03,7.45,2.008407052588914,0,100.0,0.0
HS004966,6,10.583333333333334,9.08,11.83,1.1552604323989752,0,100.0,0.5
HS004967,11,13.903636363636364,12.14,17.23,1.348593880508678,1,90.9090909090909,0.45454545454545453
HS004968,8,0.7937500000000001,-1.94,3.95,2.124200269681342,0,100.0,0.0
HS004969,4,5.4350000000000005,2.7,6.68,1.839393015825239,0,100.0,0.5
HS004970,18,10.51388888888889,8.17,16.16,1.6841445337195728,1,94.44444444444444,0.2222222222222222
HS004971,6,9.758333333333333,8.13,10.85,0.9903618867195287,0,100.0,0.3333333333333333
HS004972,3,12.123333333333335,11.4,12.88,0.7405628490096791,0,100.0,0.0
HS004973,8,9.93875,8.13,11.68,1.5349680080426058,0,100.0,0.375
HS004974,9,1.3566666666666665,-1.13,7.09,2.524262268465779,1,88.88888888888889,0.5555555555555556
HS004975,15,13.836666666666668,12.31,14.99,0.9684941674480815,0,100.0,0.4
HS004976,8,-18.165,-18.76,-17.38,0.40028561231772064,0,100.0,0.25
HS004977,9,22.23,16.06,29.72,4.903440118936909,0,100.0,0.2222222222222222
HS004978,12,22.8025,15.56,29.31,4.057088353621463,0,100.0,0.4166666666666667
HS004979,9,22.477777777777778,15.69,29.03,4.461277221205206,0,100.0,0.1111111111111111
HS004980,6,10.719999999999999,8.62,12.8,1.4803783300224311,0,100.0,0.3333333333333333
HS004981,11,10.27818181818182,8.6,11.96,1.2829015408971818,0,100.0,0.18181818181818182
HS004982,8,5.04875,2.37,7.64,1.9911406458180123,0,100.0,0.375
HS004983,7,4.295714285714285,2.71,5.72,1.2939198473740834,0,100.0,0.42857142857142855
HS004984,12,10.753333333333332,7.16,15.67,2.2392869536095774,3,75.0,0.16666666666666666
HS004985,9,4.86,2.2,8.36,2.1034376624944224,1,88.88888888888889,0.0
HS004986,9,10.627777777777778,6.81,12.7,1.8130208064014173,1,88.88888888888889,0.2222222222222222
HS004987,9,10.974444444444444,8.73,12.39,1.402766116563192,0,100.0,0.2222222222222222
HS004988,7,5.332857142857143,3.58,7.95,1.5784139115550384,0,100.0,0.14285714285714285
HS004989,6,-17.368333333333332,-19.16,-15.45,1.4429333548943504,0,100.0,0.16666666666666666
HS004990,11,5.072727272727272,2.03,7.59,2.008353011345819,0,100.0,0.36363636363636365
HS004991,4,24.4775,20.55,29.21,4.4182151373603356,0,100.0,0.25
HS004992,11,9.501818181818182,8.55,11.87,0.9051167679566894,0,100.0,0.2727272727272727
HS004993,9,14.353333333333333,12.34,19.66,2.198806494441928,1,88.88888888888889,0.1111111111111111
HS004994,9,4.75,-1.43,7.46,2.9525920815446214,1,88.88888888888889,0.3333333333333333
HS004995,7,-17.032857142857143,-22.42,-15.23,2.5991775255883947,1,85.71428571428571,0.0
HS004996,12,0.4258333333333333,-1.97,3.07,1.4925479028909734,0,100.0,0.3333333333333333
HS004997,8,10.55625,8.1,13.22,1.5340696342921156,1,87.5,0.0
HS004998,9,24.645555555555557,17.67,29.2,4.375331733454935,0,100.0,0.3333333333333333
HS004999,8,5.095,2.97,7.97,1.786680881251202,0,100.0,0.5
HS005000,8,5.2675,2.57,7.88,2.015544945807815,0,100.0,0.5
HS005001,11,-16.583636363636362,-19.7,-13.86,1.6935718037761076,1,90.9090909090909,0.09090909090909091
HS005002,6,21.55,13.52,33.2,6.51311292701117,2,66.66666666666666,0.16666666666666666
HS005003,9,-17.316666666666666,-19.89,-15.25,1.7893224974833348,0,100.0,0.2222222222222222
HS005004,8,22.67875,16.56,27.43,3.848221992037362,0,100.0,0.0
HS005005,6,14.795,12.83,17.95,2.4325357140235373,2,66.66666666666666,0.3333333333333333
HS005006,7,1.2128571428571429,-1.86,3.41,1.8311445809084756,0,100.0,0.14285714285714285
HS005007,8,22.51,18.85,25.75,2.716289485940072,0,100.0,0.125
HS005008,9,4.817777777777778,2.48,10.04,2.5738578912683665,1,88.88888888888889,0.1111111111111111
HS005009,9,5.56,3.65,7.67,1.5853075411414657,0,100.0,0.4444444444444444
HS005010,4,25.3125,21.63,29.5,4.040803344220883,0,100.0,0.25
HS005011,5,13.558000000000002,12.29,14.8,0.915270451833774,0,100.0,0.2
HS005012,12,5.0216666666666665,-0.05,7.72,2.0285186414691583,1,91.66666666666666,0.4166666666666667
HS005013,10,21.783,15.11,29.94,5.215540986108516,0,100.0,0.2
HS005014,5,20.824,16.95,27.65,4.717603205018411,0,100.0,0.0
HS005015,10,23.418,16.21,29.89,4.896796685362562,0,100.0,0.4
HS005016,11,20.991818181818182,15.92,26.71,3.8754349902477223,0,100.0,0.18181818181818182
HS005017,6,9.883333333333333,8.85,11.39,0.9921626210791593,0,100.0,0.6666666666666666
HS005018,8,23.93625,17.37,28.79,4.808611137472916,0,100.0,0.25
HS005019,12,5.639166666666667,2.97,6.61,1.1653361460683067,0,100.0,0.3333333333333333
HS005020,5,-17.236,-19.8,-15.07,1.8674394233816527,0,100.0,0.2
HS005021,5,4.41,3.16,6.01,1.0791431786375707,0,100.0,0.4
HS005022,9,22.48,16.43,27.36,3.788122886074315,0,100.0,0.1111111111111111
HS005023,10,0.484,-1.42,2.5,1.4287928082436896,0,100.0,0.0
HS005024,8,22.7775,16.38,28.67,4.479087120002404,0,100.0,0.125
HS005025,14,13.432857142857143,12.17,14.88,0.7124651524156069,0,100.0,0.21428571428571427
HS005026,4,13.9925,12.08,16.79,2.262747224061936,1,75.0,0.0
HS005027,9,4.944444444444445,2.43,7.42,2.0791771876821317,0,100.0,0.2222222222222222
HS005028,6,10.868333333333334,8.73,12.38,1.5133197503061495,1,83.33333333333334,0.16666666666666666
HS005029,8,5.17,2.99,7.91,2.0265593643273463,0,100.0,0.25
HS005030,7,10.67,9.41,12.49,0.9732420048477158,0,100.0,0.42857142857142855
HS005031,7,1.7714285714285716,-1.86,7.87,3.015125362631039,1,85.71428571428571,0.14285714285714285
HS005032,16,9.985625,8.06,13.47,1.4481112698960674,1,93.75,0.3125
HS005033,8,13.09125,9.2,14.81,1.7473117106817877,1,87.5,0.5
HS005034,9,-18.246666666666666,-19.95,-15.71,1.520559107696902,0,100.0,0.1111111111111111
HS005035,13,4.858461538461539,2.06,7.55,1.518133976047822,0,100.0,0.3076923076923077
HS005036,5,11.232,9.35,12.76,1.2582408354524184,0,100.0,0.2
HS005037,9,11.052222222222222,8.05,17.98,3.184182696461439,1,88.88888888888889,0.3333333333333333
HS005038,4,9.1375,7.78,11.87,1.8560419355894588,1,75.0,0.5
HS005039,9,-17.633333333333333,-19.86,-16.04,1.4256928140381433,0,100.0,0.3333333333333333
HS005040,14,13.66,12.07,16.57,1.3737707792227039,1,92.85714285714286,0.21428571428571427
HS005041,9,5.2411111111111115,2.41,9.46,2.4349098774104787,1,88.88888888888889,0.4444444444444444
HS005042,7,4.37,2.1,7.97,2.163361581736473,0,100.0,0.2857142857142857
HS005043,6,4.403333333333333,2.58,7.6,1.920392321028874,0,100.0,0.6666666666666666
HS005044,9,2.088888888888889,-0.35,3.88,1.3688448089944714,0,100.0,0.3333333333333333
HS005045,10,10.273,8.17,12.96,1.7732521911260493,0,100.0,0.2
HS005046,16,22.44375,17.42,32.55,4.309182250342479,1,93.75,0.0625
HS005047,8,4.38625,2.41,6.95,1.7917584140407192,0,100.0,0.125
HS005048,6,10.643333333333333,8.99,12.81,1.404900945499955,0,100.0,0.6666666666666666
HS005049,14,21.620714285714286,15.7,28.11,4.287949957166575,0,100.0,0.42857142857142855
HS005050,13,-17.568461538461538,-19.49,-15.88,1.4485673736134725,0,100.0,0.38461538461538464
HS005051,8,2.13125,-1.32,3.71,2.0070122606216723,0,100.0,0.125
HS005052,4,16.275,10.83,20.42,4.230622491627759,1,75.0,0.25
HS005053,4,10.807500000000001,10.25,12.0,0.8178579746304774,0,100.0,0.25
HS005054,5,21.419999999999998,15.65,24.32,3.500999857183658,0,100.0,0.2
HS005055,6,5.403333333333333,3.31,7.1,1.3643557698293602,0,100.0,0.16666666666666666
HS005056,13,4.418461538461538,-0.16,7.41,1.954451526446939,1,92.3076923076923,0.38461538461538464
HS005057,10,10.693000000000001,6.52,14.32,2.2641115500591207,2,80.0,0.3
HS005058,9,9.682222222222222,8.12,11.6,1.2434606726569377,0,100.0,0.3333333333333333
HS005059,7,20.84,16.14,27.13,3.8237939275018475,0,100.0,0.2857142857142857
HS005060,10,13.675999999999998,12.8,14.97,0.6108318553870251,0,100.0,0.1
HS005061,9,10.020000000000001,8.15,13.25,1.611823501503809,1,88.88888888888889,0.3333333333333333
HS005062,18,4.186111111111111,-1.0,7.35,1.9560859444876704,1,94.44444444444444,0.16666666666666666
HS005063,7,6.774285714285715,3.83,10.83,2.1158359824811344,1,85.71428571428571,0.5714285714285714
HS005064,7,13.084285714285715,11.28,14.83,1.2562491411984746,1,85.71428571428571,0.2857142857142857
HS005065,8,20.8175,16.1,27.47,4.130277576282598,0,100.0,0.25
HS005066,7,4.315714285714286,0.19,7.44,2.580703115708696,1,85.71428571428571,0.2857142857142857
HS005067,13,24.43,15.0,33.93,4.834902618805609,1,92.3076923076923,0.46153846153846156
HS005068,8,9.5025,8.27,11.71,1.2513164496412803,0,100.0,0.25
HS005069,12,10.529166666666667,8.17,14.74,1.7736067942489564,1,91.66666666666666,0.3333333333333333
HS005070,11,-16.401818181818182,-18.63,-13.75,1.5475388084427368,1,90.9090909090909,0.36363636363636365
HS005071,9,13.613333333333333,12.21,14.61,0.7893668348746352,0,100.0,0.0
HS005072,16,4.4262500000000005,-1.72,7.98,2.550142152900501,2,87.5,0.3125
HS005073,8,11.03125,9.28,16.03,2.2648458635665007,1,87.5,0.375
HS005074,7,25.562857142857144,21.13,29.59,3.2266737996772794,0,100.0,0.42857142857142855
HS005075,8,22.845,17.57,29.72,5.105408896454818,0,100.0,0.125
HS005076,8,20.955,16.76,29.94,4.804441397587979,0,100.0,0.0
HS005077,8,23.4125,15.66,29.82,5.178369158611343,0,100.0,0.25
HS005078,8,21.3625,16.37,29.91,4.476062523500505,0,100.0,0.5
HS005079,12,3.871666666666666,-3.51,10.36,3.462158636492907,3,75.0,0.4166666666666667
HS005080,8,5.4925,2.48,8.45,2.21863374946964,1,87.5,0.0
HS005081,8,23.23,20.33,26.22,2.051612606150168,0,100.0,0.375
HS005082,13,23.86846153846154,16.91,29.92,4.231520306292302,0,100.0,0.46153846153846156
HS005083,6,22.278333333333336,17.62,27.95,4.2051084012979585,0,100.0,0.16666666666666666
HS005084,14,5.726428571428571,3.1,7.86,1.5984733444655974,0,100.0,0.42857142857142855
HS005085,8,9.38125,4.43,12.08,2.438860609265846,1,87.5,0.0
HS005086,8,21.57375,15.26,27.08,3.9468972895536187,0,100.0,0.25
HS005087,10,24.878999999999998,16.29,29.54,4.528373389590964,0,100.0,0.6
HS005088,9,-17.987777777777776,-19.61,-15.42,1.4814416777060262,0,100.0,0.4444444444444444
HS005089,10,21.025,14.28,29.06,4.639023484407994,1,90.0,0.3
HS005090,5,0.898,-0.17,2.4,1.0349251180641041,0,100.0,0.4
HS005091,10,23.298000000000002,16.07,29.53,4.805937993773952,0,100.0,0.3
HS005092,3,9.736666666666666,9.01,10.17,0.6331929669013493,0,100.0,0.0
HS005093,12,22.977500000000003,17.51,28.66,3.904845765781979,0,100.0,0.25
HS005094,8,9.9725,8.38,11.95,1.389437193357697,0,100.0,0.5
HS005095,11,6.401818181818182,3.39,13.04,2.694642158735806,1,90.9090909090909,0.2727272727272727
HS005096,8,13.7625,12.26,14.98,1.0925559809129104,0,100.0,0.125
HS005097,5,4.534000000000001,2.17,6.24,1.6014149993053022,0,100.0,0.0
HS005098,13,11.372307692307693,6.36,16.38,2.4182264639130118,2,84.61538461538461,0.15384615384615385
HS005099,9,21.025555555555556,15.3,25.91,3.932833301549632,0,100.0,0.3333333333333333
HS005100,12,1.4766666666666666,-1.78,3.47,1.883484842390602,0,100.0,0.16666666666666666
HS005101,8,22.26,17.81,26.85,2.6293725487271677,0,100.0,0.125
HS005102,6,10.695,8.86,12.72,1.4637861865723427,0,100.0,0.3333333333333333
HS005103,5,10.568000000000001,8.99,11.68,1.1359885562803878,0,100.0,0.0
HS005104,17,21.08823529411765,15.66,29.0,4.1680289635721675,0,100.0,0.17647058823529413
HS005105,15,4.526666666666667,2.05,7.29,1.816400155199708,0,100.0,0.26666666666666666
HS005106,9,1.6033333333333333,-0.43,3.84,1.7511424842085237,0,100.0,0.1111111111111111
HS005107,11,23.993636363636366,15.73,31.12,5.127537952521214,1,90.9090909090909,0.2727272727272727
HS005108,8,23.51125,17.7,26.64,3.1524250869087167,0,100.0,0.25
HS005109,3,0.82,-0.85,3.28,2.1753850233924106,0,100.0,0.6666666666666666
HS005110,8,22.80125,17.07,25.5,2.6446789570218696,0,100.0,0.125
HS005111,6,5.051666666666667,2.75,7.62,2.3401574021135136,0,100.0,0.5
HS005112,6,5.323333333333333,2.34,9.42,2.512215489695632,1,83.33333333333334,0.3333333333333333
HS005113,7,5.8,3.78,7.43,1.3191537691515216,0,100.0,0.42857142857142855
HS005114,10,9.668000000000001,8.28,11.24,1.053721447484528,0,100.0,0.1
HS005115,6,10.246666666666668,8.86,12.88,1.3843072876593072,0,100.0,0.0
HS005116,4,6.3975,3.66,7.76,1.8910380747092324,0,100.0,0.25
HS005117,13,4.631538461538462,2.16,7.35,1.70240440825051,0,100.0,0.15384615384615385
HS005118,6,5.2716666666666665,2.2,11.92,3.68493373979325,1,83.33333333333334,0.3333333333333333
HS005119,6,-16.816666666666666,-19.18,-14.78,1.5283542346807788,1,83.33333333333334,0.16666666666666666
HS005120,6,13.815,12.88,14.85,0.6418333116939318,0,100.0,0.3333333333333333
HS005121,9,11.318888888888889,8.36,14.57,1.9502464231760845,2,77.77777777777779,0.2222222222222222
HS005122,11,21.71909090909091,15.33,27.38,3.890610375109423,0,100.0,0.09090909090909091
HS005123,9,5.983333333333333,3.21,7.44,1.2496199422224346,0,100.0,0.2222222222222222
HS005124,10,10.799,8.72,12.87,1.5273029969342837,0,100.0,0.4
HS005125,4,5.35,3.07,7.34,1.8109849990175697,0,100.0,0.25
HS005126,9,5.073333333333333,2.45,7.98,2.3439549910354507,0,100.0,0.1111111111111111
HS005127,9,4.4911111111111115,-0.05,9.14,2.582452538017129,2,77.77777777777779,0.5555555555555556
HS005128,7,23.044285714285714,15.76,28.27,4.877953317881237,0,100.0,0.14285714285714285
HS005129,8,1.5275,-0.72,3.75,1.5432595374725535,0,100.0,0.375
HS005130,13,0.9046153846153846,-1.85,6.7,2.3782157716259174,1,92.3076923076923,0.3076923076923077
HS005131,12,4.996666666666666,2.09,10.12,2.36458850286446,1,91.66666666666666,0.4166666666666667
HS005132,8,1.55375,-1.92,5.75,2.972579147089996,1,87.5,0.375
HS005133,7,6.334285714285714,3.22,10.7,2.5122291372594256,1,85.71428571428571,0.14285714285714285
HS005134,8,9.57,8.21,13.19,1.5852354489385565,1,87.5,0.5
HS005135,6,22.31,19.78,26.55,2.5860007733950905,0,100.0,0.6666666666666666
HS005136,8,5.69875,3.2,7.98,1.5559052257218533,0,100.0,0.125
HS005137,10,6.039,2.99,8.91,1.6947267888627031,1,90.0,0.3
HS005138,6,10.94,9.86,11.57,0.7528612089887488,0,100.0,0.6666666666666666
HS005139,9,23.321111111111108,15.31,28.89,4.409437164889768,0,100.0,0.2222222222222222
HS005140,4,13.765,12.9,14.79,0.7901265721389189,0,100.0,0.25
HS005141,17,5.104705882352941,2.07,8.0,1.9124628024064247,0,100.0,0.11764705882352941
HS005142,6,23.728333333333335,18.69,29.64,4.022508752839037,0,100.0,0.5
HS005143,6,3.9599999999999995,2.43,6.88,1.9934793703472327,0,100.0,0.16666666666666666
HS005144,3,19.6,15.72,25.07,4.8735715856033135,0,100.0,0.0
HS005145,3,10.520000000000001,9.4,11.88,1.257298691640137,0,100.0,0.6666666666666666
HS005146,8,4.99875,2.65,8.72,2.057546649358336,1,87.5,0.25
HS005147,9,23.65888888888889,16.22,29.65,4.632516714606771,0,100.0,0.4444444444444444
HS005148,7,1.6814285714285713,-1.44,3.88,1.9802561161916115,0,100.0,0.7142857142857143
HS005149,8,5.87,3.42,7.52,1.4563653387800741,0,100.0,0.125
HS005150,8,4.5625,-2.23,9.51,3.417316198422382,2,75.0,0.5
HS005151,8,5.06625,2.15,9.05,2.6074505200071805,1,87.5,0.25
HS005152,14,21.287857142857142,15.3,26.63,3.8908159685468156,0,100.0,0.35714285714285715
HS005153,5,4.1579999999999995,2.31,6.87,1.712358023311714,0,100.0,0.4
HS005154,11,20.89636363636364,15.69,27.86,4.474072580384169,0,100.0,0.18181818181818182
HS005155,10,1.7759999999999998,-1.94,5.55,2.5489178531726404,2,80.0,0.1
HS005156,6,0.8933333333333332,-3.57,2.73,2.7064712573139706,1,83.33333333333334,0.5
HS005157,11,5.154545454545455,2.5,11.34,2.5198903295038995,1,90.9090909090909,0.2727272727272727
HS005158,5,4.43,2.24,6.37,1.8023318229449314,0,100.0,0.2
HS005159,9,23.492222222222225,15.98,29.21,4.048857177580414,0,100.0,0.1111111111111111
HS005160,6,-17.73,-19.93,-15.04,1.8128099734941874,0,100.0,0.16666666666666666
HS005161,10,11.261,8.05,13.11,1.5441606853634833,1,90.0,0.6
HS005162,9,0.75,-2.52,3.31,1.9162202378641136,1,88.88888888888889,0.3333333333333333
HS005163,2,4.26,2.28,6.24,2.8001428534987283,0,100.0,0.0
HS005164,8,22.1075,17.23,29.92,5.327008675473641,0,100.0,0.125
HS005165,8,13.185,12.1,14.36,0.7554563426924724,0,100.0,0.375
HS005166,6,13.51,12.07,14.86,1.0145540892431506,0,100.0,0.16666666666666666
HS005167,5,4.9799999999999995,2.2,7.94,2.038590199132724,0,100.0,0.0
HS005168,14,13.848571428571429,12.13,18.54,1.6442012657207756,1,92.85714285714286,0.42857142857142855
HS005169,11,23.54,17.01,31.17,4.302436518997115,1,90.9090909090909,0.2727272727272727
HS005170,16,5.7475000000000005,1.94,8.3,2.230992305380426,2,87.5,0.375
HS005171,4,5.3175,2.15,7.15,2.3737645909679697,0,100.0,0.25
HS005172,3,9.486666666666666,8.43,11.47,1.7188465124417986,0,100.0,0.3333333333333333
HS005173,10,4.245,1.6,7.03,1.9438178355436957,1,90.0,0.4
HS005174,6,19.996666666666666,15.34,27.82,4.560336244912941,0,100.0,0.5
HS005175,8,4.83375,2.14,7.93,2.2713805587917544,0,100.0,0.0
HS005176,6,9.826666666666666,8.71,11.95,1.1919340026472378,0,100.0,0.16666666666666666
HS005177,8,10.4925,8.03,12.64,1.610037710294833,0,100.0,0.25
HS005178,5,20.326,16.09,24.45,3.618408489930346,0,100.0,0.4
HS005179,10,22.856,16.52,29.74,4.407090751151931,0,100.0,0.3
HS005180,3,9.423333333333334,8.62,10.0,0.7173794904604764,0,100.0,0.3333333333333333
HS005181,5,0.992,-1.97,3.69,2.7433592546365486,0,100.0,0.0
HS005182,9,10.127777777777778,8.37,13.1,1.5300798817200503,1,88.88888888888889,0.2222222222222222
HS005183,16,0.8081250000000001,-1.62,6.55,2.3569025400583143,1,93.75,0.1875
HS005184,6,15.058333333333332,12.5,19.26,2.7902359517909363,2,66.66666666666666,0.5
HS005185,4,19.9025,15.74,22.8,3.084481317823144,0,100.0,0.25
HS005186,4,22.0325,16.01,27.67,4.964543449972682,0,100.0,0.25
HS005187,4,13.3525,11.73,14.77,1.32932000160483,1,75.0,0.5
HS005188,13,5.674615384615384,2.02,11.63,2.577869324929069,1,92.3076923076923,0.38461538461538464
HS005189,5,9.924000000000001,8.67,11.74,1.297759607939775,0,100.0,0.2
HS005190,8,3.83875,2.68,7.93,1.7509543316227787,0,100.0,0.375
HS005191,7,11.295714285714284,10.14,13.53,1.0962034048304647,1,85.71428571428571,0.42857142857142855
HS005192,7,10.868571428571428,8.12,12.54,1.5457191268298451,0,100.0,0.14285714285714285
HS005193,11,23.80272727272727,16.19,29.69,5.297945056168648,0,100.0,0.18181818181818182
HS005194,9,10.487777777777778,8.56,13.28,1.513256238858589,1,88.88888888888889,0.2222222222222222
HS005195,8,20.71,13.41,27.49,5.582237134749063,2,75.0,0.25
HS005196,9,9.49,8.05,11.65,1.0997954355242618,0,100.0,0.1111111111111111
HS005197,9,6.752222222222223,0.34,12.4,3.7204629341581197,3,66.66666666666666,0.3333333333333333
HS005198,9,4.346666666666668,0.08,7.4,2.641760776451948,1,88.88888888888889,0.1111111111111111
HS005199,10,20.467,15.14,29.49,4.160240511209793,0,100.0,0.0
HS005200,11,13.481818181818182,12.12,14.78,0.829129883453952,0,100.0,0.18181818181818182
HS005201,4,14.010000000000002,12.56,14.71,0.9891073416638532,0,100.0,0.25
HS005202,7,4.932857142857143,2.29,7.8,2.2216939054522813,0,100.0,0.14285714285714285
HS005203,10,5.535,2.78,7.91,1.8532808745573348,0,100.0,0.0
HS005204,15,5.134666666666666,-0.4,8.07,2.462512847440501,2,86.66666666666667,0.26666666666666666
HS005205,12,10.824166666666665,8.39,16.56,2.274576717199101,1,91.66666666666666,0.16666666666666666
HS005206,10,10.903,8.27,15.37,2.2444105883035053,1,90.0,0.2
HS005207,7,23.23428571428571,17.37,29.89,4.7987215559384735,0,100.0,0.14285714285714285
HS005208,7,2.2114285714285713,0.66,3.99,1.2100334509347055,0,100.0,0.42857142857142855
HS005209,9,0.9077777777777778,-1.75,3.9,1.9424004335987068,0,100.0,0.4444444444444444
HS005210,8,11.04125,8.15,18.08,3.130551925322891,1,87.5,0.25
HS005211,10,11.471,8.98,16.69,2.4660379829461943,2,80.0,0.3
HS005212,5,22.009999999999998,14.03,29.11,5.700100876300349,1,80.0,0.2
HS005213,7,4.261428571428572,2.74,7.46,1.7344973197964164,0,100.0,0.14285714285714285
HS005214,11,13.732727272727272,12.05,17.6,1.6173069647354572,1,90.9090909090909,0.45454545454545453
HS005215,17,22.72764705882353,16.13,28.89,4.723448858371079,0,100.0,0.29411764705882354
HS005216,6,1.2116666666666667,-0.57,3.11,1.6069401565293795,0,100.0,0.5
HS005217,13,6.024615384615384,2.28,10.59,2.277760652426762,1,92.3076923076923,0.15384615384615385
HS005218,9,3.4144444444444444,2.1,6.67,1.4915772785135128,0,100.0,0.3333333333333333
HS005219,10,3.668,-3.39,8.41,3.103373791358187,2,80.0,0.4
HS005220,4,6.4075,2.97,11.71,3.990074143003695,1,75.0,0.0
HS005221,7,0.7514285714285716,-1.81,3.35,1.9201165639219977,0,100.0,0.14285714285714285
HS005222,9,5.414444444444444,2.35,7.97,2.3179145320261005,0,100.0,0.2222222222222222
HS005223,6,13.166666666666666,12.06,14.91,1.063478568973849,0,100.0,0.3333333333333333
HS005224,12,21.49,16.88,28.72,3.9029080067420123,0,100.0,0.25
HS005225,9,4.286666666666666,2.27,6.68,1.7066853840119447,0,100.0,0.2222222222222222
HS005226,8,4.33125,2.22,6.42,1.6837665048507002,0,100.0,0.25
HS005227,19,4.535263157894737,-2.5,7.83,2.473284744403803,1,94.73684210526315,0.21052631578947367
HS005228,12,1.3816666666666666,-1.55,6.47,2.542510689468307,2,83.33333333333334,0.3333333333333333
HS005229,5,4.26,2.37,6.45,1.6867720652180602,0,100.0,0.4
HS005230,12,-17.334166666666665,-18.86,-15.57,1.0115376084621535,0,100.0,0.16666666666666666
HS005231,6,20.768333333333334,19.05,22.79,1.306819293807168,0,100.0,0.3333333333333333
HS005232,5,19.936,17.55,22.6,1.9832876745444676,0,100.0,0.4
HS005233,3,21.816666666666666,18.63,25.41,3.408244905128347,0,100.0,0.3333333333333333
HS005234,9,10.727777777777778,8.67,15.96,2.396470205206909,1,88.88888888888889,0.2222222222222222
HS005235,6,7.68,5.43,10.41,1.8268114297868838,3,50.0,0.3333333333333333
HS005236,6,1.2716666666666665,-1.48,4.26,2.1064227179430692,1,83.33333333333334,0.0
HS005237,10,9.745000000000001,8.2,11.34,1.0727042670020683,0,100.0,0.1
HS005238,8,4.25125,2.41,7.67,1.9974729570849548,0,100.0,0.125
HS005239,6,4.871666666666667,2.19,7.18,2.0252250903706153,0,100.0,0.16666666666666666
HS005240,5,12.072,10.27,13.76,1.277172658648783,1,80.0,0.2
HS005241,5,10.654,9.45,12.78,1.4025797660026327,0,100.0,0.2
HS005242,9,9.791111111111112,8.01,11.9,1.1465758200446716,0,100.0,0.2222222222222222
HS005243,5,6.288,4.74,7.65,1.4375395646729172,0,100.0,0.4
HS005244,3,-0.7400000000000001,-1.86,0.75,1.343763372026489,0,100.0,0.0
HS005245,15,1.5826666666666667,-1.47,6.21,2.1727548894258204,1,93.33333333333333,0.26666666666666666
HS005246,3,9.73,8.42,10.8,1.208014900570353,0,100.0,0.3333333333333333
HS005247,9,11.113333333333333,8.81,15.4,2.4136901209558785,3,66.66666666666666,0.2222222222222222
HS005248,4,22.51,18.82,28.6,4.355548185934809,0,100.0,0.5
HS005249,6,9.950000000000001,8.38,11.49,1.2830120810031371,0,100.0,0.3333333333333333
HS005250,8,5.8875,-1.98,10.97,4.238401821441663,3,62.5,0.0
HS005251,10,5.605,2.23,7.12,1.6764330519820285,0,100.0,0.5
HS005252,9,0.20333333333333328,-1.93,3.8,1.7693854865461058,0,100.0,0.1111111111111111
HS005253,8,21.87125,15.87,29.38,5.023685151360503,0,100.0,0.625
HS005254,9,-17.608888888888888,-19.98,-11.65,2.394657827563494,1,88.88888888888889,0.2222222222222222
HS005255,8,23.155,16.22,29.28,4.0440503034881825,0,100.0,0.125
HS005256,6,25.505,17.66,36.98,8.003533594606822,2,66.66666666666666,0.3333333333333333
HS005257,5,11.47,10.81,12.49,0.6808450631384495,0,100.0,0.2
HS005258,17,11.119411764705882,7.57,12.95,1.723250818178521,1,94.11764705882352,0.29411764705882354
HS005259,9,6.067777777777778,4.02,7.06,0.9615323418608677,0,100.0,0.1111111111111111
HS005260,7,4.827142857142857,2.16,7.71,2.0598277782840184,0,100.0,0.42857142857142855
HS005261,5,0.8939999999999999,-1.84,3.21,2.400402049657515,0,100.0,0.4
HS005262,11,10.466363636363637,8.27,12.61,1.4812513137700347,0,100.0,0.18181818181818182
HS005263,5,13.101999999999999,9.31,20.22,4.51083362583902,2,60.0,0.2
HS005264,5,6.15,4.37,7.63,1.2955886692928433,0,100.0,0.2
HS005265,10,4.568,2.36,7.76,1.9451523790638556,0,100.0,0.2
HS005266,6,5.14,2.24,7.83,2.4099211605361703,0,100.0,0.16666666666666666
HS005267,6,21.225,14.78,26.36,4.180721229644473,1,83.33333333333334,0.16666666666666666
HS005268,7,10.191428571428572,8.69,11.44,0.8282597936120558,0,100.0,0.2857142857142857
HS005269,5,4.746,2.36,7.53,2.1062834567075726,0,100.0,0.2
HS005270,12,21.876666666666665,14.06,32.26,5.978658002859129,2,83.33333333333334,0.16666666666666666
HS005271,9,6.235555555555555,2.47,7.52,1.629295178222098,0,100.0,0.1111111111111111
HS005272,6,1.7083333333333333,-1.9,6.06,2.948914489548089,1,83.33333333333334,0.3333333333333333
HS005273,9,4.778888888888889,2.19,7.32,1.9454526751147434,0,100.0,0.2222222222222222
HS005274,11,9.93909090909091,8.53,11.61,1.1548718937220228,0,100.0,0.18181818181818182
HS005275,10,21.464,15.95,28.11,4.311790553560988,0,100.0,0.2
HS005276,9,-17.827777777777776,-19.55,-7.58,3.856876254748711,1,88.88888888888889,0.0
HS005277,8,0.98375,-1.78,3.7,1.7524100751332636,0,100.0,0.25
HS005278,5,5.33,3.63,7.47,1.493100800348054,0,100.0,0.0
HS005279,6,4.253333333333333,2.19,7.22,2.2293736041019834,0,100.0,0.0
HS005280,6,12.023333333333333,9.2,13.52,1.6034296575362037,1,83.33333333333334,0.16666666666666666
HS005281,6,5.46,3.16,7.23,1.475289802038908,0,100.0,0.3333333333333333
HS005282,4,6.455,5.54,7.85,1.010099005048515,0,100.0,0.0
HS005283,11,9.584545454545454,4.77,11.69,2.067705799364908,1,90.9090909090909,0.2727272727272727
HS005284,11,4.919090909090909,2.1,7.38,1.4572059191854423,0,100.0,0.36363636363636365
HS005285,10,20.53,15.36,28.82,4.933162159192508,0,100.0,0.1
HS005286,8,4.31375,2.69,6.56,1.4133338246854494,0,100.0,0.25
HS005287,8,5.8525,2.53,9.35,2.243038436712895,1,87.5,0.25
HS005288,6,-18.486666666666668,-19.71,-16.03,1.4715524682003918,0,100.0,0.3333333333333333
HS005289,7,20.252857142857145,15.21,28.59,4.228517132856049,0,100.0,0.2857142857142857
HS005290,5,-18.064,-19.69,-16.16,1.3837376919055149,0,100.0,0.2
HS005291,16,23.148125,12.98,29.89,4.391930811158117,1,93.75,0.3125
HS005292,13,10.879999999999999,8.81,16.56,1.960110541100509,1,92.3076923076923,0.3076923076923077
HS005293,6,21.468333333333334,19.14,29.56,4.070687493122834,0,100.0,0.16666666666666666
HS005294,5,19.932,15.15,27.22,5.741120970681598,0,100.0,0.2
HS005295,9,7.085555555555556,5.18,11.64,1.8114573629477948,1,88.88888888888889,0.2222222222222222
HS005296,3,-17.983333333333334,-18.92,-16.72,1.1357963432470346,0,100.0,0.3333333333333333
HS005297,12,10.22,8.5,12.34,1.3853388164501983,0,100.0,0.3333333333333333
HS005298,9,5.661111111111111,2.56,7.46,1.7396152192686494,0,100.0,0.2222222222222222
HS005299,5,11.192,10.35,12.14,0.7368649808479164,0,100.0,0.4
HS005300,11,9.473636363636363,8.02,11.88,1.303205837366245,0,100.0,0.36363636363636365
HS005301,6,21.636666666666667,17.7,28.59,4.127113599922671,0,100.0,0.5
HS005302,7,9.754285714285714,8.02,11.05,1.145147110532924,0,100.0,0.42857142857142855
HS005303,4,2.2424999999999997,0.87,3.92,1.3272873338756257,0,100.0,0.25
HS005304,11,5.002727272727273,-1.48,7.74,2.7757452725676792,1,90.9090909090909,0.09090909090909091
HS005305,6,5.158333333333333,2.5,7.8,1.8785890095139668,0,100.0,0.0
HS005306,5,6.452,3.3,11.37,3.3377642217508408,1,80.0,0.2
HS005307,13,6.211538461538462,2.38,12.35,2.5801093198862914,2,84.61538461538461,0.3076923076923077
HS005308,7,-16.587142857142858,-18.56,-12.66,1.853633497446877,1,85.71428571428571,0.2857142857142857
HS005309,5,23.372,17.21,27.5,4.89449384512842,0,100.0,0.4
HS005310,8,4.8425,2.52,6.79,1.6991321314129748,0,100.0,0.25
HS005311,6,22.168333333333333,18.62,26.97,3.7769586530258255,0,100.0,0.16666666666666666
HS005312,9,-17.945555555555554,-19.47,-15.51,1.1778594049281839,0,100.0,0.7777777777777778
HS005313,4,-0.595,-4.17,2.79,3.0616498820080653,1,75.0,0.25
HS005314,5,11.02,10.07,12.53,0.9746794344808966,0,100.0,0.0
HS005315,11,10.10909090909091,8.12,11.79,1.4119097318557912,0,100.0,0.45454545454545453
HS005316,11,22.623636363636365,15.75,29.58,5.392740069254724,0,100.0,0.2727272727272727
HS005317,14,1.467857142857143,-1.0,4.12,1.511342645929967,1,92.85714285714286,0.21428571428571427
HS005318,13,4.066923076923077,2.12,7.07,1.664008136074784,0,100.0,0.15384615384615385
HS005319,9,22.585555555555555,16.08,27.84,4.608986089996126,0,100.0,0.3333333333333333
HS005320,4,3.5275,3.07,4.0,0.5227730546486369,0,100.0,0.25
HS005321,8,21.555,16.11,25.88,3.4688738394882157,0,100.0,0.375
HS005322,6,4.773333333333333,2.71,7.47,2.019372839934881,0,100.0,0.16666666666666666
HS005323,10,22.381,17.64,29.19,4.446500371703071,0,100.0,0.5
HS005324,8,11.26625,8.72,12.9,1.5503542221975322,0,100.0,0.375
HS005325,10,13.091,10.83,14.79,1.2144450035578662,1,90.0,0.3
HS005326,7,4.194285714285714,1.37,6.47,1.9105571363946623,1,85.71428571428571,0.42857142857142855
HS005327,4,12.1775,7.52,14.8,3.332090184853945,1,75.0,0.25
HS005328,13,24.353846153846156,15.23,34.29,5.649348839263895,1,92.3076923076923,0.23076923076923078
HS005329,9,-17.215555555555554,-19.77,-16.01,1.4125076204317544,0,100.0,0.4444444444444444
HS005330,11,11.022727272727273,8.41,16.25,2.179133272239635,1,90.9090909090909,0.2727272727272727
HS005331,8,11.22625,9.35,12.96,1.2868004340778165,0,100.0,0.5
HS005332,5,20.256,14.25,26.14,4.908251216064639,1,80.0,0.4
HS005333,11,1.9009090909090909,-1.22,5.54,2.148331699461024,1,90.9090909090909,0.09090909090909091
HS005334,5,21.919999999999998,15.57,27.8,5.133312770521587,0,100.0,0.2
HS005335,2,9.765,8.9,10.63,1.2232947314527276,0,100.0,0.0
HS005336,9,24.781111111111112,18.33,29.28,4.23081979185017,0,100.0,0.4444444444444444
HS005337,11,4.926363636363636,2.12,7.69,1.8962398198923718,0,100.0,0.2727272727272727
HS005338,9,-16.582222222222224,-19.92,-9.86,3.664975367508552,2,77.77777777777779,0.5555555555555556
HS005339,9,5.713333333333334,2.12,11.98,3.1279745842957225,1,88.88888888888889,0.2222222222222222
HS005340,7,10.001428571428573,8.39,11.95,1.3179710235993878,0,100.0,0.14285714285714285
HS005341,5,24.562,18.66,28.75,4.136311158508267,0,100.0,0.2
HS005342,8,20.85375,16.02,29.14,4.182227490908916,0,100.0,0.125
HS005343,8,4.14125,0.37,5.53,1.7357372867376641,1,87.5,0.25
HS005344,7,22.865714285714287,15.6,28.44,4.767822204259359,0,100.0,0.14285714285714285
HS005345,8,13.71625,12.92,14.54,0.6841665941650679,0,100.0,0.25
HS005346,5,14.206,12.67,14.92,0.9199891303705715,0,100.0,0.0
HS005347,9,10.42111111111111,8.19,13.11,1.7208097254232126,1,88.88888888888889,0.3333333333333333
HS005348,9,5.38,2.43,13.28,3.386181477712026,1,88.88888888888889,0.2222222222222222
HS005349,6,10.983333333333334,8.03,15.94,2.819728119281479,1,83.33333333333334,0.16666666666666666
HS005350,8,4.895,2.11,11.92,3.4107309648058894,1,87.5,0.0
HS005351,10,13.51,12.16,14.94,1.1221012035957854,0,100.0,0.3
HS005352,5,5.986,2.32,10.09,2.83336019595109,1,80.0,0.2
HS005353,10,20.901,15.19,25.99,3.9472591053089534,0,100.0,0.1
HS005354,8,4.88625,1.94,7.88,2.112384823571961,1,87.5,0.125
HS005355,14,10.895714285714286,8.58,12.97,1.2013499732558197,0,100.0,0.21428571428571427
HS005356,7,5.437142857142858,2.51,11.21,3.332670172127821,1,85.71428571428571,0.14285714285714285
HS005357,8,10.54875,8.68,12.6,1.653554072725948,0,100.0,0.25
HS005358,7,3.934285714285714,2.08,5.66,1.329910487499781,0,100.0,0.2857142857142857
HS005359,5,0.4779999999999999,-1.71,3.44,2.3405811244218815,0,100.0,0.2
HS005360,8,4.86875,2.0,7.63,2.209721621122702,0,100.0,0.25
HS005361,7,9.232857142857142,8.1,11.17,1.1885946082904564,0,100.0,0.14285714285714285
HS005362,14,23.457142857142856,15.13,34.95,5.407792708492254,1,92.85714285714286,0.35714285714285715
HS005363,10,24.285,16.38,29.98,5.224498381025047,0,100.0,0.2
HS005364,6,-18.891666666666666,-20.36,-15.67,1.6871682389929772,1,83.33333333333334,0.5
HS005365,8,24.03,15.47,32.6,6.0868570355667595,1,87.5,0.375
HS005366,8,22.71125,18.37,26.56,2.936214460345643,0,100.0,0.375
HS005367,9,13.72,12.39,16.75,1.3529042833844525,1,88.88888888888889,0.2222222222222222
HS005368,8,5.88875,2.32,7.77,1.9623123204161823,0,100.0,0.125
HS005369,9,5.165555555555556,2.53,7.86,1.7290395535608138,0,100.0,0.1111111111111111
HS005370,13,6.066923076923077,2.01,12.46,2.437544476911771,1,92.3076923076923,0.23076923076923078
HS005371,11,13.956363636363637,12.46,14.94,0.7906108110476695,0,100.0,0.09090909090909091
HS005372,5,22.584,18.58,26.36,3.1860759564078194,0,100.0,0.2
HS005373,10,5.721,2.45,7.88,1.8063926606484106,0,100.0,0.2
HS005374,6,9.796666666666667,8.07,11.29,1.2832251036613433,0,100.0,0.5
HS005375,6,5.25,2.26,7.22,1.852652152995807,0,100.0,0.6666666666666666
HS005376,16,4.411875,2.03,7.26,1.8710503957225024,0,100.0,0.1875
HS005377,6,3.375,2.01,4.34,0.7637211533013867,0,100.0,0.16666666666666666
HS005378,12,23.610833333333332,15.96,31.45,4.978343021771827,1,91.66666666666666,0.25
HS005379,8,4.4275,2.28,7.97,1.7004600217924222,0,100.0,0.625
HS005380,3,5.076666666666667,3.69,6.12,1.2508530422608939,0,100.0,0.0
HS005381,8,-0.04749999999999999,-1.93,2.7,1.7067910575948406,0,100.0,0.125
HS005382,8,4.811249999999999,2.51,7.02,1.7780361357407783,0,100.0,0.0
HS005383,9,4.87,2.67,7.82,1.6491740356918065,0,100.0,0.3333333333333333
HS005384,13,10.816153846153847,8.36,17.33,2.5988476243056216,2,84.61538461538461,0.3076923076923077
HS005385,6,14.523333333333333,12.19,16.6,1.42196577549063,1,83.33333333333334,0.3333333333333333
HS005386,10,5.181,2.3,11.46,2.444924220593441,1,90.0,0.4
HS005387,10,22.191,15.13,26.85,3.098667993401896,0,100.0,0.0
HS005388,6,3.5849999999999995,-0.63,7.14,2.9375959558795692,2,66.66666666666666,0.0
HS005389,11,10.836363636363636,8.19,12.99,1.6897945006850559,0,100.0,0.45454545454545453
HS005390,10,4.238,2.24,7.21,2.0359371306599816,0,100.0,0.2
HS005391,12,24.02916666666667,14.52,29.88,5.343974445933276,1,91.66666666666666,0.08333333333333333
HS005392,10,4.765,2.45,6.85,1.5489584314055111,0,100.0,0.2
HS005393,9,10.008888888888889,8.25,13.15,1.8067404658973876,1,88.88888888888889,0.3333333333333333
HS005394,3,5.8933333333333335,4.57,6.82,1.1762794452566674,0,100.0,0.3333333333333333
HS005395,11,4.307272727272728,2.04,7.13,1.6833602758119894,0,100.0,0.18181818181818182
HS005396,5,5.63,3.24,7.91,1.923928273091281,0,100.0,0.6
HS005397,5,10.496,8.14,12.71,2.0643352440919083,0,100.0,0.0
HS005398,9,10.26,8.86,11.98,1.1005226031299855,0,100.0,0.0
HS005399,10,5.497,-2.09,14.03,4.281547098369415,3,70.0,0.2
HS005400,9,5.291111111111111,-0.94,7.95,2.646589524484504,1,88.88888888888889,0.3333333333333333
HS005401,6,6.738333333333333,4.29,10.29,2.1916150817756903,1,83.33333333333334,0.16666666666666666
HS005402,7,11.712857142857143,9.49,12.93,1.2568839019007054,0,100.0,0.5714285714285714
HS005403,7,4.314285714285715,2.21,7.07,1.6957481843604922,0,100.0,0.42857142857142855
HS005404,7,4.848571428571428,2.01,8.4,2.3445072586183833,1,85.71428571428571,0.2857142857142857
HS005405,10,9.628,8.37,11.15,1.003923414520362,0,100.0,0.3
HS005406,10,5.744,2.37,7.71,1.6179836560086478,0,100.0,0.6
HS005407,18,-17.264444444444443,-19.86,-8.99,2.525712997114052,1,94.44444444444444,0.3333333333333333
HS005408,3,0.8366666666666666,-3.22,3.61,3.5912996718922434,1,66.66666666666666,0.0
HS005409,7,22.60571428571429,17.92,27.53,3.76629285966478,0,100.0,0.14285714285714285
HS005410,7,20.94,16.1,27.91,4.261814949838468,0,100.0,0.0
HS005411,7,5.6085714285714285,2.07,7.91,2.2084717836204333,0,100.0,0.14285714285714285
HS005412,10,10.285,8.33,11.62,1.1080538494736312,0,100.0,0.3
HS005413,7,6.031428571428571,3.46,8.9,1.7918559147006268,1,85.71428571428571,0.2857142857142857
HS005414,10,10.86,8.27,18.69,2.9861792757077854,1,90.0,0.4
HS005415,12,0.665,-1.9,2.99,1.6843153451234072,0,100.0,0.3333333333333333
HS005416,9,23.299999999999997,15.03,29.97,5.400479145409229,0,100.0,0.1111111111111111
HS005417,7,21.095714285714287,15.28,27.5,4.612478932717406,0,100.0,0.2857142857142857
HS005418,7,4.617142857142857,2.91,5.52,1.0449356325585208,0,100.0,0.2857142857142857
HS005419,16,5.145625,2.3,7.57,1.5918834494606278,0,100.0,0.125
HS005420,7,9.262857142857143,8.36,11.16,1.0892461351123277,0,100.0,0.0
HS005421,11,1.2909090909090908,-1.6,3.75,1.6990376955527182,0,100.0,0.2727272727272727
HS005422,7,9.561428571428573,8.21,11.33,1.2819572090028142,0,100.0,0.2857142857142857
HS005423,6,21.101666666666667,15.86,29.39,5.2898295498689425,0,100.0,0.5
HS005424,6,20.458333333333332,15.54,29.54,5.084342304238246,0,100.0,0.5
HS005425,10,11.746,8.55,13.65,1.5224921090837293,1,90.0,0.1
HS005426,8,5.10625,2.01,7.88,2.0083250839585567,0,100.0,0.375
HS005427,10,-0.015000000000000008,-1.66,3.26,1.9630036508711168,0,100.0,0.4
HS005428,10,22.107999999999997,15.51,28.26,4.474485196955933,0,100.0,0.2
HS005429,9,5.522222222222222,2.12,7.98,2.0375952602134815,0,100.0,0.3333333333333333
HS005430,5,13.847999999999999,12.45,14.81,1.1241530144958025,0,100.0,0.0
HS005431,13,-17.36692307692308,-19.83,-15.09,1.4374188940330088,0,100.0,0.15384615384615385
HS005432,12,10.346666666666666,8.59,11.65,0.8986791654557503,0,100.0,0.4166666666666667
HS005433,3,-0.24000000000000007,-1.6,0.7,1.2061509026651682,0,100.0,0.3333333333333333
HS005434,6,11.108333333333334,8.29,12.43,1.5757083063393005,0,100.0,0.3333333333333333
HS005435,3,5.05,2.21,6.95,2.5059130072690072,0,100.0,0.0
HS005436,10,20.619999999999997,15.23,29.61,4.9344120442279875,0,100.0,0.4
HS005437,8,11.178749999999999,8.83,14.62,1.734815243353432,1,87.5,0.375
HS005438,9,5.285555555555556,2.26,7.84,1.934348153197293,0,100.0,0.1111111111111111
HS005439,7,4.554285714285714,2.79,7.12,1.7611819624223684,0,100.0,0.2857142857142857
HS005440,6,13.316666666666668,12.25,14.74,0.9590133819017684,0,100.0,0.3333333333333333
HS005441,6,0.3,-1.87,2.16,1.336832076216007,0,100.0,0.5
HS005442,7,5.074285714285715,2.16,7.91,2.18423027741168,0,100.0,0.42857142857142855
HS005443,10,5.1339999999999995,2.29,9.35,2.2524761683287324,1,90.0,0.7
HS005444,9,22.056666666666665,18.6,28.34,3.611644362336912,0,100.0,0.4444444444444444
HS005445,8,4.40625,2.14,6.94,1.8163695147975023,0,100.0,0.25
HS005446,5,-17.368000000000002,-19.11,-15.35,1.7326338332146218,0,100.0,0.2
HS005447,8,13.34375,12.19,14.34,0.7246464655264664,0,100.0,0.125
HS005448,5,10.756,4.07,16.22,4.542601677453131,3,40.0,0.4
HS005449,2,10.405000000000001,9.15,11.66,1.7748380207782348,0,100.0,0.0
HS005450,6,26.841666666666665,23.15,28.93,2.3552614858369045,0,100.0,0.0
HS005451,10,21.877,15.61,28.65,4.338650711914938,0,100.0,0.4
HS005452,8,24.21625,18.91,35.14,4.897500638080611,1,87.5,0.5
HS005453,12,13.865833333333333,12.41,15.49,0.8990950837909024,1,91.66666666666666,0.0
HS005454,17,4.952941176470588,2.08,9.39,2.3360376835195806,1,94.11764705882352,0.5294117647058824
HS005455,13,24.62,16.11,29.74,4.810557833210891,0,100.0,0.3076923076923077
HS005456,8,4.92875,2.56,7.9,1.901806941531433,0,100.0,0.25
HS005457,9,9.593333333333334,8.11,11.61,1.2597122687344122,0,100.0,0.4444444444444444
HS005458,9,22.168888888888887,15.62,28.52,4.741124456403894,0,100.0,0.3333333333333333
HS005459,10,13.056999999999999,7.76,14.77,2.0900082402814695,1,90.0,0.2
HS005460,4,12.985,12.71,13.43,0.3250128202599604,0,100.0,0.0
HS005461,13,23.56153846153846,15.48,29.1,4.420192013464735,0,100.0,0.23076923076923078
HS005462,9,6.4655555555555555,2.27,12.56,3.410363291172625,3,66.66666666666666,0.3333333333333333
HS005463,2,4.49,2.57,6.41,2.7152900397563426,0,100.0,0.0
HS005464,9,1.0166666666666666,-1.81,3.7,2.2040700987037596,0,100.0,0.3333333333333333
HS005465,7,22.384285714285713,17.34,26.38,3.597243653794097,0,100.0,0.42857142857142855
HS005466,7,11.857142857142858,8.25,15.19,2.2446062333641383,2,71.42857142857143,0.14285714285714285
HS005467,3,3.03,2.24,4.53,1.2996538000559996,0,100.0,0.3333333333333333
HS005468,7,4.484285714285714,2.2,7.98,2.232098094789274,0,100.0,0.2857142857142857
HS005469,4,9.8,8.32,11.19,1.1858892584610643,0,100.0,0.25
HS005470,6,6.055,3.43,7.78,1.6180327561579215,0,100.0,0.3333333333333333
HS005471,5,1.2819999999999998,-1.48,3.78,2.4326980905981737,0,100.0,0.0
HS005472,13,10.830769230769231,8.29,12.72,1.2737834819836371,0,100.0,0.3076923076923077
HS005473,6,4.281666666666667,2.39,7.9,2.19679235856889,0,100.0,0.8333333333333334
HS005474,8,-16.3625,-18.88,-10.92,2.4421989505946717,1,87.5,0.375
HS005475,6,0.056666666666666664,-1.69,1.98,1.3490539895299472,0,100.0,0.16666666666666666
HS005476,4,3.4425,2.82,3.88,0.4733127929815547,0,100.0,0.25
HS005477,8,22.855,16.09,28.01,3.9341399495769274,0,100.0,0.25
HS005478,13,5.388461538461538,2.25,7.73,1.9426779032813022,0,100.0,0.3076923076923077
HS005479,10,4.89,2.09,7.76,2.0750207495615824,0,100.0,0.1
HS005480,2,3.7199999999999998,2.88,4.56,1.1879393923933996,0,100.0,0.0
HS005481,8,1.0025,-1.86,3.69,2.3335977741308747,0,100.0,0.0
HS005482,11,10.355454545454545,8.09,11.75,1.1300209169423692,0,100.0,0.5454545454545454
HS005483,7,5.61,2.98,7.61,1.8242075905261805,0,100.0,0.0
HS005484,4,13.5275,12.26,14.11,0.8564412803378095,0,100.0,0.0
HS005485,9,5.217777777777778,2.31,7.42,1.5805993940415277,0,100.0,0.7777777777777778
HS005486,9,24.10111111111111,18.63,28.57,3.7594196508385593,0,100.0,0.1111111111111111
HS005487,6,2.14,-1.7,6.76,3.2357255755085284,1,83.33333333333334,0.16666666666666666
HS005488,7,4.938571428571429,2.61,6.89,1.823864291108566,0,100.0,0.2857142857142857
HS005489,9,2.46,-0.78,8.9,2.7252155878021833,1,88.88888888888889,0.1111111111111111
HS005490,7,-16.924285714285713,-18.57,-15.46,1.0891259055294011,0,100.0,0.14285714285714285
HS005491,10,5.604,2.25,9.02,2.018680537160625,1,90.0,0.2
HS005492,6,5.73,3.89,7.99,1.813240193686429,0,100.0,0.5
HS005493,4,4.055,3.2,5.0,0.7442893702496807,0,100.0,0.25
HS005494,6,10.09,8.75,11.19,0.9622681538947443,0,100.0,0.0
HS005495,9,0.9133333333333332,-1.93,3.39,1.8113461844716487,0,100.0,0.1111111111111111
HS005496,4,2.7625,2.48,3.19,0.30869348335633295,0,100.0,0.25
HS005497,9,5.695555555555556,2.41,7.99,2.6358115975497522,0,100.0,0.3333333333333333
HS005498,6,23.320000000000004,16.89,29.87,4.185011350044346,0,100.0,0.3333333333333333
HS005499,11,23.90727272727273,15.88,29.52,4.341251181189797,0,100.0,0.0
HS005500,9,3.032222222222222,-1.73,6.87,2.331092972072209,1,88.88888888888889,0.2222222222222222
HS005501,8,13.42625,12.13,14.88,0.9929024912562444,0,100.0,0.25
HS005502,9,0.19666666666666666,-1.58,2.35,1.5398051824825114,0,100.0,0.1111111111111111
HS005503,8,23.345,16.75,29.22,4.179907722836543,0,100.0,0.25
HS005504,8,22.146250000000002,16.97,27.55,3.8394379704028863,0,100.0,0.25
HS005505,13,23.96923076923077,16.82,29.42,4.559079697955246,0,100.0,0.23076923076923078
HS005506,8,13.0625,9.77,14.41,1.4704008199904448,1,87.5,0.25
HS005507,12,3.8175000000000003,-0.47,5.8,1.7194508901496326,1,91.66666666666666,0.08333333333333333
HS005508,10,23.975,16.19,29.93,3.902692090795219,0,100.0,0.1
HS005509,5,4.196,2.24,7.41,1.993948344366022,0,100.0,0.0
HS005510,3,5.343333333333334,4.09,7.69,2.0338469296712907,0,100.0,1.0
HS005511,8,5.17125,2.42,7.31,2.0114489269465152,0,100.0,0.125
HS005512,5,-15.956,-17.72,-10.46,3.090546877172387,1,80.0,0.2
HS005513,8,10.5875,8.27,12.61,1.4037271814708157,0,100.0,0.25
HS005514,5,8.544,8.17,9.46,0.5363580893395753,0,100.0,0.2
HS005515,6,25.09166666666667,16.94,28.96,4.433073050003424,0,100.0,0.5
HS005516,6,19.335,16.13,24.64,3.0147222094249417,0,100.0,0.16666666666666666
HS005517,14,22.930714285714284,15.85,34.11,5.624873966842026,1,92.85714285714286,0.21428571428571427
HS005518,4,5.005,2.77,6.79,1.9629484625599998,0,100.0,0.25
HS005519,10,9.812999999999999,8.56,11.13,1.0042692202127208,0,100.0,0.3
HS005520,11,10.77090909090909,8.68,12.84,1.5024077645263585,0,100.0,0.2727272727272727
HS005521,8,23.9575,15.96,31.37,5.089096888727619,1,87.5,0.0
HS005522,10,-17.662,-19.72,-13.83,1.8301900326347413,1,90.0,0.2
HS005523,6,24.33666666666667,17.48,29.63,5.259089908593184,0,100.0,0.16666666666666666
HS005524,10,5.179,0.19,7.98,2.273271993307346,1,90.0,0.2
HS005525,11,0.8454545454545456,-1.99,3.93,1.7870778586080889,0,100.0,0.36363636363636365
HS005526,6,23.888333333333332,19.19,27.92,3.5000423806957914,0,100.0,0.3333333333333333
HS005527,7,10.968571428571428,9.01,12.92,1.287871998963517,0,100.0,0.0
HS005528,8,22.71375,15.07,28.41,5.038432118654146,0,100.0,0.375
HS005529,9,1.5555555555555556,-0.73,3.7,1.560850017707588,0,100.0,0.1111111111111111
HS005530,6,11.896666666666667,10.67,14.8,1.5485950621988527,2,66.66666666666666,0.0
HS005531,16,9.996875,8.24,11.35,0.976044525965218,0,100.0,0.25
HS005532,11,22.095454545454547,11.53,32.44,6.015229610973073,2,81.81818181818183,0.36363636363636365
HS005533,11,-17.17818181818182,-19.85,-15.1,1.5926695713914938,0,100.0,0.2727272727272727
HS005534,3,5.359999999999999,4.47,6.42,0.9860527369263775,0,100.0,0.0
HS005535,13,22.153076923076924,10.26,27.49,4.342574859487907,1,92.3076923076923,0.38461538461538464
HS005536,3,4.3999999999999995,2.63,7.53,2.7184002648616707,0,100.0,0.0
HS005537,11,22.115454545454543,15.37,29.95,4.7789985637921335,0,100.0,0.0
HS005538,13,22.60923076923077,15.13,29.84,5.182971254564415,0,100.0,0.23076923076923078
HS005539,6,13.916666666666666,12.78,14.53,0.5991883398954514,0,100.0,0.0
HS005540,14,4.302142857142857,0.88,7.78,2.3714104163213423,1,92.85714285714286,0.21428571428571427
HS005541,13,5.500769230769231,2.45,8.99,2.3551555558620096,1,92.3076923076923,0.23076923076923078
HS005542,10,4.2,2.18,7.27,1.8591216564101807,0,100.0,0.3
HS005543,6,5.97,4.26,7.69,1.4634206503941378,0,100.0,0.3333333333333333
HS005544,12,21.516666666666666,15.59,27.81,3.923192886443696,0,100.0,0.3333333333333333
HS005545,7,9.385714285714286,8.34,9.88,0.5515389724173971,0,100.0,0.5714285714285714
HS005546,6,5.9383333333333335,5.03,7.29,0.9988877147440874,0,100.0,0.0
HS005547,10,5.974,3.31,8.83,2.0405021168547925,1,90.0,0.5
HS005548,5,10.134,8.05,13.67,2.1633608113303704,1,80.0,0.4
HS005549,7,25.109999999999996,19.49,29.59,3.5220353963771203,0,100.0,0.42857142857142855
HS005550,7,23.677142857142858,15.46,29.72,5.1570880487788004,0,100.0,0.42857142857142855
HS005551,9,10.58,8.28,17.54,2.792095986888703,1,88.88888888888889,0.3333333333333333
HS005552,4,13.48,10.21,14.96,2.2114399532129885,1,75.0,0.25
HS005553,11,23.810909090909092,17.26,29.59,4.483655773017046,0,100.0,0.09090909090909091
HS005554,9,12.921111111111111,10.42,14.63,1.2250147391403545,1,88.88888888888889,0.0
HS005555,11,10.482727272727272,8.12,14.64,1.823732934993997,1,90.9090909090909,0.18181818181818182
HS005556,7,22.408571428571427,15.01,27.54,5.436124319682875,0,100.0,0.14285714285714285
HS005557,8,22.86375,16.87,29.36,5.197364545063749,0,100.0,0.375
HS005558,7,-16.245714285714286,-18.75,-15.09,1.3314260167561829,0,100.0,0.42857142857142855
HS005559,4,0.885,-1.25,2.84,1.8096500582525157,0,100.0,0.25
HS005560,6,23.156666666666666,18.66,26.62,2.9190797636698225,0,100.0,0.3333333333333333
HS005561,6,-17.075,-17.99,-15.18,1.0751139474492923,0,100.0,0.3333333333333333
HS005562,11,-17.067272727272726,-19.84,-15.01,1.7691641580649942,0,100.0,0.18181818181818182
HS005563,9,21.552222222222223,15.86,29.97,5.184177316069007,0,100.0,0.5555555555555556
HS005564,10,-17.798,-19.94,-15.28,1.5895897444169529,0,100.0,0.0
HS005565,8,6.8412500000000005,3.12,11.87,2.7075684267833906,1,87.5,0.125
HS005566,8,4.68875,2.64,7.27,1.9510395580671491,0,100.0,0.375
HS005567,11,5.254545454545454,2.67,7.72,1.7439000179847677,0,100.0,0.5454545454545454
HS005568,4,3.4975,2.67,4.33,0.7728464703074387,0,100.0,0.0
HS005569,11,5.240909090909091,2.09,7.22,1.565058813881795,0,100.0,0.18181818181818182
HS005570,9,3.5700000000000003,0.52,6.54,1.9863471499211816,1,88.88888888888889,0.1111111111111111
HS005571,15,22.462666666666667,15.14,29.15,4.547822817673571,0,100.0,0.2
HS005572,5,4.186,2.39,6.36,1.7081949537450347,0,100.0,0.4
HS005573,8,10.2425,8.28,11.19,1.1035753582916625,0,100.0,0.125
HS005574,5,10.052,8.52,13.23,1.9197577972233897,1,80.0,0.2
HS005575,6,9.826666666666666,8.56,11.78,1.1696438204285373,0,100.0,0.0
HS005576,9,21.468888888888888,16.46,29.53,4.666434518035276,0,100.0,0.1111111111111111
HS005577,7,5.015714285714286,2.14,7.1,1.6902352611678761,0,100.0,0.2857142857142857
HS005578,8,10.83,9.2,12.78,1.3700260685736707,0,100.0,0.25
HS005579,10,22.397,17.68,33.8,5.069400687786805,1,90.0,0.6
HS005580,11,9.766363636363637,6.53,11.8,1.5319156160002596,1,90.9090909090909,0.18181818181818182
HS005581,10,13.447,9.8,14.71,1.5476580874196841,1,90.0,0.3
HS005582,7,24.650000000000002,17.28,29.92,5.114850926468923,0,100.0,0.0
HS005583,11,1.5863636363636362,-1.67,5.72,2.320173582847942,1,90.9090909090909,0.2727272727272727
HS005584,6,23.291666666666668,17.88,29.95,4.027502534656765,0,100.0,0.16666666666666666
HS005585,12,23.790000000000003,11.68,28.75,4.661121597368443,1,91.66666666666666,0.5
HS005586,9,21.934444444444445,15.29,25.31,3.2631047757891225,0,100.0,0.1111111111111111
HS005587,11,10.629999999999999,8.29,11.94,1.303525987466303,0,100.0,0.09090909090909091
HS005588,10,24.071,15.76,29.98,5.123276837684604,0,100.0,0.5
HS005589,9,6.0,3.88,8.53,1.7457018645805473,1,88.88888888888889,0.2222222222222222
HS005590,3,9.136666666666667,8.09,10.06,0.9907741081262333,0,100.0,0.6666666666666666
HS005591,8,22.825,18.92,29.89,3.529443501257872,0,100.0,0.625
HS005592,5,4.382,2.64,5.27,1.0749744183002683,0,100.0,0.4
HS005593,6,20.686666666666667,15.29,28.63,4.892421350074692,0,100.0,0.3333333333333333
HS005594,8,1.3812499999999999,-1.27,2.92,1.5491328219361953,0,100.0,0.375
HS005595,10,5.265,2.09,7.84,2.0769328347349125,0,100.0,0.3
HS005596,9,12.748888888888889,10.11,14.36,1.1982742220005866,1,88.88888888888889,0.3333333333333333
HS005597,5,26.458,21.0,29.44,3.6841579770688453,0,100.0,0.2
HS005598,4,1.1225,-1.36,3.75,2.3168135445046065,0,100.0,0.0
HS005599,8,10.13375,8.05,15.08,2.283249172936298,1,87.5,0.25
HS005600,9,10.103333333333333,8.17,11.88,1.1858119581114028,0,100.0,0.2222222222222222
HS005601,8,22.6975,18.6,27.61,3.5051380653467623,0,100.0,0.5
HS005602,9,13.076666666666666,9.96,14.91,1.5714483764985727,1,88.88888888888889,0.2222222222222222
HS005603,10,0.852,-3.81,3.87,2.451977886432819,1,90.0,0.1
HS005604,11,4.876363636363636,2.29,7.98,2.0811308114929865,0,100.0,0.09090909090909091
HS005605,10,9.253,8.2,10.63,0.8733594143688306,0,100.0,0.1
HS005606,9,2.276666666666667,-1.13,3.97,1.9255713437834499,0,100.0,0.2222222222222222
HS005607,11,10.703636363636363,8.59,12.37,1.5621028949929818,0,100.0,0.18181818181818182
HS005608,9,23.354444444444443,18.32,29.49,3.7352279418768775,0,100.0,0.0
HS005609,13,23.185384615384613,15.34,29.96,4.333713987225844,0,100.0,0.38461538461538464
HS005610,8,10.93875,8.53,16.03,2.5210736800022326,1,87.5,0.25
HS005611,7,3.9728571428571433,2.01,7.62,2.4391782378888336,0,100.0,0.0
HS005612,10,4.742,3.1,7.88,1.7822569960586492,0,100.0,0.2
HS005613,7,22.018571428571427,16.68,27.13,3.898787967952043,0,100.0,0.0
HS005614,6,5.776666666666666,3.24,7.79,2.043699260328355,0,100.0,0.3333333333333333
HS005615,13,0.22307692307692312,-1.64,1.86,1.086043159174507,0,100.0,0.3076923076923077
HS005616,12,20.551666666666666,15.44,28.73,4.790858403503931,0,100.0,0.5833333333333334
HS005617,7,14.052857142857144,12.23,17.98,1.9587982224288634,1,85.71428571428571,0.14285714285714285
HS005618,8,0.7725,-1.39,3.79,1.7341177254483864,0,100.0,0.375
HS005619,9,9.901111111111112,8.17,11.71,1.4264855804077066,0,100.0,0.1111111111111111
HS005620,9,2.3466666666666667,-0.84,5.94,1.9248246673398595,1,88.88888888888889,0.1111111111111111
HS005621,5,6.914,3.75,11.35,2.797075258193815,1,80.0,0.2
HS005622,11,22.650000000000002,15.37,28.13,4.973236370815286,0,100.0,0.36363636363636365
HS005623,5,4.872,2.71,7.48,1.9351149836637613,0,100.0,0.0
HS005624,6,12.933333333333332,12.17,14.53,0.9223159256278001,0,100.0,0.6666666666666666
HS005625,7,23.59,15.38,28.94,5.0539225689887,0,100.0,0.2857142857142857
HS005626,8,21.82875,15.14,29.08,4.695026053480122,0,100.0,0.125
HS005627,9,5.054444444444445,2.93,7.76,1.6451984007340201,0,100.0,0.2222222222222222
HS005628,10,4.625,0.01,9.67,2.6321104755605447,2,80.0,0.3
HS005629,8,11.6725,8.79,16.73,2.415141226275835,1,87.5,0.125
HS005630,9,-18.734444444444446,-20.06,-15.52,1.6368805019847281,1,88.88888888888889,0.1111111111111111
HS005631,9,9.105555555555556,7.02,11.1,1.2631618177326998,1,88.88888888888889,0.3333333333333333
HS005632,10,13.84,12.5,14.88,0.8383051685129677,0,100.0,0.4
HS005633,14,22.917857142857144,15.48,28.67,3.703634760550835,0,100.0,0.07142857142857142
HS005634,7,4.43,2.14,6.06,1.3842808000305913,0,100.0,0.0
HS005635,12,11.593333333333334,8.26,18.59,2.6122311373903186,2,83.33333333333334,0.16666666666666666
HS005636,6,11.799999999999999,8.76,17.78,3.166828066062318,1,83.33333333333334,0.0
HS005637,7,23.7,19.54,28.93,3.3393412524029342,0,100.0,0.14285714285714285
HS005638,9,10.506666666666668,8.21,15.76,2.5503431141711115,2,77.77777777777779,0.2222222222222222
HS005639,12,9.995833333333334,5.79,12.92,1.8584082061285836,1,91.66666666666666,0.25
HS005640,13,13.75,12.34,19.49,1.9174722944543419,1,92.3076923076923,0.38461538461538464
HS005641,10,9.916,8.31,11.16,1.1398654891404216,0,100.0,0.3
HS005642,2,6.470000000000001,5.0,7.94,2.07889393668845,0,100.0,0.5
HS005643,16,23.886875,15.09,29.75,4.706779109256492,0,100.0,0.25
HS005644,7,5.609999999999999,2.08,7.95,2.197073811535091,0,100.0,0.14285714285714285
HS005645,7,4.078571428571428,1.87,5.59,1.4085267548213696,1,85.71428571428571,0.14285714285714285
HS005646,8,5.53125,1.58,7.63,2.0721654477519746,1,87.5,0.25
HS005647,7,1.55,-1.97,3.77,2.1063000735887565,0,100.0,0.14285714285714285
HS005648,9,4.657777777777778,-3.04,7.88,3.369813710644024,1,88.88888888888889,0.3333333333333333
HS005649,6,-17.386666666666667,-19.61,-13.9,2.2140701584788736,1,83.33333333333334,0.0
HS005650,4,0.8325,-1.16,3.59,2.2818322316360886,0,100.0,0.5
HS005651,8,-17.58875,-21.86,-15.6,2.077240184888182,1,87.5,0.375
HS005652,9,22.65222222222222,16.62,29.22,4.979427120105729,0,100.0,0.1111111111111111
HS005653,8,4.865,2.5,7.54,1.9427520980005955,0,100.0,0.0
HS005654,4,22.0025,16.12,28.94,5.331331134591684,0,100.0,0.25
HS005655,6,12.950000000000001,7.05,14.96,3.0285640161634357,1,83.33333333333334,0.16666666666666666
HS005656,6,5.495,3.1,7.84,2.2488730511080433,0,100.0,0.16666666666666666
HS005657,8,4.35,2.27,7.87,2.280877024304467,0,100.0,0.125
HS005658,7,12.558571428571428,8.84,16.73,2.296340774445499,1,85.71428571428571,0.14285714285714285
HS005659,7,21.66857142857143,16.11,26.39,4.267413067153716,0,100.0,0.0
HS005660,12,3.8891666666666667,-1.08,7.78,2.3363392434760115,1,91.66666666666666,0.25
HS005661,11,11.257272727272728,8.67,12.92,1.2975522410222327,0,100.0,0.6363636363636364
HS005662,5,26.524,22.37,29.04,3.0762038293975245,0,100.0,0.2
HS005663,5,9.874,8.49,12.97,1.9136169940716978,0,100.0,0.4
HS005664,9,4.265555555555555,-0.54,10.78,3.372873815869455,2,77.77777777777779,0.2222222222222222
HS005665,11,5.285454545454545,2.47,7.98,1.9031204041592515,0,100.0,0.18181818181818182
HS005666,12,25.280833333333334,16.06,31.56,4.708530862040503,1,91.66666666666666,0.16666666666666666
HS005667,4,3.945,2.14,4.89,1.2349493916756267,0,100.0,0.25
HS005668,3,4.986666666666667,4.31,5.83,0.7735847292529331,0,100.0,0.3333333333333333
HS005669,8,25.23375,21.25,28.92,3.223072790720948,0,100.0,0.625
HS005670,8,-17.7225,-19.82,-15.12,1.6672025329018325,0,100.0,0.25
HS005671,10,21.616999999999997,15.59,26.56,3.5640178637786497,0,100.0,0.0
HS005672,9,20.823333333333334,10.28,30.45,6.1699675850039934,2,77.77777777777779,0.3333333333333333
HS005673,9,6.754444444444444,2.45,10.32,2.6914360066287624,2,77.77777777777779,0.3333333333333333
HS005674,12,23.410833333333333,15.9,29.91,5.359156070490837,0,100.0,0.25
HS005675,4,4.25,3.63,5.2,0.6714660577174895,0,100.0,0.0
HS005676,11,10.351818181818182,8.05,12.13,1.5347039987034512,1,90.9090909090909,0.09090909090909091
HS005677,7,10.368571428571428,8.41,12.74,1.7437739587021073,0,100.0,0.5714285714285714
HS005678,8,-18.21875,-21.16,-15.44,1.5984048968536462,1,87.5,0.25
HS005679,15,13.569333333333333,12.53,14.98,0.8473443107452726,0,100.0,0.13333333333333333
HS005680,10,0.37699999999999995,-4.62,6.62,3.1120591611057495,3,70.0,0.3
HS005681,11,5.351818181818182,-2.7,7.83,2.964242966363649,1,90.9090909090909,0.2727272727272727
HS005682,10,4.831,2.44,7.37,1.7023999399540508,0,100.0,0.3
HS005683,9,9.96,8.32,11.81,1.0987151587194928,0,100.0,0.4444444444444444
HS005684,6,21.403333333333336,15.9,26.69,4.305381129083308,0,100.0,0.0
HS005685,12,5.720833333333334,2.36,7.9,1.7365978146067589,0,100.0,0.25
HS005686,10,13.401,12.32,14.92,0.9697015577542976,0,100.0,0.2
HS005687,8,5.2725,2.41,7.47,1.9056888518328483,0,100.0,0.0
HS005688,7,3.7657142857142856,2.92,5.17,0.8369360219048436,0,100.0,0.2857142857142857
HS005689,13,-17.861538461538462,-19.9,-15.16,1.610066490106574,0,100.0,0.07692307692307693
HS005690,2,5.015,2.06,7.97,4.179001076812495,0,100.0,1.0
HS005691,9,10.45,9.43,11.58,0.8330366138411919,0,100.0,0.1111111111111111
HS005692,2,19.18,16.28,22.08,4.101219330881974,0,100.0,0.5
HS005693,9,4.546666666666667,2.23,7.5,1.8828502330243901,0,100.0,0.3333333333333333
HS005694,8,10.4325,8.15,14.22,1.962824131558549,1,87.5,0.125
HS005695,7,22.669999999999998,15.81,29.95,5.618098729404222,0,100.0,0.5714285714285714
HS005696,7,-17.60857142857143,-19.68,-15.09,1.7197715795169672,0,100.0,0.42857142857142855
HS005697,8,-16.9175,-18.92,-15.24,1.4318893612486767,0,100.0,0.5
HS005698,6,5.2683333333333335,3.12,7.96,1.7294671626448037,0,100.0,0.16666666666666666
HS005699,7,4.777142857142857,2.16,7.79,2.1701437301533297,0,100.0,0.14285714285714285
HS005700,11,4.363636363636363,1.53,7.58,1.8752934315848957,1,90.9090909090909,0.0
HS005701,4,9.685,9.05,10.75,0.7425406835094402,0,100.0,0.25
HS005702,4,10.335,9.22,12.82,1.6723934943666818,0,100.0,0.0
HS005703,9,22.266666666666666,15.32,29.6,4.978928097492471,0,100.0,0.2222222222222222
HS005704,10,-18.561,-19.84,-17.32,0.9890786958916192,0,100.0,0.4
HS005705,15,4.702666666666667,2.1,7.91,1.9826406153218514,0,100.0,0.3333333333333333
HS005706,5,11.45,9.06,15.5,2.411555514600483,1,80.0,0.2
HS005707,6,5.086666666666667,1.19,7.01,2.495152633941793,1,83.33333333333334,0.3333333333333333
HS005708,13,11.100000000000001,7.56,17.41,3.0090585460129105,3,76.92307692307693,0.0
HS005709,8,13.21,12.21,14.22,0.7218230887333623,0,100.0,0.25
HS005710,9,13.458888888888888,12.14,14.76,0.901948508015347,0,100.0,0.2222222222222222
HS005711,9,4.0744444444444445,2.63,7.03,1.4927416982779633,0,100.0,0.0
HS005712,5,-18.492,-20.0,-15.81,1.6223039172732088,0,100.0,0.2
HS005713,11,9.832727272727272,4.7,11.67,2.0559576401720485,1,90.9090909090909,0.36363636363636365
HS005714,15,10.2,6.7,13.05,1.7536614757211755,3,80.0,0.2
HS005715,6,-17.796666666666667,-19.86,-15.59,1.7877546438666199,0,100.0,0.16666666666666666
HS005716,7,0.21285714285714288,-1.86,2.81,1.6820197609393523,0,100.0,0.0
HS005717,2,3.7199999999999998,2.35,5.09,1.93747258045114,0,100.0,0.5
HS005718,10,13.2,12.51,13.9,0.42773304239391574,0,100.0,0.3
HS005719,10,5.265,0.78,9.96,2.9380653120340567,3,70.0,0.5
HS005720,6,22.444999999999997,15.65,29.36,6.416022911430413,0,100.0,0.16666666666666666
HS005721,14,0.45642857142857146,-5.43,3.72,2.6550781739696685,1,92.85714285714286,0.14285714285714285
HS005722,13,13.518461538461539,12.04,17.91,1.484519260871154,1,92.3076923076923,0.15384615384615385
HS005723,5,5.258,2.63,7.45,2.0813144884903867,0,100.0,0.2
HS005724,5,4.67,2.53,6.04,1.3942202121616225,0,100.0,0.8
HS005725,5,9.73,8.49,11.58,1.2004582458378135,0,100.0,0.2
HS005726,6,4.158333333333333,2.51,8.36,2.418209392642967,1,83.33333333333334,0.0
HS005727,6,21.176666666666666,15.58,26.66,4.040092408184083,0,100.0,0.16666666666666666
HS005728,8,4.52,2.65,7.54,2.0595977415852005,0,100.0,0.375
HS005729,6,20.338333333333335,15.79,25.47,4.039586199930217,0,100.0,0.3333333333333333
HS005730,14,6.396428571428571,3.56,9.35,1.8129602106154246,1,92.85714285714286,0.07142857142857142
HS005731,10,5.083,2.39,7.49,1.8329396547016432,0,100.0,0.3
HS005732,3,9.743333333333334,8.47,11.35,1.4686501739125393,0,100.0,0.0
HS005733,7,-18.184285714285714,-21.77,-15.81,1.9197730520633343,1,85.71428571428571,0.42857142857142855
HS005734,4,11.335,8.02,16.11,3.4713926120026617,1,75.0,0.25
HS005735,6,4.4783333333333335,0.53,7.01,2.2354186781600145,1,83.33333333333334,0.0
HS005736,7,10.218571428571428,3.7,12.56,3.0586839684818075,1,85.71428571428571,0.14285714285714285
HS005737,10,4.746,2.42,7.63,1.5558006156174238,0,100.0,0.2
HS005738,5,6.038,4.32,7.09,1.0707333935205345,0,100.0,0.0
HS005739,7,11.04857142857143,8.49,13.47,1.5695586276766746,1,85.71428571428571,0.2857142857142857
HS005740,13,10.137692307692307,8.02,12.98,1.6415143102541727,0,100.0,0.15384615384615385
HS005741,11,22.82090909090909,15.6,29.63,4.554949954819382,0,100.0,0.36363636363636365
HS005742,11,10.464545454545455,8.11,11.89,1.35543619279082,0,100.0,0.5454545454545454
HS005743,6,5.906666666666666,2.51,7.92,2.392477098462317,0,100.0,0.0
HS005744,5,4.81,2.67,7.42,1.8509862236116184,0,100.0,0.2
HS005745,10,5.912,3.34,7.84,1.6005054757100263,0,100.0,0.3
HS005746,8,7.33875,2.86,11.06,2.6328389755981223,2,75.0,0.625
HS005747,5,9.64,4.39,15.24,3.929586492240628,2,60.0,0.0
HS005748,6,2.973333333333333,-0.79,6.92,2.4951606494706238,1,83.33333333333334,0.3333333333333333
HS005749,9,-16.612222222222222,-19.93,-12.38,2.796143673784386,2,77.77777777777779,0.0
HS005750,10,4.677,-1.23,7.27,2.454329734254231,1,90.0,0.3
HS005751,7,21.055714285714284,15.66,29.79,4.7950837919090175,0,100.0,0.14285714285714285
HS005752,16,22.951249999999998,15.66,29.93,4.456303213801023,0,100.0,0.0625
HS005753,7,10.244285714285713,8.12,11.84,1.33068725530403,0,100.0,0.14285714285714285
HS005754,6,5.491666666666667,3.69,7.77,1.951834180115377,0,100.0,0.16666666666666666
HS005755,12,10.759166666666667,8.07,12.88,1.9082760346035956,0,100.0,0.16666666666666666
HS005756,8,13.67875,12.05,16.73,1.5334409253142331,1,87.5,0.125
HS005757,6,5.08,2.21,7.46,2.0742805981833796,0,100.0,0.3333333333333333
HS005758,10,1.283,-1.4,4.14,1.8260403427452891,1,90.0,0.3
HS005759,11,4.654545454545455,2.25,7.46,2.05540440612724,0,100.0,0.2727272727272727
HS005760,4,10.655000000000001,8.81,12.72,1.7158574144335736,0,100.0,1.0
HS005761,10,10.656,7.13,12.95,1.952811079216603,1,90.0,0.5
HS005762,8,24.5875,20.87,29.58,3.278417518952006,0,100.0,0.125
HS005763,4,23.965,18.21,29.88,5.984939431606637,0,100.0,0.0
HS005764,5,11.042,8.65,13.26,1.9140976986559493,2,60.0,0.6
HS005765,10,-17.829,-19.55,-15.03,1.70051920176032,0,100.0,0.4
HS005766,9,4.328888888888889,2.05,6.59,1.7789634934734078,0,100.0,0.1111111111111111
HS005767,5,5.0840000000000005,3.84,7.55,1.5487833935060127,0,100.0,0.8
HS005768,12,1.0574999999999999,-1.15,3.54,1.6654135440566322,0,100.0,0.16666666666666666
HS005769,9,23.052222222222223,18.33,29.6,3.8265741132825917,0,100.0,0.4444444444444444
HS005770,8,10.62875,8.74,11.87,1.237883418235682,0,100.0,0.25
HS005771,8,5.82375,3.75,7.99,1.3994482331057683,0,100.0,0.25
HS005772,7,20.244285714285716,16.27,29.11,4.472761477889832,0,100.0,0.0
HS005773,14,13.409285714285714,12.32,14.83,0.8448619758527182,0,100.0,0.07142857142857142
HS005774,5,13.687999999999999,12.59,15.0,0.9272917555979886,0,100.0,0.2
HS005775,7,4.765714285714286,2.19,7.71,2.029596488162587,0,100.0,0.2857142857142857
HS005776,10,20.616,15.27,29.75,4.599290283414508,0,100.0,0.3
HS005777,13,5.273076923076923,2.16,7.78,1.8338138065035603,0,100.0,0.07692307692307693
HS005778,8,23.03125,16.7,28.38,4.303046885638128,0,100.0,0.375
HS005779,6,5.963333333333334,2.1,8.02,2.346117359951686,1,83.33333333333334,0.16666666666666666
HS005780,8,13.55,12.34,14.8,0.9086725011167197,0,100.0,0.25
HS005781,4,2.26,-0.47,3.8,1.9725279888170575,0,100.0,0.5
HS005782,6,19.581666666666667,10.74,24.96,5.377759446708887,1,83.33333333333334,0.16666666666666666
HS005783,7,23.708571428571428,16.85,27.65,4.085141484989345,0,100.0,0.0
HS005784,7,10.9,6.07,14.79,2.626112462684465,2,71.42857142857143,0.14285714285714285
HS005785,10,13.706,12.0,18.27,1.8677746711587617,1,90.0,0.3
HS005786,10,23.363999999999997,17.2,29.57,4.119164424437989,0,100.0,0.2
HS005787,11,11.483636363636363,8.62,12.97,1.4256947269824125,0,100.0,0.36363636363636365
HS005788,8,9.6475,6.08,11.37,1.6756555220484397,1,87.5,0.25
HS005789,12,20.538333333333334,15.13,25.67,3.9878767039692447,0,100.0,0.3333333333333333
HS005790,9,7.317777777777778,2.47,12.1,2.4940518127024633,2,77.77777777777779,0.5555555555555556
HS005791,12,4.77,2.15,10.7,2.741018390704779,1,91.66666666666666,0.25
HS005792,8,10.10875,8.22,11.79,1.2273948893024256,0,100.0,0.0
HS005793,12,10.168333333333333,8.01,15.41,2.115792709099544,1,91.66666666666666,0.16666666666666666
HS005794,7,21.467142857142857,15.94,28.48,4.037638395092335,0,100.0,0.14285714285714285
HS005795,8,5.195,2.45,6.71,1.6385882425342337,0,100.0,0.375
HS005796,6,13.575000000000001,12.58,14.96,1.1112470472401714,0,100.0,0.3333333333333333
HS005797,8,4.9775,2.2,7.85,2.043091145439045,0,100.0,0.125
HS005798,8,13.82625,12.69,14.9,0.7471075176018128,0,100.0,0.0
HS005799,8,10.502500000000001,8.48,12.94,1.455028227512148,1,87.5,0.375
HS005800,9,11.03,8.39,12.93,1.5192185491231993,0,100.0,0.5555555555555556
HS005801,6,1.0733333333333335,-1.18,3.27,1.4755157290475307,0,100.0,0.3333333333333333
HS005802,8,11.41,9.78,12.98,1.262944405517746,0,100.0,0.0
HS005803,5,4.336,2.09,7.39,2.184097067439998,0,100.0,0.6
HS005804,14,4.22,2.17,6.4,1.4243108995094922,0,100.0,0.42857142857142855
HS005805,8,4.22375,2.07,7.55,2.0344808920213526,0,100.0,0.25
HS005806,6,13.466666666666667,12.09,14.95,1.2315302134607446,0,100.0,0.3333333333333333
HS005807,4,10.64,8.05,14.8,3.119519193722007,1,75.0,0.25
HS005808,9,11.39,8.38,16.6,2.9950292152164395,2,77.77777777777779,0.5555555555555556
HS005809,9,5.065555555555556,2.11,6.82,1.558678214955793,0,100.0,0.3333333333333333
HS005810,8,5.0912500000000005,2.1,7.91,2.2140940585259696,0,100.0,0.375
HS005811,8,13.56375,12.42,14.95,0.9799407780939762,0,100.0,0.125
HS005812,7,24.062857142857144,17.72,30.73,5.344454179445313,1,85.71428571428571,0.14285714285714285
HS005813,9,6.515555555555555,3.16,12.62,2.80978696305926,1,88.88888888888889,0.0
HS005814,11,9.991818181818182,8.11,12.02,1.2971570312172553,1,90.9090909090909,0.36363636363636365
HS005815,7,10.748571428571427,9.05,11.81,0.9753875908483516,0,100.0,0.2857142857142857
HS005816,7,13.747142857142858,12.24,15.98,1.2882768114256897,1,85.71428571428571,0.2857142857142857
HS005817,7,9.977142857142857,8.05,11.2,1.1805608029761994,0,100.0,0.2857142857142857
HS005818,6,4.32,2.06,7.07,1.9854671994268753,0,100.0,0.16666666666666666
HS005819,4,9.3925,8.37,10.68,1.0774158899886335,0,100.0,0.25
HS005820,10,22.528,16.33,29.95,4.455273529450491,0,100.0,0.3
HS005821,8,5.53,4.02,7.27,1.2002380716222214,0,100.0,0.125
HS005822,9,4.995555555555556,2.24,7.95,1.974272721226168,0,100.0,0.3333333333333333
HS005823,6,5.718333333333334,3.83,7.03,1.2506704868456224,0,100.0,0.3333333333333333
HS005824,8,4.47875,2.01,6.97,2.1947498230354836,0,100.0,0.25
HS005825,15,23.384,15.37,31.33,5.549952123345622,1,93.33333333333333,0.26666666666666666
HS005826,12,20.690833333333334,15.6,26.6,3.7000232390752594,0,100.0,0.25
HS005827,7,5.22,1.09,12.34,3.6382688190951473,2,71.42857142857143,0.2857142857142857
HS005828,9,13.571111111111112,12.07,14.85,1.072502266249872,0,100.0,0.0
HS005829,8,5.7975,2.39,9.78,2.884320915372827,2,75.0,0.0
HS005830,7,10.117142857142856,8.1,12.9,1.9023907264782582,0,100.0,0.0
HS005831,7,5.328571428571428,2.65,7.63,2.194359652772144,0,100.0,0.42857142857142855
HS005832,9,4.963333333333334,2.06,7.85,2.2070738546772737,0,100.0,0.2222222222222222
HS005833,13,4.987692307692308,2.23,7.82,2.0174206049894248,0,100.0,0.0
HS005834,6,4.925,2.02,7.98,2.5395255462389033,0,100.0,0.3333333333333333
HS005835,9,10.514444444444443,9.3,12.05,1.0208465985532678,0,100.0,0.3333333333333333
HS005836,10,6.367,2.82,8.76,1.7291619678651016,1,90.0,0.0
HS005837,10,4.852,2.15,7.74,2.0319437874989443,0,100.0,0.3
HS005838,6,22.118333333333336,17.94,28.75,4.712262372434992,0,100.0,0.0
HS005839,7,-17.46857142857143,-19.39,-16.02,1.2471758573062661,0,100.0,0.2857142857142857
HS005840,8,9.7625,8.49,11.93,1.2499457131068876,0,100.0,0.5
HS005841,7,-17.434285714285714,-19.13,-15.9,1.1222723546872377,0,100.0,0.2857142857142857
HS005842,7,12.745714285714286,10.42,14.58,1.5460795273083157,2,71.42857142857143,0.7142857142857143
HS005843,7,5.7057142857142855,2.45,8.22,2.1943325267824014,1,85.71428571428571,0.14285714285714285
HS005844,7,0.9900000000000001,-1.58,3.54,2.1227968971775577,0,100.0,0.2857142857142857
HS005845,6,4.996666666666667,2.79,7.96,1.9833876743255883,0,100.0,0.3333333333333333
HS005846,13,4.976923076923077,1.77,7.04,1.7720016206509923,1,92.3076923076923,0.3076923076923077
HS005847,13,22.901538461538458,15.02,32.51,5.420982146797519,1,92.3076923076923,0.15384615384615385
HS005848,12,22.241666666666664,15.09,27.91,4.113288517019251,0,100.0,0.16666666666666666
HS005849,7,0.9228571428571428,-0.15,3.56,1.2832473687967607,0,100.0,0.14285714285714285
HS005850,10,5.549,2.49,7.85,1.7145614923679788,0,100.0,0.2
HS005851,9,5.556666666666667,2.78,7.85,1.7395617264127192,0,100.0,0.2222222222222222
HS005852,9,22.606666666666666,16.61,32.85,5.653779709185706,1,88.88888888888889,0.3333333333333333
HS005853,13,24.354615384615386,17.81,31.26,4.132609376218646,1,92.3076923076923,0.3076923076923077
HS005854,6,13.658333333333333,12.87,14.65,0.6656550658311458,0,100.0,0.6666666666666666
HS005855,12,11.222499999999998,8.48,17.28,2.517979438864713,1,91.66666666666666,0.08333333333333333
HS005856,8,10.68,9.7,12.24,0.9646613025157733,0,100.0,0.125
HS005857,5,14.018,12.42,14.7,0.9104504379701291,0,100.0,0.2
HS005858,8,4.67375,1.11,7.55,2.354697053611295,1,87.5,0.0
HS005859,13,13.956923076923077,12.27,19.43,1.7639320877676694,1,92.3076923076923,0.23076923076923078
HS005860,3,3.7566666666666664,1.2,7.03,2.9803411437842704,1,66.66666666666666,0.0
HS005861,9,10.563333333333333,8.26,11.89,1.3344942862373,0,100.0,0.2222222222222222
HS005862,9,10.110000000000001,8.17,16.62,2.5859766046892227,1,88.88888888888889,0.3333333333333333
HS005863,6,-17.398333333333333,-19.89,-15.71,1.7322288147547562,0,100.0,0.16666666666666666
HS005864,7,6.252857142857143,3.17,10.91,2.78511947251648,1,85.71428571428571,0.14285714285714285
HS005865,8,6.175,2.74,7.98,1.8052304957697625,0,100.0,0.25
HS005866,11,22.894545454545455,18.96,27.63,3.1901139905538285,0,100.0,0.18181818181818182
HS005867,9,24.518888888888892,15.52,31.17,4.80947877748838,2,77.77777777777779,0.3333333333333333
HS005868,11,0.6490909090909092,-1.71,2.89,1.4346947727335913,0,100.0,0.18181818181818182
HS005869,11,10.644545454545455,8.99,11.8,0.8098563284479989,0,100.0,0.45454545454545453
HS005870,5,10.83,9.08,14.6,2.255083147025847,1,80.0,0.4
HS005871,10,22.332,15.3,29.39,4.360608520225894,0,100.0,0.5
HS005872,4,5.0649999999999995,3.64,5.99,1.023279043076716,0,100.0,0.25
HS005873,4,4.3275,3.28,5.35,0.8455520878889327,0,100.0,0.5
HS005874,6,4.86,-0.26,7.29,2.6896319450809623,1,83.33333333333334,0.16666666666666666
HS005875,6,13.76,12.24,14.75,1.0647253166897075,0,100.0,0.3333333333333333
HS005876,7,5.7942857142857145,3.35,7.71,1.3986166635031096,0,100.0,0.14285714285714285
HS005877,14,22.731428571428573,10.8,28.66,4.329806990089578,1,92.85714285714286,0.14285714285714285
HS005878,16,21.210625,16.81,29.54,3.7092253795997174,0,100.0,0.1875
HS005879,8,10.94125,8.7,12.77,1.2802392354556236,0,100.0,0.0
HS005880,11,2.289090909090909,-1.46,7.28,2.795179616931458,2,81.81818181818183,0.2727272727272727
HS005881,9,13.936666666666667,10.4,16.9,1.6939377202246835,2,77.77777777777779,0.2222222222222222
HS005882,8,22.92375,11.43,28.54,5.476296813149767,1,87.5,0.125
HS005883,9,10.556666666666665,8.19,12.93,1.4994332262558412,0,100.0,0.3333333333333333
HS005884,10,5.328,2.73,7.43,1.7071015071036508,0,100.0,0.3
HS005885,7,11.148571428571428,8.36,14.13,1.7597388875571718,1,85.71428571428571,0.14285714285714285
HS005886,11,-0.3727272727272727,-4.93,3.78,2.647531268593785,1,90.9090909090909,0.36363636363636365
HS005887,5,-17.552,-19.27,-15.87,1.4556167077908946,0,100.0,0.4
HS005888,8,5.8950000000000005,2.8,10.9,2.5996867943218525,1,87.5,0.5
HS005889,12,21.911666666666665,15.4,27.03,3.864827017964436,0,100.0,0.3333333333333333
HS005890,11,21.028181818181817,15.39,29.97,4.64196686369435,0,100.0,0.2727272727272727
HS005891,11,23.59363636363636,16.37,29.51,4.444874065094021,0,100.0,0.2727272727272727
HS005892,4,3.865,2.39,5.98,1.6116347807945406,0,100.0,0.0
HS005893,9,6.5344444444444445,3.83,10.85,2.0370389730630527,1,88.88888888888889,0.4444444444444444
HS005894,9,1.5066666666666668,-1.34,3.23,1.5839034061457158,0,100.0,0.1111111111111111
HS005895,9,2.291111111111111,-1.89,7.64,3.2999486527991784,2,77.77777777777779,0.0
HS005896,9,5.025555555555556,2.81,8.13,2.0080843552445145,1,88.88888888888889,0.2222222222222222
HS005897,10,0.9550000000000001,-2.0,5.66,2.5995352148669446,1,90.0,0.2
HS005898,5,12.644,8.06,14.77,2.7383443903205453,1,80.0,0.0
HS005899,8,3.0475,-1.75,6.8,2.5578325087575893,1,87.5,0.0
HS005900,6,12.268333333333333,8.32,14.81,2.7576614488850266,2,66.66666666666666,0.0
HS005901,6,10.046666666666667,8.63,11.29,0.9458470630427867,0,100.0,0.16666666666666666
HS005902,7,12.557142857142859,8.54,14.02,1.8708172392986828,1,85.71428571428571,0.2857142857142857
HS005903,4,11.965,8.52,15.61,2.9345811739780974,1,75.0,0.25
HS005904,6,25.2,20.14,29.52,3.7456481415103586,0,100.0,0.16666666666666666
HS005905,8,1.7325,-0.76,5.99,2.046556341062434,1,87.5,0.375
HS005906,5,10.628,9.38,11.87,1.1310260828115324,0,100.0,0.0
HS005907,9,22.20111111111111,17.23,27.65,3.626097918025809,0,100.0,0.2222222222222222
HS005908,11,23.05727272727273,15.14,29.78,4.5966968377501045,0,100.0,0.18181818181818182
HS005909,11,19.30181818181818,15.05,32.42,5.6971603772086645,1,90.9090909090909,0.0
HS005910,9,22.10111111111111,15.74,28.37,3.869823782953315,0,100.0,0.1111111111111111
HS005911,10,24.087,19.18,29.67,4.251308426041721,0,100.0,0.3
HS005912,10,1.198,-0.9,3.62,1.317521241658829,0,100.0,0.2
HS005913,11,23.206363636363637,18.08,29.03,3.8471529024130886,0,100.0,0.2727272727272727
HS005914,12,22.5925,16.14,29.63,3.6929198228748237,0,100.0,0.08333333333333333
HS005915,8,4.7675,2.15,8.96,2.535202161564241,1,87.5,0.375
HS005916,9,23.373333333333335,17.21,29.84,4.591758922243196,0,100.0,0.4444444444444444
HS005917,7,25.29714285714286,18.18,28.9,3.3474254499327007,0,100.0,0.0
HS005918,7,21.53142857142857,15.43,28.69,4.65412515435296,0,100.0,0.42857142857142855
HS005919,12,22.235,15.33,28.58,4.987605546844006,0,100.0,0.16666666666666666
HS005920,5,7.159999999999999,4.61,10.73,2.353401793149653,1,80.0,0.0
HS005921,7,4.748571428571429,2.36,7.82,2.3748293171750863,0,100.0,0.14285714285714285
HS005922,12,-17.945833333333333,-19.79,-13.49,1.8176581253376722,1,91.66666666666666,0.16666666666666666
HS005923,10,4.64,2.0,7.48,1.7507839513899035,0,100.0,0.4
HS005924,6,25.51,17.13,28.82,4.246071125169715,0,100.0,0.16666666666666666
HS005925,7,22.665714285714284,15.12,28.64,5.34789010465142,0,100.0,0.42857142857142855
HS005926,8,4.41375,-1.07,7.95,2.983123662491095,1,87.5,0.375
HS005927,10,25.968,16.07,29.84,4.219809895665392,0,100.0,0.4
HS005928,11,13.17090909090909,12.05,14.51,1.0074666698750343,0,100.0,0.0
HS005929,8,21.526249999999997,16.83,28.74,4.042205683251941,0,100.0,0.0
HS005930,10,10.868,9.25,11.99,0.9941473174982113,0,100.0,0.3
HS005931,12,2.0066666666666664,-1.19,5.67,2.187548787334741,1,91.66666666666666,0.4166666666666667
HS005932,11,10.909090909090908,8.59,15.37,1.7729436231615179,1,90.9090909090909,0.2727272727272727
HS005933,10,2.017,-0.15,3.98,1.3744982923072535,0,100.0,0.2
HS005934,16,4.6075,2.25,9.48,1.9294956163032175,1,93.75,0.1875
HS005935,3,9.826666666666666,8.4,11.26,1.4300116549641588,0,100.0,0.3333333333333333
HS005936,7,-16.877142857142857,-19.73,-15.21,1.7109618570238436,0,100.0,0.14285714285714285
HS005937,6,5.075,3.53,7.26,1.3145151197304652,0,100.0,0.0
HS005938,11,13.244545454545454,11.82,14.66,0.9514238134119163,1,90.9090909090909,0.36363636363636365
HS005939,9,5.202222222222222,2.19,11.79,3.103086277312386,1,88.88888888888889,0.4444444444444444
HS005940,7,12.967142857142857,12.01,13.81,0.587614223951799,0,100.0,0.2857142857142857
HS005941,11,14.02,12.59,19.77,2.0375279139192184,1,90.9090909090909,0.18181818181818182
HS005942,13,13.733846153846153,12.12,18.19,1.6124750047754668,1,92.3076923076923,0.07692307692307693
HS005943,6,1.495,-0.47,3.99,1.6576338558318602,0,100.0,0.3333333333333333
HS005944,9,23.983333333333334,15.5,28.91,4.539727414724368,0,100.0,0.4444444444444444
HS005945,9,1.5499999999999998,-1.86,3.52,1.8562664140688427,0,100.0,0.4444444444444444
HS005946,10,20.472,15.36,29.5,4.976544539693738,0,100.0,0.4
HS005947,9,1.748888888888889,-0.94,6.23,2.368139799739684,1,88.88888888888889,0.1111111111111111
HS005948,5,22.351999999999997,16.65,27.22,4.836245444557171,0,100.0,0.2
HS005949,8,26.2925,21.64,32.95,3.8994129594813933,1,87.5,0.0
HS005950,6,4.995,3.17,6.77,1.4116054689607858,0,100.0,0.3333333333333333
HS005951,10,14.471,12.72,16.57,1.2722984450722767,2,80.0,0.4
HS005952,8,13.195,12.21,14.75,0.9184925538231494,0,100.0,0.25
HS005953,9,0.41000000000000003,-1.97,3.27,2.133342447897196,0,100.0,0.4444444444444444
HS005954,7,0.47714285714285715,-1.57,1.46,1.002774721887794,0,100.0,0.5714285714285714
HS005955,10,14.015,12.5,19.42,2.022947519503822,1,90.0,0.2
HS005956,12,22.275833333333335,15.05,29.55,4.853522541475013,0,100.0,0.4166666666666667
HS005957,6,23.451666666666668,16.12,29.76,5.8584380739806985,0,100.0,0.16666666666666666
HS005958,9,10.556666666666665,8.35,16.2,2.3720982273084728,1,88.88888888888889,0.2222222222222222
HS005959,5,12.114,8.97,18.08,3.6061516884346383,1,80.0,0.4
HS005960,11,10.44909090909091,8.5,12.98,1.5974195099938813,0,100.0,0.36363636363636365
HS005961,10,6.55,2.46,9.24,2.1944424753858955,1,90.0,0.3
HS005962,8,24.215,15.09,29.81,4.238338623295015,0,100.0,0.0
HS005963,17,0.5499999999999999,-1.55,3.02,1.620840831173746,0,100.0,0.11764705882352941
HS005964,13,9.824615384615385,8.02,13.51,1.6501647159431059,1,92.3076923076923,0.23076923076923078
HS005965,3,4.543333333333334,3.44,6.22,1.4760194217331062,0,100.0,0.0
HS005966,5,10.186,8.17,11.12,1.2358923901375878,0,100.0,0.4
HS005967,5,4.708,3.36,5.6,0.892171508175418,0,100.0,0.0
HS005968,8,5.0,2.59,7.93,2.176163071620717,0,100.0,0.25
HS005969,6,-17.676666666666666,-19.93,-15.2,1.800862756199557,0,100.0,0.0
HS005970,6,1.4666666666666668,-1.57,3.77,2.4249261157129443,0,100.0,0.3333333333333333
HS005971,11,21.40909090909091,15.36,29.18,4.6054086779469525,0,100.0,0.36363636363636365
HS005972,12,11.045,8.57,13.92,1.5779474585100046,2,83.33333333333334,0.5
HS005973,10,24.244,17.39,29.45,4.22605726416479,0,100.0,0.3
HS005974,7,10.108571428571427,8.28,11.6,1.2569861915368383,0,100.0,0.5714285714285714
HS005975,7,5.067142857142857,2.51,7.44,2.2329256912976625,0,100.0,0.42857142857142855
HS005976,6,23.19333333333333,15.21,27.63,4.2352788180551535,0,100.0,0.5
HS005977,6,5.766666666666667,3.46,7.79,1.6108962308810169,0,100.0,0.0
HS005978,10,13.25,12.03,14.84,1.0533122360756415,0,100.0,0.0
HS005979,10,5.392,2.79,6.83,1.4735429715108037,0,100.0,0.4
HS005980,8,4.285,2.06,6.69,1.872851149603574,0,100.0,0.375
HS005981,9,23.307777777777776,18.08,27.74,3.380280231644183,0,100.0,0.2222222222222222
HS005982,5,-18.134,-19.53,-16.08,1.5437389675719155,0,100.0,0.2
HS005983,9,10.45111111111111,8.06,12.91,1.3251645600117403,1,88.88888888888889,0.4444444444444444
HS005984,13,5.041538461538462,2.08,7.64,2.0149021736130934,0,100.0,0.23076923076923078
HS005985,12,13.674999999999999,9.49,14.86,1.478140724017845,1,91.66666666666666,0.3333333333333333
HS005986,5,10.212,8.85,13.52,1.923764538606531,1,80.0,0.4
HS005987,14,0.9342857142857143,-1.07,3.91,1.5576595573819385,0,100.0,0.35714285714285715
HS005988,9,20.369999999999997,15.25,26.83,4.7734788152876515,0,100.0,0.2222222222222222
HS005989,8,8.9175,6.08,10.33,1.4006401597636908,1,87.5,0.125
HS005990,7,23.707142857142856,16.92,27.71,3.72514748829141,0,100.0,0.42857142857142855
HS005991,8,7.26375,2.87,12.08,3.267869281788539,2,75.0,0.375
HS005992,7,5.385714285714285,3.78,7.38,1.6933778584322436,0,100.0,0.14285714285714285
HS005993,10,10.361,8.13,12.15,1.4700147391551328,0,100.0,0.4
HS005994,6,5.446666666666666,3.49,9.73,2.2617043720757732,1,83.33333333333334,0.3333333333333333
HS005995,7,10.45857142857143,8.97,11.25,0.8949195228516096,0,100.0,0.14285714285714285
HS005996,6,9.565,8.68,11.78,1.1484903134114792,0,100.0,0.16666666666666666
HS005997,9,5.821111111111112,2.03,8.79,2.627948079987714,2,77.77777777777779,0.3333333333333333
HS005998,10,4.794,2.15,9.72,2.1751025518607423,1,90.0,0.3
HS005999,7,13.898571428571428,12.35,17.09,1.6843141885391475,1,85.71428571428571,0.42857142857142855
HS006000,8,13.32875,12.06,14.48,0.8755314712463836,0,100.0,0.0
HS006001,11,24.005454545454544,19.29,26.84,2.672827580059603,0,100.0,0.18181818181818182
HS006002,6,19.796666666666667,15.76,24.45,3.805394416701989,0,100.0,0.0
HS006003,12,5.1658333333333335,2.43,10.35,2.30081984729291,1,91.66666666666666,0.25
HS006004,9,22.432222222222222,15.55,30.08,5.124496994285823,1,88.88888888888889,0.4444444444444444
HS006005,5,10.356,8.68,12.9,1.6549410865647147,0,100.0,0.2
HS006006,4,3.5700000000000003,2.23,4.98,1.3098854911785227,0,100.0,0.0
HS006007,6,20.413333333333334,15.81,26.98,3.8022712510638508,0,100.0,0.0
HS006008,12,6.055,2.81,7.9,1.8166527661408696,0,100.0,0.16666666666666666
HS006009,7,11.274285714285714,10.41,12.69,0.8721211143500871,0,100.0,0.0
HS006010,11,3.694545454545455,-2.69,7.47,2.7756237628193188,1,90.9090909090909,0.45454545454545453
HS006011,6,4.658333333333333,2.21,6.15,1.4073011996963076,0,100.0,0.16666666666666666
HS006012,7,-17.285714285714285,-19.12,-15.01,1.5399226944109594,0,100.0,0.2857142857142857
HS006013,8,4.92125,2.54,7.3,1.6358260255034107,0,100.0,0.125
HS006014,12,5.1625000000000005,2.85,7.2,1.7289046716451328,0,100.0,0.0
HS006015,7,10.45142857142857,8.36,12.2,1.4903291422974159,0,100.0,0.2857142857142857
HS006016,9,6.038888888888889,2.02,7.56,1.7069083487730412,0,100.0,0.4444444444444444
HS006017,9,10.283333333333333,8.16,12.67,1.6029737989125086,0,100.0,0.2222222222222222
HS006018,7,21.3,16.21,26.85,4.479296819814468,0,100.0,0.42857142857142855
HS006019,6,4.656666666666666,2.26,7.25,1.613873187913681,0,100.0,0.0
HS006020,11,4.491818181818181,2.32,8.76,2.151040762895107,1,90.9090909090909,0.36363636363636365
HS006021,8,3.97625,2.27,6.45,1.479226994074946,0,100.0,0.375
HS006022,11,10.860909090909091,10.06,11.96,0.6471546112862764,0,100.0,0.45454545454545453
HS006023,10,4.242,2.44,5.9,1.0073926741842032,0,100.0,0.0
HS006024,13,4.787692307692308,2.12,8.22,2.0391630384635504,1,92.3076923076923,0.23076923076923078
HS006025,11,5.267272727272727,2.33,7.88,1.7135757404275476,0,100.0,0.45454545454545453
HS006026,4,4.9575000000000005,2.87,6.83,2.0745662197191974,0,100.0,0.25
HS006027,3,22.616666666666664,15.07,27.85,6.696695702608364,0,100.0,0.6666666666666666
HS006028,9,5.547777777777778,3.74,8.33,1.645431385517015,1,88.88888888888889,0.1111111111111111
HS006029,11,6.159090909090909,2.79,7.97,2.030765641552242,0,100.0,0.36363636363636365
HS006030,6,1.3683333333333334,-1.36,3.4,2.131322750468982,0,100.0,0.16666666666666666
HS006031,8,9.7225,8.58,11.37,0.9137325335442217,0,100.0,0.25
HS006032,7,13.78,12.51,14.94,1.1240255038624936,0,100.0,0.14285714285714285
HS006033,9,22.84777777777778,15.24,28.18,4.769860526728686,0,100.0,0.3333333333333333
HS006034,7,22.641428571428573,15.22,27.81,4.708104461356779,0,100.0,0.2857142857142857
HS006035,5,21.009999999999998,15.54,29.07,6.53966742273642,0,100.0,0.2
HS006036,14,10.404285714285715,8.11,14.41,2.0977009916929186,2,85.71428571428571,0.35714285714285715
HS006037,5,10.894,9.94,11.63,0.6320838551964447,0,100.0,0.0
HS006038,8,4.3575,2.94,6.71,1.3304107851121987,0,100.0,0.25
HS006039,11,21.18909090909091,15.07,27.01,4.316128947437633,0,100.0,0.2727272727272727
HS006040,7,13.717142857142857,12.52,14.68,0.7526556159296738,0,100.0,0.2857142857142857
HS006041,8,9.98875,9.28,12.05,0.8999910713842828,1,87.5,0.125
HS006042,14,9.990714285714287,8.28,11.5,0.9641055183689445,0,100.0,0.2857142857142857
HS006043,8,5.2725,2.46,7.61,2.183946297089612,0,100.0,0.25
HS006044,7,23.707142857142856,15.92,29.09,4.805866950182571,0,100.0,0.42857142857142855
HS006045,10,4.2299999999999995,2.12,9.11,2.0120194388281196,1,90.0,0.1
HS006046,6,9.915000000000001,8.1,11.78,1.3317920258058313,0,100.0,0.0
HS006047,10,6.261,3.57,10.3,2.0054727899204,1,90.0,0.2
HS006048,10,4.269,1.36,7.22,2.0406123808525933,1,90.0,0.2
HS006049,9,13.666666666666666,12.15,14.78,0.930215028904607,0,100.0,0.3333333333333333
HS006050,7,10.901428571428571,8.07,12.84,1.766875100013472,0,100.0,0.0
HS006051,8,4.66375,2.4,6.68,1.287788109234479,0,100.0,0.375
HS006052,2,4.1,2.1,6.1,2.82842712474619,0,100.0,1.0
HS006053,5,19.104,16.79,25.25,3.531526582088828,0,100.0,0.2
HS006054,6,5.168333333333333,2.66,7.05,1.5154592263293216,0,100.0,0.16666666666666666
HS006055,7,6.828571428571428,4.31,11.04,2.861237660939921,2,71.42857142857143,0.2857142857142857
HS006056,11,6.0636363636363635,3.51,10.52,2.1050143597005353,1,90.9090909090909,0.18181818181818182
HS006057,6,-17.491666666666667,-18.91,-15.88,0.9946138279084329,0,100.0,0.3333333333333333
HS006058,6,9.705,8.3,11.42,1.2454196080036635,0,100.0,0.16666666666666666
HS006059,5,1.478,0.51,2.73,1.0318284741176704,0,100.0,0.0
HS006060,9,9.813333333333333,8.33,11.06,0.9589447325054766,0,100.0,0.1111111111111111
HS006061,6,4.736666666666667,2.66,6.59,1.564118495084904,0,100.0,0.16666666666666666
HS006062,10,6.272,2.52,12.85,2.992129676334233,1,90.0,0.1
HS006063,8,1.65625,-1.96,5.12,2.3704546730833846,1,87.5,0.125
HS006064,4,5.797499999999999,2.35,10.61,3.9890798855542275,1,75.0,0.0
HS006065,10,13.897,12.2,19.08,2.6959230536332277,2,80.0,0.5
HS006066,9,3.913333333333333,2.05,6.2,1.8172025203592475,0,100.0,0.1111111111111111
HS006067,7,4.93,2.58,7.19,2.045425791043681,0,100.0,0.42857142857142855
HS006068,8,19.71875,15.39,25.01,3.646875130064877,0,100.0,0.25
HS006069,7,3.9771428571428573,2.24,7.34,1.687381741888048,0,100.0,0.2857142857142857
HS006070,8,23.14,15.54,29.9,4.250499130354324,0,100.0,0.375
HS006071,8,4.425,2.21,7.28,1.7868008123059334,0,100.0,0.125
HS006072,9,22.916666666666668,17.36,29.32,3.7328407413121716,0,100.0,0.2222222222222222
HS006073,2,14.13,11.41,16.85,3.8466608896548196,1,50.0,0.0
HS006074,10,10.229,8.19,12.55,1.810521410472071,0,100.0,0.2
HS006075,7,10.209999999999999,8.15,13.21,1.7474648303566322,1,85.71428571428571,0.5714285714285714
HS006076,6,9.535,8.01,10.58,1.0421084396549143,0,100.0,0.16666666666666666
HS006077,11,23.55545454545455,15.71,30.08,4.841273311095674,1,90.9090909090909,0.09090909090909091
HS006078,6,3.9283333333333332,2.18,6.12,1.7406368566322692,0,100.0,0.3333333333333333
HS006079,11,-18.46818181818182,-22.74,-15.04,2.244271900558478,2,81.81818181818183,0.09090909090909091
HS006080,7,5.890000000000001,2.65,10.88,2.827036139375182,1,85.71428571428571,0.42857142857142855
HS006081,8,2.04375,-1.41,4.47,2.078247458797917,1,87.5,0.375
HS006082,7,-17.05,-19.11,-15.49,1.4497700967164862,0,100.0,0.14285714285714285
HS006083,10,22.294,15.56,29.21,4.626686359228024,0,100.0,0.1
HS006084,10,2.252,0.0,6.25,1.9360199723487703,1,90.0,0.5
HS006085,8,4.9575,2.37,7.6,1.9953427918888669,0,100.0,0.0
HS006086,6,9.541666666666666,8.18,12.48,1.6240617804340651,0,100.0,0.16666666666666666
HS006087,10,26.47,19.5,33.74,4.348516988583579,1,90.0,0.1
HS006088,7,9.641428571428571,8.35,11.96,1.2107632382293492,0,100.0,0.7142857142857143
HS006089,8,5.16625,2.4,7.96,2.0781855925645467,0,100.0,0.125
HS006090,11,24.475454545454546,16.09,30.0,3.2905755230243967,0,100.0,0.09090909090909091
HS006091,13,13.952307692307691,12.26,16.6,1.1022866675397551,1,92.3076923076923,0.23076923076923078
HS006092,14,13.905714285714286,12.02,18.09,1.387164868941819,1,92.85714285714286,0.35714285714285715
HS006093,11,5.513636363636364,3.87,7.67,1.3631894419138721,0,100.0,0.36363636363636365
HS006094,13,5.587692307692308,2.29,13.15,3.5119205425857656,2,84.61538461538461,0.23076923076923078
HS006095,8,23.25375,16.96,29.71,5.10700341967493,0,100.0,0.375
HS006096,7,21.044285714285714,16.05,25.72,3.029845194851035,0,100.0,0.2857142857142857
HS006097,7,5.822857142857143,3.11,7.53,1.8944455150581159,0,100.0,0.14285714285714285
HS006098,11,22.454545454545453,11.58,28.4,5.816748857628913,1,90.9090909090909,0.0
HS006099,5,-16.872,-19.24,-14.37,2.2091106807944234,1,80.0,0.2
HS006100,10,22.749000000000002,17.1,29.08,4.6251737504900525,0,100.0,0.2
HS006101,5,10.668000000000001,8.72,11.86,1.2699881889214555,0,100.0,0.2
HS006102,11,5.74,2.45,10.36,2.1865680872088116,1,90.9090909090909,0.09090909090909091
HS006103,7,10.024285714285714,8.28,11.94,1.1837772473859145,0,100.0,0.14285714285714285
HS006104,8,10.42125,8.12,14.72,2.06165285632669,1,87.5,0.375
HS006105,4,4.5600000000000005,2.25,7.9,2.450591765268136,0,100.0,0.0
HS006106,16,10.03625,8.26,11.96,1.078745413277232,0,100.0,0.25
HS006107,2,-0.30499999999999994,-1.92,1.31,2.2839549032325484,0,100.0,0.0
HS006108,5,5.954,2.61,7.66,2.122305350320731,0,100.0,0.2
HS006109,6,9.345,8.13,11.08,1.1674031009038828,0,100.0,0.3333333333333333
HS006110,8,4.1450000000000005,-0.91,6.04,2.2058040322230412,1,87.5,0.125
HS006111,12,5.035833333333334,2.39,8.6,1.9175147662502832,1,91.66666666666666,0.16666666666666666
HS006112,13,23.486923076923077,15.59,28.12,3.4755584314260077,0,100.0,0.23076923076923078
HS006113,3,10.88,9.09,12.81,1.8639474241512295,0,100.0,0.3333333333333333
HS006114,8,22.07625,18.19,27.2,3.341316838356654,0,100.0,0.25
HS006115,6,21.21,19.36,23.63,1.803696205019016,0,100.0,0.0
HS006116,10,-17.869999999999997,-19.84,-11.73,2.4666891890863663,1,90.0,0.2
HS006117,12,5.1066666666666665,2.34,7.71,1.6804616970200528,0,100.0,0.3333333333333333
HS006118,10,4.702,2.76,6.12,1.4388096932302528,0,100.0,0.1
HS006119,9,23.922222222222224,16.44,29.18,4.677985083820217,0,100.0,0.3333333333333333
HS006120,8,5.2749999999999995,2.19,8.74,2.357595627510609,1,87.5,0.375
HS006121,2,25.145000000000003,23.44,26.85,2.4112341238461283,0,100.0,0.0
HS006122,5,19.532,16.04,22.61,2.3910499785659027,0,100.0,0.2
HS006123,3,6.113333333333333,4.25,9.73,3.132608072091581,1,66.66666666666666,0.3333333333333333
HS006124,6,6.346666666666667,4.86,7.58,1.1558835004734112,0,100.0,0.3333333333333333
HS006125,9,5.743333333333333,2.48,9.56,2.3681268969377465,1,88.88888888888889,0.5555555555555556
HS006126,13,4.742307692307692,1.72,7.17,1.830824740593493,1,92.3076923076923,0.3076923076923077
HS006127,8,24.4625,20.82,29.83,3.2798246904369748,0,100.0,0.0
HS006128,14,9.93142857142857,8.42,11.52,0.9593415782380453,0,100.0,0.07142857142857142
HS006129,14,9.267857142857142,3.38,12.99,2.490558104186624,3,78.57142857142857,0.21428571428571427
HS006130,7,5.607142857142857,2.85,8.06,1.5906572466092364,1,85.71428571428571,0.0
HS006131,7,20.099999999999998,15.75,28.25,4.173887077213918,0,100.0,0.2857142857142857
HS006132,12,5.306666666666667,2.56,7.57,1.5703869432452473,0,100.0,0.5
HS006133,11,23.319090909090907,15.54,29.85,5.188863949932499,0,100.0,0.2727272727272727
HS006134,8,5.547499999999999,3.23,7.35,1.5430929052671174,0,100.0,0.5
HS006135,5,11.212,9.55,12.47,1.239927417230541,0,100.0,0.0
HS006136,9,22.984444444444442,17.38,29.9,4.66256665129602,0,100.0,0.0
HS006137,11,1.4936363636363637,-1.75,3.62,2.075766233116209,0,100.0,0.18181818181818182
HS006138,7,5.7057142857142855,3.6,8.0,1.6831206843525026,0,100.0,0.14285714285714285
HS006139,7,10.577142857142858,8.05,11.44,1.225543611160836,0,100.0,0.2857142857142857
HS006140,9,9.777777777777779,7.78,11.71,1.3018907190868378,1,88.88888888888889,0.1111111111111111
HS006141,10,13.315000000000001,12.29,14.2,0.611323700396661,0,100.0,0.1
HS006142,4,6.1175,2.37,13.57,5.069788785870013,1,75.0,0.25
HS006143,11,1.492727272727273,-1.9,3.92,1.879697267695471,0,100.0,0.45454545454545453
HS006144,6,3.9633333333333334,-0.76,7.96,3.070926027547174,1,83.33333333333334,0.3333333333333333
HS006145,12,10.445,8.4,11.89,1.0948432847589729,0,100.0,0.08333333333333333
HS006146,13,10.704615384615384,8.09,12.53,1.5425823337541031,0,100.0,0.3076923076923077
HS006147,9,5.066666666666666,2.02,11.33,3.05095476859294,1,88.88888888888889,0.2222222222222222
HS006148,11,22.123636363636365,15.69,28.18,4.93339897581226,0,100.0,0.18181818181818182
HS006149,11,5.290909090909091,2.72,7.64,1.8568815500481153,0,100.0,0.2727272727272727
HS006150,11,10.755454545454546,8.53,14.44,1.5886180386509756,1,90.9090909090909,0.18181818181818182
HS006151,11,1.210909090909091,-1.37,3.87,1.6034615963312284,0,100.0,0.18181818181818182
HS006152,9,23.4,16.44,28.87,4.862116308769259,0,100.0,0.1111111111111111
HS006153,7,26.464285714285715,19.65,30.46,3.5121306787706383,1,85.71428571428571,0.0
HS006154,6,24.680000000000003,17.17,29.33,4.892308248669537,0,100.0,0.3333333333333333
HS006155,9,26.32,23.68,29.98,1.9420157053947842,0,100.0,0.7777777777777778
HS006156,7,-17.395714285714288,-19.92,-12.06,2.8247410332209055,1,85.71428571428571,0.42857142857142855
HS006157,3,24.426666666666666,19.82,28.3,4.287299072065457,0,100.0,0.3333333333333333
HS006158,14,10.24,8.04,19.16,2.8161512197159606,1,92.85714285714286,0.07142857142857142
HS006159,7,21.425714285714285,15.63,28.34,4.735781727595622,0,100.0,0.14285714285714285
HS006160,8,22.6925,18.87,26.4,2.610296917976955,0,100.0,0.25
HS006161,9,23.013333333333335,18.54,27.63,3.13800892286813,0,100.0,0.4444444444444444
HS006162,5,5.622,4.48,7.55,1.3127337887020352,0,100.0,0.0
HS006163,9,24.172222222222224,19.09,28.7,3.569775125192684,0,100.0,0.3333333333333333
HS006164,11,14.216363636363637,12.58,18.45,1.5585010280861076,1,90.9090909090909,0.18181818181818182
HS006165,8,1.7237500000000001,-1.24,5.81,2.474665561819848,1,87.5,0.375
HS006166,5,6.288,3.39,7.84,1.7167032358564482,0,100.0,0.2
HS006167,9,1.34,-2.0,3.56,1.9653562018117732,0,100.0,0.4444444444444444
HS006168,6,6.359999999999999,3.27,7.71,1.642218012323577,0,100.0,0.3333333333333333
HS006169,8,5.19875,2.67,7.49,1.6434670451735347,0,100.0,0.25
HS006170,8,10.3925,8.05,12.5,1.687481216826681,0,100.0,0.375
HS006171,3,5.759999999999999,2.73,9.2,3.2544277530773362,1,66.66666666666666,0.0
HS006172,13,-16.092307692307692,-19.7,-10.71,2.8270218541961367,3,76.92307692307693,0.3076923076923077
HS006173,5,6.212000000000001,4.71,7.95,1.4607087320886392,0,100.0,0.4
HS006174,9,5.793333333333333,2.16,12.21,3.0600449343106058,1,88.88888888888889,0.0
HS006175,6,13.424999999999999,12.45,15.6,1.1916501164351894,1,83.33333333333334,0.3333333333333333
HS006176,10,22.724,15.54,29.97,4.786813368225485,0,100.0,0.3
HS006177,13,5.32923076923077,2.32,8.7,2.0635667404539384,1,92.3076923076923,0.3076923076923077
HS006178,9,10.522222222222222,8.23,11.97,1.3728144246198917,0,100.0,0.0
HS006179,11,5.017272727272727,-2.69,7.86,3.034475542524905,1,90.9090909090909,0.2727272727272727
HS006180,9,5.348888888888889,2.29,7.13,1.67982472630662,0,100.0,0.5555555555555556
HS006181,7,5.315714285714286,2.03,7.85,2.5449155660051357,0,100.0,0.0
HS006182,4,9.115,8.39,10.75,1.1051545894881252,0,100.0,0.25
HS006183,8,12.2675,9.96,16.93,2.094412635015909,1,87.5,0.25
HS006184,4,10.2875,9.26,11.75,1.0717703423153062,0,100.0,0.0
HS006185,11,10.023636363636363,8.29,11.26,1.1760210264044835,0,100.0,0.09090909090909091
HS006186,10,10.581999999999999,6.96,13.55,1.7588556886036257,2,80.0,0.2
HS006187,13,21.885384615384616,17.26,27.43,3.306555648467187,0,100.0,0.23076923076923078
HS006188,7,5.027142857142857,2.01,7.69,2.0444535886614,0,100.0,0.14285714285714285
HS006189,11,5.668181818181818,2.11,7.87,2.0585811530363247,0,100.0,0.45454545454545453
HS006190,6,-19.07166666666667,-21.0,-16.94,1.3674855270410244,1,83.33333333333334,0.16666666666666666
HS006191,2,3.0149999999999997,2.4,3.63,0.8697413408594536,0,100.0,0.5
HS006192,6,12.29,7.87,15.0,2.373427900737665,1,83.33333333333334,0.3333333333333333
HS006193,13,10.344615384615384,8.34,12.91,1.6526676182494335,0,100.0,0.15384615384615385
HS006194,6,9.995,8.26,11.34,1.144949780558082,0,100.0,0.5
HS006195,10,0.8600000000000001,-1.72,4.94,2.2438558083996596,1,90.0,0.4
HS006196,12,4.559166666666667,0.97,7.73,2.015185343757981,1,91.66666666666666,0.25
HS006197,4,4.6575,2.36,7.59,2.168984017153346,0,100.0,0.25
HS006198,7,2.35,-1.01,7.88,3.4710325072903974,2,71.42857142857143,0.2857142857142857
HS006199,11,23.84272727272727,15.87,27.41,3.8531677640847435,0,100.0,0.18181818181818182
HS006200,12,4.761666666666667,3.04,7.71,1.3853442849626905,0,100.0,0.25
HS006201,8,4.995,2.71,7.56,1.8243354954612925,0,100.0,0.375
HS006202,5,5.58,4.24,7.31,1.5190128373387761,0,100.0,0.6
HS006203,7,4.675714285714285,2.01,7.1,1.9968880551402737,0,100.0,0.2857142857142857
HS006204,7,2.77,-2.3,6.2,2.5369798317421974,1,85.71428571428571,0.2857142857142857
HS006205,14,4.3428571428571425,1.26,11.56,2.699035236670913,2,85.71428571428571,0.14285714285714285
HS006206,7,10.002857142857142,8.43,11.72,1.3201478993622184,0,100.0,0.14285714285714285
HS006207,14,4.521428571428571,2.42,11.2,2.2575918318245387,1,92.85714285714286,0.07142857142857142
HS006208,10,21.242,15.68,30.2,4.718897705561709,1,90.0,0.2
HS006209,8,4.6625,2.06,7.09,1.8232447527886724,0,100.0,0.375
HS006210,6,23.706666666666667,18.83,29.17,3.7751538599991754,0,100.0,0.5
HS006211,3,6.669999999999999,5.14,7.66,1.3439866070761273,0,100.0,0.3333333333333333
HS006212,10,4.806,2.27,7.61,1.6976598272000458,0,100.0,0.2
HS006213,2,4.57,3.08,6.06,2.107178207935911,0,100.0,0.0
HS006214,14,4.795,2.71,7.73,1.4925597527015846,0,100.0,0.21428571428571427
HS006215,9,20.855555555555554,17.99,26.71,3.4131734174779016,0,100.0,0.5555555555555556
HS006216,7,13.258571428571429,12.01,13.98,0.7792181673837902,0,100.0,0.0
HS006217,7,1.2242857142857144,0.16,2.72,0.9160214179238595,0,100.0,0.2857142857142857
HS006218,9,1.2333333333333334,-1.9,5.12,2.253674776892176,1,88.88888888888889,0.1111111111111111
HS006219,9,22.14333333333333,19.08,25.5,2.384276619857688,0,100.0,0.4444444444444444
HS006220,9,2.6,-1.01,6.33,1.9343732835210476,1,88.88888888888889,0.0
HS006221,13,22.39153846153846,16.06,29.21,4.375615854090039,0,100.0,0.3076923076923077
HS006222,8,24.22,15.76,29.65,4.095038810212042,0,100.0,0.5
HS006223,6,6.026666666666666,2.59,12.82,3.717906220800448,1,83.33333333333334,0.16666666666666666
HS006224,14,23.267857142857142,15.3,30.86,4.775724155433519,1,92.85714285714286,0.2857142857142857
HS006225,8,25.0275,17.82,29.85,4.157567111390301,0,100.0,0.375
HS006226,7,11.321428571428571,9.5,13.6,1.3736985182519559,1,85.71428571428571,0.14285714285714285
HS006227,3,-0.5833333333333334,-1.64,1.22,1.5694054075774473,0,100.0,0.3333333333333333
HS006228,10,11.808,8.19,17.69,2.8562010511244558,2,80.0,0.3
HS006229,15,-18.256666666666668,-19.73,-15.96,1.1188046342073352,0,100.0,0.3333333333333333
HS006230,9,9.566666666666666,8.08,11.92,1.4763553095376463,0,100.0,0.2222222222222222
HS006231,8,5.3100000000000005,2.03,10.06,2.816791487794985,1,87.5,0.125
HS006232,7,4.201428571428571,2.38,6.76,1.918744629277422,0,100.0,0.42857142857142855
HS006233,1,2.06,2.06,2.06,,0,100.0,1.0
HS006234,9,10.177777777777777,8.04,15.37,2.2042219589788243,1,88.88888888888889,0.3333333333333333
HS006235,7,5.445714285714286,2.71,7.8,1.8867507973838442,0,100.0,0.14285714285714285
HS006236,3,5.243333333333333,3.1,7.9,2.4408263627987417,0,100.0,0.0
HS006237,13,-17.55153846153846,-19.83,-13.43,2.1259854426980693,2,84.61538461538461,0.15384615384615385
HS006238,8,6.1625,3.95,7.58,1.2077813189007827,0,100.0,0.25
HS006239,14,14.069999999999999,12.09,20.04,2.2680828909014763,2,85.71428571428571,0.14285714285714285
HS006240,6,4.510000000000001,3.41,5.62,0.9713083959278845,0,100.0,0.3333333333333333
HS006241,7,21.707142857142856,16.21,28.88,5.03819979187578,0,100.0,0.2857142857142857
HS006242,9,11.312222222222223,8.93,16.88,2.4467722502195506,1,88.88888888888889,0.2222222222222222
HS006243,14,5.014285714285714,2.34,7.54,1.5588295129838448,0,100.0,0.21428571428571427
HS006244,5,9.522,8.11,10.61,1.0355047078598918,0,100.0,0.4
HS006245,9,4.972222222222222,2.19,11.01,2.759061333940303,1,88.88888888888889,0.0
HS006246,9,12.366666666666667,8.44,18.67,3.215991293520554,3,66.66666666666666,0.2222222222222222
HS006247,8,4.61125,2.37,7.14,2.0038636787109905,0,100.0,0.25
HS006248,8,5.24,3.68,7.83,1.5261716810372283,0,100.0,0.625
HS006249,10,9.758,8.55,11.23,0.9160883023910839,0,100.0,0.2
HS006250,11,4.942727272727272,-0.91,7.87,2.627660902434296,1,90.9090909090909,0.36363636363636365
HS006251,11,4.765454545454546,2.02,7.68,2.0185507852732543,0,100.0,0.36363636363636365
HS006252,13,5.676923076923076,2.3,9.83,2.198121867319859,2,84.61538461538461,0.3076923076923077
HS006253,11,23.65636363636364,15.16,27.73,3.642324183065732,0,100.0,0.18181818181818182
HS006254,9,5.914444444444445,2.61,14.31,3.515622672838736,1,88.88888888888889,0.2222222222222222
HS006255,8,24.07125,15.46,31.91,6.008846900315281,1,87.5,0.25
HS006256,15,4.592,2.04,7.82,1.9138599739792876,0,100.0,0.3333333333333333
HS006257,12,9.727500000000001,8.21,11.67,1.358040868309934,0,100.0,0.25
HS006258,8,11.53625,8.95,12.78,1.2616648581480405,0,100.0,0.25
HS006259,10,5.279,2.74,7.27,1.5516904760078065,0,100.0,0.3
HS006260,7,4.691428571428572,2.23,6.19,1.7676767103689952,0,100.0,0.5714285714285714
HS006261,6,21.77,15.72,28.17,4.835013960683051,0,100.0,0.0
HS006262,4,4.577500000000001,2.28,8.07,2.469539430744122,1,75.0,0.25
HS006263,6,0.215,-1.95,2.08,1.5053338500146738,0,100.0,0.5
HS006264,4,5.07,3.02,6.97,1.6608230891137483,0,100.0,0.0
HS006265,11,5.62,2.59,7.09,1.4285797142616858,0,100.0,0.2727272727272727
HS006266,9,2.2411111111111115,-1.86,5.67,2.2832347910609436,1,88.88888888888889,0.0
HS006267,5,14.218,12.91,14.96,0.837926011053482,0,100.0,0.2
HS006268,10,13.690000000000001,12.04,16.38,1.2831991271817478,1,90.0,0.4
HS006269,5,6.218,2.58,8.0,2.415475108544901,0,100.0,0.0
HS006270,7,13.501428571428573,12.2,14.25,0.7948884318240006,0,100.0,0.42857142857142855
HS006271,11,6.138181818181818,2.34,10.86,3.003137753023721,3,72.72727272727273,0.2727272727272727
HS006272,10,10.267,8.67,12.61,1.2624055520227155,1,90.0,0.1
HS006273,9,13.662222222222223,12.19,14.38,0.8287909534040805,0,100.0,0.2222222222222222
HS006274,8,19.4675,16.0,27.72,4.572588357343604,0,100.0,0.5
HS006275,11,21.78909090909091,12.4,29.56,5.735472874219622,1,90.9090909090909,0.09090909090909091
HS006276,6,5.338333333333334,2.13,7.88,2.4798662598347248,0,100.0,0.5
HS006277,8,6.11375,4.0,7.56,1.179890279402526,0,100.0,0.375
HS006278,5,22.258,17.34,29.75,4.8054885287554265,0,100.0,0.6
HS006279,7,9.222857142857142,8.06,11.55,1.1436158196077661,0,100.0,0.0
HS006280,9,5.59,3.01,8.96,2.038749616799474,1,88.88888888888889,0.4444444444444444
HS006281,13,9.892307692307693,8.34,11.72,1.0578843182358035,0,100.0,0.5384615384615384
HS006282,9,5.874444444444444,2.31,7.98,1.7101908600439244,0,100.0,0.3333333333333333
HS006283,6,22.72,16.09,29.81,5.751598038806258,0,100.0,0.3333333333333333
HS006284,5,5.798,4.08,7.56,1.2931434568523323,0,100.0,0.8
HS006285,7,22.072857142857142,18.26,29.61,4.817349597326018,0,100.0,0.2857142857142857
HS006286,11,5.422727272727273,2.2,11.13,2.5455533422385437,1,90.9090909090909,0.18181818181818182
HS006287,11,0.06454545454545454,-1.79,2.33,1.5412291434849241,0,100.0,0.2727272727272727
HS006288,9,4.738888888888889,2.09,7.6,2.133345052051147,0,100.0,0.4444444444444444
HS006289,10,-16.988,-19.51,-15.2,1.5831880635112319,0,100.0,0.4
HS006290,11,4.656363636363636,3.28,7.09,1.2527112414860238,0,100.0,0.18181818181818182
HS006291,11,10.796363636363637,8.47,12.63,1.7188325847927874,0,100.0,0.09090909090909091
HS006292,7,3.7471428571428573,0.02,7.57,2.3092763244915373,1,85.71428571428571,0.14285714285714285
HS006293,5,10.51,9.25,11.69,1.0885081533916041,0,100.0,0.4
HS006294,7,3.3728571428571428,2.01,5.58,1.3641323773216232,0,100.0,0.42857142857142855
HS006295,10,13.562999999999999,9.07,16.98,2.072138187155158,2,80.0,0.4
HS006296,8,1.155,-4.16,3.8,2.58476304523258,1,87.5,0.375
HS006297,5,11.102,9.25,13.78,1.8826231699413452,1,80.0,0.0
HS006298,8,9.92875,8.76,10.71,0.5616922772174419,0,100.0,0.25
HS006299,5,5.564,2.2,11.54,4.0411236061273845,1,80.0,0.2
HS006300,12,14.088333333333333,12.11,16.65,1.2088674890411297,1,91.66666666666666,0.25
HS006301,8,20.7775,17.23,25.24,2.9036811611666815,0,100.0,0.375
HS006302,10,5.917,3.01,11.88,2.5550431611923035,1,90.0,0.3
HS006303,11,7.641818181818182,3.83,13.4,3.063944575810138,3,72.72727272727273,0.36363636363636365
HS006304,7,9.968571428571428,8.02,11.93,1.495074452677063,0,100.0,0.0
HS006305,9,23.084444444444443,15.13,29.6,5.406556462090984,0,100.0,0.3333333333333333
HS006306,4,-16.8075,-18.48,-15.15,1.6568921711042834,0,100.0,0.75
HS006307,9,5.45888888888889,2.21,12.44,2.976140304339012,1,88.88888888888889,0.4444444444444444
HS006308,7,9.6,8.32,11.55,1.1258182209693832,0,100.0,0.42857142857142855
HS006309,10,5.233,2.31,7.49,1.6060998308531966,0,100.0,0.1
HS006310,11,21.82090909090909,16.36,28.56,4.542247141108582,0,100.0,0.09090909090909091
HS006311,14,5.196428571428571,2.96,7.36,1.613222323096313,0,100.0,0.14285714285714285
HS006312,15,12.906,8.12,14.95,1.5992310652310384,1,93.33333333333333,0.4666666666666667
HS006313,9,9.863333333333333,8.05,11.8,1.269232051281404,0,100.0,0.2222222222222222
HS006314,13,10.79076923076923,8.61,14.4,1.820038742895608,2,84.61538461538461,0.23076923076923078
HS006315,5,4.99,2.66,7.18,1.6984404611289734,0,100.0,0.4
HS006316,8,23.32125,15.79,28.64,4.68435218116047,0,100.0,0.25
HS006317,8,24.12625,20.54,30.51,3.5893172351139033,1,87.5,0.375
HS006318,6,22.483333333333334,18.16,27.14,3.132715541932696,0,100.0,0.16666666666666666
HS006319,8,13.71625,12.44,15.86,1.1627914381226876,1,87.5,0.125
HS006320,5,20.881999999999998,16.63,27.41,4.054715773022815,0,100.0,0.4
HS006321,4,5.3774999999999995,2.38,7.09,2.188094681071487,0,100.0,0.25
HS006322,10,5.389,2.67,7.42,1.7226107447063534,0,100.0,0.2
HS006323,9,5.371111111111111,1.52,8.18,2.379997082164411,3,66.66666666666666,0.3333333333333333
HS006324,5,8.484,5.75,9.97,1.7260590951644732,1,80.0,0.4
HS006325,6,21.618333333333336,17.34,27.55,3.882614668836797,0,100.0,0.3333333333333333
HS006326,11,24.502727272727274,17.44,29.64,4.019131973222803,0,100.0,0.18181818181818182
HS006327,3,18.593333333333334,17.52,19.27,0.9400177303292382,0,100.0,0.3333333333333333
HS006328,10,23.316,16.9,28.06,3.731047514513257,0,100.0,0.1
HS006329,5,4.596,3.07,7.0,1.744342282925,0,100.0,0.4
HS006330,8,10.675,8.34,12.51,1.621498425178743,1,87.5,0.25
HS006331,6,19.406666666666666,15.14,24.83,3.737387679471673,0,100.0,0.16666666666666666
HS006332,16,1.4975,-1.63,3.95,1.7885058941287653,0,100.0,0.3125
HS006333,6,23.368333333333336,17.92,29.68,4.437681451689234,0,100.0,0.16666666666666666
HS006334,7,9.967142857142857,8.51,11.58,1.3356485850915811,0,100.0,0.0
HS006335,6,6.121666666666667,3.58,12.01,3.1670580459894744,1,83.33333333333334,0.0
HS006336,6,5.113333333333333,2.14,7.63,2.328198158805789,0,100.0,0.16666666666666666
HS006337,12,5.954166666666667,2.0,7.98,2.051471570863366,0,100.0,0.3333333333333333
HS006338,7,21.94,15.73,27.15,4.578027231606791,0,100.0,0.14285714285714285
HS006339,9,21.285555555555554,16.38,27.36,4.177332016703697,0,100.0,0.3333333333333333
HS006340,7,10.624285714285715,8.19,11.87,1.3636453246458813,0,100.0,0.42857142857142855
HS006341,9,5.382222222222222,2.08,10.22,2.894873821852076,2,77.77777777777779,0.4444444444444444
HS006342,12,10.13,8.07,11.74,1.1050956355159327,0,100.0,0.25
HS006343,8,10.97125,5.97,18.47,3.6665688028065535,2,75.0,0.125
HS006344,7,6.677142857142857,3.5,12.01,2.6620337731749024,1,85.71428571428571,0.14285714285714285
HS006345,9,1.3411111111111111,-0.56,3.85,1.8676619370515402,0,100.0,0.2222222222222222
HS006346,14,5.099285714285714,2.75,7.93,1.7403203254472535,0,100.0,0.35714285714285715
HS006347,5,4.746,3.44,6.13,1.1059972875192778,0,100.0,0.2
HS006348,10,-17.678,-19.24,-15.93,1.3188361872836547,0,100.0,0.1
HS006349,8,20.01375,15.0,30.03,5.010460308195246,1,87.5,0.375
HS006350,12,10.463333333333333,8.11,12.84,1.700777006030604,0,100.0,0.25
HS006351,14,4.7821428571428575,2.54,7.62,1.7542790698589135,0,100.0,0.2857142857142857
HS006352,6,3.638333333333333,2.04,6.17,1.8278995231321296,0,100.0,0.3333333333333333
HS006353,7,22.0,16.12,26.31,3.506807665099413,0,100.0,0.14285714285714285
HS006354,5,21.038,15.17,26.26,5.331976181492187,0,100.0,0.2
HS006355,8,10.393749999999999,8.28,11.95,1.3816650152210244,0,100.0,0.375
HS006356,9,5.192222222222222,2.05,7.67,1.9693131910502313,0,100.0,0.3333333333333333
HS006357,6,22.981666666666666,18.29,28.34,4.481550698883889,0,100.0,0.3333333333333333
HS006358,10,4.944,1.48,7.73,2.052906882122681,1,90.0,0.3
HS006359,8,5.18,2.96,7.89,2.1032763557296574,0,100.0,0.375
HS006360,7,23.895714285714288,20.32,28.97,3.465481482386236,0,100.0,0.14285714285714285
HS006361,9,10.238888888888889,8.09,11.92,1.2169577277420573,0,100.0,0.2222222222222222
HS006362,4,5.375,3.4,7.53,1.721327007476112,0,100.0,0.25
HS006363,10,21.086000000000002,15.06,25.36,3.4906293606358907,0,100.0,0.2
HS006364,12,13.465833333333334,8.77,16.87,1.9021254061197077,2,83.33333333333334,0.08333333333333333
HS006365,8,5.21125,2.69,7.89,2.391571136303497,0,100.0,0.25
HS006366,11,5.515454545454546,2.72,7.97,1.7714647252280449,0,100.0,0.09090909090909091
HS006367,11,21.753636363636364,16.39,28.39,4.370380470227444,0,100.0,0.09090909090909091
HS006368,8,23.240000000000002,15.7,30.1,4.485943124281194,1,87.5,0.0
HS006369,14,22.13214285714286,16.01,32.56,4.456936130384826,1,92.85714285714286,0.07142857142857142
HS006370,13,9.696153846153846,8.17,11.58,1.1173446085961907,0,100.0,0.38461538461538464
HS006371,12,4.7725,-1.36,7.98,2.905484234402871,1,91.66666666666666,0.25
HS006372,7,20.974285714285713,16.59,27.52,3.769353866570314,0,100.0,0.2857142857142857
HS006373,8,-16.72,-19.73,-15.15,1.5421598953601219,0,100.0,0.25
HS006374,7,-0.24428571428571427,-2.38,3.03,1.8260691584462432,1,85.71428571428571,0.2857142857142857
HS006375,6,10.583333333333334,9.59,11.59,0.8891943919451285,0,100.0,0.0
HS006376,16,23.303125,15.71,29.5,4.2771341164382495,0,100.0,0.0625
HS006377,11,9.352727272727272,8.36,11.58,0.9045450890816984,0,100.0,0.18181818181818182
HS006378,3,6.080000000000001,5.25,6.82,0.7888599368709253,0,100.0,0.3333333333333333
HS006379,14,23.78142857142857,16.71,29.09,3.7097477773331935,0,100.0,0.21428571428571427
HS006380,7,23.88714285714286,17.41,27.88,3.4806930070783038,0,100.0,0.14285714285714285
HS006381,8,22.83125,16.9,29.03,4.507560117656303,0,100.0,0.125
HS006382,9,5.263333333333333,3.23,7.93,1.5901650857693992,0,100.0,0.6666666666666666
HS006383,10,13.344999999999999,12.05,14.96,0.9708558652607042,0,100.0,0.1
HS006384,6,3.8633333333333333,2.76,4.82,0.7674025453871436,0,100.0,0.3333333333333333
HS006385,6,11.58,9.26,15.08,1.9184055879818538,1,83.33333333333334,0.6666666666666666
HS006386,8,23.05875,17.44,29.39,4.2072197725202924,0,100.0,0.25
HS006387,9,0.9822222222222222,-1.67,2.81,1.5858891652459335,0,100.0,0.3333333333333333
HS006388,2,3.33,2.25,4.41,1.5273506473629428,0,100.0,0.5
HS006389,12,10.169166666666667,7.0,14.46,1.9175242481972015,2,83.33333333333334,0.08333333333333333
HS006390,11,4.9363636363636365,2.8,7.46,1.6197547513575794,0,100.0,0.2727272727272727
HS006391,12,22.891666666666666,15.48,28.67,4.600762453280451,0,100.0,0.3333333333333333
HS006392,6,5.328333333333333,2.41,7.35,1.7996934924221586,0,100.0,0.3333333333333333
HS006393,11,9.101818181818182,3.6,12.8,2.5441966047529347,3,72.72727272727273,0.36363636363636365
HS006394,7,14.432857142857143,13.16,17.23,1.3539782652824028,1,85.71428571428571,0.42857142857142855
HS006395,9,4.676666666666666,2.38,6.07,1.3631580979475564,0,100.0,0.2222222222222222
HS006396,6,10.41,9.0,11.65,1.1685204319993727,0,100.0,0.16666666666666666
HS006397,5,23.516,17.4,29.14,4.749955789267939,0,100.0,0.4
HS006398,4,-17.6875,-18.82,-15.56,1.4644538231026616,0,100.0,0.0
HS006399,8,9.90375,8.23,13.83,1.9484494751321768,1,87.5,0.25
HS006400,13,22.943846153846152,17.19,28.38,4.125416218317732,0,100.0,0.46153846153846156
HS006401,8,4.83625,3.16,7.88,1.4547944135561854,0,100.0,0.25
HS006402,6,9.916666666666666,8.41,11.76,1.2009773797481227,0,100.0,0.16666666666666666
HS006403,8,1.54625,-0.88,3.88,1.6546897637580629,0,100.0,0.375
HS006404,7,10.197142857142856,8.28,11.88,1.1747157710940737,0,100.0,0.0
HS006405,12,4.715833333333333,2.19,7.7,2.0634942048218434,0,100.0,0.25
HS006406,7,25.740000000000002,18.79,29.26,3.501899484565484,0,100.0,0.42857142857142855
HS006407,11,26.14454545454545,16.13,30.14,4.937066666830343,1,90.9090909090909,0.09090909090909091
HS006408,12,7.185833333333334,2.38,14.4,3.1885090797291378,3,75.0,0.16666666666666666
HS006409,11,-17.64636363636364,-19.86,-13.7,2.2760064706730194,2,81.81818181818183,0.36363636363636365
HS006410,7,10.241428571428571,8.22,12.96,1.933489320472434,0,100.0,0.2857142857142857
HS006411,6,0.9316666666666666,-1.37,2.62,1.6954222679517534,0,100.0,0.16666666666666666
HS006412,3,10.533333333333333,9.52,11.96,1.2714296415190796,0,100.0,0.0
HS006413,10,0.45999999999999996,-1.37,3.0,1.4488462843088483,0,100.0,0.3
HS006414,6,14.085,12.48,14.74,0.8509935369907338,0,100.0,0.16666666666666666
HS006415,8,24.3225,18.15,28.76,4.544949316077605,0,100.0,0.25
HS006416,8,21.7175,17.26,27.57,4.226338334100301,0,100.0,0.25
HS006417,9,5.613333333333333,2.66,7.69,1.7162240529721053,0,100.0,0.2222222222222222
HS006418,10,22.536,17.31,27.97,3.585186187633775,0,100.0,0.3
HS006419,10,10.309000000000001,8.15,17.35,2.6364599581846706,1,90.0,0.6
HS006420,13,5.395384615384615,2.38,7.81,1.9224793686999408,0,100.0,0.38461538461538464
HS006421,9,11.592222222222222,8.42,16.61,2.3333547618063664,1,88.88888888888889,0.1111111111111111
HS006422,7,14.314285714285715,12.22,19.16,2.318346085343724,1,85.71428571428571,0.2857142857142857
HS006423,6,4.463333333333334,2.68,7.4,2.12114748819281,0,100.0,0.5
HS006424,10,4.871,2.07,7.51,2.1614730059742957,0,100.0,0.1
HS006425,11,4.653636363636363,2.11,7.29,1.8392785146751034,0,100.0,0.45454545454545453
HS006426,6,4.035,2.34,5.69,1.083046628728422,0,100.0,0.0
HS006427,7,10.325714285714286,9.19,11.85,1.1417071595182533,0,100.0,0.2857142857142857
HS006428,6,8.753333333333334,3.79,10.71,2.504912506788744,1,83.33333333333334,0.16666666666666666
HS006429,11,0.5463636363636364,-1.66,2.96,1.5444757863253975,0,100.0,0.45454545454545453
HS006430,10,-17.655,-24.89,-10.2,3.774426372900185,2,80.0,0.2
HS006431,10,10.66,8.15,13.91,2.1210374819884725,2,80.0,0.2
HS006432,12,5.7825,3.04,10.33,2.139656408270857,1,91.66666666666666,0.25
HS006433,9,2.3111111111111113,-0.01,3.96,1.3815973042500882,0,100.0,0.3333333333333333
HS006434,7,-17.647142857142857,-19.29,-15.57,1.2935057567931967,0,100.0,0.2857142857142857
HS006435,8,22.263749999999998,15.78,27.29,4.0214813812822765,0,100.0,0.25
HS006436,9,4.786666666666666,2.14,7.06,1.6379865689315036,0,100.0,0.3333333333333333
HS006437,3,0.31999999999999984,-3.58,2.82,3.4219877264537346,1,66.66666666666666,0.0
HS006438,4,0.23500000000000004,-1.44,1.31,1.189187397623548,0,100.0,0.75
HS006439,3,5.483333333333333,3.67,7.21,1.7715906223880655,0,100.0,0.0
HS006440,9,10.146666666666667,8.12,11.68,1.1720068259186895,0,100.0,0.2222222222222222
HS006441,4,10.8475,8.82,11.8,1.3803230298255067,0,100.0,0.5
HS006442,10,22.591,15.16,28.29,4.8057499125757905,0,100.0,0.1
HS006443,4,10.005,8.47,11.17,1.3330041260251217,0,100.0,0.0
HS006444,11,-17.104545454545455,-19.49,-15.04,1.3526149757884807,0,100.0,0.09090909090909091
HS006445,6,1.37,-1.28,3.29,1.6090369790654284,0,100.0,0.3333333333333333
HS006446,8,4.365,2.57,7.59,1.5633571934416375,0,100.0,0.375
HS006447,8,22.62625,15.56,28.34,4.1741994527608,0,100.0,0.125
HS006448,7,5.438571428571429,3.58,6.7,1.2595029253827157,0,100.0,0.2857142857142857
HS006449,5,9.492,8.05,10.58,1.0427703486386632,0,100.0,0.2
HS006450,12,22.771666666666665,15.68,29.43,4.028888484959894,0,100.0,0.08333333333333333
HS006451,10,4.971,0.03,7.25,2.0581731381656563,1,90.0,0.3
HS006452,7,5.461428571428572,3.42,7.86,1.600452317017792,0,100.0,0.14285714285714285
HS006453,13,4.780769230769231,1.18,9.19,2.726571294802508,2,84.61538461538461,0.15384615384615385
HS006454,3,7.023333333333333,6.94,7.14,0.10408329997330634,0,100.0,0.0
HS006455,12,5.415,2.51,10.27,2.5615389550389076,2,83.33333333333334,0.25
HS006456,11,22.981818181818184,16.56,29.89,4.647231042635645,0,100.0,0.36363636363636365
HS006457,6,-18.31833333333333,-22.55,-15.04,2.6919912085047137,1,83.33333333333334,0.5
HS006458,12,1.2125000000000001,-1.19,3.62,1.3611166872695508,0,100.0,0.4166666666666667
HS006459,18,9.541666666666666,3.65,11.97,1.9031405932424064,1,94.44444444444444,0.1111111111111111
HS006460,6,11.661666666666667,8.97,14.05,1.8987829435369032,2,66.66666666666666,0.0
HS006461,8,5.405,2.6,7.37,1.8220475138857226,0,100.0,0.125
HS006462,4,-17.8425,-19.47,-16.95,1.1422018210456506,0,100.0,0.5
HS006463,6,6.046666666666667,4.54,7.92,1.3210551338481928,0,100.0,0.16666666666666666
HS006464,11,5.276363636363636,2.19,7.65,1.7525653923735498,0,100.0,0.2727272727272727
HS006465,7,10.14,8.33,12.37,1.468945199794737,0,100.0,0.0
HS006466,6,4.694999999999999,2.83,7.64,1.7318747067845293,0,100.0,0.5
HS006467,3,20.59,15.34,25.52,5.097538621727157,0,100.0,0.3333333333333333
HS006468,13,5.745384615384615,-2.41,8.87,3.05454747162493,3,76.92307692307693,0.15384615384615385
HS006469,13,23.503846153846155,15.66,29.69,4.521365093386323,0,100.0,0.23076923076923078
HS006470,12,21.894166666666667,17.67,29.83,3.6136243662846383,0,100.0,0.3333333333333333
HS006471,8,9.865,8.15,11.68,1.4352600560774442,0,100.0,0.0
HS006472,9,4.13,2.12,7.65,1.9274594677969237,0,100.0,0.5555555555555556
HS006473,6,24.80666666666667,19.0,33.84,5.224142672885828,1,83.33333333333334,0.0
HS006474,6,2.19,-1.13,8.15,3.3323685270389887,1,83.33333333333334,0.16666666666666666
HS006475,10,10.615,8.06,13.96,1.855988805042866,1,90.0,0.1
HS006476,8,22.81125,17.3,28.25,4.48261861447716,0,100.0,0.0
HS006477,13,14.216923076923077,12.48,17.47,1.5539432884084747,2,84.61538461538461,0.07692307692307693
HS006478,9,4.884444444444444,2.62,9.98,2.1592018844419756,1,88.88888888888889,0.2222222222222222
HS006479,8,12.99125,12.17,14.26,0.6566677241954257,0,100.0,0.5
HS006480,11,5.286363636363636,2.06,8.12,2.0652373845506125,1,90.9090909090909,0.2727272727272727
HS006481,5,4.206,-1.75,6.8,3.4357866639242896,1,80.0,0.2
HS006482,9,6.166666666666667,3.15,8.85,1.7781169815284934,1,88.88888888888889,0.2222222222222222
HS006483,10,23.548,15.36,33.0,5.408770244293573,1,90.0,0.2
HS006484,3,5.196666666666666,2.43,6.64,2.3967547503516777,0,100.0,0.3333333333333333
HS006485,10,5.4,2.47,8.39,1.918228349284829,1,90.0,0.1
HS006486,2,18.795,15.42,22.17,4.772970773009198,0,100.0,0.5
HS006487,13,22.77769230769231,15.59,28.31,4.096185530153132,0,100.0,0.15384615384615385
HS006488,13,11.002307692307692,8.15,12.45,1.4479592181535696,0,100.0,0.3076923076923077
HS006489,10,10.294,8.58,11.35,0.9030836063178205,0,100.0,0.2
HS006490,7,-17.68,-19.92,-15.6,1.5888045820679149,0,100.0,0.0
HS006491,7,23.997142857142855,20.53,28.38,2.3214558240158567,0,100.0,0.2857142857142857
HS006492,9,0.8922222222222224,-1.38,3.19,1.8765645324487097,0,100.0,0.0
HS006493,7,10.385714285714286,8.63,11.66,1.1237712866779899,0,100.0,0.0
HS006494,7,5.081428571428572,-0.75,7.46,2.734815219665542,1,85.71428571428571,0.14285714285714285
HS006495,11,-17.35181818181818,-19.17,-15.41,1.352729227760073,0,100.0,0.18181818181818182
HS006496,9,0.4044444444444444,-1.58,3.13,1.9471332203467173,0,100.0,0.3333333333333333
HS006497,8,20.88625,15.31,31.72,5.596756554342115,1,87.5,0.375
HS006498,10,21.894,16.91,26.38,3.2136832451254436,0,100.0,0.2
HS006499,8,-17.05625,-18.75,-15.1,1.2785364121302365,0,100.0,0.25
HS006500,5,-20.196,-24.05,-17.8,2.4547158695050633,2,60.0,0.2
HS006501,11,-17.804545454545455,-19.63,-15.77,1.256911799899767,0,100.0,0.18181818181818182
HS006502,10,5.484,2.48,11.7,2.822729963075541,1,90.0,0.3
HS006503,14,5.362142857142857,2.46,12.35,2.4882065786469534,1,92.85714285714286,0.21428571428571427
HS006504,12,5.769166666666667,2.03,12.27,3.069161740260488,2,83.33333333333334,0.08333333333333333
HS006505,7,-0.004285714285714258,-1.55,2.52,1.3680382200174714,0,100.0,0.2857142857142857
HS006506,7,3.837142857142857,2.91,5.89,1.3397227858244192,0,100.0,0.42857142857142855
HS006507,9,14.237777777777776,12.41,18.33,1.740953602036666,1,88.88888888888889,0.2222222222222222
HS006508,10,4.226,2.6,6.83,1.1914155912657476,0,100.0,0.7
HS006509,6,-16.988333333333333,-19.69,-13.83,2.5036646474052127,2,66.66666666666666,0.3333333333333333
HS006510,4,4.390000000000001,3.16,6.16,1.3231779925618474,0,100.0,0.5
HS006511,5,4.15,2.5,6.04,1.3180288312476323,0,100.0,0.2
HS006512,4,11.4925,10.07,12.59,1.2619132299805722,0,100.0,0.25
HS006513,8,25.125,16.2,32.92,5.346093366722498,1,87.5,0.125
HS006514,7,23.425714285714285,16.27,29.43,5.168003667255076,0,100.0,0.42857142857142855
HS006515,5,1.054,-1.4,3.14,1.7556138527591996,0,100.0,0.2
HS006516,11,4.7272727272727275,-3.71,7.43,3.230981556459557,1,90.9090909090909,0.2727272727272727
HS006517,5,5.168,2.36,7.68,2.514114158108179,0,100.0,0.2
HS006518,7,5.515714285714286,2.24,7.88,2.0282164343979425,0,100.0,0.0
HS006519,8,23.7225,17.77,31.91,4.442527433792615,1,87.5,0.25
HS006520,9,10.8,8.95,11.93,1.1426832456984743,0,100.0,0.2222222222222222
HS006521,5,9.678,8.97,11.2,0.8743683434342759,0,100.0,0.4
HS006522,4,0.5549999999999999,-0.91,3.25,1.8487743687823743,0,100.0,0.25
HS006523,13,10.973076923076924,8.88,18.03,2.5433029201394284,1,92.3076923076923,0.38461538461538464
HS006524,7,0.5471428571428572,-1.88,2.48,1.9216287734255912,0,100.0,0.2857142857142857
HS006525,6,25.385,23.35,27.6,1.8367335136050635,0,100.0,0.5
HS006526,16,13.588750000000001,11.59,16.37,1.215548573004524,2,87.5,0.125
HS006527,5,5.824,2.47,7.92,2.535809535434394,0,100.0,0.2
HS006528,6,6.706666666666667,4.5,10.4,2.0432881996102914,1,83.33333333333334,0.16666666666666666
HS006529,10,20.994,15.03,29.92,4.858511889228819,0,100.0,0.2
HS006530,15,6.3100000000000005,3.7,7.89,1.3753908535394586,0,100.0,0.13333333333333333
HS006531,7,10.942857142857141,8.71,13.81,1.842414306335705,1,85.71428571428571,0.14285714285714285
HS006532,16,0.77125,-1.69,3.22,1.5058458309756237,0,100.0,0.25
HS006533,11,4.545454545454546,-2.4,7.3,2.9088876349435147,1,90.9090909090909,0.18181818181818182
HS006534,11,20.19909090909091,16.19,29.03,4.567586790736339,0,100.0,0.2727272727272727
HS006535,7,1.0342857142857143,-1.18,3.64,1.9938058844235325,0,100.0,0.14285714285714285
HS006536,6,11.248333333333333,10.14,12.2,0.8106643366194581,0,100.0,0.3333333333333333
HS006537,7,6.435714285714285,2.19,12.34,3.212365987569791,1,85.71428571428571,0.14285714285714285
HS006538,5,4.4719999999999995,2.03,11.52,4.03160265899307,1,80.0,0.4
HS006539,4,15.504999999999999,12.58,21.43,4.0304548957489486,1,75.0,0.0
HS006540,12,0.7583333333333333,-1.29,3.52,1.2293740708428034,0,100.0,0.0
HS006541,8,21.53625,15.52,28.5,4.310037910008946,0,100.0,0.25
HS006542,6,5.248333333333333,2.1,7.93,2.12639052543663,0,100.0,0.16666666666666666
HS006543,17,10.24529411764706,8.18,15.3,1.9787752450918308,1,94.11764705882352,0.35294117647058826
HS006544,10,5.01,3.03,7.65,1.6886023148680622,0,100.0,0.4
HS006545,4,11.14,9.12,12.89,1.6713866498609282,0,100.0,0.25
HS006546,8,0.515,-1.67,3.7,2.0251913489840905,0,100.0,0.5
HS006547,8,5.0025,2.12,7.79,2.0366691995931565,0,100.0,0.125
HS006548,5,11.331999999999999,8.95,16.41,2.9703905467126708,1,80.0,0.2
HS006549,8,4.78,2.02,7.3,2.0005213606172054,0,100.0,0.5
HS006550,4,22.59,16.9,27.67,4.422103571830947,0,100.0,0.25
HS006551,9,11.371111111111112,10.37,12.89,0.9666752873178828,0,100.0,0.0
HS006552,8,25.25625,20.79,29.96,3.4087154576802927,0,100.0,0.5
HS006553,8,-16.68625,-19.6,-13.2,2.0199429801004642,2,75.0,0.125
HS006554,9,6.035555555555556,4.25,7.79,1.1392773050393734,0,100.0,0.0
HS006555,4,13.275,12.35,14.44,0.9474351341032975,0,100.0,0.25
HS006556,10,9.597,5.92,12.03,1.7579852736078938,1,90.0,0.2
HS006557,9,14.791111111111112,12.65,22.04,2.8271560111021654,1,88.88888888888889,0.2222222222222222
HS006558,7,1.0614285714285714,-1.27,3.21,1.6722981051179102,0,100.0,0.0
HS006559,8,21.78625,15.33,29.1,5.622508178232,0,100.0,0.125
HS006560,3,24.006666666666664,22.09,25.89,1.9002192855913593,0,100.0,0.0
HS006561,9,9.66777777777778,8.21,11.82,1.0296938595740213,0,100.0,0.2222222222222222
HS006562,7,10.814285714285715,9.08,12.99,1.3801914981003804,0,100.0,0.42857142857142855
HS006563,5,14.425999999999998,13.75,14.9,0.49196544594107433,0,100.0,0.4
HS006564,5,24.742,17.37,28.77,4.438667592870634,0,100.0,0.2
HS006565,9,9.85888888888889,6.73,12.57,2.041693197106537,1,88.88888888888889,0.1111111111111111
HS006566,12,10.594166666666666,8.22,13.33,1.7158112755583967,1,91.66666666666666,0.4166666666666667
HS006567,6,-14.871666666666668,-18.53,-10.81,2.711733148129931,2,66.66666666666666,0.0
HS006568,8,1.06125,-1.41,3.91,2.0204768708684306,0,100.0,0.25
HS006569,8,10.9825,9.65,12.96,1.2930445799408021,0,100.0,0.375
HS006570,6,5.291666666666667,2.58,13.26,4.001446821671714,1,83.33333333333334,0.3333333333333333
HS006571,6,10.613333333333333,8.71,11.69,1.2287663189828513,0,100.0,0.3333333333333333
HS006572,10,9.487,8.08,11.56,1.104747834475261,0,100.0,0.0
HS006573,12,10.585833333333333,8.69,15.05,1.6818358926176389,1,91.66666666666666,0.08333333333333333
HS006574,8,6.012499999999999,2.91,9.83,2.2853993086548354,1,87.5,0.125
HS006575,6,21.468333333333334,15.5,29.05,5.561986755348009,0,100.0,0.3333333333333333
HS006576,13,0.7807692307692307,-3.73,4.18,2.199740369295361,2,84.61538461538461,0.23076923076923078
HS006577,11,5.512727272727273,2.38,7.93,1.9231905309099815,0,100.0,0.09090909090909091
HS006578,12,5.295,2.61,7.79,2.0849525828486537,0,100.0,0.08333333333333333
HS006579,12,5.3125,2.21,7.95,1.9618457218557315,0,100.0,0.25
HS006580,9,25.235555555555557,17.19,34.0,5.7637013088620215,1,88.88888888888889,0.2222222222222222
HS006581,8,3.91625,2.25,7.63,1.89152952093575,0,100.0,0.125
HS006582,6,21.07,15.06,24.48,3.688522739525947,0,100.0,0.16666666666666666
HS006583,10,-17.728,-19.46,-15.32,1.2720220123881503,0,100.0,0.2
HS006584,8,4.47875,2.03,7.63,2.05588658316969,0,100.0,0.0
HS006585,6,11.156666666666666,8.14,14.02,2.455318037783836,1,83.33333333333334,0.0
HS006586,4,-17.635,-18.96,-15.92,1.2764664769067253,0,100.0,0.25
HS006587,9,4.835555555555556,2.61,7.77,1.9725371423062679,0,100.0,0.2222222222222222
HS006588,7,23.988571428571426,15.69,29.11,4.603492980232252,0,100.0,0.2857142857142857
HS006589,7,20.867142857142856,12.69,29.73,5.8491244766082,1,85.71428571428571,0.2857142857142857
HS006590,9,4.945555555555555,-2.07,7.72,2.9269912500343724,1,88.88888888888889,0.2222222222222222
HS006591,16,22.2525,15.41,27.96,4.164757696033068,0,100.0,0.1875
HS006592,9,20.133333333333333,15.64,26.71,3.9598169149595783,0,100.0,0.4444444444444444
HS006593,10,1.012,-1.51,3.86,2.040815741043,0,100.0,0.3
HS006594,3,11.193333333333333,10.89,11.42,0.27319101986217087,0,100.0,0.3333333333333333
HS006595,6,13.729999999999999,12.47,14.71,0.776504990325239,0,100.0,0.3333333333333333
HS006596,7,10.49,8.4,12.0,1.5896330813534711,0,100.0,0.42857142857142855
HS006597,11,10.316363636363636,8.45,12.57,1.2831700801318018,2,81.81818181818183,0.09090909090909091
HS006598,6,24.668333333333333,19.15,29.72,4.131006737669002,0,100.0,0.16666666666666666
HS006599,9,11.036666666666667,9.77,12.25,0.8587927573052772,0,100.0,0.1111111111111111
HS006600,7,3.9085714285714284,2.89,5.46,0.8656101618979253,0,100.0,0.2857142857142857
HS006601,7,-16.97857142857143,-19.84,-15.19,1.8167317594279806,0,100.0,0.2857142857142857
HS006602,10,-17.535,-20.67,-15.04,2.128114710776237,1,90.0,0.4
HS006603,10,10.838,2.85,16.98,3.62545261542151,2,80.0,0.0
HS006604,12,1.7641666666666664,-1.5,5.46,1.9850187007744393,1,91.66666666666666,0.3333333333333333
HS006605,9,-17.802222222222223,-19.98,-15.66,1.664652950150405,0,100.0,0.2222222222222222
HS006606,11,1.9563636363636363,-1.83,9.9,3.632575595159095,2,81.81818181818183,0.18181818181818182
HS006607,9,14.24888888888889,12.74,16.83,1.2490741015292524,1,88.88888888888889,0.1111111111111111
HS006608,11,4.441818181818181,2.02,7.69,1.8658821944689765,0,100.0,0.36363636363636365
HS006609,11,10.243636363636362,8.2,15.19,1.959123644527178,1,90.9090909090909,0.2727272727272727
HS006610,8,1.915,-0.22,3.71,1.4608705819280698,0,100.0,0.5
HS006611,11,5.28090909090909,2.02,8.28,2.1341951857571724,1,90.9090909090909,0.18181818181818182
HS006612,8,10.33875,6.5,12.65,1.992474681681767,1,87.5,0.25
HS006613,4,24.5875,21.63,29.61,3.479256386068724,0,100.0,0.5
HS006614,8,13.0875,12.16,14.28,0.8296599992079373,0,100.0,0.375
HS006615,8,23.77375,15.75,29.69,4.715933288938075,0,100.0,0.0
HS006616,11,22.294545454545457,15.21,30.21,4.678261137722783,1,90.9090909090909,0.18181818181818182
HS006617,9,5.841111111111111,0.96,9.17,2.57014807182604,2,77.77777777777779,0.3333333333333333
HS006618,9,4.707777777777777,2.25,7.63,1.8507010683642142,0,100.0,0.3333333333333333
HS006619,5,14.443999999999999,14.03,14.91,0.3922754134533545,0,100.0,0.2
HS006620,8,20.59,16.32,27.7,3.683468861975469,0,100.0,0.125
HS006621,5,-16.68,-18.45,-15.26,1.221617779831318,0,100.0,0.2
HS006622,11,11.137272727272729,8.71,16.15,2.1601578225170996,2,81.81818181818183,0.18181818181818182
HS006623,7,5.954285714285715,4.03,7.06,1.040318174772461,0,100.0,0.2857142857142857
HS006624,6,10.683333333333332,8.58,11.74,1.1654126593900835,0,100.0,0.5
HS006625,6,1.2883333333333333,-2.08,3.95,2.2161535747024996,1,83.33333333333334,0.5
HS006626,13,5.216923076923076,2.05,7.58,1.8193835247842631,0,100.0,0.46153846153846156
HS006627,5,10.72,9.16,11.92,1.2227223724132958,0,100.0,0.6
HS006628,8,25.89,22.83,29.12,2.3933837373655136,0,100.0,0.75
HS006629,11,10.748181818181818,8.52,12.97,1.7223926276074115,0,100.0,0.09090909090909091
HS006630,7,1.5271428571428574,-0.08,3.75,1.3386026829709938,0,100.0,0.42857142857142855
HS006631,7,-16.507142857142856,-19.83,-15.18,1.6414598612791218,0,100.0,0.42857142857142855
HS006632,10,22.477,16.86,27.42,3.910567023392445,0,100.0,0.4
HS006633,9,5.5744444444444445,2.88,11.76,2.758473813139754,1,88.88888888888889,0.2222222222222222
HS006634,5,23.422,21.08,25.61,2.1397593322614585,0,100.0,0.0
HS006635,9,4.998888888888889,2.67,8.05,1.931446636878977,1,88.88888888888889,0.3333333333333333
HS006636,16,22.66625,15.2,35.85,5.568593927854081,2,87.5,0.375
HS006637,6,11.071666666666665,8.86,17.86,3.3700529174875973,1,83.33333333333334,0.16666666666666666
HS006638,10,4.118,2.12,7.62,1.7800923821220316,0,100.0,0.4
HS006639,3,9.343333333333334,8.98,9.58,0.3194265695482035,0,100.0,0.0
HS006640,13,23.163846153846155,18.15,29.64,3.7937680004219607,0,100.0,0.3076923076923077
HS006641,6,20.025000000000002,15.18,25.38,3.803034314859649,0,100.0,0.5
HS006642,5,5.4079999999999995,2.5,7.93,2.6048262897936207,0,100.0,0.2
HS006643,10,5.064,2.38,9.4,2.5270457059578484,1,90.0,0.3
HS006644,12,1.0233333333333334,-1.88,3.19,1.6950319564342538,0,100.0,0.3333333333333333
HS006645,5,9.034,8.18,11.17,1.2312717003163844,0,100.0,0.2
HS006646,6,4.516666666666667,2.2,6.54,1.6622956014700474,0,100.0,0.0
HS006647,12,5.8,2.28,8.0,2.267032501671814,0,100.0,0.16666666666666666
HS006648,10,6.203,2.23,8.84,1.8616960606452984,1,90.0,0.4
HS006649,8,13.094999999999999,12.08,14.68,1.021609374607396,0,100.0,0.125
HS006650,4,22.5325,15.43,28.41,5.443371351163418,0,100.0,0.0
HS006651,4,9.2825,8.09,10.24,0.9113131551045814,0,100.0,0.0
HS006652,13,-17.664615384615384,-19.47,-15.19,1.4277699125128394,0,100.0,0.15384615384615385
HS006653,14,10.243571428571428,6.14,13.72,1.8213714492227986,2,85.71428571428571,0.21428571428571427
HS006654,8,12.86,8.91,14.6,1.7967192323788377,1,87.5,0.375
HS006655,10,11.061,8.27,16.2,2.5731021053282053,2,80.0,0.3
HS006656,9,4.832222222222223,2.01,7.75,1.7744560982014865,0,100.0,0.2222222222222222
HS006657,6,-16.44333333333333,-17.39,-15.24,0.9956438452914099,0,100.0,0.3333333333333333
HS006658,12,6.023333333333333,2.81,12.51,2.618852397289293,1,91.66666666666666,0.4166666666666667
HS006659,9,5.067777777777778,3.02,7.66,1.732424441193452,0,100.0,0.4444444444444444
HS006660,5,6.01,3.76,7.98,1.6445060048537379,0,100.0,0.2
HS006661,5,12.059999999999999,8.85,13.25,1.812222392533543,1,80.0,0.2
HS006662,13,10.666923076923078,8.13,14.1,1.6046618782752156,1,92.3076923076923,0.3076923076923077
HS006663,7,-18.58142857142857,-22.6,-16.15,2.0953951780943267,1,85.71428571428571,0.42857142857142855
HS006664,16,-17.586875,-19.92,-13.01,1.7740188602905735,1,93.75,0.4375
HS006665,9,2.1055555555555556,-0.62,3.58,1.6308595211659946,0,100.0,0.2222222222222222
HS006666,9,10.856666666666667,8.64,12.99,1.426621884032346,0,100.0,0.3333333333333333
HS006667,8,21.23875,17.05,29.68,4.58923098911229,0,100.0,0.375
HS006668,12,10.198333333333332,8.91,11.52,0.8781782106708008,0,100.0,0.16666666666666666
HS006669,6,-17.051666666666666,-18.49,-15.14,1.3431815464287264,0,100.0,0.0
HS006670,7,12.872857142857143,12.01,14.25,0.8395378547294996,0,100.0,0.2857142857142857
HS006671,12,-17.229166666666668,-19.78,-15.1,1.3534498569032825,0,100.0,0.3333333333333333
HS006672,12,5.1499999999999995,2.01,7.93,2.205167484878107,0,100.0,0.5
HS006673,8,3.8575,2.21,6.97,1.54551655719744,0,100.0,0.375
HS006674,9,10.073333333333332,8.04,11.89,1.423929422408288,0,100.0,0.2222222222222222
HS006675,7,1.4157142857142857,-1.83,6.83,3.0632436900713444,1,85.71428571428571,0.2857142857142857
HS006676,15,13.669333333333332,12.2,14.76,0.8135589070485897,0,100.0,0.26666666666666666
HS006677,4,6.1275,4.06,9.88,2.5866242479339747,1,75.0,0.25
HS006678,8,10.8825,8.58,16.1,2.797579310761359,2,75.0,0.375
HS006679,12,9.900833333333333,7.76,11.86,1.295344519516883,1,91.66666666666666,0.4166666666666667
HS006680,9,5.402222222222222,3.79,7.23,1.2053399704832013,0,100.0,0.4444444444444444
HS006681,2,9.065,8.19,9.94,1.2374368670764582,0,100.0,0.5
HS006682,10,10.449,8.62,12.65,1.5890699586026202,0,100.0,0.3
HS006683,9,22.45777777777778,16.28,29.89,3.9717747222676727,0,100.0,0.3333333333333333
HS006684,6,23.656666666666666,18.02,29.78,4.977439770270121,0,100.0,0.16666666666666666
HS006685,7,22.00857142857143,17.65,27.46,3.7027396549556335,0,100.0,0.14285714285714285
HS006686,5,6.182,4.84,7.16,1.0804721190294546,0,100.0,0.4
HS006687,14,5.764285714285714,2.74,8.89,1.7402551284475254,1,92.85714285714286,0.35714285714285715
HS006688,5,22.496000000000002,15.47,28.43,4.8921345034657415,0,100.0,0.0
HS006689,9,13.617777777777778,12.97,14.08,0.4154448753378051,0,100.0,0.2222222222222222
HS006690,11,5.072727272727272,2.43,7.86,1.8812925923900883,0,100.0,0.18181818181818182
HS006691,6,9.945,8.23,11.64,1.1343147711283672,0,100.0,0.3333333333333333
HS006692,7,24.238571428571426,16.63,30.09,5.423794577511912,1,85.71428571428571,0.2857142857142857
HS006693,4,-16.9625,-18.75,-15.19,1.8566524535661857,0,100.0,0.25
HS006694,9,5.888888888888889,3.71,7.85,1.5222716942487995,0,100.0,0.1111111111111111
HS006695,10,4.939,2.53,7.08,1.6798574674986897,0,100.0,0.3
HS006696,6,13.893333333333333,12.86,14.83,0.8201138132397644,0,100.0,0.16666666666666666
HS006697,10,3.9270000000000005,2.3,7.88,1.7307548128554264,0,100.0,0.3
HS006698,7,4.988571428571428,2.86,7.98,1.7214570240683575,0,100.0,0.14285714285714285
HS006699,9,0.6833333333333333,-1.62,3.08,1.7167192548579397,0,100.0,0.2222222222222222
HS006700,6,6.088333333333334,3.8,7.79,1.6517556316436965,0,100.0,0.3333333333333333
HS006701,4,13.735,13.25,14.46,0.5284253337353662,0,100.0,0.25
HS006702,10,4.726,2.41,7.77,1.729497036713275,0,100.0,0.2
HS006703,10,4.394,2.28,7.91,2.101608907480171,0,100.0,0.4
HS006704,12,13.638333333333334,12.04,17.07,1.257875794803094,1,91.66666666666666,0.08333333333333333
HS006705,13,22.051538461538463,16.26,29.3,4.6332203454218295,0,100.0,0.15384615384615385
HS006706,13,5.372307692307692,3.27,7.96,1.4268564156106356,0,100.0,0.38461538461538464
HS006707,7,4.314285714285714,3.1,6.8,1.2895588023668814,0,100.0,0.2857142857142857
HS006708,8,20.415,15.21,30.09,4.642157749519997,1,87.5,0.125
HS006709,8,5.2775,2.46,10.67,2.512220133666634,1,87.5,0.75
HS006710,11,21.71818181818182,16.05,28.55,4.117285071941992,0,100.0,0.2727272727272727
HS006711,7,5.675714285714286,2.19,7.65,2.1018155417230533,0,100.0,0.2857142857142857
HS006712,16,-17.7175,-21.07,-12.71,2.1375921032788265,2,87.5,0.1875
HS006713,11,10.295454545454545,7.61,12.26,1.4843743708132637,1,90.9090909090909,0.18181818181818182
HS006714,7,9.375714285714285,8.16,11.48,1.0630123414595136,0,100.0,0.2857142857142857
HS006715,6,3.998333333333333,0.06,7.76,2.5595813459756784,1,83.33333333333334,0.16666666666666666
HS006716,6,9.251666666666667,8.02,12.36,1.5987171940861418,1,83.33333333333334,0.6666666666666666
HS006717,10,10.584,8.68,13.86,1.5008160743038725,1,90.0,0.0
HS006718,8,1.55625,-1.39,3.83,1.8153782565310497,0,100.0,0.25
HS006719,10,4.184,2.58,7.94,1.64318931079505,0,100.0,0.1
HS006720,4,14.4425,13.66,14.97,0.5910654222108866,0,100.0,0.5
HS006721,10,5.732,3.63,7.86,1.8158548644891446,0,100.0,0.4
HS006722,8,20.81625,15.17,26.98,4.10496541659349,0,100.0,0.25
HS006723,16,5.471875,2.28,8.16,1.6085157495861413,1,93.75,0.0625
HS006724,7,23.795714285714286,17.6,33.24,5.142171581290202,1,85.71428571428571,0.14285714285714285
HS006725,9,4.633333333333334,2.31,7.75,1.9730940170199696,0,100.0,0.2222222222222222
HS006726,10,9.446,5.15,12.62,2.496505112708119,2,80.0,0.4
HS006727,8,5.89625,2.29,8.17,2.2017132128023786,1,87.5,0.125
HS006728,10,21.825,17.56,28.47,3.1754448507256425,0,100.0,0.0
HS006729,12,-16.5125,-20.0,-9.41,2.606042366919966,1,91.66666666666666,0.16666666666666666
HS006730,8,25.12125,17.04,29.71,4.1674707557462245,0,100.0,0.25
HS006731,11,21.894545454545455,15.38,28.98,4.800671543932919,0,100.0,0.36363636363636365
HS006732,8,10.7275,8.11,12.69,1.7292587181465109,0,100.0,0.125
HS006733,7,5.861428571428571,-1.04,9.26,3.4028489464536844,3,57.14285714285714,0.2857142857142857
HS006734,10,-17.497,-19.86,-15.79,1.5345795660194501,0,100.0,0.5
HS006735,6,8.61,8.08,9.22,0.4204759208325728,0,100.0,0.16666666666666666
HS006736,8,1.005,-1.8,3.61,1.7196178977568575,0,100.0,0.125
HS006737,5,26.504,23.61,29.62,2.5408030226682263,0,100.0,0.2
HS006738,8,0.45125000000000004,-1.0,2.29,1.109136568945154,0,100.0,0.0
HS006739,8,9.7825,8.12,12.67,1.9258448980716414,0,100.0,0.25
HS006740,8,4.58125,0.87,7.35,2.3912724496743207,1,87.5,0.5
HS006741,6,14.635,12.42,20.11,2.8577946042359303,1,83.33333333333334,0.5
HS006742,7,23.057142857142857,17.19,27.64,3.3758046659807115,0,100.0,0.2857142857142857
HS006743,10,10.604,8.26,16.64,2.794010260062288,2,80.0,0.3
HS006744,8,23.7375,16.92,31.36,5.098881530016446,1,87.5,0.25
HS006745,11,5.161818181818182,2.12,7.84,2.179921182895465,0,100.0,0.2727272727272727
HS006746,7,5.652857142857143,2.14,7.81,2.420941375344959,0,100.0,0.2857142857142857
HS006747,12,4.2716666666666665,2.16,8.0,1.9984031503966238,0,100.0,0.16666666666666666
HS006748,4,9.95,8.83,12.61,1.801258819085511,0,100.0,0.5
HS006749,11,5.278181818181818,3.02,7.63,1.7726579939842777,0,100.0,0.18181818181818182
HS006750,9,23.084444444444443,18.85,29.39,3.868236391144908,0,100.0,0.3333333333333333
HS006751,8,25.0425,21.9,29.72,2.432017093454967,0,100.0,0.25
HS006752,11,13.539090909090909,12.54,14.88,0.7737500183580551,0,100.0,0.2727272727272727
HS006753,11,5.073636363636364,2.65,7.54,1.505212760557608,0,100.0,0.09090909090909091
HS006754,11,25.85090909090909,16.85,32.18,4.992563378757358,3,72.72727272727273,0.18181818181818182
HS006755,7,24.19142857142857,17.1,29.47,4.093496584304704,0,100.0,0.14285714285714285
HS006756,9,5.59,2.33,7.17,1.3550830232867652,0,100.0,0.1111111111111111
HS006757,10,10.15,8.88,11.99,1.1750744657254708,0,100.0,0.4
HS006758,10,22.436,15.44,29.65,4.689459101715961,0,100.0,0.3
HS006759,6,6.133333333333333,4.08,9.48,2.034794010868586,1,83.33333333333334,0.3333333333333333
HS006760,9,5.571111111111112,3.51,7.38,1.4852646602915964,0,100.0,0.1111111111111111
HS006761,5,6.57,3.86,8.95,2.0342443314410388,1,80.0,0.2
HS006762,5,11.022,8.01,14.9,2.5456767273163345,1,80.0,0.0
HS006763,8,22.01625,16.03,28.79,4.831314336108313,0,100.0,0.375
HS006764,12,10.916666666666666,8.48,16.18,1.9767665670498524,1,91.66666666666666,0.3333333333333333
HS006765,10,5.3,2.98,7.28,1.5249189413794353,0,100.0,0.5
HS006766,10,20.330000000000002,13.69,27.25,4.480280249170928,1,90.0,0.3
HS006767,5,23.607999999999997,18.36,29.75,5.486111555555539,0,100.0,0.2
HS006768,8,20.92625,17.12,29.59,3.9448879669045827,0,100.0,0.125
HS006769,12,23.708333333333332,15.89,31.16,4.5490455209324026,1,91.66666666666666,0.5
HS006770,6,11.036666666666667,8.33,12.9,1.9295353499396344,0,100.0,0.3333333333333333
HS006771,5,23.038,15.13,28.17,5.225080860618331,0,100.0,0.2
HS006772,9,21.823333333333334,15.77,29.44,5.312972331943769,0,100.0,0.2222222222222222
HS006773,10,6.435,2.75,8.11,1.4630504662063666,1,90.0,0.1
HS006774,12,4.795,2.1,7.56,2.321846835446457,0,100.0,0.25
HS006775,8,10.52625,8.42,11.93,1.3705362610515428,0,100.0,0.125
HS006776,4,1.5825,0.44,3.45,1.3007273606204595,0,100.0,0.5
HS006777,8,5.0962499999999995,2.59,7.81,2.0118927655320005,0,100.0,0.625
HS006778,6,5.864999999999999,3.3,8.05,2.2032589498286397,1,83.33333333333334,0.3333333333333333
HS006779,7,5.134285714285714,2.76,8.37,2.42752176195434,1,85.71428571428571,0.2857142857142857
HS006780,8,1.44,-0.9,2.27,1.0757455886168308,0,100.0,0.625
HS006781,10,10.608,8.4,15.14,1.8103578528996844,1,90.0,0.3
HS006782,7,23.252857142857145,19.24,28.05,3.3476893239253585,0,100.0,0.42857142857142855
HS006783,8,10.6275,8.77,12.67,1.216831365238656,0,100.0,0.125
HS006784,10,14.550999999999998,12.23,19.12,2.392903629020145,2,80.0,0.5
HS006785,11,9.904545454545454,8.58,11.38,0.8410512901882217,0,100.0,0.09090909090909091
HS006786,7,24.194285714285712,16.7,33.16,6.110847887548985,1,85.71428571428571,0.42857142857142855
HS006787,8,22.19,12.87,28.45,4.603768642567273,1,87.5,0.5
HS006788,7,9.027142857142858,8.19,10.19,0.6124190908660035,0,100.0,0.14285714285714285
HS006789,12,13.545,12.09,18.03,1.8126951305621246,2,83.33333333333334,0.08333333333333333
HS006790,9,5.634444444444444,2.06,7.82,2.1067873119462672,0,100.0,0.1111111111111111
HS006791,9,13.927777777777777,8.43,22.22,3.6120069828897683,2,77.77777777777779,0.2222222222222222
HS006792,5,3.664,2.87,4.6,0.6789918998044084,0,100.0,0.6
HS006793,8,9.79625,8.84,11.28,0.9085457375073949,0,100.0,0.0
HS006794,6,0.295,-1.49,2.67,1.4564854959799634,0,100.0,0.16666666666666666
HS006795,8,4.66625,1.72,7.37,1.8302141756011583,1,87.5,0.25
HS006796,6,4.616666666666666,2.05,7.62,2.2951310783192027,0,100.0,0.3333333333333333
HS006797,12,5.11,0.05,7.74,2.2682111493822217,1,91.66666666666666,0.4166666666666667
HS006798,4,13.2025,12.67,14.15,0.6850486600721635,0,100.0,0.0
HS006799,8,10.9975,8.32,17.26,2.886731963409736,1,87.5,0.375
HS006800,5,11.09,8.77,13.19,1.6421327595538677,1,80.0,0.2
HS006801,7,10.502857142857142,8.83,12.84,1.463690703731658,1,85.71428571428571,0.14285714285714285
HS006802,8,25.195,15.86,29.62,5.5304895159212,0,100.0,0.125
HS006803,10,10.35,8.14,12.84,1.7121331723905124,0,100.0,0.1
HS006804,8,5.3325,3.21,7.87,1.678585714224925,0,100.0,0.375
HS006805,11,13.585454545454546,10.58,18.11,1.9736026126673198,2,81.81818181818183,0.36363636363636365
HS006806,9,5.542222222222223,2.61,8.26,2.249081911457305,1,88.88888888888889,0.2222222222222222
HS006807,5,25.216,22.99,26.77,1.5552427463261165,0,100.0,0.2
HS006808,7,21.482857142857142,15.11,27.5,4.509359578645709,0,100.0,0.2857142857142857
HS006809,6,0.31666666666666665,-1.98,1.99,1.3459668148459927,0,100.0,0.16666666666666666
HS006810,11,24.069090909090907,15.77,31.01,5.312041894686928,1,90.9090909090909,0.36363636363636365
HS006811,7,6.857142857142857,2.8,12.38,3.0016424075590926,1,85.71428571428571,0.2857142857142857
HS006812,9,22.358888888888888,15.14,30.91,5.822504711128288,1,88.88888888888889,0.4444444444444444
HS006813,7,23.131428571428568,15.35,28.58,5.714062852796973,0,100.0,0.5714285714285714
HS006814,10,10.878,8.48,19.61,3.215962962749692,1,90.0,0.3
HS006815,8,5.5275,3.38,7.47,1.786502968691308,0,100.0,0.25
HS006816,8,9.75625,8.04,12.33,1.6396509863818145,0,100.0,0.375
HS006817,5,11.97,9.2,14.99,2.6216120994533116,2,60.0,0.2
HS006818,9,24.83111111111111,16.02,31.97,5.2428557209893825,1,88.88888888888889,0.2222222222222222
HS006819,6,10.923333333333332,9.46,13.7,1.566367347293305,1,83.33333333333334,0.0
HS006820,10,4.443,2.27,7.39,2.034988670457133,0,100.0,0.3
HS006821,8,23.9525,19.39,29.7,3.524877910752978,0,100.0,0.375
HS006822,10,4.568,2.38,7.48,1.9549072157578788,0,100.0,0.2
HS006823,13,5.423076923076923,0.94,6.92,1.6328624386609372,1,92.3076923076923,0.3076923076923077
HS006824,7,1.9314285714285713,-1.63,3.77,1.8967817355671035,0,100.0,0.14285714285714285
HS006825,10,22.586000000000002,15.49,29.01,3.8396996410309674,0,100.0,0.4
HS006826,13,10.37076923076923,8.22,11.99,1.4189988344983557,0,100.0,0.38461538461538464
HS006827,5,10.995999999999999,9.44,13.81,1.6645810283671987,1,80.0,0.2
HS006828,11,2.037272727272727,-1.95,3.38,1.4765438761451752,0,100.0,0.36363636363636365
HS006829,9,26.464444444444446,17.74,31.86,4.458492209007187,1,88.88888888888889,0.3333333333333333
HS006830,10,11.075,8.13,14.51,1.9130037462935958,1,90.0,0.4
HS006831,6,4.44,2.55,7.1,1.6973626601289429,0,100.0,0.3333333333333333
HS006832,10,23.101,15.41,29.92,5.4948833775916786,0,100.0,0.1
HS006833,13,13.126923076923077,12.04,14.83,0.7290677222245844,0,100.0,0.15384615384615385
HS006834,6,9.586666666666668,8.16,11.05,1.1896329966282322,0,100.0,0.16666666666666666
HS006835,15,0.35400000000000004,-1.99,2.19,1.4462799570918885,0,100.0,0.2
HS006836,10,10.58,8.85,11.98,1.2715869350277769,0,100.0,0.3
HS006837,9,13.71,12.2,15.66,1.1609909560371265,1,88.88888888888889,0.3333333333333333
HS006838,7,-16.137142857142855,-17.85,-14.35,1.4793547499469066,2,71.42857142857143,0.14285714285714285
HS006839,15,-17.149333333333335,-19.81,-13.14,1.9856753678954344,1,93.33333333333333,0.2
HS006840,5,5.506,2.97,9.14,2.8367816271260637,1,80.0,0.0
HS006841,9,6.767777777777778,4.64,9.88,1.5349330423326109,1,88.88888888888889,0.0
HS006842,7,2.9857142857142853,-1.2,11.42,4.147974835759642,1,85.71428571428571,0.0
HS006843,13,-17.108461538461537,-19.84,-10.42,2.355956444680328,1,92.3076923076923,0.23076923076923078
HS006844,4,20.6275,15.23,27.63,5.1871660535080855,0,100.0,0.5
HS006845,6,22.015,17.58,28.85,4.803984804305695,0,100.0,0.16666666666666666
HS006846,4,-17.877499999999998,-19.94,-16.33,1.5812732211733704,0,100.0,0.0
HS006847,4,20.4075,18.05,23.37,2.444263692812213,0,100.0,0.25
HS006848,8,24.72625,18.01,29.06,3.9589678939989232,0,100.0,0.0
HS006849,4,13.690000000000001,12.47,14.92,1.126617355922882,0,100.0,0.0
HS006850,5,24.169999999999998,20.68,26.19,2.32202497833249,0,100.0,0.2
HS006851,7,24.851428571428574,17.87,29.13,3.638733426946929,0,100.0,0.14285714285714285
HS006852,9,5.167777777777778,2.14,8.33,2.283346107020231,1,88.88888888888889,0.4444444444444444
HS006853,10,9.583,8.04,11.22,1.074358206351846,0,100.0,0.4
HS006854,8,1.9737500000000001,0.57,3.45,1.121910838066657,0,100.0,0.25
HS006855,11,4.944545454545454,2.53,11.06,2.808178639746281,1,90.9090909090909,0.36363636363636365
HS006856,6,4.098333333333334,2.37,6.4,1.5169366060144593,0,100.0,0.3333333333333333
HS006857,10,4.2170000000000005,2.63,7.43,1.514148458888875,0,100.0,0.0
HS006858,12,10.4825,8.35,15.41,2.051035769379151,2,83.33333333333334,0.16666666666666666
HS006859,3,9.853333333333333,8.6,11.51,1.4963399791936771,0,100.0,0.0
HS006860,6,19.891666666666666,16.53,27.86,4.214144832189167,0,100.0,0.5
HS006861,8,9.684999999999999,8.15,11.79,1.349190233330454,0,100.0,0.25
HS006862,9,3.887777777777778,2.21,6.79,1.4651431481068478,0,100.0,0.3333333333333333
HS006863,10,11.33,8.23,12.87,1.5652901754413884,0,100.0,0.2
HS006864,7,5.215714285714285,2.42,7.64,1.8205938330011737,0,100.0,0.0
HS006865,6,5.69,3.72,9.36,2.148106142628897,1,83.33333333333334,0.5
HS006866,6,11.446666666666667,10.62,12.95,0.8755036645649553,0,100.0,0.16666666666666666
HS006867,6,-17.951666666666664,-23.57,-15.02,3.048313741508027,1,83.33333333333334,0.3333333333333333
HS006868,5,4.228,2.1,6.8,2.2655948446269023,0,100.0,0.6
HS006869,5,10.846,8.14,11.84,1.5840391409305512,0,100.0,0.4
HS006870,11,5.059090909090909,2.7,12.2,2.8228193514479614,1,90.9090909090909,0.36363636363636365
HS006871,10,4.468999999999999,2.05,7.93,1.9041268048344073,0,100.0,0.1
HS006872,5,4.25,2.05,6.26,1.5694107174350505,0,100.0,0.2
HS006873,16,1.5675,-1.2,3.34,1.4835520438011827,0,100.0,0.1875
HS006874,8,24.42125,15.19,28.62,4.188564150500401,0,100.0,0.25
HS006875,8,9.69,8.21,10.95,1.0623558725775464,0,100.0,0.5
HS006876,12,9.976666666666667,8.15,15.16,1.7930843580689437,1,91.66666666666666,0.3333333333333333
HS006877,8,-16.67875,-19.28,-15.57,1.2081087640251134,0,100.0,0.375
HS006878,5,6.42,3.6,10.78,2.76124066318023,1,80.0,0.4
HS006879,8,22.16875,16.87,28.9,4.669923332194162,0,100.0,0.375
HS006880,7,14.062857142857142,12.59,15.45,0.975648746317278,1,85.71428571428571,0.2857142857142857
HS006881,13,4.890769230769231,1.75,9.71,2.0300963094496343,2,84.61538461538461,0.3076923076923077
HS006882,4,-17.39,-18.94,-15.24,1.5716021549149561,0,100.0,0.5
HS006883,8,11.865,8.63,16.48,3.695050743900549,3,62.5,0.25
HS006884,11,5.167272727272728,3.22,7.47,1.3975413475750251,0,100.0,0.36363636363636365
HS006885,6,-16.650000000000002,-19.32,-12.53,2.529395184624181,1,83.33333333333334,0.3333333333333333
HS006886,9,12.073333333333332,8.35,19.19,3.0642413416700713,1,88.88888888888889,0.4444444444444444
HS006887,9,6.092222222222222,2.74,10.81,2.727002831763188,1,88.88888888888889,0.1111111111111111
HS006888,7,10.472857142857142,8.61,13.14,1.5913695808507666,1,85.71428571428571,0.14285714285714285
HS006889,8,21.59,15.23,31.52,6.3587891929203,1,87.5,0.5
HS006890,12,10.103333333333333,9.08,12.45,1.135520171818211,0,100.0,0.4166666666666667
HS006891,6,14.26,12.91,14.96,0.777354487991161,0,100.0,0.3333333333333333
HS006892,6,10.543333333333333,9.08,12.32,1.1633170963527812,1,83.33333333333334,0.16666666666666666
HS006893,11,9.206363636363635,8.24,11.36,1.0384726546931573,0,100.0,0.2727272727272727
HS006894,13,13.256153846153847,12.01,14.6,0.7787975610039115,0,100.0,0.15384615384615385
HS006895,7,1.467142857142857,-3.98,6.28,3.1012831445801825,2,71.42857142857143,0.14285714285714285
HS006896,7,10.914285714285715,8.96,14.4,1.7960127796766658,1,85.71428571428571,0.14285714285714285
HS006897,8,9.80875,8.1,12.59,1.667645367405364,0,100.0,0.5
HS006898,8,10.73875,8.09,16.06,2.508536497072119,1,87.5,0.0
HS006899,9,4.78,2.22,7.64,1.9412109622604135,0,100.0,0.4444444444444444
HS006900,9,10.124444444444444,8.09,11.96,1.3222718244664289,0,100.0,0.1111111111111111
HS006901,8,1.77125,-0.49,3.86,1.2306379007885069,0,100.0,0.25
HS006902,6,4.295,2.95,7.01,1.6697275226814703,0,100.0,0.16666666666666666
HS006903,15,5.719333333333334,3.01,10.68,2.0358412324662067,1,93.33333333333333,0.26666666666666666
HS006904,7,10.85142857142857,9.01,12.87,1.2263282400650124,0,100.0,0.14285714285714285
HS006905,8,25.22,18.32,34.63,5.315556683654391,1,87.5,0.125
HS006906,9,5.184444444444444,2.03,7.92,2.1583275418197716,0,100.0,0.3333333333333333
HS006907,5,10.798,8.4,13.06,1.7738714722324167,1,80.0,0.2
HS006908,6,5.919999999999999,2.17,9.87,2.5029662402837154,1,83.33333333333334,0.3333333333333333
HS006909,11,4.890909090909091,2.65,7.31,1.7544027732847125,0,100.0,0.09090909090909091
HS006910,7,6.457142857142857,3.15,9.36,2.114802703845083,1,85.71428571428571,0.2857142857142857
HS006911,12,6.184166666666666,3.2,8.99,1.7547362315813286,1,91.66666666666666,0.5
HS006912,6,-15.546666666666667,-17.41,-11.29,2.2550979283983796,1,83.33333333333334,0.16666666666666666
HS006913,6,10.13,8.29,11.64,1.4122605991813277,0,100.0,0.3333333333333333
HS006914,10,21.85,15.78,28.73,5.218318162439356,0,100.0,0.3
HS006915,9,13.856666666666667,12.2,15.75,1.287012043455694,2,77.77777777777779,0.2222222222222222
HS006916,8,9.62375,8.66,11.43,0.9966793079306616,0,100.0,0.375
HS006917,3,9.293333333333333,7.47,11.43,1.998507776650702,1,66.66666666666666,0.6666666666666666
HS006918,9,4.41,2.26,5.88,1.5336639136394907,0,100.0,0.2222222222222222
HS006919,8,23.68,16.92,29.82,4.473506135332458,0,100.0,0.125
HS006920,4,19.7275,15.22,23.16,3.468115482506313,0,100.0,0.25
HS006921,12,22.465,14.35,29.86,5.693151388051501,1,91.66666666666666,0.16666666666666666
HS006922,11,5.282727272727272,3.45,7.28,1.2961102646695681,0,100.0,0.18181818181818182
HS006923,8,4.75375,2.11,7.56,2.2384365557874792,0,100.0,0.25
HS006924,9,4.975555555555555,2.26,6.98,1.8362945781594464,0,100.0,0.3333333333333333
HS006925,8,10.89,9.72,14.98,1.723849512822144,1,87.5,0.25
HS006926,10,24.509,17.68,29.56,4.214961315230412,0,100.0,0.0
HS006927,11,5.7290909090909095,3.17,7.89,1.7155958413650607,0,100.0,0.36363636363636365
HS006928,5,6.5760000000000005,5.37,7.79,1.0246853175487585,0,100.0,0.4
HS006929,7,6.655714285714287,4.47,10.51,2.2924648826307545,2,71.42857142857143,0.0
HS006930,8,23.375,20.59,27.7,2.374778185130441,0,100.0,0.0
HS006931,7,10.700000000000001,8.62,13.63,1.8845335408707027,1,85.71428571428571,0.14285714285714285
HS006932,12,4.401666666666666,2.51,7.12,1.6347078322959419,0,100.0,0.25
HS006933,9,5.293333333333333,2.15,7.36,1.8478501021457343,0,100.0,0.1111111111111111
HS006934,13,19.954615384615387,15.89,25.91,3.107747349728351,0,100.0,0.46153846153846156
HS006935,8,9.9925,8.7,11.98,1.2269910932264925,0,100.0,0.625
HS006936,8,13.155,12.11,14.94,0.876078926646615,0,100.0,0.0
HS006937,10,6.517999999999999,2.42,11.04,2.2941752330630716,1,90.0,0.3
HS006938,12,22.314166666666665,15.01,28.68,4.694680661679931,0,100.0,0.3333333333333333
HS006939,10,22.125999999999998,16.96,31.76,4.520263512476039,1,90.0,0.4
HS006940,9,2.8444444444444446,-1.44,6.15,2.1269644514607613,1,88.88888888888889,0.2222222222222222
HS006941,4,9.81,6.61,11.52,2.3083471720403463,1,75.0,0.0
HS006942,10,13.618,12.71,14.61,0.6762609621210509,0,100.0,0.1
HS006943,6,-17.31,-19.71,-15.36,1.4494412716629814,0,100.0,0.3333333333333333
HS006944,7,9.98,8.33,12.1,1.4692288226594705,0,100.0,0.42857142857142855
HS006945,7,3.367142857142857,0.09,8.78,2.7624669789019753,1,85.71428571428571,0.2857142857142857
HS006946,3,26.156666666666666,23.08,29.21,3.065066611565455,0,100.0,0.0
HS006947,3,4.26,2.38,6.43,2.0405146409668324,0,100.0,0.0
HS006948,14,5.3064285714285715,2.04,7.73,1.895231291518702,0,100.0,0.07142857142857142
HS006949,4,10.2225,9.35,11.75,1.1282840954298703,0,100.0,0.25
HS006950,5,10.472,8.02,12.31,1.5717092606458745,0,100.0,0.4
HS006951,5,6.392,4.0,11.24,2.802475691241585,1,80.0,0.2
HS006952,6,4.4383333333333335,2.51,7.97,2.194168787187227,0,100.0,0.16666666666666666
HS006953,6,14.563333333333333,12.01,20.5,3.0712776928611762,1,83.33333333333334,0.5
HS006954,6,10.43,8.57,13.03,1.6980812701399193,1,83.33333333333334,0.6666666666666666
HS006955,5,10.224,8.7,11.61,1.3227547013713465,0,100.0,0.2
HS006956,2,-16.205000000000002,-16.85,-15.56,0.9121677477306476,0,100.0,0.0
HS006957,11,1.99,-0.39,3.96,1.3371462148919993,0,100.0,0.18181818181818182
HS006958,7,5.941428571428572,2.55,7.5,1.7529920000904033,0,100.0,0.0
HS006959,8,4.9525,2.65,7.37,1.69126115242865,0,100.0,0.25
HS006960,13,13.928461538461537,12.2,15.62,1.0444124835990016,1,92.3076923076923,0.23076923076923078
HS006961,11,5.3500000000000005,2.24,7.76,2.004285408817816,0,100.0,0.36363636363636365
HS006962,8,10.22125,8.2,11.6,1.5715273507914882,0,100.0,0.0
HS006963,10,21.82,15.34,29.97,5.523704473549532,0,100.0,0.1
HS006964,11,9.846363636363636,6.59,12.91,1.6806384068399294,2,81.81818181818183,0.36363636363636365
HS006965,8,4.14375,2.71,7.63,2.1265796649616897,0,100.0,0.0
HS006966,7,10.051428571428572,8.09,11.93,1.5207172493205146,0,100.0,0.42857142857142855
HS006967,8,23.537499999999998,18.74,31.18,4.048053324041781,1,87.5,0.0
HS006968,12,13.473333333333334,12.14,14.45,0.8953042482696569,0,100.0,0.3333333333333333
HS006969,7,22.534285714285716,15.99,29.92,4.881962915135869,0,100.0,0.14285714285714285
HS006970,5,10.908,8.25,15.53,2.846343268124911,1,80.0,0.4
HS006971,8,20.905,15.76,29.04,4.640788110409082,0,100.0,0.0
HS006972,8,-18.1525,-19.87,-15.18,1.692848402629638,0,100.0,0.625
HS006973,8,10.64625,8.59,12.48,1.289284823901553,0,100.0,0.125
HS006974,6,10.408333333333333,5.05,13.41,2.9695819009865123,2,66.66666666666666,0.16666666666666666
HS006975,10,5.523000000000001,2.96,7.79,1.7517613358496578,0,100.0,0.3
HS006976,7,23.927142857142858,15.77,29.1,4.430751306816616,0,100.0,0.5714285714285714
HS006977,8,20.4325,15.09,28.57,4.269532426725102,0,100.0,0.25
HS006978,9,14.278888888888888,12.24,18.21,2.1037374149620267,2,77.77777777777779,0.3333333333333333
HS006979,9,5.244444444444444,3.66,7.99,1.6249239298434182,0,100.0,0.2222222222222222
HS006980,9,9.838888888888889,8.09,12.54,1.5075181959469384,0,100.0,0.1111111111111111
HS006981,14,14.495000000000001,12.25,19.07,1.6088588884911332,2,85.71428571428571,0.07142857142857142
HS006982,6,-17.135,-19.29,-16.1,1.2442146117129471,0,100.0,0.16666666666666666
HS006983,12,4.008333333333334,2.08,7.48,1.7282246977926818,0,100.0,0.3333333333333333
HS006984,12,10.865,8.61,16.06,2.1032464084232863,1,91.66666666666666,0.16666666666666666
HS006985,7,22.284285714285716,16.53,28.55,4.963543281241931,0,100.0,0.14285714285714285
HS006986,10,5.399,0.85,7.58,2.145804433462348,1,90.0,0.3
HS006987,6,25.28833333333333,18.03,34.92,5.6361029680681565,1,83.33333333333334,0.5
HS006988,4,10.487499999999999,9.54,11.78,0.9847292352046153,0,100.0,0.0
HS006989,8,23.5675,16.62,28.93,4.925539129302062,0,100.0,0.0
HS006990,5,1.434,-1.63,4.16,2.082937829125008,1,80.0,0.0
HS006991,9,6.372222222222223,3.68,10.11,1.9869875300173492,1,88.88888888888889,0.2222222222222222
HS006992,13,10.764615384615384,8.55,17.81,2.4279813816715294,1,92.3076923076923,0.3076923076923077
HS006993,10,23.701,17.39,28.46,3.331127436769719,0,100.0,0.3
HS006994,6,1.62,-1.55,3.58,2.3879028455948537,0,100.0,0.3333333333333333
HS006995,13,20.366923076923076,15.14,29.2,4.428360088895558,0,100.0,0.15384615384615385
HS006996,7,-17.31,-19.95,-15.14,1.690453588044739,0,100.0,0.42857142857142855
HS006997,12,22.599166666666665,15.88,30.06,5.302360466353783,1,91.66666666666666,0.08333333333333333
HS006998,8,4.04625,2.15,7.13,1.9415526739479116,0,100.0,0.125
HS006999,10,25.323,15.78,29.27,4.895070195842163,0,100.0,0.5
HS007000,6,10.516666666666667,8.12,13.75,2.162893124189604,1,83.33333333333334,0.16666666666666666
HS007001,9,10.366666666666667,8.59,14.09,1.663107032033717,1,88.88888888888889,0.3333333333333333
HS007002,9,3.9522222222222223,2.18,7.84,2.039526769729793,0,100.0,0.1111111111111111
HS007003,16,4.905625000000001,2.53,11.09,2.004604595258959,1,93.75,0.125
HS007004,5,3.15,0.4,8.97,3.4624052333601854,1,80.0,0.0
HS007005,14,4.857857142857143,2.05,7.82,1.9014050617349292,0,100.0,0.21428571428571427
HS007006,8,0.47624999999999995,-1.61,2.25,1.4718010104242063,0,100.0,0.25
HS007007,13,21.88153846153846,16.14,28.96,4.633364231588544,0,100.0,0.38461538461538464
HS007008,9,5.604444444444444,0.69,7.29,2.3523770483869666,1,88.88888888888889,0.2222222222222222
HS007009,7,22.892857142857142,18.54,27.45,4.101933342078725,0,100.0,0.42857142857142855
HS007010,11,10.006363636363638,8.33,11.83,1.3677081028294944,0,100.0,0.18181818181818182
HS007011,4,-16.5575,-18.36,-15.68,1.2534319553396842,0,100.0,0.25
HS007012,9,22.42,16.24,29.84,3.8947368332147945,0,100.0,0.2222222222222222
HS007013,7,10.141428571428571,8.17,14.98,2.2096713825923575,1,85.71428571428571,0.14285714285714285
HS007014,1,3.49,3.49,3.49,,0,100.0,0.0
HS007015,12,4.7283333333333335,2.63,6.58,1.2719836572230103,0,100.0,0.08333333333333333
HS007016,7,0.2414285714285715,-1.42,2.72,1.6002856887800647,0,100.0,0.14285714285714285
HS007017,10,4.875,2.06,7.72,2.1304055430311335,0,100.0,0.3
HS007018,8,10.475,8.13,11.58,1.0981412867724654,0,100.0,0.375
HS007019,7,21.66714285714286,16.26,29.56,5.324902860728115,0,100.0,0.42857142857142855
HS007020,10,9.643,7.59,12.9,1.6329458724104184,1,90.0,0.1
HS007021,8,4.99375,2.55,7.65,1.7651138166459088,0,100.0,0.5
HS007022,10,1.6030000000000002,-0.78,5.83,2.0732156986993258,1,90.0,0.3
HS007023,8,10.015,8.59,10.93,0.765151712314063,0,100.0,0.25
HS007024,4,8.77,8.28,9.68,0.6210743380090126,0,100.0,0.0
HS007025,2,22.59,16.19,28.99,9.050966799187806,0,100.0,0.5
HS007026,9,-17.06,-19.98,-11.93,2.8870313472492812,2,77.77777777777779,0.3333333333333333
HS007027,6,10.146666666666667,8.68,13.18,1.7098498959460349,1,83.33333333333334,0.3333333333333333
HS007028,8,23.474999999999998,19.24,27.74,3.1706466217476836,0,100.0,0.25
HS007029,5,4.702,2.26,7.8,2.3470449505708237,0,100.0,0.2
HS007030,7,9.29142857142857,8.1,11.32,1.2006863116766258,0,100.0,0.42857142857142855
HS007031,13,5.2530769230769225,2.33,11.07,2.434818215717499,1,92.3076923076923,0.46153846153846156
HS007032,6,6.933333333333334,3.26,12.16,3.6909167786156685,2,66.66666666666666,0.3333333333333333
HS007033,12,11.3775,8.51,18.04,2.4514008054765157,1,91.66666666666666,0.25
HS007034,9,20.455555555555556,15.09,29.95,5.414884835135256,0,100.0,0.2222222222222222
HS007035,10,11.14,8.04,13.62,2.027960113567874,1,90.0,0.2
HS007036,10,9.559999999999999,8.17,12.54,1.5051983996211997,0,100.0,0.2
HS007037,10,9.822,8.21,12.07,1.3737038335180631,0,100.0,0.3
HS007038,6,4.876666666666666,2.06,7.59,1.8628114952046724,0,100.0,0.3333333333333333
HS007039,6,4.636666666666667,2.13,6.37,1.6145794085973806,0,100.0,0.16666666666666666
HS007040,4,22.63,15.47,25.62,4.793280018247769,0,100.0,0.25
HS007041,6,10.371666666666668,8.4,12.87,1.6348139547565241,0,100.0,0.5
HS007042,4,22.4225,19.24,29.04,4.466067434929004,0,100.0,0.0
HS007043,3,0.5866666666666668,-1.02,2.85,2.0168374583325583,0,100.0,0.3333333333333333
HS007044,8,4.82,2.87,6.75,1.4583454421266002,0,100.0,0.25
HS007045,6,9.713333333333333,8.04,10.87,1.1087410277727916,0,100.0,0.0
HS007046,5,26.566000000000003,23.42,29.8,2.8103700823912856,0,100.0,0.4
HS007047,5,11.382,9.81,15.0,2.1108694890968502,1,80.0,0.2
HS007048,8,-17.31125,-19.36,-13.31,2.1391282436677663,2,75.0,0.375
HS007049,13,2.718461538461539,-0.03,5.45,1.7411387373107585,1,92.3076923076923,0.46153846153846156
HS007050,11,11.426363636363636,8.27,16.13,2.1298839063539248,2,81.81818181818183,0.18181818181818182
HS007051,7,21.674285714285713,15.35,27.28,4.604511762546446,0,100.0,0.14285714285714285
HS007052,6,26.69666666666667,21.04,32.19,3.6364194844196223,1,83.33333333333334,0.16666666666666666
HS007053,6,4.131666666666667,2.13,7.32,1.756763121956591,0,100.0,0.5
HS007054,10,4.321,2.32,7.33,1.4727936417268752,0,100.0,0.2
HS007055,10,5.553,2.49,6.9,1.273333769633433,0,100.0,0.5
HS007056,12,5.141666666666667,3.75,10.75,1.968011609968218,1,91.66666666666666,0.25
HS007057,7,13.391428571428571,12.5,14.17,0.5684607453884735,0,100.0,0.2857142857142857
HS007058,8,5.06375,2.48,7.99,1.9536115822459985,0,100.0,0.125
HS007059,3,5.760000000000001,4.15,6.84,1.4211614968046378,0,100.0,0.3333333333333333
HS007060,14,5.2092857142857145,2.4,11.38,2.3429910676008014,1,92.85714285714286,0.35714285714285715
HS007061,10,4.397,2.33,6.9,1.681666171126455,0,100.0,0.1
HS007062,13,13.241538461538463,12.03,14.96,1.0261241490340094,0,100.0,0.3076923076923077
HS007063,7,22.608571428571427,18.54,28.29,4.039729481749277,0,100.0,0.42857142857142855
HS007064,12,10.2925,9.14,11.94,0.9738501378082207,0,100.0,0.3333333333333333
HS007065,10,10.397,8.16,12.57,1.291666021505215,1,90.0,0.2
HS007066,3,4.496666666666667,2.02,5.92,2.1528198562195895,0,100.0,0.3333333333333333
HS007067,6,-16.830000000000002,-19.64,-11.61,2.917354966403643,1,83.33333333333334,0.16666666666666666
HS007068,8,13.463750000000001,12.09,16.38,1.351707253809048,1,87.5,0.25
HS007069,9,5.347777777777778,2.53,8.83,2.161178947807063,1,88.88888888888889,0.4444444444444444
HS007070,2,4.675000000000001,2.74,6.61,2.7365032431919385,0,100.0,1.0
HS007071,5,9.948,8.54,11.98,1.2653734626583573,0,100.0,0.0
HS007072,5,21.488,18.65,24.43,2.7446620921344773,0,100.0,0.4
HS007073,7,5.707142857142857,3.42,7.92,1.8007286884824738,0,100.0,0.2857142857142857
HS007074,9,-17.394444444444446,-18.94,-16.22,0.8052967017055142,0,100.0,0.0
HS007075,5,10.394,9.05,11.6,1.030936467489631,0,100.0,0.2
HS007076,7,5.011428571428572,2.73,6.59,1.5617663992141353,0,100.0,0.42857142857142855
HS007077,7,21.888571428571428,15.4,27.06,5.264245525465254,0,100.0,0.2857142857142857
HS007078,11,10.258181818181818,8.41,17.47,2.5270489436566836,1,90.9090909090909,0.18181818181818182
HS007079,11,13.253636363636362,12.31,14.32,0.6123605592667233,0,100.0,0.36363636363636365
HS007080,7,10.485714285714286,8.26,12.2,1.660871830724827,0,100.0,0.2857142857142857
HS007081,6,11.221666666666666,9.28,15.38,2.2494480804558856,1,83.33333333333334,0.3333333333333333
HS007082,4,23.0575,15.92,28.66,5.764780279131779,0,100.0,0.0
HS007083,10,1.0299999999999998,-1.79,3.14,1.8850817842558802,0,100.0,0.2
HS007084,7,2.467142857142857,-0.38,3.86,1.4248241328401936,0,100.0,0.14285714285714285
HS007085,6,21.46166666666667,15.48,26.7,4.358731084463306,0,100.0,0.16666666666666666
HS007086,5,22.774,16.84,29.83,5.651851908887917,0,100.0,0.2
HS007087,17,23.52235294117647,14.13,35.44,5.478304401696483,3,82.35294117647058,0.29411764705882354
HS007088,8,6.47875,3.73,10.67,2.1023486016493895,1,87.5,0.125
HS007089,5,5.628,2.71,11.68,3.495936212232712,1,80.0,0.4
HS007090,9,9.697777777777778,7.17,12.32,1.705694710211779,1,88.88888888888889,0.4444444444444444
HS007091,10,4.968999999999999,2.19,7.77,2.113561764731122,0,100.0,0.2
HS007092,6,4.346666666666667,2.45,5.36,1.1020828764964399,0,100.0,0.0
HS007093,11,13.423636363636364,12.03,18.21,1.7127654406092667,1,90.9090909090909,0.09090909090909091
HS007094,8,4.81875,2.54,7.96,2.3927953616757835,0,100.0,0.125
HS007095,7,4.784285714285715,2.38,6.43,1.4907029342210467,0,100.0,0.0
HS007096,8,3.9725,2.17,7.27,1.5775183947308775,0,100.0,0.125
HS007097,10,13.815999999999999,12.14,17.36,1.4920991924131584,1,90.0,0.4
HS007098,10,6.287,3.15,12.83,2.633223837385986,1,90.0,0.5
HS007099,6,3.9433333333333334,2.69,4.88,0.988062076322468,0,100.0,0.3333333333333333
HS007100,9,5.503333333333334,2.67,8.01,1.9233174464970675,1,88.88888888888889,0.4444444444444444
HS007101,7,5.78,2.76,7.92,2.137350384627347,0,100.0,0.42857142857142855
HS007102,6,10.54,8.18,12.45,1.6358973072904057,0,100.0,0.16666666666666666
HS007103,8,11.57875,10.63,14.19,1.1298727804491973,1,87.5,0.375
HS007104,8,4.635,2.61,7.26,1.8324768562171332,0,100.0,0.125
HS007105,2,16.93,14.54,19.32,3.379970414071698,1,50.0,0.5
HS007106,10,4.6850000000000005,2.39,7.96,2.123065132198152,0,100.0,0.1
HS007107,4,22.6825,17.84,25.3,3.4116894641804674,0,100.0,0.0
HS007108,12,13.436666666666667,12.34,14.97,0.9102480514406585,0,100.0,0.3333333333333333
HS007109,10,5.056,2.29,10.13,2.4448776383832933,2,80.0,0.2
HS007110,6,5.8,3.99,7.08,1.1421383453855318,0,100.0,0.3333333333333333
HS007111,9,5.248888888888889,3.13,7.53,1.5202750116709514,0,100.0,0.1111111111111111
HS007112,6,9.85,8.82,10.85,0.8417600608249358,0,100.0,0.5
HS007113,10,12.888,8.1,14.94,1.9751050604967826,1,90.0,0.2
HS007114,8,19.715,15.51,28.29,4.785179501036805,0,100.0,0.125
HS007115,9,10.405555555555557,8.21,11.98,1.326528468513879,0,100.0,0.4444444444444444
HS007116,13,-17.66846153846154,-22.21,-15.03,2.173272671011189,2,84.61538461538461,0.38461538461538464
HS007117,6,24.963333333333335,18.65,31.06,4.288849107472384,1,83.33333333333334,0.5
HS007118,11,10.68090909090909,8.02,12.95,1.797923549795455,0,100.0,0.2727272727272727
HS007119,7,5.312857142857142,3.46,7.54,1.5742904675410052,0,100.0,0.2857142857142857
HS007120,10,13.556999999999999,12.67,14.57,0.7706570068598759,0,100.0,0.2
HS007121,5,9.628,8.89,12.26,1.4763366824677897,0,100.0,0.2
HS007122,14,4.976428571428571,2.12,7.99,1.7717900862941156,0,100.0,0.5
HS007123,10,22.726,18.7,27.95,3.498260520125204,0,100.0,0.2
HS007124,5,9.628,8.42,10.78,0.9844389264956968,0,100.0,0.2
HS007125,9,13.473333333333334,12.27,14.66,0.8563147785715248,0,100.0,0.1111111111111111
HS007126,11,20.96,14.56,27.93,4.380511385671769,1,90.9090909090909,0.2727272727272727
HS007127,9,13.812222222222223,12.48,15.0,0.7861421273818393,0,100.0,0.4444444444444444
HS007128,8,24.365,19.97,27.86,3.2060434004726583,0,100.0,0.25
HS007129,5,-17.358,-19.9,-15.47,1.8882981756068078,0,100.0,0.4
HS007130,3,2.763333333333333,2.48,2.99,0.25967928938083107,0,100.0,0.6666666666666666
HS007131,8,3.875,2.39,6.63,1.3771398932985297,0,100.0,0.375
HS007132,8,5.44375,2.26,10.87,2.5965083009963315,1,87.5,0.125
HS007133,4,10.185,8.02,11.53,1.5415252187363013,0,100.0,0.25
HS007134,12,23.647499999999997,16.22,29.93,4.494801289975303,0,100.0,0.25
HS007135,8,24.6925,13.31,29.86,5.3320426265577225,1,87.5,0.375
HS007136,12,23.614166666666666,17.72,28.44,3.2420629188368593,0,100.0,0.25
HS007137,5,-16.464,-17.32,-15.78,0.6967998277841351,0,100.0,0.2
HS007138,13,4.868461538461538,-1.67,8.98,2.7521562641979656,2,84.61538461538461,0.0
HS007139,10,4.029999999999999,2.32,7.25,1.8102670152954417,0,100.0,0.4
HS007140,14,11.265,6.81,19.22,2.9793049008632355,3,78.57142857142857,0.42857142857142855
HS007141,12,4.505,-1.48,7.39,2.4727625331710574,1,91.66666666666666,0.3333333333333333
HS007142,9,-17.456666666666667,-19.42,-15.05,1.7890709879711317,0,100.0,0.0
HS007143,12,-18.111666666666668,-19.78,-15.33,1.320880101456692,0,100.0,0.25
HS007144,6,5.468333333333334,2.79,7.53,2.2391642786242074,0,100.0,0.3333333333333333
HS007145,12,4.599166666666666,-2.73,7.88,2.6696729739574447,1,91.66666666666666,0.16666666666666666
HS007146,8,-17.15875,-19.76,-15.01,1.7528869045092446,0,100.0,0.0
HS007147,7,5.184285714285714,2.42,7.06,1.6363562890647942,0,100.0,0.2857142857142857
HS007148,5,22.484,15.9,28.04,4.4793001685531175,0,100.0,0.6
HS007149,6,4.71,2.06,7.78,2.403555699375407,0,100.0,0.3333333333333333
HS007150,10,9.907,8.24,11.76,1.2771152388619176,0,100.0,0.4
HS007151,11,10.246363636363638,8.22,11.93,1.5209751656570385,0,100.0,0.18181818181818182
HS007152,5,5.2,2.03,7.38,2.6284215795796535,0,100.0,0.2
HS007153,10,3.867,0.04,7.3,2.2436134050034355,1,90.0,0.2
HS007154,13,21.819999999999997,16.93,26.84,3.2374887387191533,0,100.0,0.23076923076923078
HS007155,11,14.260000000000002,12.52,17.15,1.3471673986554158,2,81.81818181818183,0.2727272727272727
HS007156,4,10.345,9.66,10.98,0.6184658438426495,0,100.0,0.0
HS007157,6,5.406666666666666,3.27,6.89,1.2042037479873025,0,100.0,0.16666666666666666
HS007158,5,6.372,2.72,12.53,3.652761968702587,1,80.0,0.0
HS007159,9,21.202222222222222,15.35,26.31,3.612609091009493,0,100.0,0.3333333333333333
HS007160,8,20.64875,15.57,29.01,5.664166657909302,0,100.0,0.0
HS007161,6,4.908333333333333,2.51,6.97,1.5632327615127144,0,100.0,0.5
HS007162,5,24.496000000000002,17.23,29.67,5.466276612100782,0,100.0,0.4
HS007163,8,10.38,8.31,12.0,1.265136920879091,0,100.0,0.25
HS007164,13,2.2,-0.76,4.16,1.5073652510257758,1,92.3076923076923,0.3076923076923077
HS007165,13,22.49769230769231,17.03,29.4,3.7591181453592575,0,100.0,0.3076923076923077
HS007166,10,5.697,2.04,7.92,2.167620559251293,0,100.0,0.5
HS007167,11,23.454545454545453,14.51,29.7,5.976128117161418,1,90.9090909090909,0.18181818181818182
HS007168,12,9.515,4.99,12.77,2.082164520615288,1,91.66666666666666,0.3333333333333333
HS007169,6,10.221666666666666,8.26,13.76,2.2147362521678886,1,83.33333333333334,0.5
HS007170,10,6.134,2.52,9.84,2.143269568776742,1,90.0,0.1
HS007171,7,24.0,17.09,28.96,4.5275968607345485,0,100.0,0.5714285714285714
HS007172,9,4.795555555555556,2.07,6.92,1.7805905699452014,0,100.0,0.1111111111111111
HS007173,10,22.346,17.17,27.38,3.8863756323283463,0,100.0,0.2
HS007174,10,13.436000000000002,9.68,16.85,1.8417274499773308,2,80.0,0.1
HS007175,8,4.8675,2.95,7.49,1.4935552024806928,0,100.0,0.25
HS007176,5,1.3780000000000001,-1.22,3.45,1.886099149037505,0,100.0,0.6
HS007177,2,12.23,12.1,12.36,0.18384776310850284,0,100.0,1.0
HS007178,7,4.218571428571429,2.36,7.78,1.850147999228067,0,100.0,0.42857142857142855
HS007179,7,5.2942857142857145,2.91,7.79,2.064314713917245,0,100.0,0.14285714285714285
HS007180,9,3.388888888888889,-1.47,7.56,2.395143233944707,1,88.88888888888889,0.1111111111111111
HS007181,3,11.76,10.87,12.78,0.961613227862429,0,100.0,0.0
HS007182,14,13.369285714285715,12.15,15.67,1.1292370759173531,1,92.85714285714286,0.21428571428571427
HS007183,3,25.340000000000003,19.19,29.6,5.456289948307365,0,100.0,0.3333333333333333
HS007184,9,-18.549999999999997,-19.96,-16.87,1.0040916292848983,0,100.0,0.3333333333333333
HS007185,10,24.269,15.31,29.65,4.28637751746416,0,100.0,0.2
HS007186,10,4.552,2.17,6.95,1.8393585838547086,0,100.0,0.1
HS007187,9,22.865555555555556,16.92,29.46,4.279156199273143,0,100.0,0.2222222222222222
HS007188,5,13.09,12.02,14.53,1.0243290486948027,0,100.0,0.2
HS007189,9,5.418888888888889,2.26,7.83,2.0423114628065697,0,100.0,0.2222222222222222
HS007190,9,-17.5,-19.99,-15.19,1.571551780884104,0,100.0,0.2222222222222222
HS007191,9,9.79888888888889,8.14,11.46,1.2760823292840915,0,100.0,0.3333333333333333
HS007192,9,13.692222222222222,12.32,18.61,1.9742009635405517,1,88.88888888888889,0.3333333333333333
HS007193,11,-16.671818181818182,-19.64,-11.27,2.3287499573024926,1,90.9090909090909,0.18181818181818182
HS007194,11,23.240909090909092,15.06,29.92,4.356694743829213,0,100.0,0.0
HS007195,13,-17.817692307692308,-19.72,-15.21,1.4983221385166916,0,100.0,0.15384615384615385
HS007196,4,8.1,4.99,10.81,2.394577206940716,1,75.0,0.5
HS007197,7,24.125714285714285,18.97,29.91,3.458838230499066,0,100.0,0.42857142857142855
HS007198,6,14.188333333333333,12.73,17.87,1.858240206934149,1,83.33333333333334,0.16666666666666666
HS007199,6,10.395000000000001,9.23,11.31,0.8219671526283767,0,100.0,0.3333333333333333
HS007200,8,22.79625,17.75,28.6,3.854088506285983,0,100.0,0.125
HS007201,7,23.107142857142858,15.49,29.99,5.223388792363677,0,100.0,0.42857142857142855
HS007202,8,25.68,16.86,34.73,5.081456484119488,1,87.5,0.5
HS007203,10,24.823,20.94,30.95,3.6716543349770228,1,90.0,0.1
HS007204,5,-16.97,-19.55,-11.74,3.2808916470983918,1,80.0,0.2
HS007205,3,9.299999999999999,9.28,9.32,0.020000000000000906,0,100.0,0.0
HS007206,14,5.932142857142857,3.29,10.7,2.1756738251416716,1,92.85714285714286,0.14285714285714285
HS007207,10,23.887999999999998,16.22,29.27,3.8902122192897273,0,100.0,0.1
HS007208,9,21.336666666666666,15.05,28.66,5.625959918093977,0,100.0,0.1111111111111111
HS007209,7,5.974285714285714,0.4,11.95,3.518914876032369,2,71.42857142857143,0.42857142857142855
HS007210,14,5.013571428571429,2.32,8.73,2.0094913521848,1,92.85714285714286,0.35714285714285715
HS007211,5,10.01,8.15,11.93,1.4575150084990547,0,100.0,0.0
HS007212,6,5.5633333333333335,2.43,7.97,2.3568340346037657,0,100.0,0.3333333333333333
HS007213,12,23.825,19.29,29.0,3.2217400719035503,0,100.0,0.3333333333333333
HS007214,6,9.768333333333333,8.47,11.09,0.9884820011849816,0,100.0,0.3333333333333333
HS007215,11,5.512727272727273,2.87,7.7,1.7004592962437584,0,100.0,0.18181818181818182
HS007216,9,24.12333333333333,16.53,29.41,4.359587136415558,0,100.0,0.1111111111111111
HS007217,5,0.10199999999999998,-0.52,0.57,0.40412869237410004,0,100.0,0.2
HS007218,6,6.161666666666666,4.06,7.82,1.3981475840077355,0,100.0,0.0
HS007219,9,4.865555555555556,2.03,7.72,1.8174096340059875,0,100.0,0.3333333333333333
HS007220,10,9.961,8.24,11.92,1.2519003332711616,0,100.0,0.5
HS007221,6,9.495,8.52,12.67,1.5880900478247448,0,100.0,0.6666666666666666
HS007222,10,10.131,8.53,11.89,1.1822337614307368,0,100.0,0.0
HS007223,9,13.644444444444444,12.68,14.78,0.6232397434196393,0,100.0,0.3333333333333333
HS007224,11,13.92181818181818,12.48,18.56,1.7468246516569323,1,90.9090909090909,0.18181818181818182
HS007225,10,4.801,2.75,7.83,1.8231684873684422,0,100.0,0.3
HS007226,8,10.58,7.38,11.98,1.507751400501517,1,87.5,0.375
HS007227,7,24.185714285714287,16.26,29.14,4.75198154157069,0,100.0,0.5714285714285714
HS007228,8,13.165,11.84,14.21,0.789755839303696,1,87.5,0.125
HS007229,5,6.109999999999999,5.1,7.71,1.2051141024815868,0,100.0,0.2
HS007230,8,22.603749999999998,16.38,29.99,4.660398319886402,0,100.0,0.0
HS007231,2,8.795,8.78,8.81,0.02121320343559723,0,100.0,0.5
HS007232,12,4.5825000000000005,2.55,7.86,1.640715614380727,0,100.0,0.0
HS007233,6,24.963333333333335,15.35,29.43,5.071870135035663,0,100.0,0.3333333333333333
HS007234,12,0.9983333333333334,-2.1,3.45,1.9247518533488146,1,91.66666666666666,0.4166666666666667
HS007235,8,9.9975,8.6,12.73,1.4756862810231723,0,100.0,0.0
HS007236,5,5.118,3.17,7.05,1.4467619016272169,0,100.0,0.4
HS007237,8,3.92625,2.08,5.45,1.2768481003739525,0,100.0,0.375
HS007238,6,4.961666666666667,2.8,6.64,1.3919686299147216,0,100.0,0.3333333333333333
HS007239,12,10.065833333333334,4.53,14.7,2.428446785062169,2,83.33333333333334,0.16666666666666666
HS007240,3,10.616666666666667,9.82,11.46,0.8209953308840031,0,100.0,0.0
HS007241,11,25.01090909090909,15.62,33.53,5.7105927092473605,2,81.81818181818183,0.09090909090909091
HS007242,3,4.423333333333333,2.72,5.28,1.4751384115849375,0,100.0,0.6666666666666666
HS007243,9,13.358888888888888,12.02,14.19,0.7218109940359114,0,100.0,0.4444444444444444
HS007244,7,6.785714285714286,2.64,11.42,3.234706875657912,2,71.42857142857143,0.14285714285714285
HS007245,5,22.466,16.08,28.27,5.130080896048327,0,100.0,0.0
HS007246,8,10.561250000000001,8.69,17.35,2.788396556650947,1,87.5,0.625
HS007247,5,7.836,3.43,11.83,3.481045819865059,2,60.0,0.4
HS007248,7,5.525714285714286,3.1,7.89,1.9756758939905192,0,100.0,0.5714285714285714
HS007249,9,4.602222222222222,2.29,7.18,1.8993536912445887,0,100.0,0.1111111111111111
HS007250,6,4.911666666666666,2.01,10.45,3.032684729190733,1,83.33333333333334,0.3333333333333333
HS007251,9,20.924444444444443,15.84,29.34,5.020697439378097,0,100.0,0.5555555555555556
HS007252,9,9.844444444444443,8.54,11.31,1.0871880139965568,0,100.0,0.4444444444444444
HS007253,8,4.79125,2.58,7.42,1.7294791742850544,0,100.0,0.125
HS007254,11,4.982727272727273,2.13,7.88,2.054546621077706,0,100.0,0.2727272727272727
HS007255,7,4.83,2.19,7.87,1.7977578628206117,0,100.0,0.14285714285714285
HS007256,7,5.151428571428572,3.03,6.71,1.484087020937211,0,100.0,0.2857142857142857
HS007257,10,22.961000000000002,15.91,33.63,5.488718632087296,1,90.0,0.4
HS007258,7,3.4057142857142857,-3.44,6.93,3.371917640071977,1,85.71428571428571,0.14285714285714285
HS007259,8,5.39375,2.62,7.7,1.6514922905403726,0,100.0,0.375
HS007260,7,13.397142857142857,12.34,14.91,1.138737814215287,0,100.0,0.5714285714285714
HS007261,8,2.0525,-1.4,4.87,1.9879619858394821,1,87.5,0.125
HS007262,9,5.385555555555555,2.7,6.45,1.2147336242064668,0,100.0,0.1111111111111111
HS007263,6,6.256666666666667,2.68,10.1,3.296699359460408,2,66.66666666666666,0.3333333333333333
HS007264,11,9.981818181818182,8.25,16.3,2.247993853113564,1,90.9090909090909,0.2727272727272727
HS007265,12,23.245,15.33,29.06,4.434247912042645,0,100.0,0.5
HS007266,9,24.04888888888889,18.82,28.15,2.9323772116000204,0,100.0,0.3333333333333333
HS007267,4,22.490000000000002,16.76,26.45,4.088887379226774,0,100.0,0.25
HS007268,13,23.00769230769231,15.22,30.18,4.964445510907459,1,92.3076923076923,0.3076923076923077
HS007269,4,14.545,12.87,17.97,2.3239836488237167,1,75.0,0.25
HS007270,5,5.497999999999999,2.37,6.68,1.8217766054047349,0,100.0,0.4
HS007271,3,7.1066666666666665,3.62,12.15,4.472989306194833,1,66.66666666666666,1.0
HS007272,9,23.487777777777776,15.23,29.63,4.801158135746461,0,100.0,0.4444444444444444
HS007273,9,13.286666666666667,12.18,14.43,0.714160346140837,0,100.0,0.1111111111111111
HS007274,11,10.068181818181818,8.17,12.98,1.7994266763712174,0,100.0,0.18181818181818182
HS007275,7,5.565714285714286,2.59,7.89,2.0685087796353616,0,100.0,0.0
HS007276,16,10.409375,8.21,14.91,1.5947307766516576,1,93.75,0.25
HS007277,10,5.6530000000000005,3.25,7.9,1.641375101012021,0,100.0,0.2
HS007278,7,10.297142857142857,8.67,12.58,1.7174274781943901,0,100.0,0.5714285714285714
HS007279,9,-16.121111111111112,-19.02,-15.09,1.2449140978843127,0,100.0,0.1111111111111111
HS007280,4,18.835,15.12,21.34,2.757311492498929,0,100.0,0.25
HS007281,9,-0.43666666666666665,-3.15,2.39,1.549532187468205,1,88.88888888888889,0.3333333333333333
HS007282,5,10.431999999999999,8.15,13.01,2.2271775860941125,1,80.0,0.2
HS007283,11,10.141818181818183,8.04,11.94,1.3439182875593154,0,100.0,0.2727272727272727
HS007284,5,10.73,9.15,14.36,2.3117633961978026,1,80.0,0.2
HS007285,8,10.415,8.04,11.25,1.0338416568452693,0,100.0,0.375
HS007286,9,1.5255555555555556,-1.21,3.2,1.4467732295621791,0,100.0,0.1111111111111111
HS007287,10,6.448,2.98,12.29,2.4690024976361067,1,90.0,0.5
HS007288,9,10.565555555555555,8.09,12.56,1.451276258256084,0,100.0,0.4444444444444444
HS007289,9,9.946666666666665,8.69,12.75,1.235273249123448,0,100.0,0.1111111111111111
HS007290,12,21.143333333333334,15.58,28.05,4.357877576263125,0,100.0,0.4166666666666667
HS007291,8,9.98625,8.34,11.73,1.4872595844130816,0,100.0,0.25
HS007292,5,5.2780000000000005,2.82,6.92,2.0822511856161827,0,100.0,0.2
HS007293,6,4.491666666666666,2.86,6.45,1.5346454530824594,0,100.0,0.16666666666666666
HS007294,6,8.565,5.05,10.36,1.9376764435787515,1,83.33333333333334,0.16666666666666666
HS007295,10,22.29,18.07,29.18,4.318245528503961,0,100.0,0.2
HS007296,4,9.5825,8.51,10.86,1.2393916518464483,0,100.0,0.25
HS007297,8,4.9125,0.7,7.36,2.3226693387442943,1,87.5,0.0
HS007298,4,-18.8475,-19.65,-17.46,0.957962246994455,0,100.0,0.5
HS007299,8,25.01125,20.57,29.6,3.1258436004198478,0,100.0,0.25
HS007300,7,-17.84714285714286,-19.85,-15.43,1.651370282378792,0,100.0,0.14285714285714285
HS007301,8,6.80875,3.49,10.69,2.4835196079067186,2,75.0,0.125
HS007302,8,5.74875,2.85,12.27,3.1692830982957103,1,87.5,0.375
HS007303,6,4.543333333333333,2.48,7.08,2.1165034057772423,0,100.0,0.3333333333333333
HS007304,7,5.522857142857143,2.99,7.99,1.7564900064780167,0,100.0,0.14285714285714285
HS007305,10,0.040000000000000015,-1.93,2.6,1.3836907168872674,0,100.0,0.3
HS007306,12,6.9875,4.42,12.03,1.9231514146411777,1,91.66666666666666,0.25
HS007307,8,11.055,8.19,12.35,1.2652724156142365,0,100.0,0.25
HS007308,6,9.708333333333334,8.65,12.28,1.300852284722084,0,100.0,0.16666666666666666
HS007309,10,5.516,2.19,7.9,1.7696214284416878,0,100.0,0.3
HS007310,7,10.915714285714285,8.33,17.11,2.8848619674827725,1,85.71428571428571,0.42857142857142855
HS007311,13,4.732307692307692,2.15,9.92,2.157105135152796,1,92.3076923076923,0.3076923076923077
HS007312,13,10.985384615384616,8.13,14.54,1.6705518817874498,2,84.61538461538461,0.3076923076923077
HS007313,5,0.774,-1.87,4.41,2.540409415822576,1,80.0,0.2
HS007314,8,6.12,2.4,12.22,3.5558081259499126,2,75.0,0.125
HS007315,6,1.11,-0.95,5.58,2.6043271683872593,1,83.33333333333334,0.3333333333333333
HS007316,9,5.711111111111111,2.74,7.45,1.528843062943712,0,100.0,0.2222222222222222
HS007317,8,10.19,8.36,14.68,2.0066745767918768,1,87.5,0.125
HS007318,6,10.135,8.1,11.75,1.3762230923800114,0,100.0,0.16666666666666666
HS007319,8,4.14125,2.16,6.76,1.7395026998706105,0,100.0,0.125
HS007320,18,23.006666666666668,12.72,29.31,5.110319432861545,1,94.44444444444444,0.5
HS007321,6,5.073333333333333,2.76,7.29,1.7672539904231839,0,100.0,0.0
HS007322,5,-18.338,-19.93,-17.26,1.074927904559184,0,100.0,0.4
HS007323,15,5.914666666666666,2.8,10.77,2.2508026081716674,1,93.33333333333333,0.26666666666666666
HS007324,6,5.618333333333333,3.33,7.08,1.5815614647134861,0,100.0,0.6666666666666666
HS007325,12,5.558333333333334,3.45,7.63,1.4027105794485797,0,100.0,0.3333333333333333
HS007326,10,5.0409999999999995,2.66,7.98,1.7365127890881387,0,100.0,0.3
HS007327,10,10.922,8.96,11.87,0.9540649873043235,0,100.0,0.5
HS007328,10,9.779,8.22,11.93,1.261008855374669,0,100.0,0.4
HS007329,5,5.284000000000001,3.14,7.53,1.8092899159615077,0,100.0,0.6
HS007330,4,3.4924999999999997,2.03,4.81,1.1433394071753145,0,100.0,0.5
HS007331,8,6.04125,4.46,7.97,1.3450378380232602,0,100.0,0.25
HS007332,7,5.357142857142857,2.52,8.57,2.3016350296091277,1,85.71428571428571,0.2857142857142857
HS007333,6,9.926666666666668,7.27,12.46,1.7636628551587372,1,83.33333333333334,0.5
HS007334,7,23.582857142857144,15.11,28.24,4.477870454750094,0,100.0,0.2857142857142857
HS007335,6,12.034999999999998,10.03,16.8,2.455123214830572,1,83.33333333333334,0.16666666666666666
HS007336,9,24.06,15.82,29.78,4.094670316399112,0,100.0,0.3333333333333333
HS007337,9,12.894444444444444,8.41,14.89,1.911498830179547,1,88.88888888888889,0.3333333333333333
HS007338,11,4.458181818181818,2.08,7.44,2.13044510927561,0,100.0,0.2727272727272727
HS007339,6,6.616666666666667,4.82,7.87,1.0747030597642617,0,100.0,0.3333333333333333
HS007340,12,10.729166666666666,8.31,12.95,1.5496654086569395,0,100.0,0.5
HS007341,6,10.953333333333333,8.69,15.8,2.5684989131137796,1,83.33333333333334,0.16666666666666666
HS007342,8,10.30875,8.21,13.44,2.2687909775913684,1,87.5,0.375
HS007343,9,5.222222222222222,2.54,7.28,1.6546130799810703,0,100.0,0.2222222222222222
HS007344,8,5.84125,3.06,7.62,1.8159644230309926,0,100.0,0.25
HS007345,6,22.834999999999997,17.19,28.26,3.529842772702489,0,100.0,0.3333333333333333
HS007346,6,10.658333333333333,8.33,11.62,1.3125763469858314,0,100.0,0.16666666666666666
HS007347,16,5.043125,2.1,9.01,1.9016544332063419,1,93.75,0.4375
HS007348,11,10.52,8.1,12.58,1.522162934774067,1,90.9090909090909,0.36363636363636365
HS007349,11,21.975454545454543,15.38,29.67,4.741034409570053,0,100.0,0.2727272727272727
HS007350,10,21.057,17.19,27.35,3.220621230618577,0,100.0,0.5
HS007351,6,24.060000000000002,16.18,28.12,4.356544502240278,0,100.0,0.6666666666666666
HS007352,10,22.563,16.27,29.59,4.5051823245877385,0,100.0,0.3
HS007353,8,5.03125,2.08,6.81,1.560397728602734,0,100.0,0.5
HS007354,12,5.100833333333333,2.18,7.62,1.9398475025973907,0,100.0,0.4166666666666667
HS007355,13,5.53923076923077,2.72,9.05,1.9563037491592044,2,84.61538461538461,0.15384615384615385
HS007356,2,22.49,22.33,22.65,0.2262741699796954,0,100.0,0.0
HS007357,5,4.57,2.72,6.31,1.5467385040788246,0,100.0,0.0
HS007358,6,5.621666666666667,2.05,9.98,3.020115339960821,1,83.33333333333334,0.0
HS007359,6,24.05,17.67,28.36,4.018785886309444,0,100.0,0.5
HS007360,6,21.46166666666667,16.35,28.24,4.231535970149215,0,100.0,0.5
HS007361,11,20.455454545454543,15.92,29.12,4.359186537959493,0,100.0,0.36363636363636365
HS007362,6,10.951666666666668,8.8,15.43,2.3646937786247646,1,83.33333333333334,0.3333333333333333
HS007363,5,12.042,10.24,13.0,1.1026422810685246,0,100.0,0.2
HS007364,8,4.9225,3.14,6.93,1.0836545311385646,0,100.0,0.25
HS007365,11,3.8563636363636364,-2.25,6.21,2.7571045418238054,2,81.81818181818183,0.2727272727272727
HS007366,8,4.46625,2.49,6.81,1.5604480812528538,0,100.0,0.375
HS007367,9,10.834444444444443,8.41,12.59,1.6088125365553863,0,100.0,0.1111111111111111
HS007368,9,22.225555555555555,16.62,27.35,3.942975117570206,0,100.0,0.0
HS007369,7,11.117142857142856,9.26,12.89,1.4076660859464543,0,100.0,0.2857142857142857
HS007370,9,5.885555555555555,2.62,10.84,2.407265622605403,1,88.88888888888889,0.1111111111111111
HS007371,13,22.505384615384614,16.47,29.53,4.203448218198593,0,100.0,0.23076923076923078
HS007372,12,0.7999999999999999,-3.14,9.02,2.9638120416419484,2,83.33333333333334,0.16666666666666666
HS007373,9,4.4622222222222225,2.39,7.68,2.04680102707724,0,100.0,0.3333333333333333
HS007374,8,13.90875,12.13,15.28,0.9168024791165675,1,87.5,0.0
HS007375,13,13.968461538461538,12.08,17.07,1.640111003122686,3,76.92307692307693,0.46153846153846156
HS007376,7,5.377142857142857,2.33,9.04,2.4548368193270624,1,85.71428571428571,0.2857142857142857
HS007377,10,5.167,2.52,7.95,2.155968717563201,0,100.0,0.2
HS007378,5,9.796000000000001,5.61,11.86,2.4765257923147095,1,80.0,0.2
HS007379,7,23.87142857142857,18.12,28.5,3.722330938947748,0,100.0,0.2857142857142857
HS007380,5,5.242,2.99,6.84,1.4737944225705293,0,100.0,0.4
HS007381,14,24.02785714285714,15.69,29.63,4.983242964130932,0,100.0,0.35714285714285715
HS007382,4,4.42,3.02,5.5,1.1975808949711915,0,100.0,0.25
HS007383,4,19.5825,17.31,24.15,3.1424976796597104,0,100.0,0.0
HS007384,5,13.77,13.13,14.46,0.5435991169970755,0,100.0,0.0
HS007385,8,13.23875,12.14,14.57,0.7940391767952725,0,100.0,0.5
HS007386,5,23.916,16.94,28.71,4.672818207463243,0,100.0,0.6
HS007387,10,23.85,17.01,28.15,3.813117709521523,0,100.0,0.2
HS007388,10,5.432,2.21,10.05,2.6327543667337365,1,90.0,0.4
HS007389,9,14.030000000000001,12.06,19.76,2.2728891306000834,1,88.88888888888889,0.1111111111111111
HS007390,7,5.237142857142857,2.54,7.17,1.7115851744870336,0,100.0,0.14285714285714285
HS007391,7,4.982857142857143,3.39,6.27,1.2812326653879624,0,100.0,0.2857142857142857
HS007392,13,22.12,15.07,28.92,4.952987314069492,0,100.0,0.15384615384615385
HS007393,6,3.8466666666666662,1.93,7.24,2.100853794690784,1,83.33333333333334,0.16666666666666666
HS007394,10,9.541,4.37,11.96,2.2546172377787075,1,90.0,0.2
HS007395,8,-17.625,-19.83,-15.38,1.3578028470394992,0,100.0,0.25
HS007396,8,4.26375,1.98,6.65,1.887772213105021,1,87.5,0.125
HS007397,8,6.41625,4.54,9.86,1.6681892450027533,1,87.5,0.25
HS007398,9,1.4188888888888889,-1.36,3.77,1.9665225935928403,0,100.0,0.3333333333333333
HS007399,7,22.04714285714286,16.53,25.99,2.892644201451412,0,100.0,0.14285714285714285
HS007400,5,9.972,8.8,11.03,0.8613768048885451,0,100.0,0.0
HS007401,7,1.0257142857142856,-1.35,2.72,1.555772660586556,0,100.0,0.14285714285714285
HS007402,7,1.92,-1.39,3.84,1.9961128892591886,0,100.0,0.14285714285714285
HS007403,8,1.3275000000000001,-0.28,3.1,1.0660440891445344,0,100.0,0.25
HS007404,8,21.325,16.15,28.63,4.803305409521953,0,100.0,0.125
HS007405,6,1.0183333333333333,-1.79,3.84,2.1488919625394542,0,100.0,0.0
HS007406,10,4.221,2.01,6.76,1.8158710796137973,0,100.0,0.2
HS007407,7,13.067142857142857,12.14,14.35,0.7679781742930432,0,100.0,0.42857142857142855
HS007408,10,5.564,2.57,7.68,1.97541106833208,0,100.0,0.2
HS007409,10,14.474,12.48,19.16,1.806089698769139,1,90.0,0.3
HS007410,11,9.703636363636363,8.34,11.49,1.0861332581895542,0,100.0,0.45454545454545453
HS007411,11,4.218181818181818,2.47,7.81,1.6481251055779607,0,100.0,0.09090909090909091
HS007412,12,0.9141666666666666,-1.99,3.9,1.6537530778275948,0,100.0,0.25
HS007413,8,21.35875,15.6,27.43,4.4792934312073305,0,100.0,0.25
HS007414,6,4.823333333333333,3.19,7.84,1.9347833642727723,0,100.0,0.0
HS007415,9,22.355555555555554,16.19,29.56,4.3949661861927645,0,100.0,0.0
HS007416,8,5.8425,4.37,7.27,1.1973154495429705,0,100.0,0.375
HS007417,7,5.2457142857142856,2.29,7.91,2.1880421777078642,0,100.0,0.14285714285714285
HS007418,9,21.028888888888886,15.05,29.43,4.559225384987138,0,100.0,0.4444444444444444
HS007419,11,5.107272727272727,2.4,7.86,2.190082605332917,0,100.0,0.18181818181818182
HS007420,9,21.104444444444443,15.49,28.65,5.044242041950184,0,100.0,0.3333333333333333
HS007421,9,5.381111111111111,2.17,7.77,2.150078163953839,0,100.0,0.1111111111111111
HS007422,11,10.147272727272728,8.09,13.78,1.892089273311864,1,90.9090909090909,0.18181818181818182
HS007423,10,1.052,-1.16,3.93,1.5856845700061393,0,100.0,0.4
HS007424,5,10.604,8.04,12.76,1.961958205467181,0,100.0,0.6
HS007425,8,9.64875,8.12,11.39,1.2429278510264155,0,100.0,0.125
HS007426,5,10.844,8.6,12.72,1.6947359676362572,0,100.0,0.4
HS007427,4,12.879999999999999,12.1,14.24,0.9369098142297376,0,100.0,0.0
HS007428,10,4.713,2.05,6.98,1.5371622483582459,0,100.0,0.1
HS007429,5,21.488,15.29,28.19,4.770405643129314,0,100.0,0.2
HS007430,8,5.825,3.75,7.89,1.5744931157132986,0,100.0,0.125
HS007431,8,22.445,16.16,31.09,4.80900346077171,1,87.5,0.125
HS007432,8,1.0012500000000002,-4.55,3.98,2.755547327016644,1,87.5,0.125
HS007433,6,10.406666666666666,9.18,11.42,0.9794624375986386,0,100.0,0.16666666666666666
HS007434,8,13.965,12.63,14.95,0.8628027418990806,0,100.0,0.5
HS007435,7,22.367142857142856,16.44,26.84,3.9959342432265412,0,100.0,0.14285714285714285
HS007436,9,2.3722222222222222,-1.09,6.99,2.613908843943194,2,77.77777777777779,0.5555555555555556
HS007437,6,24.08,18.34,28.39,3.510333317507043,0,100.0,0.16666666666666666
HS007438,14,5.682142857142857,2.52,10.79,2.362326684147932,1,92.85714285714286,0.21428571428571427
HS007439,8,4.59,2.44,6.88,1.476791889778071,0,100.0,0.125
HS007440,8,23.14,15.82,28.93,4.613309936632111,0,100.0,0.25
HS007441,6,21.325,15.12,27.37,4.950998889113186,0,100.0,0.16666666666666666
HS007442,5,10.15,9.32,11.56,0.8488227141164405,0,100.0,0.8
HS007443,11,24.866363636363634,17.08,30.39,4.529910093428507,2,81.81818181818183,0.2727272727272727
HS007444,6,4.771666666666667,2.12,6.86,1.843642228488669,0,100.0,0.16666666666666666
HS007445,9,20.953333333333333,17.12,28.53,3.581877999039052,0,100.0,0.1111111111111111
HS007446,3,1.7700000000000002,-0.94,5.1,3.067360428772595,1,66.66666666666666,0.6666666666666666
HS007447,7,1.7114285714285715,-0.41,3.99,1.355598620185053,0,100.0,0.42857142857142855
HS007448,7,5.87,2.34,9.85,2.775319801392265,1,85.71428571428571,0.0
HS007449,7,23.771428571428572,16.77,29.51,4.931434641060108,0,100.0,0.42857142857142855
HS007450,7,11.221428571428572,7.46,15.9,2.7808837238752515,2,71.42857142857143,0.42857142857142855
HS007451,6,4.25,2.04,6.67,2.196123858073583,0,100.0,0.5
HS007452,13,0.6238461538461538,-5.79,9.08,3.525541420504418,3,76.92307692307693,0.3076923076923077
HS007453,4,4.8725,2.33,7.47,2.7491862432363505,0,100.0,0.5
HS007454,9,4.63,2.18,7.39,1.9261230490287997,0,100.0,0.3333333333333333
HS007455,11,5.266363636363637,2.03,9.03,2.3246000633540067,1,90.9090909090909,0.18181818181818182
HS007456,5,4.2219999999999995,2.32,7.53,2.0544877707107436,0,100.0,0.6
HS007457,6,-16.790000000000003,-18.7,-15.07,1.457806571531354,0,100.0,0.0
HS007458,5,5.704,3.68,7.78,1.9627225988407024,0,100.0,0.4
HS007459,8,5.07625,2.2,7.87,2.0662660421985493,0,100.0,0.25
HS007460,8,21.725,16.76,29.72,4.456782952502206,0,100.0,0.0
HS007461,13,1.7061538461538461,-1.65,5.39,2.422283834392447,2,84.61538461538461,0.15384615384615385
HS007462,12,13.655000000000001,12.04,17.27,1.463666007604939,1,91.66666666666666,0.25
HS007463,6,5.751666666666668,3.47,7.48,1.6657780964662332,0,100.0,0.16666666666666666
HS007464,3,10.343333333333334,8.01,11.76,2.0361319538117693,0,100.0,0.0
HS007465,5,9.89,8.13,12.52,1.8289067772852716,0,100.0,0.4
HS007466,10,22.72,15.45,28.44,4.773265828200508,0,100.0,0.4
HS007467,3,8.08,6.66,10.49,2.098165865702709,1,66.66666666666666,0.0
HS007468,7,3.9957142857142856,2.02,7.24,1.9862599455832992,0,100.0,0.14285714285714285
HS007469,10,22.898,16.22,29.65,5.071799592956244,0,100.0,0.2
HS007470,6,10.853333333333333,8.22,12.29,1.5837760784488015,0,100.0,0.0
HS007471,10,9.628,8.24,11.66,1.209451666389911,0,100.0,0.2
HS007472,6,9.878333333333332,8.33,11.65,1.16660904619614,0,100.0,0.6666666666666666
HS007473,4,11.41,9.84,15.83,2.9479371318488687,1,75.0,0.25
HS007474,3,6.413333333333334,4.45,7.76,1.739032297955772,0,100.0,0.3333333333333333
HS007475,6,24.105,19.14,28.92,3.8064721199556955,0,100.0,0.3333333333333333
HS007476,9,1.8644444444444446,-0.82,7.32,2.5784060537040667,1,88.88888888888889,0.3333333333333333
HS007477,7,11.751428571428573,9.46,14.3,1.7580617032348305,2,71.42857142857143,0.2857142857142857
HS007478,11,4.56,2.02,7.88,1.848437177726092,0,100.0,0.2727272727272727
HS007479,12,10.838333333333333,8.21,14.25,1.5442493518230986,1,91.66666666666666,0.3333333333333333
HS007480,11,6.004545454545454,2.89,10.58,2.3602345800210776,2,81.81818181818183,0.2727272727272727
HS007481,9,2.3722222222222222,-1.65,7.36,2.670822802891357,1,88.88888888888889,0.2222222222222222
HS007482,9,10.238888888888889,8.6,11.78,1.0910596276607027,0,100.0,0.2222222222222222
HS007483,6,20.581666666666667,15.17,27.18,4.05572393866578,0,100.0,0.3333333333333333
HS007484,6,4.84,2.7,7.0,1.7187902722554604,0,100.0,0.16666666666666666
HS007485,12,4.5183333333333335,2.4,7.14,1.3820921777793214,0,100.0,0.5
HS007486,8,-16.6575,-19.49,-10.94,2.723462869216322,1,87.5,0.25
HS007487,13,1.2753846153846156,-2.0,3.94,2.0244942388352016,0,100.0,0.3076923076923077
HS007488,11,13.507272727272728,12.01,14.93,0.9134450274547555,0,100.0,0.18181818181818182
HS007489,5,13.64,12.76,14.87,0.8439490505948799,0,100.0,0.2
HS007490,11,4.62,2.23,9.06,2.3489785013916156,1,90.9090909090909,0.18181818181818182
HS007491,8,21.353749999999998,15.53,25.89,3.9757297173870207,0,100.0,0.375
HS007492,10,0.7060000000000001,-3.04,3.9,2.3436590574948775,1,90.0,0.1
HS007493,8,0.785,-1.36,3.55,1.6867212488815606,0,100.0,0.125
HS007494,6,-17.953333333333333,-18.91,-16.5,0.9356851322248667,0,100.0,0.5
HS007495,9,4.464444444444444,-0.22,7.66,2.3145253893137094,1,88.88888888888889,0.4444444444444444
HS007496,7,9.512857142857143,8.01,11.38,1.3553193262808865,0,100.0,0.0
HS007497,7,5.292857142857143,3.01,8.91,2.183389675754302,1,85.71428571428571,0.42857142857142855
HS007498,14,23.327142857142857,15.99,30.25,4.652973290226416,1,92.85714285714286,0.0
HS007499,8,22.15,15.62,27.97,4.71869231279781,0,100.0,0.0
HS007500,11,22.064545454545456,15.58,29.83,5.176690764641757,0,100.0,0.18181818181818182
HS007501,12,14.459166666666667,12.35,18.59,1.5933980746324576,1,91.66666666666666,0.25
HS007502,4,5.2925,4.13,6.2,0.8587733499979296,0,100.0,0.0
HS007503,12,1.7841666666666667,-0.67,6.45,2.1619833416788783,1,91.66666666666666,0.4166666666666667
HS007504,10,10.74,8.42,12.38,1.1646744895749483,0,100.0,0.1
HS007505,4,11.122499999999999,9.7,12.42,1.2760975668027899,0,100.0,0.5
HS007506,7,19.754285714285714,10.98,28.19,5.327240865410089,1,85.71428571428571,0.0
HS007507,5,2.9799999999999995,2.23,4.14,0.864783209827758,0,100.0,0.2
HS007508,8,-17.04375,-19.42,-10.73,2.811659080634473,1,87.5,0.25
HS007509,6,11.089999999999998,8.76,12.74,1.658927364292964,0,100.0,0.3333333333333333
HS007510,8,6.20125,2.19,7.61,1.7343787483871977,0,100.0,0.125
HS007511,4,10.59,8.12,15.2,3.2901367752724204,1,75.0,0.5
HS007512,6,13.583333333333334,12.73,14.57,0.7960569493865797,0,100.0,0.0
HS007513,5,4.7780000000000005,3.81,5.41,0.6286254846886181,0,100.0,0.6
HS007514,11,5.359090909090909,3.25,7.97,1.6894937380496828,0,100.0,0.2727272727272727
HS007515,6,18.796666666666667,15.04,25.17,3.7086529450282457,0,100.0,0.16666666666666666
HS007516,9,4.311111111111111,2.01,7.34,1.770087882312941,0,100.0,0.2222222222222222
HS007517,12,10.110000000000001,8.3,13.88,1.8068304745150732,2,83.33333333333334,0.25
HS007518,6,9.533333333333333,8.11,11.79,1.3202070544678461,0,100.0,0.5
HS007519,7,5.811428571428571,2.07,8.94,2.7604916746323083,1,85.71428571428571,0.14285714285714285
HS007520,12,13.985,12.02,16.13,1.2470000364511185,1,91.66666666666666,0.08333333333333333
HS007521,7,13.354285714285714,12.02,14.96,1.2859349017071475,0,100.0,0.5714285714285714
HS007522,10,5.029999999999999,2.31,7.79,1.7127041646342653,0,100.0,0.1
HS007523,6,10.163333333333334,8.06,12.5,1.6486681493456063,0,100.0,0.3333333333333333
HS007524,10,1.4769999999999999,-1.58,3.54,1.5847961663535437,0,100.0,0.1
HS007525,10,5.578,2.77,7.74,1.3629852856465068,0,100.0,0.2
HS007526,11,10.38,8.33,16.94,2.4101659693888307,1,90.9090909090909,0.18181818181818182
HS007527,14,22.089285714285715,15.37,29.3,4.258924501806519,0,100.0,0.21428571428571427
HS007528,9,3.953333333333333,2.15,7.3,1.8051869709257264,0,100.0,0.2222222222222222
HS007529,7,0.9800000000000001,-1.0,2.19,1.0789192122984308,0,100.0,0.2857142857142857
HS007530,9,9.143333333333334,4.49,11.86,2.0212125073826352,1,88.88888888888889,0.5555555555555556
HS007531,5,-17.863999999999997,-19.96,-15.05,1.9841824512881878,0,100.0,0.2
HS007532,6,9.326666666666666,8.24,11.45,1.1666647619032064,0,100.0,0.0
HS007533,12,5.528333333333333,2.38,9.15,2.3201012255868703,2,83.33333333333334,0.25
HS007534,10,10.629999999999999,8.71,12.95,1.4022600804891128,0,100.0,0.4
HS007535,8,24.605,19.32,29.81,4.709367564455215,0,100.0,0.125
HS007536,7,12.141428571428571,8.69,19.15,3.5068714859611863,2,71.42857142857143,0.2857142857142857
HS007537,10,25.627999999999997,17.03,29.51,4.683706509450253,0,100.0,0.4
HS007538,14,21.552142857142858,16.22,26.46,3.216589638281343,0,100.0,0.2857142857142857
HS007539,7,5.948571428571428,4.44,7.36,1.0814870714503644,0,100.0,0.2857142857142857
HS007540,7,5.385714285714286,2.73,7.5,1.920267838461232,0,100.0,0.5714285714285714
HS007541,7,6.681428571428571,5.56,7.74,0.8304703199879889,0,100.0,0.0
HS007542,8,23.98375,15.48,29.51,5.488416210529227,0,100.0,0.125
HS007543,9,1.7266666666666666,0.25,3.08,1.0156648069122018,0,100.0,0.1111111111111111
HS007544,4,1.825,-1.69,5.81,3.107684025122245,1,75.0,0.25
HS007545,4,9.22,8.32,10.21,0.8763941274715765,0,100.0,0.25
HS007546,10,23.485999999999997,18.2,29.31,3.394253968105509,0,100.0,0.1
HS007547,11,9.705454545454545,6.81,11.09,1.1848321707006748,1,90.9090909090909,0.18181818181818182
HS007548,13,10.172307692307694,7.69,12.87,1.5799269700746392,2,84.61538461538461,0.46153846153846156
HS007549,3,11.11,8.85,12.36,1.9608926538696605,0,100.0,0.6666666666666666
HS007550,5,5.796,3.79,7.89,1.8127272271359527,0,100.0,0.4
HS007551,9,22.778888888888886,19.57,27.27,2.806494452357088,0,100.0,0.1111111111111111
HS007552,8,23.86875,16.78,29.0,4.002911217387379,0,100.0,0.125
HS007553,12,13.26,12.71,14.1,0.4948645361014559,0,100.0,0.16666666666666666
HS007554,13,4.787692307692308,2.03,9.22,2.277747988131237,1,92.3076923076923,0.46153846153846156
HS007555,8,23.48875,18.29,26.62,2.8153783683801468,0,100.0,0.125
HS007556,9,5.82,2.81,9.11,1.8977750130086548,1,88.88888888888889,0.3333333333333333
HS007557,6,13.445,13.2,14.14,0.3584271195096717,0,100.0,0.16666666666666666
HS007558,9,4.337777777777777,2.19,7.59,1.9512161449835446,0,100.0,0.3333333333333333
HS007559,13,-17.69076923076923,-23.6,-15.47,2.2031169644334274,1,92.3076923076923,0.15384615384615385
HS007560,12,22.595,15.16,32.29,5.663265200153771,1,91.66666666666666,0.3333333333333333
HS007561,10,-18.371000000000002,-19.76,-15.22,1.5215522045303314,0,100.0,0.1
HS007562,9,10.442222222222222,8.08,15.38,2.274724036986563,1,88.88888888888889,0.2222222222222222
HS007563,8,6.34875,2.97,12.23,2.734705194349109,1,87.5,0.125
HS007564,4,10.1075,8.59,11.34,1.2004547749360102,0,100.0,0.0
HS007565,8,23.46,15.38,29.96,4.660885875330691,0,100.0,0.5
HS007566,5,4.28,2.7,6.32,1.5357734207883664,0,100.0,0.6
HS007567,5,13.9,13.46,14.43,0.41309805131469696,0,100.0,0.2
HS007568,16,4.269375,-0.38,7.19,2.1462664287858892,1,93.75,0.1875
HS007569,9,10.562222222222223,9.02,12.2,1.1905332605368253,0,100.0,0.3333333333333333
HS007570,10,9.758999999999999,8.19,12.95,1.5544091410493497,0,100.0,0.2
HS007571,6,1.14,-1.71,3.5,1.8789571575743818,0,100.0,0.3333333333333333
HS007572,9,4.745555555555556,2.03,7.83,1.798840676040482,0,100.0,0.2222222222222222
HS007573,14,22.067857142857143,15.04,30.94,4.482333146873451,1,92.85714285714286,0.14285714285714285
HS007574,10,5.175,2.74,8.28,1.9812524097426634,1,90.0,0.5
HS007575,6,10.61,6.72,16.7,3.4340064065170295,2,66.66666666666666,0.3333333333333333
HS007576,7,5.188571428571429,2.58,7.54,1.7916326685589372,0,100.0,0.14285714285714285
HS007577,10,5.2170000000000005,2.09,7.69,2.0910287207762384,0,100.0,0.3
HS007578,5,13.496,12.22,14.95,1.118181559497383,0,100.0,0.2
HS007579,6,19.151666666666667,15.45,22.12,2.7168762700326767,0,100.0,0.3333333333333333
HS007580,5,22.154000000000003,18.21,27.85,3.9637267817043096,0,100.0,0.2
HS007581,10,10.392999999999999,8.16,12.74,1.5387661001955788,1,90.0,0.3
HS007582,11,21.478181818181817,15.29,29.51,4.832789708195088,0,100.0,0.18181818181818182
HS007583,9,-18.11888888888889,-22.0,-15.31,1.8472238930652425,1,88.88888888888889,0.1111111111111111
HS007584,7,10.6,8.09,12.57,1.8082680479766637,0,100.0,0.42857142857142855
HS007585,5,-18.056,-22.83,-15.22,2.8928065956783207,1,80.0,0.0
HS007586,8,13.4575,12.52,14.69,0.8746876993696501,0,100.0,0.375
HS007587,9,9.867777777777778,8.02,11.83,1.3243751147029474,0,100.0,0.2222222222222222
HS007588,11,23.30818181818182,18.49,28.22,3.2600393193390116,0,100.0,0.45454545454545453
HS007589,3,-18.256666666666668,-19.89,-15.88,2.1058094247422603,0,100.0,0.0
HS007590,13,10.096153846153847,8.34,12.05,1.2286411088511469,0,100.0,0.23076923076923078
HS007591,19,5.104736842105264,-1.31,9.56,2.3926005573226354,2,89.47368421052632,0.21052631578947367
HS007592,11,23.89909090909091,16.83,29.88,4.496679785231443,0,100.0,0.09090909090909091
HS007593,11,3.959090909090909,2.15,6.09,1.3640121300447041,0,100.0,0.18181818181818182
HS007594,7,22.595714285714283,16.02,27.97,4.575514022645825,0,100.0,0.14285714285714285
HS007595,8,21.64,17.58,27.13,3.1797349395373007,0,100.0,0.125
HS007596,8,4.87,2.76,6.55,1.2959607577833079,0,100.0,0.25
HS007597,7,7.851428571428571,6.22,13.56,2.6079137803451795,1,85.71428571428571,0.14285714285714285
HS007598,7,-16.2,-18.43,-12.34,2.029745468443436,1,85.71428571428571,0.2857142857142857
HS007599,15,22.058666666666667,15.68,29.28,4.403306982365912,0,100.0,0.2
HS007600,13,5.976923076923077,3.52,7.9,1.311591810329371,0,100.0,0.46153846153846156
HS007601,8,9.887500000000001,8.15,17.21,2.9915631365558712,1,87.5,0.125
HS007602,5,14.116,12.62,16.87,1.6277530525236321,1,80.0,0.6
HS007603,6,2.518333333333333,-1.5,8.0,3.1766990204718275,1,83.33333333333334,0.16666666666666666
HS007604,6,22.386666666666667,17.63,29.67,4.211800881649876,0,100.0,0.16666666666666666
HS007605,5,4.066,2.25,5.25,1.390765976000276,0,100.0,0.2
HS007606,9,1.1444444444444444,-1.82,2.99,1.6049385588793665,0,100.0,0.4444444444444444
HS007607,1,10.55,10.55,10.55,,0,100.0,0.0
HS007608,14,9.377857142857142,8.09,11.29,0.8988041505794805,0,100.0,0.2857142857142857
HS007609,10,22.641,16.28,27.08,3.6964651282603005,0,100.0,0.6
HS007610,5,1.8960000000000001,-0.93,3.88,1.8562812286935404,0,100.0,0.4
HS007611,3,19.006666666666664,16.79,20.81,2.0416251696463132,0,100.0,0.6666666666666666
HS007612,13,13.653846153846153,10.74,14.97,1.3126280157349637,1,92.3076923076923,0.15384615384615385
HS007613,7,4.3100000000000005,2.27,6.82,1.9124155754786494,0,100.0,0.2857142857142857
HS007614,12,22.4525,17.96,29.11,3.3061846315930112,0,100.0,0.3333333333333333
HS007615,7,13.655714285714286,12.21,14.8,0.9109126768038214,0,100.0,0.5714285714285714
HS007616,13,10.763846153846155,9.24,15.12,1.5709791981517902,1,92.3076923076923,0.23076923076923078
HS007617,10,-16.332,-19.76,-10.31,2.863501353238724,2,80.0,0.5
HS007618,6,1.0583333333333333,-1.01,3.46,1.5306915648381507,0,100.0,0.6666666666666666
HS007619,10,23.625,16.31,29.0,3.9497939468056082,0,100.0,0.3
HS007620,10,22.786,15.45,29.86,4.619105733556851,0,100.0,0.1
HS007621,15,5.046666666666667,2.48,10.44,2.3713819559388534,1,93.33333333333333,0.06666666666666667
HS007622,5,10.144,8.57,11.58,1.3309132203115273,0,100.0,0.2
HS007623,8,5.4425,2.73,9.06,2.1547207309930974,1,87.5,0.375
HS007624,9,23.095555555555553,18.2,31.7,4.594611276025186,1,88.88888888888889,0.2222222222222222
HS007625,8,4.9525,2.28,7.21,1.6034048593094459,0,100.0,0.375
HS007626,5,19.506,17.34,22.32,1.9139827585430338,0,100.0,0.2
HS007627,6,-16.538333333333334,-19.43,-15.32,1.4971628724579924,0,100.0,0.3333333333333333
HS007628,4,10.1275,8.46,11.77,1.3522666157233934,0,100.0,0.75
HS007629,8,5.36125,3.45,6.57,1.2704266718592732,0,100.0,0.25
HS007630,10,5.687,3.07,7.7,1.7208786515420933,0,100.0,0.3
HS007631,7,10.530000000000001,8.14,11.95,1.416286223426136,0,100.0,0.7142857142857143
HS007632,8,4.90625,2.42,7.32,1.5725769342978786,0,100.0,0.25
HS007633,12,4.715,2.46,9.82,2.400005681811456,1,91.66666666666666,0.3333333333333333
HS007634,14,13.229285714285714,12.39,14.88,0.7911186265780128,0,100.0,0.21428571428571427
HS007635,9,6.228888888888889,2.92,7.9,1.563109436703365,0,100.0,0.3333333333333333
HS007636,12,4.550833333333333,2.1,7.76,1.791203040789439,0,100.0,0.16666666666666666
HS007637,9,21.09777777777778,15.4,27.33,4.188447736864392,0,100.0,0.2222222222222222
HS007638,11,4.929090909090909,2.04,7.47,1.6383311908491185,0,100.0,0.2727272727272727
HS007639,11,21.905454545454546,14.43,33.59,5.102443265017973,2,81.81818181818183,0.09090909090909091
HS007640,4,26.18,18.52,31.76,5.852065162544473,1,75.0,0.5
HS007641,7,5.839999999999999,2.46,8.54,2.255977245748133,1,85.71428571428571,0.0
HS007642,7,14.4,12.28,16.86,1.4851150348261468,1,85.71428571428571,0.14285714285714285
HS007643,8,22.79,17.42,28.18,4.668774693948844,0,100.0,0.0
HS007644,16,10.970625,8.26,14.44,1.8602059697786155,2,87.5,0.25
HS007645,11,20.903636363636362,15.75,28.06,3.6895725300562194,0,100.0,0.36363636363636365
HS007646,11,0.20909090909090908,-1.66,2.67,1.7353123900062173,0,100.0,0.09090909090909091
HS007647,9,5.368888888888889,3.2,7.03,1.3126542237432945,0,100.0,0.2222222222222222
HS007648,11,1.270909090909091,-1.5,3.85,1.956274288260491,0,100.0,0.18181818181818182
HS007649,8,5.38875,3.43,7.8,1.529747294723637,0,100.0,0.125
HS007650,7,24.835714285714285,19.01,29.65,3.7132055205839656,0,100.0,0.2857142857142857
HS007651,8,11.65375,10.08,12.97,1.0519633005548654,0,100.0,0.375
HS007652,13,23.764615384615386,17.87,29.7,4.566569856731664,0,100.0,0.23076923076923078
HS007653,10,10.598,8.12,15.11,2.1267857855876735,1,90.0,0.2
HS007654,6,5.228333333333333,4.29,6.36,0.7265099219327061,0,100.0,0.3333333333333333
HS007655,5,20.88,17.65,25.54,3.035786553761644,0,100.0,0.0
HS007656,6,4.640000000000001,2.09,8.05,2.1684464484971726,1,83.33333333333334,0.16666666666666666
HS007657,9,10.653333333333332,8.96,11.94,1.1325745008607602,0,100.0,0.3333333333333333
HS007658,13,22.279999999999998,15.8,29.59,4.440277769089077,0,100.0,0.23076923076923078
HS007659,12,21.3225,15.37,27.94,4.435511910601854,0,100.0,0.08333333333333333
HS007660,7,3.891428571428572,2.08,7.77,2.0847735973915613,0,100.0,0.2857142857142857
HS007661,11,4.118181818181818,2.4,5.95,1.2870339403591358,0,100.0,0.36363636363636365
HS007662,8,22.06125,15.78,27.62,4.369816725480111,0,100.0,0.5
HS007663,5,13.276,12.41,13.9,0.7177255742970291,0,100.0,0.0
HS007664,5,-17.15,-18.02,-15.49,0.9801020355044668,0,100.0,0.0
HS007665,6,4.53,2.39,9.71,2.722660463590714,1,83.33333333333334,0.5
HS007666,6,12.745,9.27,14.52,1.8159818281029136,1,83.33333333333334,0.0
HS007667,11,25.63272727272727,20.46,32.08,3.474095827432199,1,90.9090909090909,0.18181818181818182
HS007668,10,4.639,2.01,7.25,1.954399310956353,0,100.0,0.3
HS007669,9,24.405555555555555,18.27,29.57,4.419584570723562,0,100.0,0.2222222222222222
HS007670,11,0.4454545454545454,-1.84,3.14,1.8573979844737836,0,100.0,0.45454545454545453
HS007671,6,5.891666666666667,2.02,7.95,2.439937840738298,0,100.0,0.16666666666666666
HS007672,7,5.867142857142857,2.68,7.97,1.907744866639792,0,100.0,0.14285714285714285
HS007673,8,7.31125,2.86,11.21,2.5573336421247146,2,75.0,0.125
HS007674,7,25.16857142857143,18.12,33.22,4.736455878155553,1,85.71428571428571,0.5714285714285714
HS007675,7,4.8100000000000005,2.17,6.81,1.7266151858477323,0,100.0,0.42857142857142855
HS007676,9,22.162222222222223,15.55,29.19,4.852055692636313,0,100.0,0.1111111111111111
HS007677,7,5.105714285714286,3.54,7.24,1.5243562263335642,0,100.0,0.14285714285714285
HS007678,5,11.136,8.6,12.89,1.7503513932922155,0,100.0,0.0
HS007679,8,10.545,8.22,16.1,2.5857024466974434,1,87.5,0.375
HS007680,8,22.62625,16.84,29.3,4.315245192503966,0,100.0,0.25
HS007681,7,4.875714285714286,2.15,6.8,1.4382264210113922,0,100.0,0.2857142857142857
HS007682,7,5.4471428571428575,2.66,7.66,1.8760749299687214,0,100.0,0.0
HS007683,15,5.634666666666666,2.1,7.9,2.103792041144027,0,100.0,0.13333333333333333
HS007684,7,4.585714285714286,2.53,5.85,1.1983719114261804,0,100.0,0.14285714285714285
HS007685,10,5.523999999999999,2.33,10.85,2.782581535193533,2,80.0,0.1
HS007686,5,0.48199999999999993,-1.87,3.13,1.9143066629983816,0,100.0,0.2
HS007687,3,20.116666666666667,15.8,26.35,5.529993972269169,0,100.0,0.3333333333333333
HS007688,12,13.410833333333334,12.11,14.85,1.0262593889136085,0,100.0,0.16666666666666666
HS007689,10,2.2239999999999998,-1.1,5.47,2.4595220854647533,2,80.0,0.2
HS007690,9,9.768888888888888,8.64,11.28,0.9587680173593145,0,100.0,0.1111111111111111
HS007691,8,23.06,15.91,29.97,5.238756668196323,0,100.0,0.0
HS007692,7,1.0014285714285716,-1.91,3.73,1.9494651281093196,0,100.0,0.0
HS007693,5,4.694,2.06,6.68,2.325710644082793,0,100.0,0.2
HS007694,9,23.06,15.97,27.66,4.610856753359401,0,100.0,0.2222222222222222
HS007695,11,4.681818181818182,2.16,7.89,1.8395913577847562,0,100.0,0.2727272727272727
HS007696,4,10.345,9.19,12.68,1.6407823337257956,0,100.0,0.0
HS007697,12,4.638333333333333,2.03,7.89,1.6908084851139509,0,100.0,0.25
HS007698,1,11.06,11.06,11.06,,0,100.0,1.0
HS007699,8,22.27,15.16,33.69,6.455411904529629,1,87.5,0.125
HS007700,10,3.9579999999999997,2.07,7.22,1.9921780375592275,0,100.0,0.6
HS007701,9,6.452222222222222,4.34,8.61,1.304978714172934,1,88.88888888888889,0.3333333333333333
HS007702,17,22.12529411764706,16.64,30.86,4.526472298665731,1,94.11764705882352,0.17647058823529413
HS007703,7,21.150000000000002,16.49,28.33,3.973147367012707,0,100.0,0.14285714285714285
HS007704,3,4.76,2.43,6.71,2.1651558835335623,0,100.0,0.0
HS007705,5,8.943999999999999,8.31,9.55,0.5063891783993806,0,100.0,0.6
HS007706,13,4.786923076923077,-0.48,7.55,2.5264414519747755,2,84.61538461538461,0.3076923076923077
HS007707,8,21.7175,16.37,27.8,4.199539940789433,0,100.0,0.25
HS007708,8,24.87125,20.12,28.64,3.3834531705260615,0,100.0,0.0
HS007709,9,5.828888888888889,3.86,7.72,1.1147807457572592,0,100.0,0.1111111111111111
HS007710,9,11.604444444444445,10.08,15.61,1.7593117341101823,2,77.77777777777779,0.2222222222222222
HS007711,6,13.26,12.31,14.41,0.8694596022817851,0,100.0,0.0
HS007712,9,22.961111111111112,18.09,29.97,3.9000975771268975,0,100.0,0.1111111111111111
HS007713,12,12.9425,8.56,14.45,1.5478673011011574,1,91.66666666666666,0.3333333333333333
HS007714,8,1.16375,-1.78,2.68,1.5334828472653819,0,100.0,0.625
HS007715,17,5.695882352941176,2.48,8.94,1.9910489032904533,2,88.23529411764706,0.35294117647058826
HS007716,10,6.590000000000001,3.11,11.32,2.4724436854613647,2,80.0,0.1
HS007717,7,7.152857142857143,3.65,11.86,2.5587738879244113,1,85.71428571428571,0.42857142857142855
HS007718,11,21.316363636363636,16.13,29.99,5.163404444215604,0,100.0,0.2727272727272727
HS007719,7,20.427142857142854,15.83,31.08,6.4052549111015455,1,85.71428571428571,0.2857142857142857
HS007720,12,4.511666666666667,2.12,7.71,1.8626463741546635,0,100.0,0.16666666666666666
HS007721,8,6.09,2.28,8.74,2.3803781212236013,1,87.5,0.125
HS007722,15,22.244000000000003,16.55,29.49,3.7671167451286367,0,100.0,0.2
HS007723,7,1.205714285714286,-3.75,6.78,3.6510813792759045,2,71.42857142857143,0.0
HS007724,10,4.215,-0.72,7.87,2.645286163893972,1,90.0,0.3
HS007725,11,5.920000000000001,2.6,9.6,2.338875798327051,2,81.81818181818183,0.45454545454545453
HS007726,6,9.866666666666667,8.85,11.48,0.9565284452992852,0,100.0,0.16666666666666666
HS007727,13,10.72923076923077,8.35,14.71,1.6284269584400644,1,92.3076923076923,0.15384615384615385
HS007728,10,22.206,15.23,29.97,4.93284276840219,0,100.0,0.3
HS007729,5,0.7739999999999999,-1.51,3.27,2.2276736744864585,0,100.0,0.2
HS007730,3,13.123333333333335,12.8,13.59,0.41404508611180596,0,100.0,0.0
HS007731,14,10.6,8.06,12.81,1.6005720131349197,0,100.0,0.14285714285714285
HS007732,6,21.368333333333336,15.77,24.69,3.9635056032086893,0,100.0,0.0
HS007733,10,-16.636000000000003,-19.94,-9.69,3.3199270406976646,2,80.0,0.7
HS007734,8,-16.94125,-18.99,-15.1,1.2369713878201523,0,100.0,0.5
HS007735,9,10.586666666666666,8.83,15.9,2.286700680019141,1,88.88888888888889,0.2222222222222222
HS007736,10,22.163,17.4,28.94,3.2109744107773066,0,100.0,0.4
HS007737,9,21.97666666666667,15.87,29.67,5.434740104181616,0,100.0,0.2222222222222222
HS007738,9,1.6022222222222222,-1.46,7.3,2.712576163805257,1,88.88888888888889,0.3333333333333333
HS007739,4,4.43,2.81,6.06,1.3800724618656801,0,100.0,0.25
HS007740,9,4.577777777777778,2.13,7.58,2.316353695885938,0,100.0,0.2222222222222222
HS007741,11,21.936363636363634,16.08,28.68,3.6656030137680573,0,100.0,0.2727272727272727
HS007742,10,20.553,15.72,26.63,4.411157696367499,0,100.0,0.4
HS007743,9,20.924444444444443,15.32,29.91,4.825523575507406,0,100.0,0.0
HS007744,10,-17.633000000000003,-22.19,-15.22,2.210922632949622,1,90.0,0.3
HS007745,8,4.92125,2.34,7.21,1.6833507189106915,0,100.0,0.25
HS007746,7,4.667142857142857,2.64,7.43,2.106732970626275,0,100.0,0.14285714285714285
HS007747,6,21.043333333333333,16.06,24.78,3.410599165347149,0,100.0,0.16666666666666666
HS007748,6,10.543333333333335,8.48,12.99,1.6545412254358207,0,100.0,0.5
HS007749,12,10.435833333333333,8.22,13.22,1.793414510385317,1,91.66666666666666,0.3333333333333333
HS007750,6,4.4816666666666665,-1.4,6.87,3.0078525008162664,1,83.33333333333334,0.0
HS007751,5,6.558,2.07,11.43,3.423225087545369,1,80.0,0.0
HS007752,8,21.5525,16.45,24.84,2.816764861630144,0,100.0,0.125
HS007753,8,13.88875,12.22,15.69,1.2386563861124449,1,87.5,0.25
HS007754,10,5.902,3.36,7.94,1.6312898781843364,0,100.0,0.2
HS007755,8,10.175,6.42,12.98,2.317239737273638,1,87.5,0.25
HS007756,8,5.1274999999999995,2.69,6.73,1.3931644349670802,0,100.0,0.375
HS007757,11,4.402727272727272,2.53,7.06,1.5147745106720727,0,100.0,0.18181818181818182
HS007758,11,5.284545454545455,3.01,8.65,1.8019287646095428,1,90.9090909090909,0.09090909090909091
HS007759,6,4.758333333333334,2.32,7.59,2.45181905259476,0,100.0,0.3333333333333333
HS007760,11,13.850909090909092,12.03,18.11,1.762869561513015,2,81.81818181818183,0.36363636363636365
HS007761,10,5.003,2.2,9.11,2.4366463747445084,1,90.0,0.3
HS007762,6,24.081666666666667,16.35,29.71,5.46768476291992,0,100.0,0.3333333333333333
HS007763,5,24.363999999999997,19.61,26.73,2.925111963669083,0,100.0,0.2
HS007764,11,10.0,7.29,12.94,1.9263904069528583,1,90.9090909090909,0.09090909090909091
HS007765,8,-18.0975,-19.0,-15.44,1.1822708174163348,0,100.0,0.125
HS007766,5,10.518,8.76,12.63,1.5109169401393316,0,100.0,0.4
HS007767,9,9.786666666666667,8.04,15.89,2.587049477686888,1,88.88888888888889,0.4444444444444444
HS007768,8,13.3225,12.12,14.82,0.8083095234588575,0,100.0,0.0
HS007769,5,10.379999999999999,9.19,11.87,1.034480545974645,0,100.0,0.4
HS007770,5,13.744,13.13,14.18,0.4247705262844862,0,100.0,0.2
HS007771,6,21.11,17.24,24.47,2.9039628096792156,0,100.0,0.16666666666666666
HS007772,11,11.298181818181819,8.61,12.71,1.4925938374642864,0,100.0,0.2727272727272727
HS007773,5,5.008,2.46,10.28,3.128021739054893,1,80.0,0.8
HS007774,12,23.405,16.09,28.86,4.504417024130062,0,100.0,0.3333333333333333
HS007775,6,0.6266666666666666,-1.77,3.48,1.8446426934955902,0,100.0,0.16666666666666666
HS007776,9,5.584444444444444,3.37,7.87,1.4362286648642613,0,100.0,0.3333333333333333
HS007777,8,5.4575,2.01,7.99,2.2896958625234802,0,100.0,0.375
HS007778,5,10.187999999999999,8.97,11.11,0.7797243102533097,0,100.0,0.0
HS007779,7,5.492857142857143,2.72,7.6,1.818953126441271,0,100.0,0.14285714285714285
HS007780,10,5.061,2.04,7.96,2.0667658578346777,0,100.0,0.4
HS007781,5,21.562,16.16,27.84,4.64705498138337,0,100.0,0.0
HS007782,9,22.384444444444444,13.69,27.78,4.876159121457972,1,88.88888888888889,0.1111111111111111
HS007783,11,22.361818181818183,14.12,28.6,4.78334572905162,1,90.9090909090909,0.2727272727272727
HS007784,3,4.590000000000001,2.64,6.44,1.9019726601610238,0,100.0,0.0
HS007785,5,5.252000000000001,3.47,9.42,2.417616594913263,1,80.0,0.0
HS007786,11,20.22909090909091,14.66,27.6,4.4373786283017465,1,90.9090909090909,0.36363636363636365
HS007787,9,20.54888888888889,18.25,29.36,3.709836399507546,0,100.0,0.3333333333333333
HS007788,7,4.651428571428572,2.83,6.82,1.535897442012634,0,100.0,0.2857142857142857
HS007789,7,21.985714285714288,15.0,29.17,5.825315033377616,0,100.0,0.14285714285714285
HS007790,8,22.035,11.21,28.83,5.948003266403176,1,87.5,0.5
HS007791,9,5.221111111111111,2.76,7.7,2.114594786504287,0,100.0,0.1111111111111111
HS007792,5,10.16,8.96,11.84,1.351240171102088,0,100.0,0.4
HS007793,11,10.456363636363635,8.46,12.7,1.646282313136314,0,100.0,0.36363636363636365
HS007794,6,21.645,16.11,27.7,4.661977048420552,0,100.0,0.16666666666666666
HS007795,10,9.719,8.14,11.33,1.1352870415303202,0,100.0,0.1
HS007796,6,3.1816666666666666,-0.38,5.02,2.0306788684247112,1,83.33333333333334,0.3333333333333333
HS007797,4,0.655,-1.53,2.77,2.140864311440592,0,100.0,0.25
HS007798,16,23.625,15.12,32.19,4.8720249041509085,1,93.75,0.1875
HS007799,5,24.372,18.95,29.43,4.0817177756429945,0,100.0,0.6
HS007800,10,4.737,2.34,7.98,1.9271109637658819,0,100.0,0.1
HS007801,8,5.945,3.0,7.65,1.8145365405918001,0,100.0,0.0
HS007802,8,13.2925,12.22,14.9,0.876840920577957,0,100.0,0.5
HS007803,9,-17.667777777777776,-19.64,-13.7,1.9828437771151932,1,88.88888888888889,0.3333333333333333
HS007804,6,13.471666666666666,12.5,14.64,0.8979402355762144,0,100.0,0.3333333333333333
HS007805,10,0.7139999999999999,-1.7,3.51,1.8678520046061227,0,100.0,0.2
HS007806,4,24.5475,16.41,29.37,5.948570556584722,0,100.0,0.5
HS007807,9,0.6022222222222222,-1.76,2.44,1.3380281926941766,0,100.0,0.3333333333333333
HS007808,6,-17.611666666666668,-19.87,-9.61,3.950009704629429,1,83.33333333333334,0.3333333333333333
HS007809,13,5.592307692307693,2.24,11.93,3.3453902459109157,3,76.92307692307693,0.15384615384615385
HS007810,9,21.88888888888889,15.25,26.94,4.579711902632209,0,100.0,0.3333333333333333
HS007811,7,5.555714285714286,2.93,6.49,1.2131756831124,0,100.0,0.0
HS007812,19,5.518421052631578,2.84,11.15,2.0986192899086316,1,94.73684210526315,0.05263157894736842
HS007813,6,13.623333333333333,12.33,14.84,1.0969715888147087,0,100.0,0.0
HS007814,7,0.41285714285714287,-1.76,2.49,1.449502377665226,0,100.0,0.2857142857142857
HS007815,5,10.126,9.35,11.67,1.004728819134795,0,100.0,0.2
HS007816,11,5.170000000000001,2.86,7.55,1.7313289693180784,0,100.0,0.36363636363636365
HS007817,12,5.6925,2.91,11.19,2.4277603783210266,1,91.66666666666666,0.3333333333333333
HS007818,7,9.674285714285714,8.73,11.24,0.8922977295136626,0,100.0,0.14285714285714285
HS007819,9,0.09999999999999999,-2.0,3.64,2.3169592141425364,0,100.0,0.5555555555555556
HS007820,9,12.651111111111112,7.42,14.77,2.1226130384766577,1,88.88888888888889,0.2222222222222222
HS007821,9,10.738888888888889,8.65,12.86,1.3511240176649628,0,100.0,0.4444444444444444
HS007822,10,10.902,8.97,14.35,1.6663386343851132,1,90.0,0.3
HS007823,9,14.936666666666667,13.12,19.63,1.879108831334683,1,88.88888888888889,0.4444444444444444
HS007824,6,26.971666666666664,18.43,33.87,5.178194344234934,1,83.33333333333334,0.3333333333333333
HS007825,6,21.526666666666667,15.39,26.42,4.952739309378867,0,100.0,0.16666666666666666
HS007826,8,5.8375,3.22,8.62,1.9652462586512807,1,87.5,0.25
HS007827,5,1.022,-1.64,2.17,1.5404934274445963,0,100.0,0.2
HS007828,14,22.282857142857143,15.39,29.2,4.31961434990071,0,100.0,0.2857142857142857
HS007829,7,21.93285714285714,15.26,27.81,5.707193455881544,0,100.0,0.0
HS007830,6,3.3699999999999997,2.21,4.38,0.8767895984784491,0,100.0,0.16666666666666666
HS007831,10,9.839,8.1,11.07,1.029017330595878,0,100.0,0.3
HS007832,11,4.821818181818181,2.34,6.66,1.6377107081644067,0,100.0,0.45454545454545453
HS007833,7,22.71142857142857,18.37,29.08,5.2213581520884915,0,100.0,0.14285714285714285
HS007834,7,9.502857142857142,4.9,12.65,2.4599167620451055,1,85.71428571428571,0.2857142857142857
HS007835,8,3.965,2.21,6.7,1.4864242809027115,0,100.0,0.375
HS007836,4,5.275,2.42,7.96,2.3702250244790406,0,100.0,0.25
HS007837,12,6.483333333333333,2.97,9.95,1.9326069690885668,2,83.33333333333334,0.16666666666666666
HS007838,13,4.770769230769231,2.19,7.27,1.5901963271792445,0,100.0,0.07692307692307693
HS007839,4,6.37,5.81,7.47,0.7463689882803722,0,100.0,0.0
HS007840,7,21.141428571428573,15.86,28.0,4.851863657645479,0,100.0,0.14285714285714285
HS007841,8,21.05875,16.3,25.88,3.6221597247261967,0,100.0,0.375
HS007842,8,10.15125,8.02,14.04,2.000888641864623,1,87.5,0.25
HS007843,8,24.240000000000002,17.77,29.17,3.8579898540931543,0,100.0,0.375
HS007844,8,23.09625,20.3,28.84,3.284347891352037,0,100.0,0.375
HS007845,12,4.796666666666667,2.36,7.56,1.751463457347667,0,100.0,0.25
HS007846,6,4.365,2.46,6.27,1.3650604382224254,0,100.0,0.16666666666666666
HS007847,9,24.007777777777775,16.31,29.14,4.898976367002033,0,100.0,0.3333333333333333
HS007848,7,6.115714285714286,4.78,7.88,1.2008588196627885,0,100.0,0.0
HS007849,11,14.44090909090909,12.37,18.72,1.7709627581937148,3,72.72727272727273,0.36363636363636365
HS007850,6,5.493333333333333,2.32,7.23,1.8740615429239957,0,100.0,0.0
HS007851,9,11.114444444444445,9.01,14.88,2.131596298030605,1,88.88888888888889,0.1111111111111111
HS007852,10,5.7829999999999995,2.35,8.28,2.3875931628129425,1,90.0,0.4
HS007853,7,13.657142857142857,12.09,14.88,0.8853570708234858,0,100.0,0.14285714285714285
HS007854,6,-16.733333333333334,-18.59,-13.7,2.000236652665546,1,83.33333333333334,0.5
HS007855,9,4.532222222222222,2.07,6.56,1.6681110408016737,0,100.0,0.5555555555555556
HS007856,2,23.95,22.99,24.91,1.3576450198781724,0,100.0,0.0
HS007857,8,5.67625,3.19,7.92,2.044776882694051,0,100.0,0.25
HS007858,9,20.93111111111111,15.02,27.08,4.332869847007998,0,100.0,0.1111111111111111
HS007859,9,20.02111111111111,15.11,26.63,4.1211177016813165,0,100.0,0.2222222222222222
HS007860,12,13.6325,12.43,15.56,1.0144602236926517,1,91.66666666666666,0.16666666666666666
HS007861,11,5.271818181818182,2.07,11.24,3.1107710239804476,2,81.81818181818183,0.18181818181818182
HS007862,12,11.181666666666667,8.7,12.58,1.202027327879735,0,100.0,0.08333333333333333
HS007863,6,26.141666666666666,17.5,33.54,6.290009273973025,3,50.0,0.5
HS007864,8,-17.74875,-19.29,-15.42,1.3073248312052022,0,100.0,0.125
HS007865,7,11.224285714285715,9.58,12.98,1.0283782887449078,0,100.0,0.42857142857142855
HS007866,7,9.835714285714285,8.89,11.31,1.1223614560805433,0,100.0,0.42857142857142855
HS007867,7,5.864285714285714,2.23,11.28,3.0154704284343268,1,85.71428571428571,0.14285714285714285
HS007868,5,24.728,19.86,28.83,4.179434172229538,0,100.0,0.2
HS007869,7,22.972857142857144,17.46,27.97,4.065180251377603,0,100.0,0.14285714285714285
HS007870,10,10.199,8.09,11.6,1.2141338934034878,0,100.0,0.2
HS007871,10,5.976,2.2,9.45,2.5057409638224333,1,90.0,0.5
HS007872,5,5.292,4.15,6.02,0.7281277360463613,0,100.0,0.4
HS007873,5,0.588,-1.52,3.74,2.2029230581207324,0,100.0,0.4
HS007874,9,13.993333333333332,12.4,17.08,1.3694524453225816,1,88.88888888888889,0.1111111111111111
HS007875,9,5.535555555555556,1.29,7.91,2.1214270616209685,1,88.88888888888889,0.3333333333333333
HS007876,6,21.206666666666667,15.58,27.98,5.227284827390475,0,100.0,0.0
HS007877,5,4.816,3.17,7.17,1.6697844172227743,0,100.0,0.6
HS007878,8,5.90375,2.92,8.98,2.175854101595181,1,87.5,0.25
HS007879,13,5.216153846153846,2.01,7.94,1.7772944722317798,0,100.0,0.23076923076923078
HS007880,9,4.475555555555555,-1.56,7.51,2.928233730045773,1,88.88888888888889,0.3333333333333333
HS007881,5,-16.252000000000002,-17.53,-15.04,1.1170138763685973,0,100.0,0.2
HS007882,5,11.574,10.4,12.75,0.9708913430451419,0,100.0,0.0
HS007883,12,10.9825,8.35,16.75,2.34274169219819,1,91.66666666666666,0.4166666666666667
HS007884,6,20.478333333333335,15.2,28.37,5.133741001128385,0,100.0,0.16666666666666666
HS007885,6,23.386666666666667,19.41,28.15,3.586177166101342,0,100.0,0.3333333333333333
HS007886,9,3.7022222222222223,2.11,5.78,1.2045619305143447,0,100.0,0.2222222222222222
HS007887,3,13.636666666666665,12.68,14.84,1.100923854466481,0,100.0,0.0
HS007888,10,10.405,8.82,12.83,1.3504011749599947,1,90.0,0.0
HS007889,5,13.756,12.69,14.79,0.9461923694471431,0,100.0,0.2
HS007890,13,24.051538461538463,17.29,32.5,4.4090283248387925,1,92.3076923076923,0.3076923076923077
HS007891,6,21.211666666666666,16.83,29.22,5.9306775891686,0,100.0,0.16666666666666666
HS007892,1,7.95,7.95,7.95,,0,100.0,0.0
HS007893,10,21.344,15.02,29.02,5.356527067253765,0,100.0,0.4
HS007894,9,14.352222222222224,12.24,20.18,2.3279539180242472,1,88.88888888888889,0.2222222222222222
HS007895,9,1.1788888888888889,-1.43,5.68,2.039757610872211,1,88.88888888888889,0.3333333333333333
HS007896,8,14.3775,12.7,18.5,1.8159118134660928,1,87.5,0.125
HS007897,5,4.728,2.67,7.79,2.050565775584875,0,100.0,0.6
HS007898,8,23.8,17.67,31.2,4.985312714077508,1,87.5,0.125
HS007899,5,21.16,17.46,25.76,3.655359079488635,0,100.0,0.4
HS007900,12,10.284166666666666,7.2,11.82,1.1873228735523484,1,91.66666666666666,0.16666666666666666
HS007901,7,10.81,9.13,12.76,1.430384563675098,0,100.0,0.2857142857142857
HS007902,10,0.203,-1.98,3.7,1.991275693842741,0,100.0,0.1
HS007903,12,10.3325,8.68,11.66,0.9697527801174146,0,100.0,0.4166666666666667
HS007904,10,1.2349999999999999,-1.81,3.58,1.5130928590142776,0,100.0,0.3
HS007905,8,1.635,-0.84,3.31,1.6945205811674287,0,100.0,0.375
HS007906,10,10.45,8.33,12.68,1.6520761349149606,0,100.0,0.1
HS007907,9,10.462222222222222,7.84,13.35,1.730778565976724,2,77.77777777777779,0.2222222222222222
HS007908,11,11.28,8.49,13.98,1.8846856501814833,2,81.81818181818183,0.36363636363636365
HS007909,4,23.4,18.26,27.07,3.768598324753292,0,100.0,0.75
HS007910,8,6.02125,3.03,7.97,1.7558834772598908,0,100.0,0.375
HS007911,7,0.018571428571428572,-1.67,2.07,1.332033890602745,0,100.0,0.0
HS007912,6,4.913333333333333,2.7,7.97,2.3024566590202444,0,100.0,0.0
HS007913,8,4.85875,2.41,7.78,2.2290128340334237,0,100.0,0.5
HS007914,8,11.20125,8.95,17.16,2.770242060078609,2,75.0,0.125
HS007915,8,9.5975,8.74,11.22,0.7737062934805615,0,100.0,0.375
HS007916,7,4.567142857142857,2.74,7.08,1.4343838896394308,0,100.0,0.2857142857142857
HS007917,5,5.044,2.58,9.04,2.443569110952256,1,80.0,0.4
HS007918,10,10.109,8.26,12.34,1.442609133171945,0,100.0,0.2
HS007919,5,5.3340000000000005,2.1,7.55,2.0566307398266708,0,100.0,0.2
HS007920,6,20.91,15.02,29.62,5.3943600176480615,0,100.0,0.16666666666666666
HS007921,6,9.961666666666666,8.53,11.52,1.2923376751711089,0,100.0,0.16666666666666666
HS007922,8,14.125,12.03,17.3,1.5377441734102408,1,87.5,0.375
HS007923,4,6.865,5.17,7.96,1.3332291625973385,0,100.0,0.75
HS007924,3,10.65,9.91,12.03,1.1961605243444535,0,100.0,0.3333333333333333
HS007925,4,-18.89,-19.43,-17.95,0.6833739825307945,0,100.0,0.0
HS007926,6,4.551666666666667,2.5,6.28,1.2760943016355286,0,100.0,0.16666666666666666
HS007927,10,6.3149999999999995,3.4,10.76,2.4901684458865203,3,70.0,0.3
HS007928,4,1.26,-0.5,3.42,1.7469401821470592,0,100.0,0.0
HS007929,13,4.8561538461538465,2.24,7.69,1.6784742002859745,0,100.0,0.46153846153846156
HS007930,11,4.907272727272727,2.44,7.17,1.4905172988535955,0,100.0,0.45454545454545453
HS007931,8,10.3,8.23,11.84,1.220561931477231,0,100.0,0.25
HS007932,8,5.21375,3.6,6.41,1.0150008796618284,0,100.0,0.5
HS007933,12,4.911666666666666,2.13,9.51,2.2521175220963343,1,91.66666666666666,0.25
HS007934,8,5.0675,3.03,7.44,1.6179683027091194,0,100.0,0.125
HS007935,10,9.873999999999999,8.54,11.84,1.081318125663715,0,100.0,0.3
HS007936,14,4.022142857142858,2.18,6.96,1.816019224616255,0,100.0,0.21428571428571427
HS007937,10,5.427,2.64,8.44,1.9218685930335844,1,90.0,0.2
HS007938,8,13.90625,12.44,14.88,0.8785529905150044,0,100.0,0.25
HS007939,9,4.768888888888889,2.26,7.08,1.9401252823235697,0,100.0,0.3333333333333333
HS007940,11,21.487272727272728,16.76,28.68,4.423742964750757,0,100.0,0.09090909090909091
HS007941,9,-17.23111111111111,-19.78,-15.57,1.3219913430545271,0,100.0,0.0
HS007942,7,11.831428571428571,10.28,14.94,1.578748751083471,1,85.71428571428571,0.2857142857142857
HS007943,7,21.810000000000002,16.56,27.87,3.879106426313496,0,100.0,0.2857142857142857
HS007944,15,11.366666666666667,8.25,14.33,1.710741972139018,1,93.33333333333333,0.2
HS007945,4,25.13,17.77,29.66,5.1909344052877415,0,100.0,0.0
HS007946,12,5.605,2.63,7.37,1.6002073729250335,0,100.0,0.3333333333333333
HS007947,10,10.540000000000001,8.08,15.44,2.0666720430037593,1,90.0,0.1
HS007948,3,22.26,16.76,25.52,4.790365330535864,0,100.0,0.0
HS007949,6,4.681666666666667,2.73,7.15,1.7359080236771378,0,100.0,0.6666666666666666
HS007950,10,5.113,-1.88,7.48,2.852636402425736,1,90.0,0.6
HS007951,5,6.956,4.12,11.76,2.89902224896602,1,80.0,0.2
HS007952,9,1.1022222222222222,-1.53,8.28,2.9623376655007516,1,88.88888888888889,0.2222222222222222
HS007953,3,5.853333333333334,4.28,6.74,1.3662113062529284,0,100.0,1.0
HS007954,11,25.053636363636368,17.92,28.8,3.135379634836178,0,100.0,0.2727272727272727
HS007955,4,12.31,11.56,13.0,0.5998888785989176,0,100.0,0.25
HS007956,13,-17.662307692307692,-19.59,-15.27,1.239906944399148,0,100.0,0.38461538461538464
HS007957,13,5.21076923076923,2.14,7.58,1.7484062339669115,0,100.0,0.15384615384615385
HS007958,4,5.605,3.11,7.82,2.403504385960911,0,100.0,0.25
HS007959,4,5.0125,4.43,5.49,0.4401798874702632,0,100.0,0.5
HS007960,11,5.056363636363636,2.08,7.75,2.121378196961931,0,100.0,0.2727272727272727
HS007961,7,5.332857142857143,3.14,7.28,1.797949890715481,0,100.0,0.14285714285714285
HS007962,13,6.012307692307692,3.32,7.96,1.4420596025948087,0,100.0,0.46153846153846156
HS007963,10,10.458,8.24,12.91,1.4631305858026178,0,100.0,0.2
HS007964,14,-0.1064285714285714,-1.91,3.29,1.5279327771301234,0,100.0,0.14285714285714285
HS007965,8,11.49375,8.65,12.89,1.6762537951379217,0,100.0,0.375
HS007966,9,10.526666666666666,8.73,13.65,1.7174326769920267,1,88.88888888888889,0.1111111111111111
HS007967,10,10.05,8.79,11.47,0.9880283396745259,0,100.0,0.3
HS007968,7,5.0928571428571425,3.09,7.55,2.0692568254143344,0,100.0,0.42857142857142855
HS007969,8,20.67375,15.29,28.91,4.704997153483274,0,100.0,0.25
HS007970,12,5.451666666666667,2.52,7.88,1.7256715864388636,0,100.0,0.16666666666666666
HS007971,10,14.16,12.27,19.37,1.9648635802235457,1,90.0,0.1
HS007972,12,25.139166666666668,16.49,33.84,5.14123872292083,1,91.66666666666666,0.5833333333333334
HS007973,9,11.46,9.0,12.98,1.2378812544020532,0,100.0,0.3333333333333333
HS007974,9,23.72222222222222,17.31,28.28,4.136175098378264,0,100.0,0.2222222222222222
HS007975,6,0.5033333333333333,-0.84,2.1,0.9588465292562032,0,100.0,0.5
HS007976,6,11.338333333333333,10.03,12.96,1.1327738815256412,0,100.0,0.16666666666666666
HS007977,8,5.51875,2.08,11.36,3.392455652936801,1,87.5,0.125
HS007978,8,5.43875,2.49,7.42,1.7878034208012274,0,100.0,0.125
HS007979,8,22.64,12.7,29.38,5.039461422470802,1,87.5,0.125
HS007980,7,10.715714285714286,8.76,11.9,1.2618486061179857,0,100.0,0.2857142857142857
HS007981,5,24.52,19.15,29.46,4.769806075722577,0,100.0,0.4
HS007982,7,4.231428571428571,-0.22,6.81,2.4973881594673304,1,85.71428571428571,0.14285714285714285
HS007983,5,20.566,16.36,24.69,3.975560337864337,0,100.0,0.4
HS007984,9,24.99888888888889,15.67,29.49,5.197303253718326,0,100.0,0.1111111111111111
HS007985,5,10.373999999999999,9.25,12.53,1.2946350837205047,0,100.0,0.0
HS007986,9,4.427777777777778,2.02,7.54,2.0772685056208897,0,100.0,0.3333333333333333
HS007987,6,25.656666666666666,21.21,29.24,3.7347217656294904,0,100.0,0.3333333333333333
HS007988,12,4.833333333333333,2.06,7.89,1.9515137869372232,0,100.0,0.16666666666666666
HS007989,11,9.464545454545455,6.29,11.42,1.6366206868811335,1,90.9090909090909,0.2727272727272727
HS007990,9,11.397777777777778,8.97,17.32,2.6078620447493845,2,77.77777777777779,0.2222222222222222
HS007991,7,10.43142857142857,8.98,11.9,0.9833179982662198,0,100.0,0.42857142857142855
HS007992,9,20.69,15.6,25.46,3.5385378336256355,0,100.0,0.4444444444444444
HS007993,11,5.371818181818182,2.56,7.46,1.5357266565493888,0,100.0,0.2727272727272727
HS007994,11,4.91090909090909,2.97,9.44,2.013357665917581,1,90.9090909090909,0.36363636363636365
HS007995,3,24.436666666666667,21.69,28.41,3.5239371920244733,0,100.0,0.3333333333333333
HS007996,13,11.39846153846154,8.25,12.82,1.4830534164005813,0,100.0,0.3076923076923077
HS007997,7,6.804285714285714,3.16,11.3,2.4132817016313224,1,85.71428571428571,0.14285714285714285
HS007998,8,9.68625,3.29,13.29,2.976930046205318,2,75.0,0.375
HS007999,6,9.97,8.57,11.38,1.0016386574009613,0,100.0,0.3333333333333333
HS008000,10,13.514,12.28,14.67,0.8240037756116303,0,100.0,0.3
HS008001,14,4.508571428571428,2.19,7.49,1.5943209653828618,0,100.0,0.14285714285714285
HS008002,8,5.2725,2.61,7.52,1.5459047281677571,0,100.0,0.0
HS008003,4,5.6925,3.84,7.66,1.7559304276270933,0,100.0,0.5
HS008004,5,10.792,9.19,12.07,1.2726822069943466,0,100.0,0.4
HS008005,9,9.45,8.17,11.3,1.1998854111955868,0,100.0,0.2222222222222222
HS008006,8,5.325,4.14,7.49,1.3238795801949448,0,100.0,0.25
HS008007,11,9.894545454545455,8.28,11.81,1.237047805352434,0,100.0,0.09090909090909091
HS008008,7,22.957142857142856,17.07,29.7,4.392393858652,0,100.0,0.42857142857142855
HS008009,7,24.681428571428572,18.94,32.21,4.572867184351003,1,85.71428571428571,0.14285714285714285
HS008010,11,5.266363636363637,2.11,7.92,1.5795522956032366,0,100.0,0.36363636363636365
HS008011,6,1.045,-1.78,3.59,2.251823705355284,0,100.0,0.5
HS008012,11,-16.632727272727273,-19.69,-10.84,2.549188462664505,2,81.81818181818183,0.2727272727272727
HS008013,2,-17.655,-19.37,-15.94,2.42537625946986,0,100.0,0.0
HS008014,11,22.054545454545455,15.03,25.61,4.278900241034753,0,100.0,0.18181818181818182
HS008015,10,24.113,15.96,29.81,5.16736135114754,0,100.0,0.5
HS008016,10,5.21,2.46,7.39,1.823403411206637,0,100.0,0.2
HS008017,6,1.4433333333333334,-1.47,3.94,2.345784872205179,0,100.0,0.0
HS008018,12,21.211666666666666,16.78,28.25,3.3463000825425446,0,100.0,0.3333333333333333
HS008019,3,9.54,9.01,10.24,0.6323764701504953,0,100.0,0.0
HS008020,12,4.315,2.43,7.34,1.8509923628347922,0,100.0,0.3333333333333333
HS008021,10,-15.975999999999999,-18.3,-11.29,1.9815885883132585,1,90.0,0.4
HS008022,6,5.586666666666666,3.19,12.08,3.269089577644924,1,83.33333333333334,0.3333333333333333
HS008023,12,4.4725,0.65,7.51,2.2129623297126577,2,83.33333333333334,0.16666666666666666
HS008024,13,11.163076923076924,8.14,13.49,2.051188210994563,2,84.61538461538461,0.23076923076923078
HS008025,10,14.212,12.02,16.39,1.1155347496953103,1,90.0,0.2
HS008026,7,2.39,-0.16,3.97,1.407953597720228,0,100.0,0.5714285714285714
HS008027,8,21.175,15.88,26.35,3.94856936117374,0,100.0,0.125
HS008028,8,23.65625,19.46,27.17,2.7056604026162847,0,100.0,0.25
HS008029,4,6.5625,4.67,7.9,1.475655221700968,0,100.0,0.25
HS008030,8,10.307500000000001,8.01,12.19,1.6761414021495917,0,100.0,0.375
HS008031,9,23.443333333333335,16.1,29.31,4.6173693809354255,0,100.0,0.3333333333333333
HS008032,7,4.945714285714286,2.42,7.53,2.0730079364927443,0,100.0,0.2857142857142857
HS008033,9,4.732222222222223,2.0,7.76,2.1422521897396773,0,100.0,0.0
HS008034,9,5.246666666666666,2.62,7.56,1.4005266866432784,0,100.0,0.2222222222222222
HS008035,7,14.379999999999999,12.78,18.45,1.9219001014620927,1,85.71428571428571,0.2857142857142857
HS008036,6,22.313333333333333,17.31,29.8,4.482560280316001,0,100.0,0.3333333333333333
HS008037,9,1.1022222222222222,-1.84,3.84,1.8122898345586018,0,100.0,0.0
HS008038,9,5.328888888888889,3.05,7.82,1.5336349341062596,0,100.0,0.4444444444444444
HS008039,4,21.677500000000002,15.71,28.87,6.021236722357515,0,100.0,0.0
HS008040,4,-18.745,-19.71,-16.04,1.8044482074399748,0,100.0,0.25
HS008041,3,22.52,21.04,24.56,1.8255957931590436,0,100.0,0.6666666666666666
HS008042,11,6.262727272727273,2.7,14.78,3.3259828349199005,1,90.9090909090909,0.36363636363636365
HS008043,15,4.668,2.26,7.18,1.7015001784139951,0,100.0,0.2
HS008044,9,24.20777777777778,20.06,29.11,2.929807066078662,0,100.0,0.4444444444444444
HS008045,8,19.89,15.41,29.1,5.291559316496415,0,100.0,0.25
HS008046,14,23.20285714285714,15.8,29.61,5.403567807934407,0,100.0,0.2857142857142857
HS008047,6,24.849999999999998,22.57,28.23,2.1183012061555355,0,100.0,0.0
HS008048,8,6.077500000000001,2.75,10.72,2.3368828444257597,1,87.5,0.125
HS008049,12,10.744166666666667,8.52,14.8,1.9632230380091054,1,91.66666666666666,0.25
HS008050,6,5.47,3.54,7.37,1.4066556081713817,0,100.0,0.16666666666666666
HS008051,5,21.768,15.11,26.02,4.4582474135023045,0,100.0,0.4
HS008052,9,4.364444444444445,2.19,7.39,1.8442689006155741,0,100.0,0.0
HS008053,8,6.27375,4.32,7.64,1.1070932016514494,0,100.0,0.125
HS008054,13,22.616923076923076,15.82,33.39,5.571578747858612,1,92.3076923076923,0.15384615384615385
HS008055,7,24.87857142857143,15.38,28.26,4.572028829638721,0,100.0,0.14285714285714285
HS008056,10,21.201,15.93,28.59,3.934871027111307,0,100.0,0.5
HS008057,9,0.9155555555555556,-1.44,3.28,1.6696340251018418,0,100.0,0.5555555555555556
HS008058,7,5.607142857142857,2.03,7.93,2.1245290794723917,0,100.0,0.2857142857142857
HS008059,4,19.3425,15.58,24.14,3.9799696397502005,0,100.0,0.0
HS008060,9,10.343333333333334,8.19,12.56,1.6421555955511642,0,100.0,0.3333333333333333
HS008061,11,12.937272727272727,11.35,14.28,0.7660168524137168,1,90.9090909090909,0.36363636363636365
HS008062,5,23.064,18.45,29.62,4.66903416136571,0,100.0,0.6
HS008063,5,5.454,3.45,7.42,1.4552937847733702,0,100.0,0.4
HS008064,9,5.13,2.66,7.61,1.6262072438653077,0,100.0,0.3333333333333333
HS008065,5,13.856,12.36,14.94,1.0952762208685074,0,100.0,0.0
HS008066,5,3.626,2.11,6.29,1.6455789254848883,0,100.0,0.4
HS008067,9,20.44,15.6,28.51,4.309176255388031,0,100.0,0.5555555555555556
HS008068,7,1.5457142857142858,-0.99,3.39,1.5598809478381903,0,100.0,0.14285714285714285
HS008069,6,5.461666666666666,2.59,10.7,3.20406876746843,1,83.33333333333334,0.16666666666666666
HS008070,7,0.8442857142857143,-1.47,3.87,1.832228671525993,0,100.0,0.14285714285714285
HS008071,9,20.737777777777776,15.78,26.19,3.8849928499862716,0,100.0,0.1111111111111111
HS008072,9,22.753333333333334,13.08,29.85,5.679826141705394,2,77.77777777777779,0.3333333333333333
HS008073,4,5.805,3.56,8.58,2.306245144529668,1,75.0,0.0
HS008074,9,1.7866666666666664,-1.06,3.48,1.5210687032478185,0,100.0,0.3333333333333333
HS008075,8,10.43375,8.02,12.76,1.7366794054006796,0,100.0,0.25
HS008076,8,5.3925,2.85,7.51,1.8291586668661164,0,100.0,0.25
HS008077,5,9.818,8.02,12.18,1.9443559344934762,0,100.0,0.0
HS008078,12,6.095833333333332,2.33,12.12,3.051531533012513,2,83.33333333333334,0.3333333333333333
HS008079,4,0.09250000000000003,-1.26,2.43,1.6611517089056016,0,100.0,0.25
HS008080,13,4.873846153846154,2.21,7.66,1.8511327093680527,0,100.0,0.15384615384615385
HS008081,9,10.637777777777778,8.84,14.3,1.6849538404491813,1,88.88888888888889,0.0
HS008082,7,13.604285714285714,12.05,14.5,0.8972338443396856,0,100.0,0.42857142857142855
HS008083,3,12.719999999999999,12.5,13.14,0.36386810797320523,0,100.0,0.3333333333333333
HS008084,5,4.566,2.23,6.35,1.4861796661238504,0,100.0,0.0
HS008085,10,11.124,9.21,15.46,1.7496488536592454,1,90.0,0.2
HS008086,9,10.713333333333333,8.18,15.44,2.258030114945325,1,88.88888888888889,0.3333333333333333
HS008087,3,18.07,15.16,22.57,3.95260673480173,0,100.0,0.6666666666666666
HS008088,6,9.541666666666666,8.18,11.45,1.4616622956985195,0,100.0,0.3333333333333333
HS008089,9,22.925555555555555,15.46,26.86,3.97164988106678,0,100.0,0.1111111111111111
HS008090,8,0.76125,-4.78,4.3,2.772654414094912,2,75.0,0.125
HS008091,7,4.6085714285714285,1.98,7.57,1.9441315848078853,1,85.71428571428571,0.0
HS008092,12,0.003333333333333336,-1.62,2.83,1.2601971947663468,0,100.0,0.16666666666666666
HS008093,9,14.295555555555556,12.46,18.57,2.4306640610700976,2,77.77777777777779,0.2222222222222222
HS008094,13,22.68,15.44,29.16,4.531984480703055,0,100.0,0.46153846153846156
HS008095,7,21.34142857142857,16.58,28.67,4.011929828945287,0,100.0,0.14285714285714285
HS008096,7,4.482857142857143,-2.35,7.31,3.1501519237740174,1,85.71428571428571,0.0
HS008097,8,4.37625,2.53,7.55,1.8475693491720413,0,100.0,0.25
HS008098,14,-0.08785714285714283,-1.9,2.27,1.463263888979431,0,100.0,0.14285714285714285
HS008099,7,23.12714285714286,16.96,29.62,5.250783161541125,0,100.0,0.14285714285714285
HS008100,11,20.315454545454546,15.77,26.98,3.966437604794418,0,100.0,0.2727272727272727
HS008101,14,10.177142857142856,8.01,11.96,1.4106432170163672,0,100.0,0.35714285714285715
HS008102,7,20.574285714285715,16.39,24.13,2.825136322037439,0,100.0,0.0
HS008103,10,24.574,18.24,29.52,4.098517889297165,0,100.0,0.3
HS008104,5,4.83,2.28,10.99,3.5452644471181554,1,80.0,0.4
HS008105,6,10.808333333333332,8.33,14.16,2.123322082649419,1,83.33333333333334,0.0
HS008106,10,23.353,15.24,29.33,4.883248122123453,0,100.0,0.2
HS008107,9,-17.223333333333333,-19.67,-15.16,1.920013020789183,0,100.0,0.1111111111111111
HS008108,11,4.787272727272727,2.07,7.3,1.9037756743329342,0,100.0,0.5454545454545454
HS008109,3,23.083333333333332,18.94,27.47,4.270202961608888,0,100.0,0.0
HS008110,12,1.7358333333333336,-1.68,3.78,1.6907311938025422,0,100.0,0.25
HS008111,6,24.528333333333332,17.65,29.87,4.305403194436809,0,100.0,0.3333333333333333
HS008112,5,4.766,2.59,6.83,1.80225691842201,0,100.0,0.4
HS008113,8,10.98625,8.61,12.99,1.779164631425177,0,100.0,0.0
HS008114,4,26.7225,24.57,28.74,1.9780861963018685,0,100.0,0.25
HS008115,7,0.6657142857142857,-1.33,2.94,1.7901755700010464,0,100.0,0.2857142857142857
HS008116,9,6.707777777777777,4.1,10.53,1.964845908575134,1,88.88888888888889,0.1111111111111111
HS008117,7,5.058571428571428,2.83,7.64,1.7737289211472775,0,100.0,0.5714285714285714
HS008118,10,13.434999999999999,12.14,14.5,0.8533105465707597,0,100.0,0.3
HS008119,4,3.4575,1.69,6.48,2.085447593843266,1,75.0,0.5
HS008120,6,5.406666666666666,2.68,7.41,1.6222289193164652,0,100.0,0.0
HS008121,9,21.764444444444443,16.24,29.42,4.8922288149449615,0,100.0,0.3333333333333333
HS008122,10,22.716,16.51,36.35,6.551308944698676,1,90.0,0.5
HS008123,6,4.163333333333333,2.37,5.11,1.2000444436214297,0,100.0,0.16666666666666666
HS008124,8,10.088750000000001,5.07,18.93,4.002979024605121,2,75.0,0.25
HS008125,8,4.22125,1.0,9.77,2.8270349813389797,2,75.0,0.25
HS008126,11,9.758181818181818,8.02,11.75,1.2482773584569908,0,100.0,0.18181818181818182
HS008127,5,22.706,16.54,26.71,4.946102506014205,0,100.0,0.2
HS008128,6,5.158333333333333,2.05,6.39,1.5683802685148354,0,100.0,0.0
HS008129,8,24.46125,16.53,28.72,4.108630072351193,0,100.0,0.25
HS008130,7,5.359999999999999,3.86,7.58,1.3835341219741082,0,100.0,0.0
HS008131,6,10.503333333333332,8.86,12.78,1.5662651967871422,0,100.0,0.3333333333333333
HS008132,8,22.93375,16.16,28.28,4.892457569711624,0,100.0,0.0
HS008133,11,5.029090909090909,2.23,7.35,1.9893137236014562,0,100.0,0.18181818181818182
HS008134,7,20.93,16.0,29.46,4.495842523932528,0,100.0,0.2857142857142857
HS008135,6,20.758333333333333,14.7,28.85,5.044091262721827,1,83.33333333333334,0.3333333333333333
HS008136,9,4.454444444444444,2.6,7.25,1.3285058440886806,0,100.0,0.1111111111111111
HS008137,6,5.508333333333333,2.34,7.66,1.806515061289738,0,100.0,0.0
HS008138,7,1.0242857142857142,-1.74,3.77,2.0424238634757574,0,100.0,0.14285714285714285
HS008139,7,22.77857142857143,18.74,29.45,3.663988849016094,0,100.0,0.2857142857142857
HS008140,8,21.73375,16.08,30.42,5.309869348675164,1,87.5,0.25
HS008141,5,4.634,2.24,6.01,1.5330133724139525,0,100.0,0.6
HS008142,10,4.958,2.25,7.87,1.9292646843349985,0,100.0,0.1
HS008143,7,10.838571428571429,8.31,12.78,1.3743414007131871,0,100.0,0.42857142857142855
HS008144,11,0.5181818181818182,-1.15,2.47,1.190191733980859,0,100.0,0.18181818181818182
HS008145,8,24.291249999999998,17.74,28.83,3.9418648143087958,0,100.0,0.125
HS008146,9,23.475555555555555,16.36,29.54,4.807023796256659,0,100.0,0.5555555555555556
HS008147,4,5.99,3.17,7.82,2.118631633861819,0,100.0,0.5
HS008148,2,6.21,5.54,6.88,0.9475230867899735,0,100.0,1.0
HS008149,5,9.681999999999999,8.2,11.45,1.5291239321912402,0,100.0,0.4
HS008150,13,13.352307692307694,12.14,14.8,1.0056105429551558,0,100.0,0.23076923076923078
HS008151,8,4.37625,2.07,7.78,2.0275667154780104,0,100.0,0.25
HS008152,9,22.296666666666667,15.34,29.25,5.492001001456573,0,100.0,0.3333333333333333
HS008153,14,4.715714285714285,2.44,7.7,1.8590556506161704,0,100.0,0.14285714285714285
HS008154,12,4.781666666666667,2.42,6.95,1.5828905281927816,0,100.0,0.3333333333333333
HS008155,5,5.206,2.09,7.58,2.1434621526866295,0,100.0,0.2
HS008156,7,11.517142857142858,9.04,14.73,2.1289959627777155,1,85.71428571428571,0.14285714285714285
HS008157,9,11.473333333333334,8.53,17.04,2.8011113865749784,2,77.77777777777779,0.2222222222222222
HS008158,8,21.58,15.52,27.63,5.235461502375616,0,100.0,0.125
HS008159,4,8.290000000000001,5.46,10.08,2.074367373441841,1,75.0,0.0
HS008160,13,6.008461538461538,3.2,7.64,1.426439893311586,0,100.0,0.46153846153846156
HS008161,5,0.4680000000000001,-1.93,2.81,1.8941937598883596,0,100.0,0.2
HS008162,7,10.205714285714285,8.53,11.8,1.4420455048628797,0,100.0,0.0
HS008163,9,9.957777777777778,8.08,12.28,1.5043418642198467,0,100.0,0.5555555555555556
HS008164,11,9.85,3.6,12.06,2.3364160588388367,1,90.9090909090909,0.18181818181818182
HS008165,17,4.625294117647059,2.14,7.86,1.9473896555615762,0,100.0,0.17647058823529413
HS008166,8,23.32125,15.37,29.38,5.61032577994744,0,100.0,0.0
HS008167,13,4.556153846153846,2.1,7.95,1.926376297877868,0,100.0,0.15384615384615385
HS008168,5,5.044,2.93,6.75,1.6459890643622148,0,100.0,0.2
HS008169,9,5.913333333333333,2.93,9.19,1.8588907982988132,1,88.88888888888889,0.4444444444444444
HS008170,5,24.44,20.24,27.96,3.7267210789110594,0,100.0,0.2
HS008171,9,9.371111111111112,8.05,11.6,1.2856461842634277,0,100.0,0.1111111111111111
HS008172,12,23.455,16.51,30.46,3.424052622790188,1,91.66666666666666,0.16666666666666666
HS008173,12,5.821666666666666,2.91,11.66,2.4648762953777523,1,91.66666666666666,0.16666666666666666
HS008174,9,21.784444444444446,15.17,28.72,4.687864948756286,0,100.0,0.3333333333333333
HS008175,6,5.851666666666667,2.1,9.14,2.5970245795268605,1,83.33333333333334,0.16666666666666666
HS008176,8,10.82125,8.49,11.79,1.086336405407775,0,100.0,0.25
HS008177,7,4.632857142857143,2.15,6.79,1.4275236633848876,0,100.0,0.42857142857142855
HS008178,10,11.875,8.31,16.98,2.629829948030016,2,80.0,0.2
HS008179,11,5.101818181818182,2.11,7.9,1.7758368065890413,0,100.0,0.18181818181818182
HS008180,10,-18.338,-19.97,-16.14,1.283855305104295,0,100.0,0.1
HS008181,9,4.537777777777778,2.63,6.55,1.2096980798713555,0,100.0,0.3333333333333333
HS008182,15,13.473333333333333,12.18,16.42,1.2546238290344054,1,93.33333333333333,0.2
HS008183,6,5.953333333333333,2.99,7.89,2.2755101992007565,0,100.0,0.16666666666666666
HS008184,5,5.578,3.13,7.99,2.2151230214143864,0,100.0,0.4
HS008185,12,23.022499999999997,18.18,28.98,3.5349376360706968,0,100.0,0.25
HS008186,7,6.7457142857142856,3.37,11.37,2.597542794917645,1,85.71428571428571,0.14285714285714285
HS008187,17,1.6317647058823528,-1.78,3.76,1.7357283604229292,0,100.0,0.23529411764705882
HS008188,6,20.065,15.16,28.06,4.85852138000853,0,100.0,0.3333333333333333
HS008189,8,1.23625,-0.74,5.58,1.9645351140373426,1,87.5,0.25
HS008190,7,1.127142857142857,-1.19,3.9,1.8746796551741336,0,100.0,0.2857142857142857
HS008191,10,10.523,8.05,12.61,1.6042447167159721,0,100.0,0.1
HS008192,8,5.285,2.83,6.91,1.4449320300375972,0,100.0,0.125
HS008193,8,4.359999999999999,2.44,7.55,1.9428035706899742,0,100.0,0.0
HS008194,9,10.32888888888889,8.21,11.87,1.2896069599343478,0,100.0,0.2222222222222222
HS008195,11,22.027272727272727,15.33,31.94,5.945061969246563,2,81.81818181818183,0.45454545454545453
HS008196,10,9.893,8.03,11.88,1.0860125843346997,0,100.0,0.2
HS008197,13,5.993076923076923,2.39,8.7,1.912879089293521,1,92.3076923076923,0.23076923076923078
HS008198,6,13.493333333333332,12.28,14.77,0.9285400727306644,0,100.0,0.5
HS008199,9,4.916666666666667,3.06,7.45,1.6725952887653368,0,100.0,0.3333333333333333
HS008200,7,21.240000000000002,16.27,28.95,4.518805151807277,0,100.0,0.42857142857142855
HS008201,8,10.32375,8.65,11.68,1.2124466114902899,0,100.0,0.125
HS008202,14,-17.06142857142857,-18.79,-15.39,1.1346965513899576,0,100.0,0.35714285714285715
HS008203,9,1.3622222222222222,-1.88,3.53,1.731298485081196,0,100.0,0.1111111111111111
HS008204,12,25.375,17.28,32.58,4.304658153463735,1,91.66666666666666,0.25
HS008205,9,13.515555555555556,12.13,14.63,0.9976360948651453,0,100.0,0.1111111111111111
HS008206,2,22.195,19.7,24.69,3.5284628381208734,0,100.0,0.5
HS008207,7,4.707142857142857,2.08,7.54,2.159997795413337,0,100.0,0.2857142857142857
HS008208,13,4.4592307692307696,2.12,7.2,1.7527761862184112,0,100.0,0.15384615384615385
HS008209,12,4.3533333333333335,1.76,10.95,2.4642879603478063,2,83.33333333333334,0.25
HS008210,6,4.906666666666666,2.46,7.92,2.4616065214949905,0,100.0,0.16666666666666666
HS008211,7,7.39,2.77,14.37,3.697796641244621,2,71.42857142857143,0.42857142857142855
HS008212,13,10.994615384615384,8.06,17.07,2.1891536240619547,1,92.3076923076923,0.3076923076923077
HS008213,6,4.845,2.1,7.44,2.200215898497236,0,100.0,0.3333333333333333
HS008214,8,-17.24125,-19.47,-15.07,1.4004941729873162,0,100.0,0.125
HS008215,4,5.5175,2.18,7.58,2.3241969939457943,0,100.0,0.5
HS008216,12,13.941666666666668,12.43,15.05,0.9203935258487221,1,91.66666666666666,0.3333333333333333
HS008217,12,4.630833333333333,2.06,7.49,1.9883453986273172,0,100.0,0.16666666666666666
HS008218,12,4.7491666666666665,2.33,7.64,1.8329085596065036,0,100.0,0.3333333333333333
HS008219,8,-18.13125,-20.42,-15.52,1.8302102728531349,1,87.5,0.375
HS008220,4,20.5775,16.74,26.09,4.628811042445637,0,100.0,0.25
HS008221,5,0.20400000000000001,-1.39,0.91,0.9741047171634064,0,100.0,0.2
HS008222,5,5.702,2.06,7.34,2.15053946720352,0,100.0,0.6
HS008223,9,10.89,8.14,15.97,2.2249719099350442,1,88.88888888888889,0.2222222222222222
HS008224,8,24.43,18.77,29.4,3.828684966333555,0,100.0,0.5
HS008225,13,4.378461538461538,2.38,7.88,1.761168391314159,0,100.0,0.23076923076923078
HS008226,8,4.22625,2.64,6.8,1.4946469960686843,0,100.0,0.0
HS008227,7,10.632857142857144,8.33,12.76,1.8546672144054512,0,100.0,0.5714285714285714
HS008228,10,10.137,8.09,12.64,1.3429904442449818,1,90.0,0.2
HS008229,5,22.375999999999998,19.01,25.41,2.6311746426263687,0,100.0,0.2
HS008230,6,10.095,6.24,12.22,2.2828206237021775,1,83.33333333333334,0.16666666666666666
HS008231,8,9.89875,8.35,12.0,1.4447880467390368,0,100.0,0.375
HS008232,3,12.206666666666669,9.23,14.98,2.880387705385046,1,66.66666666666666,0.0
HS008233,9,24.68,17.16,29.84,3.7503933127073488,0,100.0,0.1111111111111111
HS008234,7,20.2,15.52,25.14,3.6206491130735112,0,100.0,0.2857142857142857
HS008235,13,22.30461538461538,16.88,28.38,3.985665179499769,0,100.0,0.23076923076923078
HS008236,11,23.263636363636365,17.27,29.26,4.193483689552812,0,100.0,0.2727272727272727
HS008237,10,23.926,15.8,31.6,5.164010500032358,1,90.0,0.3
HS008238,7,5.724285714285714,3.47,8.79,1.9082964230158892,1,85.71428571428571,0.0
HS008239,7,13.685714285714285,12.14,15.27,1.31069774220778,1,85.71428571428571,0.2857142857142857
HS008240,6,4.56,3.23,5.82,0.8993997998665556,0,100.0,0.16666666666666666
HS008241,12,10.084166666666667,8.23,11.99,1.1707531246116223,0,100.0,0.3333333333333333
HS008242,5,2.7920000000000003,2.07,4.66,1.0611644547382844,0,100.0,0.6
HS008243,12,9.951666666666666,8.04,15.99,2.222704467875824,1,91.66666666666666,0.3333333333333333
HS008244,8,13.85125,12.21,14.96,1.080812359821471,0,100.0,0.25
HS008245,15,5.535333333333333,2.94,7.96,1.672768734193474,0,100.0,0.4666666666666667
HS008246,7,16.12142857142857,13.92,19.51,2.443313519051731,3,57.14285714285714,0.14285714285714285
HS008247,7,10.038571428571428,9.02,11.5,0.8694716512807951,0,100.0,0.2857142857142857
HS008248,7,10.08,8.27,13.64,2.1440460194066118,1,85.71428571428571,0.14285714285714285
HS008249,9,5.662222222222223,3.0,7.88,2.141563551343841,0,100.0,0.2222222222222222
HS008250,7,13.417142857142858,12.25,14.39,0.8600332219496771,0,100.0,0.0
HS008251,7,13.382857142857144,12.53,14.38,0.5890589751378692,0,100.0,0.0
HS008252,9,11.517777777777777,7.65,15.27,2.1219376627140685,2,77.77777777777779,0.3333333333333333
HS008253,6,5.0616666666666665,0.01,7.89,3.1060033268924014,1,83.33333333333334,0.3333333333333333
HS008254,3,7.87,3.27,11.3,4.140881548656035,1,66.66666666666666,0.0
HS008255,8,10.095,8.07,11.99,1.4161618148058805,0,100.0,0.25
HS008256,7,20.084285714285716,16.2,22.47,2.0278630553931833,0,100.0,0.2857142857142857
HS008257,6,21.218333333333334,15.82,25.89,3.6679990003633676,0,100.0,0.3333333333333333
HS008258,6,14.173333333333332,12.09,18.11,2.443314688423631,2,66.66666666666666,0.16666666666666666
HS008259,6,10.188333333333333,8.11,15.28,2.629725587711894,1,83.33333333333334,0.3333333333333333
HS008260,12,13.3175,12.23,14.88,0.7222833113247058,0,100.0,0.08333333333333333
HS008261,8,5.1425,2.75,7.19,1.4172584198273188,0,100.0,0.125
HS008262,8,12.9525,8.66,16.92,2.9275038123678976,4,50.0,0.25
HS008263,13,22.956923076923076,17.29,29.66,4.076874588487658,0,100.0,0.07692307692307693
HS008264,9,22.633333333333333,16.48,28.88,4.609335635425132,0,100.0,0.3333333333333333
HS008265,5,0.35,-1.14,1.26,0.8962700485902672,0,100.0,0.2
HS008266,7,10.207142857142857,8.74,12.45,1.4320814023152253,1,85.71428571428571,0.14285714285714285
HS008267,10,20.623,16.34,27.68,4.2593454113670255,0,100.0,0.4
HS008268,9,5.042222222222223,2.43,7.91,1.98043415554379,0,100.0,0.1111111111111111
HS008269,6,21.301666666666666,16.33,27.81,4.5304278679465435,0,100.0,0.16666666666666666
HS008270,15,9.968,8.18,14.64,1.7324351152558153,1,93.33333333333333,0.3333333333333333
HS008271,7,5.872857142857143,2.08,7.21,1.8123990940713017,0,100.0,0.5714285714285714
HS008272,10,24.211000000000002,16.34,29.3,4.021935548408944,0,100.0,0.3
HS008273,10,22.581,15.83,29.13,4.5795377010737175,0,100.0,0.2
HS008274,11,2.010909090909091,-0.22,3.99,1.7247402966560186,0,100.0,0.09090909090909091
HS008275,9,5.8966666666666665,3.46,7.62,1.6238688370678218,0,100.0,0.0
HS008276,5,4.184,2.57,9.09,2.768831883665023,1,80.0,0.2
HS008277,12,5.690833333333333,2.8,10.59,2.62239813333082,2,83.33333333333334,0.25
HS008278,10,21.598,15.31,29.82,4.602646098833921,0,100.0,0.0
HS008279,8,1.64375,-3.0,3.38,2.2008111329364777,1,87.5,0.0
HS008280,7,11.09142857142857,8.86,15.07,2.166936613220213,1,85.71428571428571,0.0
HS008281,7,11.278571428571428,8.84,17.07,2.788915132994839,1,85.71428571428571,0.2857142857142857
HS008282,4,1.3175,-0.59,3.75,1.8105132789718315,0,100.0,0.5
HS008283,10,22.984,15.24,27.7,4.365827400263195,0,100.0,0.2
HS008284,7,9.16,8.18,10.82,0.9540614934758312,0,100.0,0.14285714285714285
HS008285,9,4.934444444444444,2.26,7.79,2.0026801486452546,0,100.0,0.2222222222222222
HS008286,8,19.9225,15.35,25.4,2.7830597242192674,0,100.0,0.25
HS008287,11,4.824545454545454,2.63,6.98,1.5958594150887082,0,100.0,0.2727272727272727
HS008288,5,11.395999999999999,10.03,12.78,1.2124273174091713,0,100.0,0.2
HS008289,7,5.388571428571429,2.45,7.02,1.644175868243506,0,100.0,0.2857142857142857
HS008290,9,6.538888888888889,3.53,7.87,1.3145383642599064,0,100.0,0.3333333333333333
HS008291,10,11.520999999999999,9.72,14.32,1.4045833704143176,2,80.0,0.3
HS008292,12,-17.587500000000002,-19.18,-15.53,1.1343249895061738,0,100.0,0.08333333333333333
HS008293,7,1.5185714285714285,-1.92,5.25,2.2964859283365135,1,85.71428571428571,0.14285714285714285
HS008294,9,-17.477777777777778,-19.95,-15.26,1.4550238638745567,0,100.0,0.1111111111111111
HS008295,14,1.3900000000000001,-1.75,3.85,1.8524785891008089,0,100.0,0.07142857142857142
HS008296,13,10.375384615384615,8.04,15.4,2.4587585464505435,2,84.61538461538461,0.38461538461538464
HS008297,9,13.615555555555554,12.07,14.95,0.9867131182759139,0,100.0,0.4444444444444444
HS008298,9,13.732222222222223,12.01,18.54,1.9807560285013506,1,88.88888888888889,0.2222222222222222
HS008299,2,12.64,9.57,15.71,4.341635636485402,1,50.0,0.0
HS008300,8,5.7975,4.43,7.58,1.0563244901882325,0,100.0,0.5
HS008301,7,13.212857142857143,12.22,14.32,0.9272488750009225,0,100.0,0.0
HS008302,8,-17.42625,-19.28,-15.19,1.593279972706798,0,100.0,0.125
HS008303,7,13.302857142857144,12.22,14.54,1.1461779135560979,0,100.0,0.2857142857142857
HS008304,7,9.81,8.01,12.94,1.8955386217818584,1,85.71428571428571,0.42857142857142855
HS008305,10,13.428,12.27,14.42,0.6959693479840426,0,100.0,0.1
HS008306,9,4.917777777777777,2.02,7.86,1.9666645480214577,0,100.0,0.2222222222222222
HS008307,9,-17.076666666666668,-19.34,-15.23,1.3529689575152857,0,100.0,0.2222222222222222
HS008308,3,22.459999999999997,21.04,24.47,1.7894971360692362,0,100.0,0.3333333333333333
HS008309,4,14.8475,12.53,17.86,2.216504380024245,1,75.0,0.0
HS008310,9,1.0766666666666667,-1.38,3.47,1.704860698121697,0,100.0,0.4444444444444444
HS008311,9,20.147777777777776,15.24,26.74,4.76523550776291,0,100.0,0.2222222222222222
HS008312,7,4.6571428571428575,2.11,7.02,1.8280017713860333,0,100.0,0.0
HS008313,10,9.398,8.01,10.48,0.9285807569739005,0,100.0,0.2
HS008314,5,13.742,12.17,16.64,1.9863207193200199,1,80.0,0.2
HS008315,11,9.959090909090909,7.64,12.59,1.359098631781038,2,81.81818181818183,0.09090909090909091
HS008316,7,23.767142857142858,15.45,29.77,5.54126554223165,0,100.0,0.14285714285714285
HS008317,7,6.191428571428571,3.11,7.74,1.9815770535226782,0,100.0,0.14285714285714285
HS008318,5,4.982,2.55,7.4,2.218066725777203,0,100.0,0.2
HS008319,7,5.132857142857143,2.38,11.66,3.3052872506824285,1,85.71428571428571,0.2857142857142857
HS008320,12,5.484999999999999,3.13,8.8,1.8365110201882067,1,91.66666666666666,0.25
HS008321,7,-17.677142857142858,-19.58,-15.23,1.8602841564817845,0,100.0,0.14285714285714285
HS008322,9,9.143333333333334,8.02,11.42,1.0833051278379513,0,100.0,0.2222222222222222
HS008323,9,5.446666666666666,2.98,7.36,1.7054178373642046,0,100.0,0.2222222222222222
HS008324,8,10.41875,8.73,11.35,1.0148108550013502,0,100.0,0.375
HS008325,7,10.934285714285712,8.94,12.93,1.324900715058266,0,100.0,0.14285714285714285
HS008326,4,11.5,9.14,12.55,1.5940096193770807,0,100.0,0.0
HS008327,6,5.816666666666666,4.32,10.4,2.284615211948539,1,83.33333333333334,0.3333333333333333
HS008328,7,5.671428571428572,2.77,10.48,2.3727159443095904,1,85.71428571428571,0.0
HS008329,4,3.545,2.56,4.53,1.125892238774801,0,100.0,0.0
HS008330,8,10.185,8.25,11.84,1.4794303923180319,0,100.0,0.375
HS008331,7,20.538571428571426,15.12,29.3,4.98955384969915,0,100.0,0.42857142857142855
HS008332,11,9.969090909090909,8.07,11.5,1.1134312241486184,0,100.0,0.2727272727272727
HS008333,11,23.079090909090908,15.86,33.83,5.252267042992872,1,90.9090909090909,0.0
HS008334,9,4.371111111111111,-2.74,7.52,3.0500591979683134,1,88.88888888888889,0.3333333333333333
HS008335,11,0.15545454545454546,-5.48,4.3,2.682593385648908,2,81.81818181818183,0.36363636363636365
HS008336,6,4.92,3.24,7.05,1.5765405164473252,0,100.0,0.16666666666666666
HS008337,7,2.9414285714285713,-1.93,5.52,2.387239888598187,1,85.71428571428571,0.42857142857142855
HS008338,7,5.677142857142857,2.3,10.24,2.710262682753059,1,85.71428571428571,0.42857142857142855
HS008339,6,14.56,12.65,19.27,2.4199834710179324,1,83.33333333333334,0.0
HS008340,10,23.329,15.08,28.74,4.59207154899737,0,100.0,0.2
HS008341,5,11.474,9.69,14.97,2.0886071914077102,1,80.0,0.4
HS008342,13,4.132307692307692,-1.95,6.7,2.180925468106578,1,92.3076923076923,0.07692307692307693
HS008343,7,-17.165714285714284,-19.85,-14.08,1.884063490993666,1,85.71428571428571,0.14285714285714285
HS008344,10,24.678,20.49,29.43,3.2624762238384384,0,100.0,0.1
HS008345,4,3.7025,2.35,5.21,1.4068730101422326,0,100.0,0.5
HS008346,6,11.881666666666668,9.38,14.11,1.5872040406534582,1,83.33333333333334,0.16666666666666666
HS008347,4,5.4350000000000005,2.14,7.57,2.629277467290206,0,100.0,0.25
HS008348,7,12.17,8.52,16.95,2.9293969800398623,2,71.42857142857143,0.2857142857142857
HS008349,5,4.136,2.03,7.58,2.2557105310744108,0,100.0,0.2
HS008350,8,5.825,3.81,7.32,1.2463890701886449,0,100.0,0.375
HS008351,9,23.619999999999997,17.02,29.37,4.627542544374931,0,100.0,0.4444444444444444
HS008352,6,10.381666666666666,8.62,12.81,1.4775982764833844,0,100.0,0.16666666666666666
HS008353,9,14.447777777777778,10.24,18.06,2.2545718982646004,3,66.66666666666666,0.1111111111111111
HS008354,8,5.66125,2.43,7.91,2.0771370234738282,0,100.0,0.25
HS008355,6,10.058333333333334,8.17,11.82,1.439922451615595,0,100.0,0.3333333333333333
HS008356,5,10.958,9.65,12.92,1.2622479946508134,0,100.0,0.6
HS008357,3,5.609999999999999,3.58,7.25,1.86582421465689,0,100.0,0.0
HS008358,8,4.8149999999999995,2.56,7.79,1.8487370206247757,0,100.0,0.25
HS008359,12,10.723333333333334,8.28,12.98,1.5573890349108683,0,100.0,0.4166666666666667
HS008360,8,1.655,-0.53,5.26,1.916954429743776,1,87.5,0.125
HS008361,5,24.407999999999998,19.66,28.2,3.8429637000627532,0,100.0,0.2
HS008362,7,2.947142857142857,0.8,6.4,1.968939767876054,1,85.71428571428571,0.2857142857142857
HS008363,13,10.316923076923077,8.03,12.4,1.5514315143085577,0,100.0,0.0
HS008364,10,10.156,8.14,15.26,2.0520786209759767,1,90.0,0.3
HS008365,11,13.812727272727273,12.23,14.68,0.876026151539906,0,100.0,0.2727272727272727
HS008366,8,0.15124999999999997,-1.84,3.26,1.7777549043667407,0,100.0,0.25
HS008367,13,5.3476923076923075,2.05,8.19,2.078525734930706,1,92.3076923076923,0.3076923076923077
HS008368,9,9.926666666666668,8.61,11.51,1.2722814154109137,0,100.0,0.2222222222222222
HS008369,9,13.547777777777778,12.52,14.93,0.763475241539924,0,100.0,0.1111111111111111
HS008370,10,4.654,2.08,7.86,2.2306461445559274,0,100.0,0.0
HS008371,3,5.003333333333334,3.56,6.5,1.47072544457942,0,100.0,0.3333333333333333
HS008372,10,24.735,15.15,32.46,5.583300994931225,1,90.0,0.3
HS008373,11,12.207272727272727,9.57,18.94,2.497310917403322,1,90.9090909090909,0.18181818181818182
HS008374,12,10.355833333333333,8.2,11.37,1.0402312534268812,0,100.0,0.16666666666666666
HS008375,5,5.176,2.26,7.99,2.3039379331917775,0,100.0,0.4
HS008376,9,13.350000000000001,12.06,15.14,1.113406933694954,1,88.88888888888889,0.3333333333333333
HS008377,10,13.913999999999998,7.71,18.79,2.6882303142071406,2,80.0,0.4
HS008378,13,5.073846153846154,2.06,10.39,2.3494699347637917,1,92.3076923076923,0.3076923076923077
HS008379,7,5.768571428571428,4.31,7.77,1.4306924730286912,0,100.0,0.5714285714285714
HS008380,8,9.5625,4.62,11.93,2.3320423299270168,1,87.5,0.0
HS008381,10,1.8199999999999998,0.21,4.81,1.512238958189699,1,90.0,0.3
HS008382,5,5.712000000000001,3.33,8.48,2.034617900245646,1,80.0,0.2
HS008383,6,10.723333333333334,9.64,11.74,0.7663071620875443,0,100.0,0.5
HS008384,10,21.959,16.18,28.21,4.642232341353792,0,100.0,0.1
HS008385,13,10.843076923076923,8.95,12.67,1.3446584734632097,0,100.0,0.07692307692307693
HS008386,8,24.0475,15.46,29.08,4.897173382968703,0,100.0,0.0
HS008387,17,19.789411764705882,12.39,29.61,4.576104334731994,1,94.11764705882352,0.4117647058823529
HS008388,10,4.848000000000001,3.2,7.89,1.2531542425238622,0,100.0,0.3
HS008389,10,11.052,8.33,15.25,2.1453660656297227,1,90.0,0.3
HS008390,16,23.213124999999998,15.42,30.47,5.138823106185566,1,93.75,0.4375
HS008391,6,5.656666666666666,3.86,7.32,1.1367438878950118,0,100.0,0.3333333333333333
HS008392,9,13.014444444444443,12.13,14.53,0.8703319928497268,0,100.0,0.2222222222222222
HS008393,10,0.808,-1.19,2.71,1.7118982316585163,0,100.0,0.2
HS008394,7,5.795714285714285,2.08,7.87,2.0257661689910247,0,100.0,0.2857142857142857
HS008395,3,25.53,23.87,27.55,1.866226138494475,0,100.0,0.0
HS008396,10,4.327,-0.27,7.68,2.306830678176831,1,90.0,0.2
HS008397,9,22.816666666666666,17.13,29.96,4.967610089368931,0,100.0,0.3333333333333333
HS008398,7,4.877142857142857,2.24,7.88,2.3076663124298995,0,100.0,0.14285714285714285
HS008399,8,-18.03875,-21.62,-15.38,1.8726485254846947,1,87.5,0.375
HS008400,8,5.01875,2.16,7.88,2.241207821689011,0,100.0,0.25
HS008401,11,23.720000000000002,15.95,31.62,5.129343037855823,1,90.9090909090909,0.18181818181818182
HS008402,9,23.197777777777777,18.56,32.26,4.354491295713477,1,88.88888888888889,0.1111111111111111
HS008403,8,21.708750000000002,15.96,28.01,4.400676693094241,0,100.0,0.5
HS008404,7,23.854285714285712,18.87,28.43,4.008087063021698,0,100.0,0.2857142857142857
HS008405,6,0.01999999999999998,-1.82,1.83,1.3996285221443583,0,100.0,0.16666666666666666
HS008406,12,10.739166666666668,8.1,12.7,1.5692004816195897,0,100.0,0.5
HS008407,8,22.32625,15.69,26.25,3.966725664827353,0,100.0,0.125
HS008408,10,10.423,6.0,15.41,2.3035192882003632,2,80.0,0.1
HS008409,7,10.312857142857142,9.02,12.18,1.3005987632076017,0,100.0,0.14285714285714285
HS008410,7,4.327142857142857,2.17,6.37,1.9881877366562937,0,100.0,0.2857142857142857
HS008411,7,0.5757142857142857,-1.2,2.67,1.4626785605281056,0,100.0,0.2857142857142857
HS008412,11,1.579090909090909,-1.05,3.88,1.781872355391679,0,100.0,0.2727272727272727
HS008413,5,13.922,13.35,14.83,0.6396248900722988,0,100.0,0.6
HS008414,8,9.98375,9.07,10.76,0.6922208049872116,0,100.0,0.625
HS008415,6,10.038333333333332,8.01,12.44,1.7385789216100216,0,100.0,0.0
HS008416,5,3.804,2.31,5.36,1.2611423393098813,0,100.0,0.4
HS008417,6,10.549999999999999,9.03,11.48,0.9163187218430067,0,100.0,0.16666666666666666
HS008418,6,6.36,4.12,7.98,1.420605504705652,0,100.0,0.6666666666666666
HS008419,7,11.402857142857144,9.07,12.77,1.3853845950458945,0,100.0,0.7142857142857143
HS008420,6,4.405,-3.07,7.8,3.972630111148029,1,83.33333333333334,0.3333333333333333
HS008421,12,5.645,3.39,7.89,1.580250267866109,0,100.0,0.4166666666666667
HS008422,6,6.920000000000001,4.36,8.13,1.4512339577063373,1,83.33333333333334,0.16666666666666666
HS008423,10,23.924,15.49,28.83,4.992205480101511,0,100.0,0.4
HS008424,9,13.607777777777777,12.02,18.42,1.871067728449306,1,88.88888888888889,0.2222222222222222
HS008425,5,6.712000000000001,3.55,9.62,2.2530357298542785,1,80.0,0.4
HS008426,12,5.0625,2.21,8.74,2.280419120169879,1,91.66666666666666,0.08333333333333333
HS008427,13,10.552307692307693,8.34,14.72,1.9844947041424,2,84.61538461538461,0.3076923076923077
HS008428,10,21.994,15.19,28.57,4.139614045348242,0,100.0,0.1
HS008429,11,22.086363636363636,16.35,33.93,5.876111422917834,1,90.9090909090909,0.2727272727272727
HS008430,12,0.7008333333333333,-1.8,3.97,1.9638526992222263,0,100.0,0.08333333333333333
HS008431,7,24.368571428571425,17.28,29.63,5.244557269434755,0,100.0,0.14285714285714285
HS008432,8,5.58375,2.31,7.93,1.871835901690408,0,100.0,0.25
HS008433,13,5.496153846153846,2.07,7.87,1.8189765366891462,0,100.0,0.3076923076923077
HS008434,8,11.21625,8.14,17.38,3.0687733123932666,2,75.0,0.0
HS008435,12,10.495833333333334,8.21,14.37,1.512604366546973,1,91.66666666666666,0.25
HS008436,14,10.406428571428572,4.47,14.3,2.7854473667558386,3,78.57142857142857,0.21428571428571427
HS008437,7,4.317142857142857,2.4,7.62,2.153669073044992,0,100.0,0.14285714285714285
HS008438,16,5.048125,2.11,7.1,1.6792864307993045,0,100.0,0.6875
HS008439,16,10.851875,8.55,15.15,1.9854847225132037,2,87.5,0.3125
HS008440,3,0.4033333333333333,-0.49,1.48,0.9977140538918621,0,100.0,0.0
HS008441,10,13.731,12.16,17.18,1.4319252773800732,1,90.0,0.7
HS008442,6,5.2749999999999995,2.89,7.99,1.7783784749034723,0,100.0,0.3333333333333333
HS008443,10,14.365,12.77,17.1,1.156289563887678,1,90.0,0.3
HS008444,6,5.611666666666667,2.35,9.68,2.5520142371598684,1,83.33333333333334,0.16666666666666666
HS008445,8,3.51,1.04,7.29,1.9532536957599747,1,87.5,0.125
HS008446,9,5.5311111111111115,2.73,8.09,1.714310681035124,1,88.88888888888889,0.3333333333333333
HS008447,10,9.947,8.29,11.72,1.1245152041855393,0,100.0,0.0
HS008448,13,4.592307692307693,2.15,7.58,1.7109653895104258,0,100.0,0.07692307692307693
HS008449,8,23.015,15.84,28.78,5.0597289594263,0,100.0,0.25
HS008450,8,10.0475,8.75,11.74,0.8974845800505832,0,100.0,0.5
HS008451,9,5.222222222222222,2.84,7.26,1.4201388820972562,0,100.0,0.1111111111111111
HS008452,7,10.522857142857143,8.12,11.96,1.4017692901676595,0,100.0,0.42857142857142855
HS008453,8,13.92125,12.11,15.9,1.4589373579032496,2,75.0,0.625
HS008454,5,5.374,2.96,7.59,1.9806009189132474,0,100.0,0.4
HS008455,10,13.088,12.08,15.04,0.8451140619926859,1,90.0,0.3
HS008456,8,6.5525,2.64,12.23,3.3936779458280952,2,75.0,0.25
HS008457,7,21.731428571428573,17.6,30.23,5.0329892660705084,1,85.71428571428571,0.2857142857142857
HS008458,10,10.498,4.13,16.68,3.296010382939417,2,80.0,0.5
HS008459,6,10.743333333333332,8.66,14.2,2.0284246761136253,1,83.33333333333334,0.16666666666666666
HS008460,7,21.87857142857143,15.1,27.48,5.265119272379397,0,100.0,0.0
HS008461,7,5.061428571428571,2.1,7.9,2.2148847116078723,0,100.0,0.14285714285714285
HS008462,9,24.236666666666665,15.46,29.95,4.759989495786729,0,100.0,0.2222222222222222
HS008463,9,5.783333333333333,2.0,9.25,2.4449335369289695,1,88.88888888888889,0.2222222222222222
HS008464,8,-16.365,-19.15,-12.36,2.199792197978189,1,87.5,0.375
HS008465,5,21.389999999999997,15.97,27.86,4.969683088487635,0,100.0,0.2
HS008466,4,13.6575,12.16,14.42,1.0267221305364629,0,100.0,0.0
HS008467,7,24.265714285714285,19.07,33.94,5.30630711871215,1,85.71428571428571,0.42857142857142855
HS008468,10,-17.941,-19.42,-16.36,0.9187243571629333,0,100.0,0.3
HS008469,5,21.816,15.94,27.07,4.377177172562244,0,100.0,0.6
HS008470,9,13.398888888888889,12.02,20.53,2.7799885091688985,1,88.88888888888889,0.2222222222222222
HS008471,11,4.774545454545454,2.4,7.94,1.8424025816111071,0,100.0,0.09090909090909091
HS008472,14,14.16642857142857,12.12,17.9,1.5841115303725741,2,85.71428571428571,0.14285714285714285
HS008473,11,24.05181818181818,16.44,29.66,5.309372501872171,0,100.0,0.36363636363636365
HS008474,14,9.816428571428572,8.05,11.55,1.2398176487684804,0,100.0,0.21428571428571427
HS008475,12,10.105833333333333,8.53,11.51,1.0570753678585711,0,100.0,0.25
HS008476,7,22.419999999999998,15.2,29.88,5.434528498407198,0,100.0,0.14285714285714285
HS008477,9,5.3933333333333335,2.58,8.61,1.9402577148409947,1,88.88888888888889,0.4444444444444444
HS008478,12,1.4608333333333334,-1.66,3.83,1.8504911305495158,0,100.0,0.25
HS008479,11,11.040909090909091,8.25,12.95,1.5725295198847908,0,100.0,0.36363636363636365
HS008480,9,-17.41,-18.35,-16.07,0.7405403432629457,0,100.0,0.3333333333333333
HS008481,11,13.969090909090909,12.82,14.9,0.7642702996382178,0,100.0,0.36363636363636365
HS008482,9,5.0,2.15,7.04,1.502281598103365,0,100.0,0.3333333333333333
HS008483,7,5.285714285714286,2.66,7.5,2.094881517276949,0,100.0,0.2857142857142857
HS008484,7,3.87,2.12,5.84,1.4526642190586692,0,100.0,0.5714285714285714
HS008485,9,10.681111111111111,8.17,12.72,1.5833938584922926,0,100.0,0.5555555555555556
HS008486,6,13.233333333333334,12.13,14.37,0.9214915445443143,0,100.0,0.16666666666666666
HS008487,5,4.84,2.12,6.2,1.6225442983166898,0,100.0,0.4
HS008488,6,13.468333333333334,12.02,14.41,1.1191678456186385,0,100.0,0.3333333333333333
HS008489,9,10.206666666666667,8.01,12.6,1.6476043214315745,0,100.0,0.2222222222222222
HS008490,12,5.0616666666666665,2.19,7.96,1.957265408366448,0,100.0,0.3333333333333333
HS008491,13,4.940769230769231,2.15,11.61,2.627658848793166,1,92.3076923076923,0.38461538461538464
HS008492,10,4.953,2.03,9.18,2.4698315282176186,1,90.0,0.1
HS008493,7,4.8428571428571425,2.45,7.3,1.9213859085368066,0,100.0,0.42857142857142855
HS008494,7,20.83142857142857,12.93,28.78,5.6092228474523065,1,85.71428571428571,0.14285714285714285
HS008495,9,4.195555555555555,-0.7,7.77,2.8783550472062647,1,88.88888888888889,0.3333333333333333
HS008496,10,23.183,15.36,29.0,3.840295272212512,0,100.0,0.1
HS008497,9,6.0200000000000005,3.65,8.07,1.4917942217343514,1,88.88888888888889,0.2222222222222222
HS008498,5,13.86,13.36,14.83,0.5781003373117859,0,100.0,0.0
HS008499,6,21.635,15.32,25.71,3.6005930067143104,0,100.0,0.5
HS008500,7,22.974285714285713,15.54,29.71,5.296218327394422,0,100.0,0.14285714285714285
HS008501,8,0.96,-1.67,3.1,1.7928429140015905,0,100.0,0.375
HS008502,4,13.5375,12.88,14.26,0.5937662278484125,0,100.0,0.0
HS008503,8,13.71375,12.06,17.76,1.7744611858251513,1,87.5,0.25
HS008504,11,1.260909090909091,-1.28,3.96,1.7772138562674697,0,100.0,0.18181818181818182
HS008505,6,4.803333333333334,2.45,7.19,1.8612433120542482,0,100.0,0.6666666666666666
HS008506,14,5.123571428571429,2.1,7.3,1.7863396487396623,0,100.0,0.21428571428571427
HS008507,6,4.435,2.46,6.46,1.583309824386876,0,100.0,0.5
HS008508,12,4.109166666666667,-0.18,7.92,2.439357062585935,1,91.66666666666666,0.25
HS008509,5,13.958000000000002,13.3,14.45,0.4252881376196603,0,100.0,0.4
HS008510,10,14.967000000000002,12.71,18.48,1.974211797711234,3,70.0,0.4
HS008511,7,9.902857142857144,8.13,11.19,1.0529595479047658,0,100.0,0.14285714285714285
HS008512,5,23.744,15.65,29.88,5.54894854904963,0,100.0,0.2
HS008513,7,2.2885714285714287,-0.5,3.95,1.3954859198074885,0,100.0,0.0
HS008514,13,24.053076923076922,14.36,33.9,6.069602382110633,3,76.92307692307693,0.38461538461538464
HS008515,12,6.3175,2.25,12.45,3.3558717198367405,2,83.33333333333334,0.5
HS008516,8,4.195,0.33,7.48,2.5459996633374256,1,87.5,0.125
HS008517,8,4.995,2.17,7.8,2.317702063929455,0,100.0,0.375
HS008518,9,21.031111111111112,15.01,27.77,4.534879944509128,0,100.0,0.2222222222222222
HS008519,4,21.01,15.67,27.51,6.079078877593218,0,100.0,0.25
HS008520,14,4.976428571428571,-0.39,10.04,2.627542306306136,2,85.71428571428571,0.07142857142857142
HS008521,6,9.725,6.54,11.82,1.7445314557209903,1,83.33333333333334,0.16666666666666666
HS008522,8,-16.62,-18.16,-15.51,0.8972019998703895,0,100.0,0.25
HS008523,8,14.235,12.16,20.53,2.686511279921017,1,87.5,0.25
HS008524,4,10.6025,9.5,12.11,1.1198623427308672,1,75.0,0.25
HS008525,17,4.696470588235294,-2.41,7.98,2.4848112130916267,1,94.11764705882352,0.17647058823529413
HS008526,8,24.84625,19.31,29.65,4.050819802389213,0,100.0,0.0
HS008527,5,13.506,12.5,14.91,0.9403882177058578,0,100.0,0.2
HS008528,7,10.442857142857141,8.07,14.84,2.2539943381008025,1,85.71428571428571,0.0
HS008529,10,24.55,15.95,29.93,4.987985565335971,0,100.0,0.0
HS008530,8,13.39125,12.0,14.88,0.8730314590960795,0,100.0,0.25
HS008531,7,9.642857142857142,7.64,11.52,1.3941988653669448,1,85.71428571428571,0.0
HS008532,4,6.025,3.88,7.82,1.9244133305157365,0,100.0,0.5
HS008533,8,25.26125,16.04,29.77,5.1717569203180025,0,100.0,0.375
HS008534,7,6.339999999999999,3.82,7.84,1.4695123907836458,0,100.0,0.14285714285714285
HS008535,8,4.6375,2.02,7.25,2.2275274569415684,0,100.0,0.25
HS008536,14,5.572857142857143,2.69,7.67,1.6724345615411569,0,100.0,0.21428571428571427
HS008537,12,10.883333333333333,5.15,20.6,3.6672142841754707,2,83.33333333333334,0.5
HS008538,3,5.366666666666667,2.05,7.11,2.8735750091712124,0,100.0,0.3333333333333333
HS008539,5,24.06,18.4,29.42,4.345831335889602,0,100.0,0.0
HS008540,5,5.574,3.06,7.53,1.880114358223989,0,100.0,0.4
HS008541,8,10.567499999999999,9.27,12.62,1.3796661086757809,0,100.0,0.25
HS008542,9,11.787777777777778,9.23,14.69,1.5584589967158082,1,88.88888888888889,0.1111111111111111
HS008543,13,10.34153846153846,8.35,16.77,2.068001636660563,1,92.3076923076923,0.3076923076923077
HS008544,9,11.156666666666666,8.88,12.96,1.4376978124765996,0,100.0,0.1111111111111111
HS008545,8,10.3025,8.24,14.38,1.9257484630286332,1,87.5,0.25
HS008546,10,23.595,17.02,28.75,4.317553962861635,0,100.0,0.3
HS008547,12,11.315833333333332,8.41,15.93,2.0155416972450197,1,91.66666666666666,0.25
HS008548,10,5.003,2.51,7.77,1.9183097305237813,0,100.0,0.4
HS008549,6,0.5916666666666667,-1.99,2.43,1.7583221168678584,0,100.0,0.16666666666666666
HS008550,12,22.22083333333333,16.11,28.56,4.638086318404358,0,100.0,0.3333333333333333
HS008551,10,23.618000000000002,17.64,30.01,3.492483357154333,1,90.0,0.3
HS008552,12,5.245,2.9,6.54,1.0836428462283216,0,100.0,0.5
HS008553,4,9.29,8.67,10.76,0.9843102491931429,0,100.0,0.25
HS008554,9,5.904444444444445,2.88,7.92,1.6946099190603652,0,100.0,0.1111111111111111
HS008555,6,9.715,8.23,11.02,1.1262104599052525,0,100.0,0.3333333333333333
HS008556,5,10.414,8.6,12.01,1.4197640649065606,0,100.0,0.2
HS008557,7,9.932857142857143,8.11,11.21,1.1168663645174732,0,100.0,0.2857142857142857
HS008558,11,23.320909090909087,15.74,31.34,6.440874869993137,2,81.81818181818183,0.2727272727272727
HS008559,7,10.774285714285714,8.34,14.72,2.1661552509985453,1,85.71428571428571,0.14285714285714285
HS008560,11,5.638181818181818,2.02,10.95,2.5086004790791945,1,90.9090909090909,0.45454545454545453
HS008561,5,5.284000000000001,2.85,7.75,2.2471715555337557,0,100.0,0.4
HS008562,8,-18.44375,-23.1,-16.46,2.1493715859026588,1,87.5,0.0
HS008563,11,10.516363636363637,8.21,11.77,1.243320334646488,0,100.0,0.2727272727272727
HS008564,7,20.972857142857144,15.73,25.87,3.4994366893626094,0,100.0,0.5714285714285714
HS008565,7,4.5928571428571425,3.21,7.15,1.3389388122155332,0,100.0,0.14285714285714285
HS008566,4,5.2975,4.03,7.54,1.623214403583211,0,100.0,0.25
HS008567,9,4.285555555555556,2.41,6.65,1.5261316384171377,0,100.0,0.1111111111111111
HS008568,12,20.900000000000002,15.23,28.01,3.6729378877504493,0,100.0,0.25
HS008569,10,6.3839999999999995,2.24,10.28,2.1785173347434665,1,90.0,0.1
HS008570,11,4.86090909090909,2.17,7.97,1.8696066674327758,0,100.0,0.45454545454545453
HS008571,11,4.335454545454545,-0.12,7.32,2.221802707876483,1,90.9090909090909,0.18181818181818182
HS008572,11,9.29,4.23,11.59,1.9490715738525357,1,90.9090909090909,0.2727272727272727
HS008573,5,9.608,8.26,11.23,1.2086645523055601,0,100.0,0.0
HS008574,5,10.39,9.51,11.66,0.9602864156073435,0,100.0,0.0
HS008575,6,10.508333333333333,8.92,11.55,1.0375628495019795,0,100.0,0.16666666666666666
HS008576,6,14.038333333333334,12.75,14.96,0.8747437720079336,0,100.0,0.0
HS008577,7,21.71142857142857,15.37,28.27,5.123467018115202,0,100.0,0.14285714285714285
HS008578,10,22.985,17.52,31.91,4.834372876714322,1,90.0,0.2
HS008579,7,21.787142857142857,15.87,28.5,5.233971450328819,0,100.0,0.2857142857142857
HS008580,8,-18.08,-19.46,-15.45,1.4957463497722951,0,100.0,0.125
HS008581,6,-16.361666666666668,-19.53,-12.66,2.751925992221932,2,66.66666666666666,0.16666666666666666
HS008582,9,12.914444444444445,8.89,15.13,1.8383627981923965,2,77.77777777777779,0.2222222222222222
HS008583,10,5.031000000000001,2.63,7.46,1.7579056351870035,0,100.0,0.0
HS008584,12,9.987499999999999,7.31,12.49,1.7496603566510744,1,91.66666666666666,0.4166666666666667
HS008585,6,4.668333333333333,2.26,8.36,2.096782455732274,1,83.33333333333334,0.16666666666666666
HS008586,13,23.282307692307693,16.02,29.37,4.683617109752808,0,100.0,0.23076923076923078
HS008587,7,20.00142857142857,15.33,29.43,5.474609357666317,0,100.0,0.2857142857142857
HS008588,7,9.675714285714287,2.31,12.71,3.4791802537516268,1,85.71428571428571,0.2857142857142857
HS008589,16,4.944375,0.23,11.22,2.5406087689108423,3,81.25,0.1875
HS008590,8,10.0425,8.71,11.82,1.0301837561467235,0,100.0,0.0
HS008591,8,11.05625,8.93,12.23,1.1537508706079367,1,87.5,0.25
HS008592,11,10.406363636363636,8.85,11.83,0.9629462365809704,0,100.0,0.2727272727272727
HS008593,8,14.38125,12.61,18.33,1.8160588214199287,1,87.5,0.5
HS008594,7,5.001428571428571,2.49,7.26,1.8041288624654706,0,100.0,0.14285714285714285
HS008595,10,5.913,2.64,7.66,1.6211590503916224,0,100.0,0.2
HS008596,12,9.645833333333334,7.44,11.78,1.3991000895597352,1,91.66666666666666,0.16666666666666666
HS008597,9,23.525555555555556,17.48,29.44,3.843680238752669,0,100.0,0.5555555555555556
HS008598,6,4.84,2.63,7.09,1.7438348545662228,0,100.0,0.3333333333333333
HS008599,11,4.759090909090909,2.77,7.15,1.37418670161994,0,100.0,0.18181818181818182
HS008600,10,6.006,3.32,7.57,1.3075524208739522,0,100.0,0.3
HS008601,9,5.111111111111111,2.18,7.85,1.8496313446498225,0,100.0,0.4444444444444444
HS008602,7,5.8100000000000005,2.14,7.83,2.0392564004231213,0,100.0,0.2857142857142857
HS008603,10,1.8379999999999999,-0.32,4.22,1.6217398065041135,1,90.0,0.4
HS008604,6,22.873333333333335,17.09,28.08,3.9752920228162694,0,100.0,0.0
HS008605,9,5.414444444444445,2.43,9.06,2.323521632732904,1,88.88888888888889,0.2222222222222222
HS008606,8,5.2125,2.04,7.87,2.2524510459243534,0,100.0,0.125
HS008607,8,10.3025,8.61,11.67,1.1437500975800112,0,100.0,0.5
HS008608,4,24.9625,18.09,29.84,4.954407970013503,0,100.0,0.5
HS008609,6,5.6066666666666665,2.06,7.76,2.19380643327224,0,100.0,0.6666666666666666
HS008610,6,11.021666666666667,8.32,12.93,1.5429376742651235,0,100.0,0.0
HS008611,11,22.133636363636363,13.47,28.67,4.305894268853504,1,90.9090909090909,0.18181818181818182
HS008612,7,0.7700000000000001,-1.26,2.89,1.609616931653823,0,100.0,0.2857142857142857
HS008613,4,13.7125,12.99,14.8,0.8552728609436098,0,100.0,0.5
HS008614,9,10.277777777777779,8.72,11.64,0.8744680922963649,0,100.0,0.2222222222222222
HS008615,11,5.289090909090909,2.39,7.75,1.66599192402277,0,100.0,0.18181818181818182
HS008616,7,25.045714285714286,20.17,29.18,3.7084626515707604,0,100.0,0.14285714285714285
HS008617,8,4.62875,2.62,6.94,1.772169271986011,0,100.0,0.25
HS008618,6,10.888333333333334,8.43,12.17,1.3731630153287218,0,100.0,0.0
HS008619,4,0.3375,-1.31,3.16,1.9754556436427522,0,100.0,0.0
HS008620,12,4.944166666666667,2.23,7.76,2.076467535080292,0,100.0,0.16666666666666666
HS008621,4,8.93,4.59,12.12,3.2180428834930086,2,50.0,0.0
HS008622,8,21.19,17.25,29.47,4.37156722469185,0,100.0,0.125
HS008623,7,9.642857142857142,8.56,11.18,0.9652411492422377,0,100.0,0.14285714285714285
HS008624,14,23.386428571428574,16.6,29.0,3.95439698241154,0,100.0,0.35714285714285715
HS008625,13,23.681538461538462,15.82,29.59,4.082353990354597,0,100.0,0.46153846153846156
HS008626,11,9.64,8.12,10.95,0.9564622313505118,0,100.0,0.2727272727272727
HS008627,2,4.835,3.81,5.86,1.4495689014324225,0,100.0,0.0
HS008628,9,26.27,19.71,30.94,4.664413146366861,1,88.88888888888889,0.2222222222222222
HS008629,9,0.5244444444444445,-1.92,3.16,1.6416615905166867,0,100.0,0.4444444444444444
HS008630,10,1.236,-1.34,3.93,1.7110178906785933,0,100.0,0.1
HS008631,10,10.094,8.07,11.82,1.2803402325597326,0,100.0,0.0
HS008632,7,9.747142857142858,8.14,11.42,1.4434416543538602,0,100.0,0.42857142857142855
HS008633,9,4.268888888888889,2.02,7.48,2.2643787472750914,0,100.0,0.1111111111111111
HS008634,11,10.313636363636364,8.39,12.11,1.207536937135032,1,90.9090909090909,0.36363636363636365
HS008635,5,9.91,4.22,12.79,3.651746157662112,1,80.0,0.4
HS008636,7,4.5042857142857144,2.8,6.98,1.7601028108499528,0,100.0,0.42857142857142855
HS008637,9,14.131111111111112,12.95,14.77,0.5795783908248405,0,100.0,0.2222222222222222
HS008638,9,20.05777777777778,11.46,31.43,6.084660585804636,2,77.77777777777779,0.1111111111111111
HS008639,7,21.178571428571427,15.22,28.79,4.595343398744096,0,100.0,0.14285714285714285
HS008640,6,23.146666666666665,19.91,26.66,2.744759855919397,0,100.0,0.3333333333333333
HS008641,1,8.0,8.0,8.0,,0,100.0,0.0
HS008642,10,4.799,2.87,7.88,1.7274673175876103,0,100.0,0.2
HS008643,7,21.484285714285715,15.8,27.89,4.588263495568002,0,100.0,0.14285714285714285
HS008644,10,5.537,2.16,11.29,2.691022317096443,1,90.0,0.2
HS008645,11,4.450909090909091,2.32,7.34,1.649281386213126,0,100.0,0.09090909090909091
HS008646,11,1.4736363636363636,-1.4,9.45,3.1530850693480272,1,90.9090909090909,0.09090909090909091
HS008647,10,4.485,2.4,7.38,1.7485120658561226,0,100.0,0.3
HS008648,8,10.1075,4.45,12.63,2.6725041761293045,1,87.5,0.25
HS008649,10,-17.819,-19.63,-15.25,1.5832277157755934,0,100.0,0.1
HS008650,8,13.595,12.3,14.78,0.9054438532722895,0,100.0,0.125
HS008651,9,22.754444444444445,16.37,27.24,4.322710697904474,0,100.0,0.3333333333333333
HS008652,7,1.9685714285714284,-1.88,3.9,1.9028612541068128,0,100.0,0.2857142857142857
HS008653,8,9.48125,8.04,11.07,1.1241306164575111,0,100.0,0.25
HS008654,12,5.4675,2.19,8.4,2.010179209559549,1,91.66666666666666,0.25
HS008655,11,5.820909090909091,2.98,7.58,1.4752318769973385,0,100.0,0.0
HS008656,7,10.651428571428571,8.04,12.51,1.4964115807650045,0,100.0,0.2857142857142857
HS008657,6,21.905,15.51,27.03,3.9991536604636746,0,100.0,0.16666666666666666
HS008658,10,5.211,2.19,7.5,2.1036869750247753,0,100.0,0.3
HS008659,12,1.125,-1.87,4.7,1.7780249512514519,1,91.66666666666666,0.08333333333333333
HS008660,9,22.693333333333335,16.28,29.58,5.345514474772283,0,100.0,0.3333333333333333
HS008661,12,0.9991666666666665,-1.79,6.56,2.3565400613199983,1,91.66666666666666,0.3333333333333333
HS008662,10,4.76,-2.62,8.74,3.3326932718815336,3,70.0,0.3
HS008663,3,13.99,12.08,17.46,3.0101993289481683,1,66.66666666666666,0.0
HS008664,10,13.633000000000001,12.56,14.74,0.741021067326849,0,100.0,0.2
HS008665,10,4.785,2.13,7.96,2.062976544273401,0,100.0,0.4
HS008666,5,5.58,3.38,7.09,1.6040729409849168,0,100.0,0.4
HS008667,11,4.543636363636364,2.02,7.34,2.0122041284485666,0,100.0,0.18181818181818182
HS008668,6,5.510000000000001,2.2,7.68,2.5221815953654088,0,100.0,0.5
HS008669,10,0.8089999999999999,-1.23,3.48,1.488402947233488,0,100.0,0.1
HS008670,8,21.50125,18.37,29.23,3.4518212066758536,0,100.0,0.25
HS008671,6,22.55333333333333,17.62,30.02,4.171592821293404,1,83.33333333333334,0.8333333333333334
HS008672,5,4.406000000000001,2.04,6.12,1.7876464974932826,0,100.0,0.2
HS008673,10,21.609,15.56,29.6,4.4890445655073545,0,100.0,0.3
HS008674,9,21.412222222222223,15.26,29.7,4.706619747169347,0,100.0,0.2222222222222222
HS008675,12,10.939166666666667,9.84,11.73,0.6552648088345429,0,100.0,0.08333333333333333
HS008676,10,5.734,2.73,7.85,1.6656943830660464,0,100.0,0.1
HS008677,5,10.714,9.23,12.89,1.4024015116934243,0,100.0,0.4
HS008678,7,-17.614285714285714,-18.73,-16.58,0.8052506264689101,0,100.0,0.2857142857142857
HS008679,11,1.85,-0.72,3.64,1.7332570496034336,0,100.0,0.09090909090909091
HS008680,9,6.037777777777778,3.17,12.0,2.469128276223097,1,88.88888888888889,0.2222222222222222
HS008681,11,4.599090909090909,2.11,6.82,1.810101955943115,0,100.0,0.2727272727272727
HS008682,9,5.1755555555555555,2.58,7.65,2.1044245716532055,0,100.0,0.2222222222222222
HS008683,11,5.145454545454545,2.2,7.89,2.106164113436385,0,100.0,0.18181818181818182
HS008684,3,23.366666666666664,16.34,29.28,6.541447342395515,0,100.0,0.6666666666666666
HS008685,9,19.811111111111114,17.19,25.88,3.0754692505552885,0,100.0,0.2222222222222222
HS008686,7,21.58142857142857,15.16,27.37,4.550342216329919,0,100.0,0.2857142857142857
HS008687,9,10.212222222222222,8.35,15.05,2.0910988605143572,1,88.88888888888889,0.0
HS008688,10,10.046,8.12,11.85,1.1428152373269558,0,100.0,0.2
HS008689,7,10.985714285714286,8.51,12.48,1.5025407054148556,0,100.0,0.2857142857142857
HS008690,5,4.258,2.05,6.86,1.9896406710760617,0,100.0,0.2
HS008691,4,10.805,8.62,12.11,1.5150907563575196,0,100.0,0.25
HS008692,8,26.0025,17.27,33.61,4.653274576651832,1,87.5,0.125
HS008693,4,5.0025,2.97,6.19,1.4318141173583483,0,100.0,0.25
HS008694,6,3.9916666666666667,-0.39,7.58,2.9285861207529256,1,83.33333333333334,0.16666666666666666
HS008695,9,10.838888888888889,8.46,12.83,1.633519547208147,0,100.0,0.2222222222222222
HS008696,11,3.858181818181818,1.84,6.72,1.4538625669699194,1,90.9090909090909,0.18181818181818182
HS008697,9,5.546666666666667,2.25,7.98,1.7300072254184375,0,100.0,0.1111111111111111
HS008698,11,4.737272727272727,-0.65,7.74,2.416646812875605,1,90.9090909090909,0.36363636363636365
HS008699,10,9.615,8.02,11.95,1.6081476576760259,0,100.0,0.5
HS008700,7,23.138571428571428,16.99,28.49,4.722804352541077,0,100.0,0.2857142857142857
HS008701,9,12.91,8.98,14.99,1.7436527750673294,1,88.88888888888889,0.2222222222222222
HS008702,7,10.605714285714285,8.18,12.7,1.857649564573982,0,100.0,0.0
HS008703,6,21.073333333333334,15.32,28.72,5.058409499701133,0,100.0,0.16666666666666666
HS008704,9,13.225555555555555,9.16,14.76,1.6795096837403996,1,88.88888888888889,0.2222222222222222
HS008705,7,11.018571428571429,8.75,15.31,2.1318100960719475,1,85.71428571428571,0.42857142857142855
HS008706,7,-17.50857142857143,-19.5,-15.81,1.3122173164968844,0,100.0,0.0
HS008707,5,5.5840000000000005,2.5,6.96,1.8049182806986024,0,100.0,0.4
HS008708,8,10.05375,8.88,11.41,0.9875935760365044,0,100.0,0.25
HS008709,9,10.756666666666668,9.48,11.77,0.741822081094921,0,100.0,0.2222222222222222
HS008710,7,9.224285714285713,8.04,10.41,1.0115311355046066,0,100.0,0.2857142857142857
HS008711,7,4.437142857142857,2.54,7.6,1.74708055801399,0,100.0,0.14285714285714285
HS008712,5,10.336,8.97,11.5,1.1408900034622096,0,100.0,0.2
HS008713,10,24.723,18.92,29.06,2.8678177921354915,0,100.0,0.3
HS008714,9,21.565555555555555,13.0,30.76,5.537328126251666,2,77.77777777777779,0.3333333333333333
HS008715,7,13.691428571428572,12.02,14.5,0.8429991809293883,0,100.0,0.42857142857142855
HS008716,7,5.5928571428571425,3.44,7.9,1.595678688267308,0,100.0,0.0
HS008717,6,12.553333333333333,7.39,14.72,2.7434115015189877,1,83.33333333333334,0.16666666666666666
HS008718,9,10.893333333333334,8.89,12.91,1.2600297615532738,0,100.0,0.0
HS008719,11,10.43909090909091,8.09,12.22,1.490928935566377,0,100.0,0.0
HS008720,12,23.184166666666666,16.92,29.87,4.97691664009196,0,100.0,0.4166666666666667
HS008721,13,5.783076923076924,2.24,9.98,2.319907988891602,1,92.3076923076923,0.23076923076923078
HS008722,10,5.821,2.7,12.16,2.8403773223523197,1,90.0,0.5
HS008723,8,4.98125,2.19,7.68,1.8701064713768878,0,100.0,0.375
HS008724,10,22.148,15.81,29.73,4.274715845007192,0,100.0,0.4
HS008725,10,4.195,-0.28,7.72,2.5987571815944808,1,90.0,0.5
HS008726,3,11.51,10.72,12.83,1.1505216208311773,0,100.0,0.6666666666666666
HS008727,16,21.711875,15.15,32.34,5.8484461967830965,1,93.75,0.25
HS008728,13,4.92076923076923,2.69,7.63,1.6186128914313302,0,100.0,0.23076923076923078
HS008729,9,5.442222222222223,2.14,8.31,1.9764094829878864,1,88.88888888888889,0.0
HS008730,11,5.108181818181818,2.33,7.94,1.9748610998336982,0,100.0,0.45454545454545453
HS008731,6,4.011666666666667,2.62,7.01,1.6332227853745693,0,100.0,0.16666666666666666
HS008732,9,10.375555555555556,8.47,12.53,1.4580647371697109,0,100.0,0.2222222222222222
HS008733,4,13.5375,12.06,14.59,1.198036588200321,0,100.0,0.25
HS008734,9,4.9688888888888885,2.16,9.65,2.138056620183645,1,88.88888888888889,0.0
HS008735,12,5.1125,3.38,7.25,1.2956018257586284,0,100.0,0.25
HS008736,10,25.717000000000002,18.46,35.57,4.666000071438775,1,90.0,0.2
HS008737,9,5.738888888888889,2.84,7.96,1.5680835791216967,0,100.0,0.1111111111111111
HS008738,9,22.864444444444445,16.94,29.34,4.167406600966334,0,100.0,0.4444444444444444
HS008739,6,20.211666666666666,15.39,29.21,5.356436937616896,0,100.0,0.3333333333333333
HS008740,10,5.615,2.12,9.48,1.978300336708818,1,90.0,0.2
HS008741,10,9.318000000000001,8.29,11.63,1.2991176492784124,0,100.0,0.4
HS008742,4,6.1675,5.2,7.48,0.9679316435919773,0,100.0,0.0
HS008743,9,2.191111111111111,-1.43,3.69,1.7187091409284794,0,100.0,0.3333333333333333
HS008744,6,1.8133333333333335,1.05,2.95,0.6249693325809408,0,100.0,0.0
HS008745,7,14.254285714285714,12.29,18.02,1.8979010963241922,1,85.71428571428571,0.2857142857142857
HS008746,7,0.04571428571428569,-1.26,1.63,1.0468501507356427,0,100.0,0.42857142857142855
HS008747,8,7.25,3.99,13.98,3.195085511934138,2,75.0,0.25
HS008748,6,5.793333333333334,2.51,12.71,3.7345985951192486,1,83.33333333333334,0.0
HS008749,14,22.90285714285714,15.76,29.47,4.799822798926945,0,100.0,0.21428571428571427
HS008750,10,5.258,2.84,9.51,2.116006721266368,1,90.0,0.2
HS008751,10,5.246,1.69,7.54,2.18514276167231,1,90.0,0.2
HS008752,9,0.7966666666666666,-0.88,2.31,1.1125870752440008,0,100.0,0.1111111111111111
HS008753,7,1.7671428571428573,-0.67,4.16,2.1523530866295637,1,85.71428571428571,0.14285714285714285
HS008754,5,10.472,8.64,12.84,1.7499628567486798,0,100.0,0.6
HS008755,6,2.145,0.16,3.9,1.584673467942213,0,100.0,0.0
HS008756,5,4.754,2.84,7.24,1.6806784344424726,0,100.0,0.4
HS008757,8,-17.72625,-19.99,-15.11,1.9872805359514356,0,100.0,0.125
HS008758,7,13.747142857142858,12.32,14.92,0.9461626760361083,0,100.0,0.2857142857142857
HS008759,13,22.482307692307693,16.74,28.62,3.2704488831712237,0,100.0,0.3076923076923077
HS008760,10,22.998,17.92,29.39,3.813594979368767,0,100.0,0.0
HS008761,7,5.882857142857143,3.8,7.53,1.2714521132116914,0,100.0,0.2857142857142857
HS008762,9,5.642222222222222,0.43,7.99,2.504699471881696,1,88.88888888888889,0.1111111111111111
HS008763,6,5.385000000000001,2.26,6.89,1.7313203054316668,0,100.0,0.0
HS008764,10,5.476999999999999,2.7,7.93,1.7116726712001138,0,100.0,0.1
HS008765,10,-17.655,-19.42,-15.83,1.2567351882291409,0,100.0,0.2
HS008766,7,4.54,3.29,7.04,1.4248157775656471,0,100.0,0.2857142857142857
HS008767,10,22.183,17.67,27.52,3.0772211490239036,0,100.0,0.2
HS008768,14,5.704285714285715,2.15,12.54,2.4468275041704177,1,92.85714285714286,0.14285714285714285
HS008769,9,-17.095555555555556,-19.05,-15.87,0.9488033398854467,0,100.0,0.3333333333333333
HS008770,10,5.615,4.03,7.37,1.142222492434036,0,100.0,0.1
HS008771,13,-16.779230769230768,-18.79,-15.3,1.080165585596806,0,100.0,0.46153846153846156
HS008772,7,4.602857142857142,2.22,7.18,1.6618234391345978,0,100.0,0.14285714285714285
HS008773,8,24.7475,16.47,30.54,5.686705674515908,1,87.5,0.25
HS008774,11,11.22,9.09,17.15,2.44702676732397,2,81.81818181818183,0.36363636363636365
HS008775,8,10.4875,9.24,12.06,0.9932450424168822,0,100.0,0.25
HS008776,13,10.76076923076923,8.04,12.75,1.6551206478605598,0,100.0,0.23076923076923078
HS008777,11,22.42,16.38,31.13,4.737680867259845,1,90.9090909090909,0.09090909090909091
HS008778,3,5.676666666666667,4.11,6.79,1.3963285191291241,0,100.0,0.3333333333333333
HS008779,7,4.175714285714286,2.48,5.51,0.981900489575482,0,100.0,0.2857142857142857
HS008780,8,3.4762500000000003,2.09,6.82,1.6674783142732108,0,100.0,0.125
HS008781,6,4.238333333333333,2.22,6.49,1.5364558785291125,0,100.0,0.16666666666666666
HS008782,9,24.007777777777775,15.86,29.93,5.3426650133097855,0,100.0,0.2222222222222222
HS008783,10,20.369,14.51,25.11,3.798381087896381,1,90.0,0.2
HS008784,6,23.641666666666666,17.51,29.77,5.088140786836254,0,100.0,0.0
HS008785,12,23.28333333333333,15.51,28.51,4.458934510586242,0,100.0,0.3333333333333333
HS008786,9,13.151111111111112,6.91,14.8,2.40847692766842,1,88.88888888888889,0.1111111111111111
HS008787,9,10.047777777777778,8.02,12.64,1.685947639888156,0,100.0,0.3333333333333333
HS008788,4,1.315,0.35,1.87,0.6725820891658256,0,100.0,0.25
HS008789,20,-17.8635,-19.98,-14.29,1.6851246244714366,1,95.0,0.3
HS008790,7,10.062857142857142,8.13,11.62,1.2816878752347656,0,100.0,0.2857142857142857
HS008791,4,5.0425,2.89,8.29,2.370617008291301,1,75.0,0.0
HS008792,6,13.041666666666666,12.01,14.86,1.3047209152407517,0,100.0,0.5
HS008793,8,10.525,8.01,12.82,1.9691259845061064,0,100.0,0.375
HS008794,9,5.0566666666666675,2.2,10.3,2.6916584107200525,1,88.88888888888889,0.2222222222222222
HS008795,10,21.505,16.61,27.63,4.486127382151436,0,100.0,0.3
HS008796,8,4.516249999999999,1.47,7.93,1.9528728837279707,1,87.5,0.25
HS008797,11,5.239090909090909,2.1,6.88,1.9359982156265254,0,100.0,0.2727272727272727
HS008798,9,22.51111111111111,16.04,28.41,4.371828691876104,0,100.0,0.3333333333333333
HS008799,11,22.923636363636362,18.07,27.54,3.2015817113647826,0,100.0,0.2727272727272727
HS008800,5,5.45,2.98,7.56,2.129060825810291,0,100.0,0.6
HS008801,6,21.226666666666667,17.55,25.46,3.2969298850091833,0,100.0,0.0
HS008802,9,10.24888888888889,8.38,12.5,1.5121875251142338,0,100.0,0.1111111111111111
HS008803,9,5.37,2.85,7.52,1.5384732691860459,0,100.0,0.2222222222222222
HS008804,8,10.5375,8.49,11.57,1.065239744980309,0,100.0,0.125
HS008805,9,3.4744444444444444,-0.72,7.07,2.3048379070506844,1,88.88888888888889,0.2222222222222222
HS008806,8,4.805,2.02,7.61,2.1811137390922886,0,100.0,0.5
HS008807,5,9.84,8.15,11.75,1.7571567943698136,0,100.0,0.0
HS008808,10,4.856,2.59,7.53,1.5956969915647798,0,100.0,0.2
HS008809,7,-16.605714285714285,-19.81,-12.43,2.368929836746663,1,85.71428571428571,0.2857142857142857
HS008810,4,0.44,-0.35,1.18,0.6671831332800113,0,100.0,0.25
HS008811,6,9.78,8.65,11.72,1.1647145573057802,0,100.0,0.3333333333333333
HS008812,9,9.783333333333333,8.28,11.64,1.270629765116495,0,100.0,0.2222222222222222
HS008813,8,4.28,1.51,7.97,2.1874642854227355,1,87.5,0.25
HS008814,12,22.008333333333336,15.64,29.23,4.919057251387124,0,100.0,0.3333333333333333
HS008815,8,24.07375,15.3,29.67,5.7318930742195215,0,100.0,0.25
HS008816,9,3.8433333333333337,2.03,6.03,1.4430869689661814,0,100.0,0.0
HS008817,7,4.1242857142857146,2.02,7.2,2.107169168520151,0,100.0,0.42857142857142855
HS008818,10,1.488,-1.9,3.73,1.8395095964836812,0,100.0,0.4
HS008819,8,22.15375,16.83,29.53,4.406702484365639,0,100.0,0.25
HS008820,8,10.59,8.68,11.9,1.1605417454176914,0,100.0,0.375
HS008821,11,1.4018181818181819,-1.74,3.77,1.8757228909506767,0,100.0,0.36363636363636365
HS008822,5,0.3899999999999999,-1.86,3.94,2.530602695011605,0,100.0,0.2
HS008823,8,4.9025,-2.18,10.1,3.768037571847863,2,75.0,0.375
HS008824,4,9.3475,8.25,10.31,0.9623712035037906,0,100.0,0.5
HS008825,8,9.66125,8.47,11.74,1.4165595897909034,0,100.0,0.5
HS008826,5,3.964,2.77,5.41,1.1894872845053872,0,100.0,0.2
HS008827,11,5.830909090909091,2.5,8.33,1.6171731790099326,1,90.9090909090909,0.2727272727272727
HS008828,9,4.645555555555556,2.35,7.85,1.8274785300456413,0,100.0,0.3333333333333333
HS008829,5,13.904,12.99,14.98,0.8887519338938177,0,100.0,0.0
HS008830,6,21.07,15.24,29.69,4.789484314620939,0,100.0,0.6666666666666666
HS008831,4,5.6525,3.54,7.72,2.218007739691936,0,100.0,0.25
HS008832,11,22.541818181818183,16.93,28.81,3.9837590744968945,0,100.0,0.0
HS008833,9,10.697777777777778,8.13,14.09,1.8559012485702044,1,88.88888888888889,0.1111111111111111
HS008834,8,21.29625,16.72,27.1,4.289951506552426,0,100.0,0.25
HS008835,11,22.402727272727272,15.99,27.71,3.5527372289801873,0,100.0,0.18181818181818182
HS008836,12,21.2275,11.11,28.65,4.969165148465814,1,91.66666666666666,0.3333333333333333
HS008837,6,24.616666666666664,19.59,29.83,4.0104546708156,0,100.0,0.16666666666666666
HS008838,8,4.525,2.25,7.2,1.5324396981843784,0,100.0,0.375
HS008839,7,4.698571428571428,2.39,11.01,3.2446696214531534,1,85.71428571428571,0.0
HS008840,3,1.6633333333333333,-1.96,3.86,3.161429001785954,0,100.0,0.3333333333333333
HS008841,11,5.368181818181818,2.35,7.67,1.5284620910040143,0,100.0,0.18181818181818182
HS008842,9,25.415555555555557,21.0,29.17,2.875930767208727,0,100.0,0.1111111111111111
HS008843,8,10.873750000000001,8.24,12.82,1.4712670681131572,0,100.0,0.375
HS008844,12,5.604166666666667,3.1,7.17,1.4765159133664092,0,100.0,0.3333333333333333
HS008845,12,23.174166666666668,15.28,27.78,4.658789265919035,0,100.0,0.16666666666666666
HS008846,13,10.222307692307691,8.34,15.25,1.8708783759068621,1,92.3076923076923,0.23076923076923078
HS008847,6,14.104999999999999,13.75,14.76,0.4572854688266399,0,100.0,0.16666666666666666
HS008848,8,4.86625,2.38,7.82,2.0400625865749453,0,100.0,0.25
HS008849,9,5.611111111111111,2.02,7.95,2.386223189710282,0,100.0,0.1111111111111111
HS008850,8,22.685,15.28,29.43,5.376610722113222,0,100.0,0.375
HS008851,10,10.246,8.04,12.6,1.265808481213138,1,90.0,0.6
HS008852,5,-17.856,-18.65,-16.29,0.9595207136899131,0,100.0,0.4
HS008853,4,0.7050000000000001,-1.47,4.62,2.8042646094832064,1,75.0,0.75
HS008854,15,-17.351333333333333,-19.56,-15.28,1.4729458658788257,0,100.0,0.13333333333333333
HS008855,7,5.087142857142857,2.24,7.09,1.8432192335306026,0,100.0,0.5714285714285714
HS008856,10,21.240000000000002,16.75,25.45,3.66432652596475,0,100.0,0.1
HS008857,3,4.446666666666666,2.65,7.05,2.3082533078787804,0,100.0,0.6666666666666666
HS008858,10,10.617999999999999,8.83,16.22,2.3595705824012407,1,90.0,0.2
HS008859,8,1.64625,-0.61,3.53,1.4872884003159192,0,100.0,0.0
HS008860,10,5.232,2.86,7.84,1.9029789512469364,0,100.0,0.2
HS008861,7,4.79,2.02,7.56,1.82687346761254,0,100.0,0.14285714285714285
HS008862,8,9.7575,8.1,11.85,1.1838164674354836,0,100.0,0.375
HS008863,8,13.35375,12.12,14.56,0.8783903704260103,0,100.0,0.0
HS008864,8,22.97,18.6,26.36,3.2698143241299977,0,100.0,0.25
HS008865,15,10.422,8.01,15.76,1.9583746905460744,1,93.33333333333333,0.2
HS008866,11,0.7509090909090909,-1.8,3.73,2.0686297616802025,0,100.0,0.36363636363636365
HS008867,10,4.941000000000001,2.91,7.98,1.7686746450379167,0,100.0,0.0
HS008868,9,11.068888888888889,8.32,14.06,1.7354354240682972,1,88.88888888888889,0.2222222222222222
HS008869,11,10.656363636363636,8.3,13.11,1.7515266068619835,1,90.9090909090909,0.18181818181818182
HS008870,7,5.654285714285714,3.49,7.46,1.5148911637788498,0,100.0,0.14285714285714285
HS008871,8,3.24125,-2.07,5.41,2.3568528501251107,1,87.5,0.125
HS008872,8,6.96875,2.04,11.31,3.1283333650455383,2,75.0,0.25
HS008873,6,-17.830000000000002,-19.75,-15.47,1.4835228343372397,0,100.0,0.3333333333333333
HS008874,8,11.43625,8.22,15.29,2.2560391175686645,1,87.5,0.0
HS008875,5,11.092,9.99,11.75,0.7454327602138237,0,100.0,0.4
HS008876,4,9.1775,8.2,10.59,1.158342925619755,0,100.0,0.25
HS008877,6,4.983333333333333,3.96,6.4,1.1216178790776592,0,100.0,0.6666666666666666
HS008878,6,6.161666666666666,5.48,7.7,0.8405097659555579,0,100.0,0.16666666666666666
HS008879,4,19.302500000000002,15.48,22.21,2.833647531598335,0,100.0,0.25
HS008880,6,10.33,9.07,11.98,1.130893452098826,0,100.0,0.3333333333333333
HS008881,8,4.98125,2.14,7.44,1.7540682304696296,0,100.0,0.125
HS008882,10,1.27,-0.83,4.69,1.575732633835237,1,90.0,0.1
HS008883,7,5.074285714285714,2.09,9.25,2.668225734721216,1,85.71428571428571,0.2857142857142857
HS008884,10,-18.003,-19.44,-15.86,1.2508135130563816,0,100.0,0.2
HS008885,10,10.463,8.48,11.97,1.2472284830330365,0,100.0,0.4
HS008886,8,-17.64625,-19.99,-15.63,1.4903876533113303,0,100.0,0.125
HS008887,5,3.94,2.05,5.85,1.6752313273097539,0,100.0,0.2
HS008888,9,21.985555555555557,16.01,26.91,3.8161928381277814,0,100.0,0.0
HS008889,10,13.936000000000002,12.53,14.91,0.7894329892045582,0,100.0,0.3
HS008890,9,5.547777777777778,2.76,9.39,1.9045785477224209,1,88.88888888888889,0.1111111111111111
HS008891,8,-16.634999999999998,-19.55,-12.23,3.04008928440315,2,75.0,0.0
HS008892,7,-17.035714285714285,-19.49,-15.38,1.4663203054228067,0,100.0,0.0
HS008893,5,13.191999999999998,7.88,14.7,2.979944630358088,1,80.0,0.0
HS008894,5,-16.842,-17.7,-15.55,1.0140611421408472,0,100.0,0.2
HS008895,6,5.553333333333334,2.8,7.56,1.8707075310338244,0,100.0,0.16666666666666666
HS008896,2,2.92,2.78,3.06,0.19798989873223347,0,100.0,0.0
HS008897,7,4.777142857142857,2.29,7.98,1.944314054585098,0,100.0,0.14285714285714285
HS008898,6,13.525,12.0,14.79,1.2152818603106028,0,100.0,0.5
HS008899,8,10.6075,9.69,12.59,1.0451213190001296,0,100.0,0.125
HS008900,9,5.584444444444444,2.1,11.16,2.8251022597027844,1,88.88888888888889,0.2222222222222222
HS008901,7,5.771428571428571,3.07,7.93,1.959365786603993,0,100.0,0.42857142857142855
HS008902,8,5.19625,2.14,7.28,1.601775242838841,0,100.0,0.25
HS008903,10,4.4879999999999995,2.41,7.22,1.6606210351016941,0,100.0,0.2
HS008904,5,7.948,5.71,9.96,1.9101099444796363,2,60.0,0.0
HS008905,4,6.425,5.28,7.45,1.1052752296750947,0,100.0,0.0
HS008906,6,1.3966666666666665,-1.5,3.65,1.9310170032049603,0,100.0,0.0
HS008907,5,6.292,4.45,8.35,1.6183386542995255,1,80.0,0.2
HS008908,13,14.284615384615384,12.2,17.74,1.5522973049892606,2,84.61538461538461,0.3076923076923077
HS008909,5,21.05,15.46,29.25,6.16377319504863,0,100.0,0.6
HS008910,6,20.378333333333334,15.28,26.17,4.744362619643094,0,100.0,0.3333333333333333
HS008911,10,4.884,2.2,7.67,1.9869921433608584,0,100.0,0.0
HS008912,9,22.18777777777778,15.43,26.8,3.656507137206824,0,100.0,0.3333333333333333
HS008913,14,24.255714285714284,16.19,34.62,4.840727399703659,1,92.85714285714286,0.21428571428571427
HS008914,3,5.38,3.75,7.99,2.2835717637070223,0,100.0,0.3333333333333333
HS008915,4,5.9475,4.88,7.31,1.1303797297073814,0,100.0,0.0
HS008916,8,-16.695,-18.75,-15.39,1.3176711057229507,0,100.0,0.125
HS008917,10,10.607000000000001,8.79,12.47,1.2628631490915134,0,100.0,0.1
HS008918,9,9.395555555555555,6.11,11.64,1.6226838194108484,1,88.88888888888889,0.5555555555555556
HS008919,10,5.965,2.65,7.9,2.1803733115633612,0,100.0,0.4
HS008920,10,21.934,15.37,28.2,3.8923548998860147,0,100.0,0.3
HS008921,8,5.38375,2.35,7.77,2.1866408516914055,0,100.0,0.5
HS008922,8,23.95875,15.19,29.5,6.130552148286251,0,100.0,0.125
HS008923,7,-16.330000000000002,-18.16,-11.84,2.167248639788861,1,85.71428571428571,0.2857142857142857
HS008924,9,5.566666666666666,2.32,10.99,2.5970560255797333,1,88.88888888888889,0.1111111111111111
HS008925,8,10.72875,8.0,12.79,1.9441078563554168,0,100.0,0.25
HS008926,5,5.014,2.41,7.56,2.1191342571908933,0,100.0,0.0
HS008927,7,13.804285714285713,12.46,15.0,0.9235593672103076,0,100.0,0.2857142857142857
HS008928,9,10.698888888888888,9.35,11.64,0.7990845456590382,0,100.0,0.1111111111111111
HS008929,12,10.228333333333333,8.09,11.76,1.3455842484575131,0,100.0,0.0
HS008930,6,13.161666666666667,12.12,14.71,1.019537476832837,0,100.0,0.3333333333333333
HS008931,10,10.248999999999999,8.1,12.41,1.6400030487776542,0,100.0,0.2
HS008932,13,1.4907692307692306,-1.13,3.68,1.673641048425366,0,100.0,0.07692307692307693
HS008933,6,5.383333333333334,4.11,7.83,1.3286333830920654,0,100.0,0.0
HS008934,16,10.8775,8.35,14.71,1.6573452667846054,1,93.75,0.1875
HS008935,7,21.900000000000002,16.11,25.55,3.247270648816737,0,100.0,0.14285714285714285
HS008936,3,7.6000000000000005,5.84,10.06,2.195358740616212,1,66.66666666666666,0.3333333333333333
HS008937,7,23.985714285714288,16.94,29.82,4.459573436786889,0,100.0,0.0
HS008938,9,-16.471111111111114,-19.28,-13.35,1.6627796339596874,1,88.88888888888889,0.2222222222222222
HS008939,4,9.9725,8.36,11.6,1.5874796586623294,0,100.0,0.5
HS008940,7,21.76571428571429,15.43,29.36,6.175386242017194,0,100.0,0.42857142857142855
HS008941,12,22.113333333333333,13.45,34.11,6.08167042444057,2,83.33333333333334,0.3333333333333333
HS008942,7,-16.31714285714286,-19.12,-10.42,3.1199931318605727,2,71.42857142857143,0.42857142857142855
HS008943,8,5.16375,2.75,7.81,1.9687990356705132,0,100.0,0.25
HS008944,11,5.909090909090909,3.74,7.72,1.2626436911928443,0,100.0,0.36363636363636365
HS008945,4,4.995,3.24,7.78,2.1611493855508153,0,100.0,0.25
HS008946,9,5.823333333333333,2.53,9.15,1.980826847556343,1,88.88888888888889,0.2222222222222222
HS008947,5,6.164,4.74,7.43,1.08983026201331,0,100.0,0.2
HS008948,14,13.375,12.02,14.6,1.020013197501348,0,100.0,0.2857142857142857
HS008949,7,10.144285714285715,8.53,11.7,1.387874359621662,0,100.0,0.42857142857142855
HS008950,5,14.809999999999999,12.81,17.17,1.5640172633318348,1,80.0,0.0
HS008951,18,10.623333333333333,8.55,12.68,1.2190111711112894,0,100.0,0.5
HS008952,11,4.743636363636363,1.49,7.89,1.8886888188755324,1,90.9090909090909,0.36363636363636365
HS008953,6,24.153333333333336,17.6,32.39,4.957223685357225,1,83.33333333333334,0.0
HS008954,9,10.546666666666667,8.25,12.6,1.632720122984953,0,100.0,0.3333333333333333
HS008955,9,6.087777777777777,2.46,7.67,2.171472874443621,0,100.0,0.0
HS008956,7,10.004285714285714,8.42,12.61,1.7107684154871963,0,100.0,0.2857142857142857
HS008957,6,2.401666666666667,-0.48,3.88,1.5544570327502356,0,100.0,0.0
HS008958,10,1.439,-2.97,3.99,2.306586944672438,1,90.0,0.3
HS008959,7,5.421428571428572,2.03,10.05,2.767456284336627,1,85.71428571428571,0.14285714285714285
HS008960,11,22.402727272727272,15.03,28.17,4.274803132096474,0,100.0,0.36363636363636365
HS008961,6,22.42833333333333,16.97,29.2,4.849550150959022,0,100.0,0.0
HS008962,6,19.521666666666665,16.59,23.09,2.7048283987467063,0,100.0,0.5
HS008963,11,19.717272727272725,12.19,28.54,5.130161968026139,2,81.81818181818183,0.2727272727272727
HS008964,16,5.19125,2.29,7.51,1.6870165974287268,0,100.0,0.1875
HS008965,14,1.5678571428571428,-1.51,7.93,2.5210717457567027,2,85.71428571428571,0.14285714285714285
HS008966,3,4.319999999999999,3.23,5.85,1.3642946895740673,0,100.0,0.0
HS008967,6,23.72666666666667,18.32,29.6,4.670458935336726,0,100.0,0.16666666666666666
HS008968,11,12.688181818181818,12.12,13.81,0.6393874909914674,0,100.0,0.09090909090909091
HS008969,10,11.228,8.76,13.83,1.5792740948507535,1,90.0,0.0
HS008970,9,11.295555555555556,8.64,16.49,2.2903881281952576,1,88.88888888888889,0.2222222222222222
HS008971,10,2.628,-1.85,5.91,2.1742728030820375,2,80.0,0.2
HS008972,8,5.53625,3.38,9.58,2.1179163446314737,1,87.5,0.125
HS008973,13,10.147692307692306,8.43,12.37,1.0696273014945739,1,92.3076923076923,0.38461538461538464
HS008974,9,5.498888888888889,2.23,10.17,2.8082710181019053,2,77.77777777777779,0.4444444444444444
HS008975,12,4.989166666666667,-0.86,7.61,2.330947752362207,1,91.66666666666666,0.16666666666666666
HS008976,8,24.96625,21.21,28.97,3.5254905940267984,0,100.0,0.125
HS008977,11,9.842727272727272,8.24,11.61,1.2081894794202679,0,100.0,0.18181818181818182
HS008978,7,10.27,8.53,11.57,1.1225714528112083,0,100.0,0.14285714285714285
HS008979,8,-17.97375,-19.71,-15.26,1.7166823277140448,0,100.0,0.375
HS008980,16,1.1875,-1.67,5.67,1.8947136986890658,1,93.75,0.1875
HS008981,6,23.986666666666668,16.69,29.01,4.7367612000887975,0,100.0,0.3333333333333333
HS008982,4,0.265,-1.62,1.61,1.5969241267720478,0,100.0,0.25
HS008983,11,21.098181818181818,10.09,28.92,5.465934171176631,1,90.9090909090909,0.18181818181818182
HS008984,12,5.844166666666666,2.55,11.0,2.2037053850826847,1,91.66666666666666,0.25
HS008985,7,3.3185714285714285,-2.51,6.49,2.973098431891263,1,85.71428571428571,0.14285714285714285
HS008986,7,24.958571428571428,19.05,29.42,4.055504196239266,0,100.0,0.14285714285714285
HS008987,7,9.37857142857143,8.46,11.99,1.2273199606110403,0,100.0,0.0
HS008988,13,21.905384615384612,16.24,28.29,4.10000938085231,0,100.0,0.38461538461538464
HS008989,10,9.91,6.26,14.76,2.37147867608189,2,80.0,0.3
HS008990,11,5.213636363636364,2.6,7.7,1.8579950092897057,0,100.0,0.45454545454545453
HS008991,9,14.056666666666667,13.35,14.64,0.4498888751680795,0,100.0,0.0
HS008992,9,0.8255555555555555,-1.99,2.99,1.6934145321739085,0,100.0,0.0
HS008993,8,21.8625,15.32,29.39,5.261392401256534,0,100.0,0.25
HS008994,7,9.53,8.29,10.62,0.81924762231371,0,100.0,0.42857142857142855
HS008995,7,14.20142857142857,12.12,17.45,1.7897805132792917,2,71.42857142857143,0.0
HS008996,10,5.376,3.29,6.8,1.1516287982196731,0,100.0,0.2
HS008997,8,9.46625,4.95,11.76,2.167031791579045,1,87.5,0.625
HS008998,10,4.182,2.25,7.78,1.6109886543500063,0,100.0,0.2
HS008999,12,24.830000000000002,16.77,29.85,4.340797999530417,0,100.0,0.25
HS009000,9,10.86111111111111,8.29,14.8,1.9880043035947161,1,88.88888888888889,0.4444444444444444
HS009001,9,5.08,2.43,7.58,1.670104787131634,0,100.0,0.3333333333333333
HS009002,13,5.098461538461539,1.85,11.02,2.341622821014827,2,84.61538461538461,0.15384615384615385
HS009003,11,11.38090909090909,8.59,12.83,1.1871769417020746,0,100.0,0.2727272727272727
HS009004,13,10.48076923076923,8.51,12.81,1.4772692235927616,0,100.0,0.3076923076923077
HS009005,6,4.178333333333334,2.63,5.6,1.1609550666010577,0,100.0,0.3333333333333333
HS009006,12,1.8391666666666666,-0.6,7.69,2.4542744098384515,1,91.66666666666666,0.25
HS009007,9,20.41888888888889,12.84,27.67,4.599218532654336,2,77.77777777777779,0.1111111111111111
HS009008,5,5.651999999999999,2.65,10.28,2.8736248885336444,1,80.0,0.4
HS009009,12,1.2575,-1.38,3.82,1.9065252781863755,0,100.0,0.3333333333333333
HS009010,8,24.009999999999998,16.05,28.77,4.478073565400959,0,100.0,0.25
HS009011,9,21.68777777777778,16.5,26.82,3.9229446139914392,0,100.0,0.4444444444444444
HS009012,11,23.844545454545457,16.22,33.1,5.684664218115903,1,90.9090909090909,0.2727272727272727
HS009013,9,10.661111111111111,8.58,17.01,2.575531228913972,1,88.88888888888889,0.1111111111111111
HS009014,6,21.085,18.5,26.25,2.785209148340569,0,100.0,0.0
HS009015,5,25.002,17.97,30.45,4.787323887100183,1,80.0,0.0
HS009016,4,21.2725,16.89,25.72,4.57004285173199,0,100.0,0.0
HS009017,10,-16.898,-19.27,-13.85,1.7118592880906482,1,90.0,0.3
HS009018,8,23.17,15.16,33.02,5.823320113376659,1,87.5,0.375
HS009019,10,4.672,2.76,7.61,1.7257191737552977,0,100.0,0.4
HS009020,6,5.1450000000000005,3.27,6.98,1.5475755231974953,0,100.0,0.16666666666666666
HS009021,7,5.33,2.39,7.66,1.5796518603793686,0,100.0,0.5714285714285714
HS009022,7,2.994285714285714,2.03,4.82,1.0127167610419205,0,100.0,0.0
HS009023,11,4.963636363636364,2.76,7.77,1.8756986577127615,0,100.0,0.36363636363636365
HS009024,9,13.466666666666667,12.09,14.95,0.8720091742636655,0,100.0,0.4444444444444444
HS009025,8,5.18875,3.63,7.56,1.218306054674745,0,100.0,0.375
HS009026,6,5.4750000000000005,2.57,7.87,2.628549029407669,0,100.0,0.16666666666666666
HS009027,8,5.28375,2.51,7.87,1.7476101028057063,0,100.0,0.125
HS009028,7,4.3585714285714285,2.41,12.01,3.424424178220472,1,85.71428571428571,0.2857142857142857
HS009029,7,26.997142857142855,22.16,33.09,3.674845639777334,1,85.71428571428571,0.14285714285714285
HS009030,10,23.419,15.1,29.82,4.5151016968982365,0,100.0,0.2
HS009031,8,1.76125,0.2,3.38,1.2990924029600708,0,100.0,0.25
HS009032,5,13.565999999999999,12.34,14.27,0.7449362388822277,0,100.0,0.4
HS009033,8,-16.6975,-18.85,-15.14,1.2295614781585467,0,100.0,0.0
HS009034,10,23.927,16.09,30.06,3.890632767729863,1,90.0,0.4
HS009035,8,-16.95625,-18.92,-15.66,0.9631041703040969,0,100.0,0.25
HS009036,7,19.948571428571427,16.76,27.9,3.669770331466845,0,100.0,0.42857142857142855
HS009037,5,24.506,16.58,31.49,5.863653298072797,1,80.0,0.4
HS009038,11,5.884545454545455,4.38,8.9,1.4019227056893233,1,90.9090909090909,0.5454545454545454
HS009039,10,6.14,3.91,9.1,1.4623800995485259,1,90.0,0.3
HS009040,10,5.686,2.3,9.31,2.213469875306391,1,90.0,0.1
HS009041,9,4.961111111111111,2.54,6.79,1.410074860108892,0,100.0,0.3333333333333333
HS009042,15,10.75,7.99,14.87,1.8183155470301153,2,86.66666666666667,0.26666666666666666
HS009043,9,11.702222222222222,10.14,13.42,1.1831079597587217,1,88.88888888888889,0.3333333333333333
HS009044,9,14.04888888888889,12.4,18.21,1.7604718433167605,1,88.88888888888889,0.4444444444444444
HS009045,15,-17.104,-25.35,-11.04,2.9636049476464117,2,86.66666666666667,0.26666666666666666
HS009046,12,13.612499999999999,12.08,14.85,0.8194468755314047,0,100.0,0.16666666666666666
HS009047,7,5.738571428571428,2.5,7.28,1.7746870951562947,0,100.0,0.0
HS009048,3,6.323333333333333,4.22,9.16,2.5503398466348233,1,66.66666666666666,0.3333333333333333
HS009049,9,4.756666666666667,3.24,7.5,1.2598809467564784,0,100.0,0.2222222222222222
HS009050,9,24.227777777777778,17.53,29.72,4.905534572749888,0,100.0,0.2222222222222222
HS009051,13,5.272307692307692,2.16,10.25,2.5415977712394286,1,92.3076923076923,0.15384615384615385
HS009052,5,10.398,9.28,11.67,0.8741967741875966,0,100.0,0.2
HS009053,8,19.9225,15.22,25.58,3.7836896203120483,0,100.0,0.25
HS009054,5,24.096,15.61,28.66,5.584705005638168,0,100.0,0.4
HS009055,7,-17.90285714285714,-19.08,-15.83,1.0119406156113155,0,100.0,0.2857142857142857
HS009056,8,5.53125,2.58,7.98,1.858482003448744,0,100.0,0.25
HS009057,12,13.653333333333334,12.55,14.88,0.6748512742999323,0,100.0,0.3333333333333333
HS009058,8,5.6725,3.08,7.64,1.9232765940297973,0,100.0,0.375
HS009059,9,10.39111111111111,8.08,12.88,1.9134356825122474,0,100.0,0.2222222222222222
HS009060,4,4.5325,2.67,6.76,1.881406831779524,0,100.0,0.25
HS009061,9,13.69111111111111,13.15,14.6,0.45355386792652425,0,100.0,0.2222222222222222
HS009062,11,5.011818181818182,2.34,7.9,1.7841962794592874,0,100.0,0.2727272727272727
HS009063,6,8.621666666666668,8.06,9.5,0.5215905162737021,0,100.0,0.0
HS009064,15,10.979333333333333,8.11,15.06,2.092553008943405,2,86.66666666666667,0.2
HS009065,14,9.98,8.24,11.69,0.9971034974441642,0,100.0,0.42857142857142855
HS009066,8,5.14625,2.21,7.95,2.275571749190582,0,100.0,0.25
HS009067,9,10.66888888888889,8.23,12.55,1.3279160783389559,0,100.0,0.1111111111111111
HS009068,10,4.981,2.84,7.77,1.7536023241063268,0,100.0,0.2
HS009069,7,5.32,3.23,7.62,1.9641452763649296,0,100.0,0.14285714285714285
HS009070,9,22.426666666666666,15.79,27.9,4.4086392458444585,0,100.0,0.2222222222222222
HS009071,8,11.57,8.7,12.98,1.4643867560957295,0,100.0,0.375
HS009072,12,23.291666666666668,15.99,29.74,4.670208936991097,0,100.0,0.25
HS009073,8,4.54625,1.03,6.8,2.080802987173118,1,87.5,0.0
HS009074,10,10.217,7.98,11.39,1.3218089456834863,1,90.0,0.0
HS009075,9,11.044444444444444,9.37,12.67,1.1159649536512237,0,100.0,0.2222222222222222
HS009076,2,10.21,8.74,11.68,2.0788939366884502,0,100.0,0.5
HS009077,9,5.22,2.75,8.78,1.8603897441127757,1,88.88888888888889,0.3333333333333333
HS009078,8,11.73,8.3,15.03,2.2003311439092847,2,75.0,0.375
HS009079,5,23.652,20.06,30.6,4.162351498852542,1,80.0,0.2
HS009080,9,5.727777777777778,2.11,7.35,1.6562742660696155,0,100.0,0.2222222222222222
HS009081,9,11.05,8.45,12.86,1.7340126873814965,0,100.0,0.3333333333333333
HS009082,9,5.498888888888889,3.85,7.41,1.2117491948052248,0,100.0,0.3333333333333333
HS009083,5,13.556000000000001,12.4,14.99,1.1475321346263037,0,100.0,0.2
HS009084,10,13.562000000000001,12.21,14.71,0.7979250869877723,0,100.0,0.1
HS009085,8,5.215,2.53,7.97,1.7454021231305328,0,100.0,0.0
HS009086,11,10.266363636363636,8.53,11.92,1.1532933081161332,0,100.0,0.45454545454545453
HS009087,7,13.588571428571429,12.22,15.38,1.1449662086924746,1,85.71428571428571,0.2857142857142857
HS009088,7,20.53857142857143,15.5,29.15,5.250867955463581,0,100.0,0.2857142857142857
HS009089,7,-16.788571428571426,-19.56,-15.6,1.4315193393900123,0,100.0,0.42857142857142855
HS009090,5,23.038,19.31,29.55,3.8966036493336103,0,100.0,0.0
HS009091,17,11.206470588235293,8.96,13.24,1.2390618486201102,1,94.11764705882352,0.23529411764705882
HS009092,8,23.085,17.06,29.83,4.3635044893492925,0,100.0,0.5
HS009093,7,4.422857142857143,2.62,6.35,1.4397999199624263,0,100.0,0.5714285714285714
HS009094,5,13.154,12.48,13.93,0.5856876300554755,0,100.0,0.2
HS009095,7,23.240000000000002,19.97,26.43,2.5518881898181465,0,100.0,0.14285714285714285
HS009096,3,10.4,8.01,11.8,2.079927883365191,0,100.0,0.6666666666666666
HS009097,7,4.054285714285714,2.16,6.06,1.3503191862526076,0,100.0,0.14285714285714285
HS009098,9,21.214444444444446,11.05,26.99,4.80219509992855,1,88.88888888888889,0.1111111111111111
HS009099,6,-0.034999999999999955,-2.01,2.45,1.9046443237518127,1,83.33333333333334,0.3333333333333333
HS009100,11,4.716363636363637,2.29,6.99,1.5413518269835262,0,100.0,0.36363636363636365
HS009101,6,4.503333333333333,2.31,6.46,1.732901228191228,0,100.0,0.16666666666666666
HS009102,9,9.243333333333332,8.33,10.43,0.7684887767560425,0,100.0,0.3333333333333333
HS009103,5,21.009999999999998,16.64,25.19,3.318757297543766,0,100.0,0.2
HS009104,10,14.200999999999999,12.66,16.91,1.3477178240764396,2,80.0,0.2
HS009105,11,10.771818181818182,8.05,14.37,2.140181385685887,1,90.9090909090909,0.36363636363636365
HS009106,6,11.353333333333333,10.23,12.69,1.0458043156664953,0,100.0,0.3333333333333333
HS009107,5,18.89,15.37,22.99,3.647170135872469,0,100.0,0.2
HS009108,5,5.178,2.23,7.49,2.1808874340506432,0,100.0,0.6
HS009109,10,5.447,2.91,7.47,1.5960788758008726,0,100.0,0.2
HS009110,4,25.232499999999998,19.58,29.62,4.347929583913091,0,100.0,0.25
HS009111,8,9.94875,8.21,11.93,1.558877228740517,0,100.0,0.375
HS009112,6,22.194999999999997,15.52,29.9,4.968487697478982,0,100.0,0.16666666666666666
HS009113,10,10.155,8.02,11.82,1.364333374053261,0,100.0,0.0
HS009114,8,4.53125,2.11,8.95,2.376097866551075,1,87.5,0.0
HS009115,9,10.633333333333333,8.87,11.93,1.0948744220229096,0,100.0,0.3333333333333333
HS009116,7,23.108571428571427,19.73,28.82,3.3429948079101592,0,100.0,0.0
HS009117,11,24.844545454545457,18.58,28.92,3.7630635488558095,0,100.0,0.0
HS009118,17,0.48235294117647054,-1.71,3.4,1.5221347238819103,0,100.0,0.23529411764705882
HS009119,9,12.37,8.38,16.04,2.3786182964065494,2,77.77777777777779,0.2222222222222222
HS009120,1,8.87,8.87,8.87,,0,100.0,1.0
HS009121,5,5.268,2.37,7.75,2.0186431086251972,0,100.0,0.2
HS009122,9,4.711111111111111,2.4,7.21,1.6687978041425844,0,100.0,0.2222222222222222
HS009123,7,11.241428571428571,6.12,16.47,3.3718018356729704,3,57.14285714285714,0.0
HS009124,9,-16.727777777777778,-18.26,-15.75,0.9669769616926996,0,100.0,0.2222222222222222
HS009125,4,-0.7275,-1.86,0.29,1.0073852291948697,0,100.0,0.0
HS009126,4,17.57,15.22,20.04,2.050252017029451,0,100.0,0.25
HS009127,7,4.7128571428571435,-2.0,7.71,3.121509860552071,1,85.71428571428571,0.0
HS009128,10,6.181,2.25,13.03,2.9636555880271316,1,90.0,0.2
HS009129,6,4.795,2.93,7.5,1.7590764622380688,0,100.0,0.0
HS009130,9,13.513333333333334,12.02,17.05,1.483711562265389,1,88.88888888888889,0.2222222222222222
HS009131,10,-17.681,-19.43,-15.62,1.302676304979697,0,100.0,0.2
HS009132,6,22.456666666666667,17.48,28.33,4.150540527047851,0,100.0,0.16666666666666666
HS009133,9,13.58,12.41,14.73,0.8577441343431038,0,100.0,0.2222222222222222
HS009134,14,5.297857142857143,3.01,7.86,1.7695900375790155,0,100.0,0.21428571428571427
HS009135,15,22.175333333333334,17.28,29.86,4.704253192084593,0,100.0,0.26666666666666666
HS009136,9,5.023333333333333,2.73,7.18,1.5263191016298001,0,100.0,0.3333333333333333
HS009137,3,5.763333333333333,5.52,5.95,0.2205296654269746,0,100.0,0.3333333333333333
HS009138,9,4.242222222222222,2.05,7.45,1.9884213447970338,0,100.0,0.2222222222222222
HS009139,8,0.12250000000000008,-1.93,2.64,1.7048984050167246,0,100.0,0.25
HS009140,8,9.84625,8.36,12.41,1.3604194468723876,1,87.5,0.25
HS009141,12,20.37,13.18,28.39,4.994456927434654,1,91.66666666666666,0.3333333333333333
HS009142,8,22.59625,17.45,27.55,3.426926726049784,0,100.0,0.0
HS009143,6,11.028333333333334,10.01,11.64,0.7301894731278088,0,100.0,0.3333333333333333
HS009144,7,13.531428571428572,12.07,14.99,0.9032981894411274,0,100.0,0.42857142857142855
HS009145,9,5.452222222222222,2.36,9.04,2.521868244862218,2,77.77777777777779,0.4444444444444444
HS009146,3,1.6866666666666668,0.71,3.45,1.5300435723643082,0,100.0,0.3333333333333333
HS009147,10,5.109,2.5,7.52,1.8811075342881265,0,100.0,0.0
HS009148,7,5.725714285714285,2.71,7.8,2.0302779542290685,0,100.0,0.2857142857142857
HS009149,11,5.53090909090909,3.36,7.97,1.7145638194331208,0,100.0,0.0
HS009150,5,5.548,3.06,8.14,2.121242560387661,1,80.0,0.0
HS009151,12,13.578333333333333,12.15,14.9,0.9052858246114455,0,100.0,0.16666666666666666
HS009152,7,9.450000000000001,8.16,11.94,1.2861700250485286,0,100.0,0.14285714285714285
HS009153,4,5.925,4.35,7.49,1.6591262760863021,0,100.0,0.25
HS009154,5,26.163999999999998,15.64,33.79,6.860935067467115,1,80.0,0.2
HS009155,5,1.564,-1.16,3.8,2.3379542339404336,0,100.0,0.4
HS009156,6,4.315,-0.6,9.39,3.531338273232968,2,66.66666666666666,0.6666666666666666
HS009157,8,20.65,16.56,27.7,3.70181808613783,0,100.0,0.25
HS009158,6,4.958333333333333,2.12,7.35,2.195909075227539,0,100.0,0.16666666666666666
HS009159,9,5.583333333333333,2.25,9.44,2.59769609461923,1,88.88888888888889,0.2222222222222222
HS009160,9,9.587777777777777,8.17,11.29,1.0929864795341449,0,100.0,0.4444444444444444
HS009161,6,4.636666666666667,2.03,6.86,1.6967930535768547,0,100.0,0.16666666666666666
HS009162,3,5.676666666666667,4.86,6.86,1.0492060490358095,0,100.0,0.6666666666666666
HS009163,6,22.32166666666667,16.2,27.78,4.8917007948837865,0,100.0,0.16666666666666666
HS009164,10,5.819,4.14,7.81,1.373547313426888,0,100.0,0.1
HS009165,3,4.806666666666667,2.9,7.2,2.190920658840327,0,100.0,0.3333333333333333
HS009166,13,13.577692307692306,12.01,14.97,0.9042322143320806,0,100.0,0.07692307692307693
HS009167,10,23.247,13.96,29.7,5.4561749931206895,1,90.0,0.3
HS009168,10,11.262,8.21,16.4,2.6773403054358087,2,80.0,0.3
HS009169,11,-17.048181818181817,-19.85,-15.36,1.4738983559378729,0,100.0,0.45454545454545453
HS009170,9,4.87,2.62,7.17,1.5008997301618785,0,100.0,0.2222222222222222
HS009171,8,13.754999999999999,12.28,14.93,0.9951166478645324,0,100.0,0.25
HS009172,6,4.39,2.15,6.77,1.6048302090875532,0,100.0,0.0
HS009173,9,10.225555555555555,8.47,11.72,1.0894621506861892,0,100.0,0.2222222222222222
HS009174,11,1.4963636363636363,-0.91,3.93,1.9970892455134432,0,100.0,0.18181818181818182
HS009175,9,21.956666666666667,15.93,28.66,4.772724588743835,0,100.0,0.2222222222222222
HS009176,6,3.44,2.09,6.18,1.5185782824734455,0,100.0,0.16666666666666666
HS009177,6,21.23,16.15,26.01,3.959878786023633,0,100.0,0.6666666666666666
HS009178,10,15.044999999999998,12.01,19.98,2.527217398202572,2,80.0,0.2
HS009179,5,4.352,2.99,7.34,1.7623194943028915,0,100.0,0.2
HS009180,8,20.346249999999998,15.1,27.45,4.948283793397464,0,100.0,0.25
HS009181,8,22.71875,15.69,29.72,4.851846298060152,0,100.0,0.5
HS009182,8,5.24375,2.56,7.82,1.9343875922738074,0,100.0,0.25
HS009183,6,5.16,2.03,7.39,2.0358290694456644,0,100.0,0.16666666666666666
HS009184,11,21.11818181818182,16.24,29.31,4.364279592743385,0,100.0,0.18181818181818182
HS009185,10,5.036,2.65,7.47,1.7143589666889094,0,100.0,0.1
HS009186,12,-16.500833333333333,-19.79,-11.27,2.4896894962783587,2,83.33333333333334,0.5
HS009187,6,14.67,12.4,20.97,3.1890312008508155,1,83.33333333333334,0.16666666666666666
HS009188,8,10.0625,8.38,11.54,1.2297589775468782,0,100.0,0.25
HS009189,6,1.9516666666666664,-0.84,3.84,1.8280964598911804,0,100.0,0.16666666666666666
HS009190,11,4.192727272727272,2.06,7.13,1.8777118570701465,0,100.0,0.18181818181818182
HS009191,6,10.961666666666666,8.05,12.98,1.9511577759542316,0,100.0,0.16666666666666666
HS009192,9,11.345555555555556,8.56,12.93,1.5492991246940593,0,100.0,0.3333333333333333
HS009193,10,5.215,2.24,12.27,2.866252877112477,1,90.0,0.2
HS009194,6,5.708333333333333,2.33,11.2,3.1370522256836377,1,83.33333333333334,0.3333333333333333
HS009195,8,5.4125,-0.43,10.11,3.369522009340282,2,75.0,0.25
HS009196,14,4.46,-0.83,7.48,2.554112822036706,1,92.85714285714286,0.5714285714285714
HS009197,9,9.615555555555554,8.26,11.99,1.3281200163305191,0,100.0,0.4444444444444444
HS009198,11,25.20818181818182,19.91,29.34,4.0518016194819255,0,100.0,0.36363636363636365
HS009199,14,1.5157142857142856,-1.85,3.89,1.6748488532756267,0,100.0,0.2857142857142857
HS009200,13,13.358461538461539,12.03,15.71,0.9852059526975916,1,92.3076923076923,0.15384615384615385
HS009201,6,5.628333333333333,3.96,7.52,1.3800495160198658,0,100.0,0.16666666666666666
HS009202,9,5.277777777777778,3.71,6.66,0.9779158677741376,0,100.0,0.4444444444444444
HS009203,10,0.27199999999999996,-1.83,3.98,2.0174285062370307,0,100.0,0.3
HS009204,7,0.9271428571428572,-1.18,3.02,1.7899135387471867,0,100.0,0.2857142857142857
HS009205,5,-18.394,-19.47,-16.95,1.0153964742897215,0,100.0,0.2
HS009206,6,6.208333333333333,5.34,7.57,0.9505875376137994,0,100.0,0.3333333333333333
HS009207,11,9.84909090909091,8.12,11.66,1.1573543497603023,0,100.0,0.36363636363636365
HS009208,9,4.5488888888888885,2.75,7.3,1.7352841586066274,0,100.0,0.4444444444444444
HS009209,8,10.47625,8.0,14.3,1.9902543807262427,1,87.5,0.375
HS009210,12,6.133333333333333,2.42,11.14,2.664566597312807,2,83.33333333333334,0.4166666666666667
HS009211,10,5.088,2.45,6.77,1.5859298008844316,0,100.0,0.2
HS009212,10,4.577,2.19,7.22,1.7345255515237845,0,100.0,0.5
HS009213,6,13.520000000000001,12.2,14.91,1.0488851224037836,0,100.0,0.16666666666666666
HS009214,10,-16.865000000000002,-19.92,-15.22,1.443516154703123,0,100.0,0.4
HS009215,6,4.08,2.15,6.53,1.8494972289787297,0,100.0,0.0
HS009216,7,4.384285714285714,2.2,6.99,1.843446565023038,0,100.0,0.2857142857142857
HS009218,12,10.160833333333334,8.04,11.78,1.4326292315709306,0,100.0,0.16666666666666666
HS009219,15,5.346666666666667,2.37,7.88,1.670764011149504,0,100.0,0.2
HS009220,13,4.846153846153846,2.07,11.6,2.6162235456905516,1,92.3076923076923,0.15384615384615385
HS009221,10,4.657,-0.06,7.67,2.31683236817475,1,90.0,0.1
HS009222,9,14.21888888888889,12.12,19.52,2.1383313847743777,1,88.88888888888889,0.4444444444444444
HS009223,7,21.545714285714286,16.9,28.78,3.7403825880198287,0,100.0,0.2857142857142857
HS009224,9,19.894444444444446,13.65,28.4,5.241917853016945,1,88.88888888888889,0.2222222222222222
HS009225,6,20.093333333333334,16.65,25.46,3.994169083384762,0,100.0,0.5
HS009226,8,9.82,8.3,11.74,1.4359864702904213,0,100.0,0.125
HS009227,13,-17.198461538461537,-19.95,-15.28,1.502103226334362,0,100.0,0.07692307692307693
HS009228,4,9.4625,8.9,10.54,0.763866262291159,0,100.0,0.5
HS009229,9,22.67111111111111,15.95,27.57,3.28347165529278,0,100.0,0.3333333333333333
HS009230,12,5.549166666666667,2.27,11.48,2.5386018282559086,1,91.66666666666666,0.3333333333333333
HS009231,6,13.618333333333332,12.26,14.69,0.9587370164266459,0,100.0,0.16666666666666666
HS009232,8,4.30875,2.06,7.58,2.123611731394015,0,100.0,0.125
HS009233,12,23.229166666666668,15.01,29.48,5.271812623124359,0,100.0,0.25
HS009234,9,24.995555555555555,16.68,29.67,3.9958200382121523,0,100.0,0.0
HS009235,5,4.9719999999999995,2.28,6.59,1.7524183290527409,0,100.0,0.4
HS009236,4,4.532500000000001,3.23,7.23,1.8246529350354097,0,100.0,0.5
HS009237,8,4.58375,2.08,10.98,2.9317129926765637,1,87.5,0.25
HS009238,11,21.32181818181818,15.55,29.71,5.462931114670618,0,100.0,0.36363636363636365
HS009239,9,4.607777777777778,2.11,12.13,3.0772787401281096,1,88.88888888888889,0.2222222222222222
HS009240,11,3.983636363636364,2.52,5.94,0.9950303787048187,0,100.0,0.18181818181818182
HS009241,7,-16.018571428571427,-19.61,-13.54,2.142758569161324,2,71.42857142857143,0.14285714285714285
HS009242,12,24.498333333333335,16.82,30.98,4.449142579977595,1,91.66666666666666,0.3333333333333333
HS009243,6,12.71,12.06,13.54,0.7216370278748175,0,100.0,0.0
HS009244,9,5.636666666666667,2.34,7.73,1.7290315208231457,0,100.0,0.5555555555555556
HS009245,6,10.541666666666666,8.61,11.68,1.076743547306724,0,100.0,0.0
HS009246,9,4.6066666666666665,2.58,5.81,1.2423465700037166,0,100.0,0.4444444444444444
HS009247,5,23.722,15.59,29.51,6.700729064810784,0,100.0,0.2
HS009248,5,12.99,12.06,14.03,0.9158875476825743,0,100.0,0.2
HS009249,6,2.2416666666666667,1.03,3.87,1.2489742457979935,0,100.0,0.3333333333333333
HS009250,7,10.51142857142857,8.52,11.94,1.5011598690282633,0,100.0,0.5714285714285714
HS009251,10,21.130000000000003,15.55,29.52,4.572495064088217,0,100.0,0.0
HS009252,8,21.56625,17.24,25.18,2.9729299520843075,0,100.0,0.375
HS009253,6,4.835,2.07,7.96,2.4335878862288904,0,100.0,0.0
HS009254,5,4.082,2.35,5.38,1.30628098049386,0,100.0,0.0
HS009255,10,9.89,8.46,11.24,1.006114638928719,0,100.0,0.2
HS009256,6,26.38,20.77,29.87,3.4349032009650586,0,100.0,0.3333333333333333
HS009257,9,6.297777777777778,4.32,7.85,1.448333333333333,0,100.0,0.3333333333333333
HS009258,8,9.59625,8.02,11.71,1.1812334654927452,0,100.0,0.0
HS009259,8,23.3925,15.33,31.87,5.378403241536603,1,87.5,0.25
HS009260,5,10.718,9.48,11.48,0.7404525643145545,0,100.0,0.4
HS009261,9,-17.456666666666667,-19.73,-16.01,1.1102927541869314,0,100.0,0.1111111111111111
HS009262,12,13.816666666666668,12.1,18.88,1.8475503847642216,1,91.66666666666666,0.25
HS009263,7,5.105714285714286,1.34,7.65,2.611952380518305,1,85.71428571428571,0.42857142857142855
HS009264,13,10.256923076923076,8.06,11.7,1.114378635648469,0,100.0,0.3076923076923077
HS009265,10,10.343,8.15,14.88,1.9587640661056318,1,90.0,0.4
HS009266,12,5.401666666666666,2.59,7.91,1.7609647837753515,0,100.0,0.16666666666666666
HS009267,5,23.724,18.01,26.38,3.762576245074642,0,100.0,0.4
HS009268,6,9.808333333333334,6.06,12.8,2.182644420574883,1,83.33333333333334,0.16666666666666666
HS009269,7,1.3728571428571428,-0.51,4.58,1.7912073608389982,1,85.71428571428571,0.14285714285714285
HS009270,8,5.25875,2.96,7.87,1.9955911225928595,0,100.0,0.125
HS009271,6,21.135,15.43,28.1,4.700335094437417,0,100.0,0.0
HS009272,11,12.259090909090908,8.2,19.76,3.049391593565689,2,81.81818181818183,0.09090909090909091
HS009273,11,1.5654545454545454,-1.0,3.16,1.2752361635113993,0,100.0,0.0
HS009274,8,21.353749999999998,16.56,26.23,3.307471790183121,0,100.0,0.25
HS009275,8,4.4575,2.69,7.33,1.8552993597491794,0,100.0,0.375
HS009276,11,4.658181818181818,2.05,7.66,2.085645311081528,0,100.0,0.5454545454545454
HS009277,6,24.118333333333336,17.89,28.66,4.726171459719449,0,100.0,0.16666666666666666
HS009278,9,6.154444444444445,4.2,7.09,1.0369077961794757,0,100.0,0.5555555555555556
HS009279,11,5.358181818181818,2.28,7.61,1.936929622788697,0,100.0,0.18181818181818182
HS009280,6,2.9599999999999995,2.06,4.31,0.7666811592833098,0,100.0,0.0
HS009281,4,21.5925,15.83,28.72,5.321906769821007,0,100.0,0.25
HS009282,14,24.392857142857142,19.98,29.84,3.29278799002498,0,100.0,0.2857142857142857
HS009283,15,-17.934,-19.93,-13.18,1.9082482617760796,1,93.33333333333333,0.06666666666666667
HS009284,13,-17.43769230769231,-21.98,-12.16,2.468751890619203,2,84.61538461538461,0.15384615384615385
HS009285,9,5.266666666666667,2.6,8.19,1.969854055507666,1,88.88888888888889,0.1111111111111111
HS009286,9,10.514444444444443,8.46,14.39,2.182430474901269,2,77.77777777777779,0.3333333333333333
HS009287,7,13.925714285714287,12.93,14.78,0.7224923792644722,0,100.0,0.2857142857142857
HS009288,9,13.581111111111111,12.64,14.85,0.7904657558117942,0,100.0,0.1111111111111111
HS009289,9,9.375555555555556,4.48,11.9,2.0752054784473217,1,88.88888888888889,0.4444444444444444
HS009290,8,-17.02875,-18.45,-14.57,1.4781691136576462,1,87.5,0.375
HS009291,6,13.87,12.77,14.99,0.9559707108484021,0,100.0,0.16666666666666666
HS009292,19,9.708947368421052,8.06,11.5,1.1438331984887098,0,100.0,0.3684210526315789
HS009293,6,5.4383333333333335,2.29,7.23,1.9912650920122783,0,100.0,0.3333333333333333
HS009294,4,11.0475,9.7,11.63,0.9035992843438219,0,100.0,0.5
HS009295,10,13.360999999999999,12.5,14.27,0.6212970304129901,0,100.0,0.3
HS009296,13,14.23076923076923,12.43,18.79,2.1570522383508375,3,76.92307692307693,0.0
HS009297,6,10.729999999999999,8.52,12.43,1.371976676186588,0,100.0,0.16666666666666666
HS009298,5,6.254,4.0,11.32,2.9589153418102385,1,80.0,0.2
HS009299,8,5.34875,3.34,6.45,1.12916451414309,0,100.0,0.25
HS009300,9,22.69666666666667,17.37,28.73,3.89815982227512,0,100.0,0.2222222222222222
HS009301,7,5.291428571428571,2.79,6.74,1.5747955271656546,0,100.0,0.2857142857142857
HS009302,7,-17.224285714285713,-19.81,-13.57,2.5537479459470087,1,85.71428571428571,0.14285714285714285
HS009303,9,23.73888888888889,18.59,26.97,3.160266778471575,0,100.0,0.0
HS009304,9,4.312222222222222,2.56,6.01,1.3436310670881515,0,100.0,0.5555555555555556
HS009305,8,-16.91875,-19.88,-15.0,1.637536804384647,0,100.0,0.25
HS009306,6,4.648333333333333,2.09,6.51,1.7334407018028242,0,100.0,0.3333333333333333
HS009307,6,4.753333333333333,2.02,12.35,3.8528621395874865,1,83.33333333333334,0.0
HS009308,8,4.9275,2.62,8.4,2.0899538614182713,1,87.5,0.125
HS009309,8,13.411249999999999,8.59,15.58,2.183774173960564,2,75.0,0.125
HS009310,12,22.703333333333333,15.02,29.52,4.53235105222511,0,100.0,0.4166666666666667
HS009311,5,10.274,8.44,13.78,2.272131158186076,1,80.0,0.2
HS009312,8,5.2825,2.75,7.14,2.002839056368306,0,100.0,0.25
HS009313,9,25.794444444444444,16.14,29.94,4.517499615692047,0,100.0,0.2222222222222222
HS009314,8,4.19125,2.67,7.03,1.6849708560430017,0,100.0,0.25
HS009315,13,10.079230769230769,6.17,12.36,1.6508203089093896,2,84.61538461538461,0.07692307692307693
HS009316,11,5.46,2.42,9.15,2.4113689058292183,1,90.9090909090909,0.18181818181818182
HS009317,13,4.916923076923077,2.45,7.44,1.6742878317630285,0,100.0,0.3076923076923077
HS009318,5,27.901999999999997,26.8,28.9,0.8447603210378662,0,100.0,0.2
HS009319,5,4.574,2.61,6.73,1.8002444278486185,0,100.0,0.0
HS009320,14,4.691428571428572,2.03,7.51,1.5490287634160025,0,100.0,0.21428571428571427
HS009321,8,5.11375,2.86,7.61,1.6815548714550728,0,100.0,0.25
HS009322,4,5.6575,2.83,7.24,1.939181528377372,0,100.0,0.25
HS009323,5,4.898000000000001,2.39,6.26,1.648323390600279,0,100.0,0.2
HS009324,8,10.17375,8.63,11.82,1.21229342864789,0,100.0,0.375
HS009325,12,10.200000000000001,4.24,13.78,2.6195558263325345,2,83.33333333333334,0.5
HS009326,2,11.195,10.69,11.7,0.7141778489984135,0,100.0,0.5
HS009327,6,6.69,3.37,10.98,2.57726987333496,1,83.33333333333334,0.3333333333333333
HS009328,8,25.1575,15.29,28.5,4.288548705564623,0,100.0,0.25
HS009329,11,0.5218181818181818,-4.63,3.24,2.0529043727452003,1,90.9090909090909,0.45454545454545453
HS009330,9,5.181111111111111,3.08,7.39,1.7618345867620804,0,100.0,0.2222222222222222
HS009331,8,24.70875,17.6,31.97,4.682256591187019,1,87.5,0.25
HS009332,1,12.63,12.63,12.63,,0,100.0,0.0
HS009333,12,9.237499999999999,8.17,11.15,0.9751002279486225,0,100.0,0.3333333333333333
HS009334,7,22.094285714285714,16.71,27.88,4.2327723662821635,0,100.0,0.14285714285714285
HS009335,8,21.655,16.26,29.47,5.423333186993295,0,100.0,0.125
HS009336,7,4.682857142857143,2.19,7.34,2.228629730617106,0,100.0,0.14285714285714285
HS009337,11,10.224545454545455,8.19,12.85,1.3038739481741604,0,100.0,0.2727272727272727
HS009338,9,23.345555555555556,18.45,32.34,4.269921284728536,1,88.88888888888889,0.3333333333333333
HS009339,7,4.7542857142857144,2.24,7.97,2.091800318249467,0,100.0,0.2857142857142857
HS009340,11,4.705454545454545,-2.31,7.83,2.781849613607334,1,90.9090909090909,0.2727272727272727
HS009341,9,10.741111111111111,8.94,12.72,1.4925686286101258,0,100.0,0.2222222222222222
HS009342,11,5.326363636363637,2.15,9.55,2.0218074721756905,1,90.9090909090909,0.2727272727272727
HS009343,15,23.827333333333335,17.53,29.71,3.53017293519467,0,100.0,0.26666666666666666
HS009344,11,22.14636363636364,15.69,31.21,4.31467790855186,1,90.9090909090909,0.5454545454545454
HS009345,8,1.4737500000000001,-1.49,7.12,2.6282962297710224,1,87.5,0.375
HS009346,9,5.073333333333333,2.67,7.42,1.789315511585366,0,100.0,0.4444444444444444
HS009347,6,5.33,4.09,7.25,1.0541157431705497,0,100.0,0.16666666666666666
HS009348,15,5.145333333333332,2.65,7.91,1.7169152848169582,0,100.0,0.26666666666666666
HS009349,7,6.438571428571429,3.41,11.32,3.2033598433073807,2,71.42857142857143,0.14285714285714285
HS009350,4,9.8975,8.09,11.57,1.4554123127141672,0,100.0,0.25
HS009351,4,14.54,14.26,14.9,0.26532998322843154,0,100.0,0.0
HS009352,9,4.855555555555556,2.14,8.24,2.129073220389045,1,88.88888888888889,0.1111111111111111
HS009353,11,10.750909090909092,8.33,18.0,2.6995831328020055,1,90.9090909090909,0.09090909090909091
HS009354,8,10.6575,8.3,12.29,1.134822201303547,1,87.5,0.375
HS009355,8,24.70125,17.13,29.21,4.0020117708829535,0,100.0,0.25
HS009356,3,6.913333333333333,6.38,7.43,0.5251983752196243,0,100.0,0.0
HS009357,10,9.733,8.1,11.92,1.6267284824320116,0,100.0,0.1
HS009358,7,4.57,2.85,6.99,1.542292665698267,0,100.0,0.5714285714285714
HS009359,9,5.078888888888889,2.6,8.36,1.5970319693453572,1,88.88888888888889,0.1111111111111111
HS009360,12,6.1258333333333335,2.9,10.27,2.082609631877246,1,91.66666666666666,0.08333333333333333
HS009361,2,4.5600000000000005,2.22,6.9,3.3092597359530425,0,100.0,1.0
HS009362,8,5.46125,2.84,7.91,2.147938796015513,0,100.0,0.0
HS009363,9,11.45,9.51,12.91,1.0282023147221562,0,100.0,0.3333333333333333
HS009364,7,5.32,2.16,8.08,2.338240078919756,1,85.71428571428571,0.2857142857142857
HS009365,8,10.4275,8.57,14.85,2.138869861799517,1,87.5,0.25
HS009366,6,5.685,3.04,7.89,1.6724443189535487,0,100.0,0.5
HS009367,7,13.1,12.04,14.53,0.8392854103342913,0,100.0,0.14285714285714285
HS009368,9,9.828888888888889,8.25,11.61,1.4748512166015628,0,100.0,0.3333333333333333
HS009369,8,14.77,12.2,19.73,3.1450914136158272,2,75.0,0.125
HS009370,5,23.552,18.23,26.57,3.513377292577614,0,100.0,0.0
HS009371,3,14.433333333333332,14.11,14.67,0.28988503468329146,0,100.0,0.0
HS009372,10,10.965,8.53,12.99,1.6759955582014863,0,100.0,0.5
HS009373,12,13.564166666666667,7.24,18.76,2.6096375865880943,2,83.33333333333334,0.3333333333333333
HS009374,10,3.9770000000000003,2.18,6.82,1.4874142365565524,0,100.0,0.1
HS009375,9,5.5811111111111105,3.06,7.22,1.4615868469273767,0,100.0,0.1111111111111111
HS009376,9,22.39333333333333,17.11,29.0,3.935584454690307,0,100.0,0.1111111111111111
HS009377,5,-18.058,-19.64,-15.37,1.5965807214168668,0,100.0,0.4
HS009378,9,5.237777777777778,2.84,6.93,1.4621882383757725,0,100.0,0.4444444444444444
HS009379,3,-17.26,-19.18,-16.07,1.6786006076491204,0,100.0,0.0
HS009380,9,9.707777777777778,5.18,13.81,2.3593101628324424,2,77.77777777777779,0.3333333333333333
HS009381,9,24.34888888888889,16.41,29.92,4.088151918790581,0,100.0,0.2222222222222222
HS009382,11,21.776363636363637,15.43,34.69,5.539776661070864,1,90.9090909090909,0.09090909090909091
HS009383,10,9.809000000000001,3.28,13.14,2.735740606612159,2,80.0,0.2
HS009384,3,-16.459999999999997,-17.58,-15.19,1.2020399327809363,0,100.0,0.3333333333333333
HS009385,7,10.9,8.36,12.88,1.6543780301571547,0,100.0,0.2857142857142857
HS009386,6,1.1416666666666666,-1.0,3.07,1.4697947702542238,0,100.0,0.0
HS009387,9,23.667777777777776,18.48,29.52,3.539299993564326,0,100.0,0.2222222222222222
HS009388,9,23.11555555555556,15.94,28.07,5.111670742308995,0,100.0,0.1111111111111111
HS009389,10,4.335,-3.65,11.84,3.8716526761119012,2,80.0,0.0
HS009390,10,5.568,2.99,7.8,1.545673531722228,0,100.0,0.3
HS009391,8,4.68375,2.22,7.35,1.7449350172100149,0,100.0,0.25
HS009392,10,11.169,8.74,12.66,1.114315435094071,0,100.0,0.2
HS009393,8,-17.75375,-19.92,-13.51,2.359067233947713,1,87.5,0.125
HS009394,8,-15.36375,-19.55,-8.79,3.023772182934045,1,87.5,0.375
HS009395,11,5.591818181818182,2.61,9.14,1.9431871663934908,1,90.9090909090909,0.0
HS009396,10,21.786,17.61,29.44,3.6978648494022126,0,100.0,0.2
HS009397,12,10.058333333333334,8.56,11.59,1.0462820177208725,0,100.0,0.08333333333333333
HS009398,11,10.152727272727272,8.04,12.84,1.4936337630697216,0,100.0,0.18181818181818182
HS009399,12,13.526666666666666,12.09,14.89,1.0217038650601205,0,100.0,0.16666666666666666
HS009400,6,13.313333333333333,12.41,14.65,0.8133306010883068,0,100.0,0.0
HS009401,4,6.0975,3.8,6.9,1.5320220842620602,0,100.0,0.0
HS009402,9,24.734444444444446,16.87,29.77,4.716611896030643,0,100.0,0.2222222222222222
HS009403,9,4.931111111111111,2.11,7.36,2.0015958910607083,0,100.0,0.4444444444444444
HS009404,13,-17.259999999999998,-19.78,-15.28,1.4620020519821446,0,100.0,0.38461538461538464
HS009405,8,5.3175,2.07,7.59,2.3359840385951762,0,100.0,0.25
HS009406,7,4.95,3.18,7.3,1.453765226346171,0,100.0,0.0
HS009407,10,21.592000000000002,16.34,29.6,4.655803546829126,0,100.0,0.0
HS009408,4,-16.957500000000003,-18.05,-15.81,0.9504867174242881,0,100.0,0.5
HS009409,12,4.576666666666667,-1.38,7.77,2.6630103721961436,1,91.66666666666666,0.16666666666666666
HS009410,7,19.25142857142857,15.13,24.67,2.860212279834188,0,100.0,0.14285714285714285
HS009411,12,5.375,2.52,7.96,2.1422269636143514,0,100.0,0.5833333333333334
HS009412,6,13.466666666666667,12.18,14.37,0.8682319198616607,0,100.0,0.0
HS009413,8,4.55125,3.01,7.35,1.738730550882289,0,100.0,0.0
HS009414,3,5.366666666666667,2.8,9.75,3.814555456843344,1,66.66666666666666,0.0
HS009415,8,5.813750000000001,2.22,7.45,1.5739752902398798,0,100.0,0.25
HS009416,3,21.46666666666667,19.6,24.93,3.0023712850567517,0,100.0,0.3333333333333333
HS009417,3,5.233333333333333,2.35,7.5,2.6297972038416444,0,100.0,0.3333333333333333
HS009418,8,6.06375,-1.81,11.06,3.731016473907805,3,62.5,0.5
HS009419,11,19.540909090909093,15.47,29.62,4.442945992346643,0,100.0,0.09090909090909091
HS009420,3,3.9499999999999997,3.76,4.13,0.18520259177452142,0,100.0,0.0
HS009421,7,6.188571428571429,3.22,11.36,2.6894635683932,1,85.71428571428571,0.2857142857142857
HS009422,18,10.25,6.38,13.84,1.8191368347459218,3,83.33333333333334,0.2222222222222222
HS009423,9,5.681111111111111,2.48,7.77,2.092919279645326,0,100.0,0.2222222222222222
HS009424,8,5.60625,2.43,7.79,2.128942980515381,0,100.0,0.25
HS009425,13,14.167692307692308,12.13,18.6,2.0228245674722336,3,76.92307692307693,0.15384615384615385
HS009426,6,0.5733333333333334,-1.75,3.52,2.1303020130175594,0,100.0,0.3333333333333333
HS009427,8,13.3,12.01,14.95,1.075825264622467,0,100.0,0.625
HS009428,11,10.544545454545455,8.21,13.7,1.6946997588739048,1,90.9090909090909,0.2727272727272727
HS009429,6,2.033333333333333,-0.55,6.62,2.676696969525439,1,83.33333333333334,0.5
HS009430,4,10.7175,10.04,11.76,0.7913859151303285,0,100.0,0.25
HS009431,4,-18.275,-19.83,-16.14,1.6359400967028097,0,100.0,0.25
HS009432,11,5.48,2.08,10.02,2.3028981740407017,1,90.9090909090909,0.18181818181818182
HS009433,2,5.31,3.56,7.06,2.4748737341529163,0,100.0,0.5
HS009434,1,9.15,9.15,9.15,,0,100.0,0.0
HS009435,4,4.245,2.29,5.32,1.368320137979413,0,100.0,0.25
HS009436,12,9.795,8.04,11.93,1.3377219442021577,0,100.0,0.16666666666666666
HS009437,15,4.418666666666667,2.04,7.79,2.119116617389246,0,100.0,0.4
HS009438,10,4.455,2.34,7.72,1.9565687085076033,0,100.0,0.3
HS009439,18,-17.765555555555554,-21.47,-12.07,2.2238446365068447,3,83.33333333333334,0.3333333333333333
HS009440,11,5.592727272727273,2.27,7.87,1.9651111465211877,0,100.0,0.36363636363636365
HS009441,9,21.89333333333333,16.61,27.32,3.9024767776375047,0,100.0,0.4444444444444444
HS009442,10,10.856,8.11,17.34,2.5938140085810146,1,90.0,0.2
HS009443,12,21.563333333333333,15.44,29.76,5.500774050214674,0,100.0,0.25
HS009444,13,20.35307692307692,15.87,28.5,4.143031065567383,0,100.0,0.38461538461538464
HS009445,8,4.935,3.22,7.54,1.5677827837882572,0,100.0,0.5
HS009446,7,13.374285714285715,12.66,14.12,0.5991899293450873,0,100.0,0.14285714285714285
HS009447,12,14.5525,12.05,17.53,2.0110021246767857,4,66.66666666666666,0.25
HS009448,3,19.55666666666667,15.06,24.98,5.024503292200468,0,100.0,0.3333333333333333
HS009449,8,11.68625,8.64,14.21,1.7481740473991711,1,87.5,0.375
HS009450,6,25.688333333333333,19.81,30.07,3.6826589126155405,1,83.33333333333334,0.0
HS009451,7,5.514285714285714,2.41,7.52,1.8013962838388924,0,100.0,0.42857142857142855
HS009452,10,5.487,2.49,7.9,2.0004724441991195,0,100.0,0.3
HS009453,4,1.3275000000000001,-1.42,2.93,1.8949472288166758,0,100.0,0.5
HS009454,14,9.964285714285714,4.14,12.79,2.1395496085560923,1,92.85714285714286,0.2857142857142857
HS009455,13,5.232307692307692,2.69,7.93,1.7621679538102768,0,100.0,0.3076923076923077
HS009456,3,27.813333333333333,24.93,29.47,2.5062787820458703,0,100.0,0.0
HS009457,7,10.81,8.87,12.98,1.4996888566188211,0,100.0,0.0
HS009458,6,22.25333333333333,15.53,30.68,6.506214465160726,1,83.33333333333334,0.6666666666666666
HS009459,6,23.021666666666665,15.83,27.62,4.024347980315155,0,100.0,0.3333333333333333
HS009460,12,10.711666666666666,8.12,12.42,1.473757309077925,2,83.33333333333334,0.3333333333333333
HS009461,9,5.037777777777778,2.93,11.83,2.7159932703238505,1,88.88888888888889,0.3333333333333333
HS009462,6,13.601666666666667,12.2,14.82,1.038468423528933,0,100.0,0.3333333333333333
HS009463,11,-16.779999999999998,-19.84,-12.28,2.168340379184042,1,90.9090909090909,0.18181818181818182
HS009464,10,23.994,16.35,29.4,4.276847748829347,0,100.0,0.1
HS009465,5,22.434,17.71,26.15,3.7436519603189606,0,100.0,0.2
HS009466,10,23.668,16.93,29.49,4.528435589570519,0,100.0,0.2
HS009467,5,11.122,8.72,12.71,1.5458719222497057,0,100.0,0.0
HS009468,9,1.221111111111111,-1.78,3.08,1.5787292709996579,0,100.0,0.2222222222222222
HS009469,10,10.704,8.87,12.67,1.3076628855413086,0,100.0,0.2
HS009470,8,23.26875,18.46,29.44,4.198327685774761,0,100.0,0.0
HS009471,7,13.64,12.3,17.03,1.6328298543734843,1,85.71428571428571,0.42857142857142855
HS009472,8,13.26875,12.13,14.2,0.880883282360868,0,100.0,0.125
HS009473,10,10.486,8.09,14.24,1.8472634414782916,1,90.0,0.4
HS009474,8,13.63125,12.07,14.79,0.8614180584527883,0,100.0,0.25
HS009475,6,13.078333333333333,12.09,14.37,0.8008349809209551,0,100.0,0.16666666666666666
HS009476,5,10.298,9.81,11.23,0.5893386123443806,0,100.0,0.2
HS009477,11,22.09272727272727,17.52,27.72,3.974584483714218,0,100.0,0.2727272727272727
HS009478,8,23.65625,16.95,28.84,3.7520430149072497,0,100.0,0.25
HS009479,9,10.754444444444443,8.35,12.72,1.5884749849392585,0,100.0,0.1111111111111111
HS009480,5,22.644,17.16,29.82,5.382269967216434,0,100.0,0.2
HS009481,12,4.986666666666667,2.29,10.51,2.5614709315807844,1,91.66666666666666,0.3333333333333333
HS009482,10,23.421,15.15,30.98,4.7385451353764685,1,90.0,0.5
HS009483,6,5.118333333333333,3.74,6.77,1.345740192855466,0,100.0,0.5
HS009484,15,1.172,-1.82,3.55,1.6770049833812997,0,100.0,0.13333333333333333
HS009485,7,5.051428571428572,2.71,7.36,1.7820346851415714,0,100.0,0.14285714285714285
HS009486,13,13.804615384615385,12.17,17.52,1.5917841948822467,2,84.61538461538461,0.3076923076923077
HS009487,14,0.8828571428571428,-1.78,3.62,1.9105554108745388,0,100.0,0.21428571428571427
HS009488,10,5.83,2.79,7.97,1.6409008366002973,0,100.0,0.1
HS009489,12,4.4975,2.41,7.59,1.7472322268506422,0,100.0,0.4166666666666667
HS009490,9,5.2122222222222225,2.01,8.69,2.1123315185937184,1,88.88888888888889,0.2222222222222222
HS009491,7,4.0,2.71,5.7,1.1512601791080939,0,100.0,0.2857142857142857
HS009492,11,6.5181818181818185,2.57,11.39,2.446829859969091,1,90.9090909090909,0.2727272727272727
HS009493,10,9.862,8.15,11.97,1.243076827875092,0,100.0,0.4
HS009494,8,10.23875,8.17,12.91,1.706579180700386,1,87.5,0.375
HS009495,11,5.427272727272728,2.11,8.18,1.8748604796575714,1,90.9090909090909,0.2727272727272727
HS009496,8,9.82625,6.47,12.68,2.0541938808204057,1,87.5,0.375
HS009497,7,5.388571428571429,2.43,7.32,1.7716605070895923,0,100.0,0.42857142857142855
HS009498,6,10.378333333333334,8.22,12.25,1.5574776616910648,1,83.33333333333334,0.0
HS009499,8,1.3075,-1.64,3.78,1.9065732161580966,0,100.0,0.125
HS009500,6,4.05,2.28,6.54,1.797042013977414,0,100.0,0.6666666666666666
HS009501,7,23.415714285714284,18.64,27.16,3.250337711391731,0,100.0,0.14285714285714285
HS009502,12,-17.294166666666666,-19.96,-13.27,1.767872158753842,1,91.66666666666666,0.3333333333333333
HS009503,8,5.00625,2.34,8.76,2.327677797413428,1,87.5,0.5
HS009504,6,18.90833333333333,15.01,26.63,4.3825080338393745,0,100.0,0.3333333333333333
HS009505,5,5.184,3.31,6.7,1.3307629390691642,0,100.0,0.2
HS009506,6,5.918333333333333,3.22,8.19,1.8646545703337831,1,83.33333333333334,0.6666666666666666
HS009507,6,9.959999999999999,9.05,12.24,1.1600689634672587,0,100.0,0.16666666666666666
HS009508,9,-17.427777777777777,-19.93,-15.08,1.5844618785077924,0,100.0,0.1111111111111111
HS009509,8,0.33625000000000005,-6.16,3.49,3.0459994254759803,1,87.5,0.0
HS009510,9,4.984444444444445,2.21,7.59,2.2072047430580106,0,100.0,0.4444444444444444
HS009511,11,21.266363636363636,15.09,28.84,4.361530173522299,0,100.0,0.09090909090909091
HS009512,11,23.470909090909092,16.42,32.57,4.913689966909704,1,90.9090909090909,0.36363636363636365
HS009513,5,22.938,15.34,28.04,5.305315259247089,0,100.0,0.0
HS009514,11,-18.244545454545456,-19.67,-15.4,1.2802215717317347,0,100.0,0.2727272727272727
HS009515,11,20.41909090909091,15.24,26.87,3.506255708146383,0,100.0,0.2727272727272727
HS009516,9,22.697777777777777,15.83,29.44,4.569504288699645,0,100.0,0.3333333333333333
HS009517,4,9.817499999999999,8.32,11.65,1.7256375633371002,0,100.0,0.25
HS009518,8,-17.21375,-19.82,-15.55,1.4486637931950552,0,100.0,0.25
HS009519,13,14.113846153846156,12.05,20.03,2.2780274305545523,2,84.61538461538461,0.3076923076923077
HS009520,8,11.205,8.66,12.92,1.5206859354533773,0,100.0,0.25
HS009521,9,11.933333333333334,8.48,18.28,3.357491623221122,2,77.77777777777779,0.1111111111111111
HS009522,9,4.467777777777778,2.13,7.28,1.5147918815614394,0,100.0,0.1111111111111111
HS009523,8,9.72125,4.37,12.0,2.4098277205761294,1,87.5,0.5
HS009524,10,10.062000000000001,8.28,16.94,2.6566930153440347,1,90.0,0.4
HS009525,6,9.315,8.45,11.13,1.0103415264156972,0,100.0,0.0
HS009526,9,-17.434444444444445,-19.59,-15.65,1.4212944022185472,0,100.0,0.1111111111111111
HS009527,6,22.923333333333332,16.18,26.58,3.829353296141094,0,100.0,0.16666666666666666
HS009528,9,23.27111111111111,17.1,29.56,3.702649201735307,0,100.0,0.2222222222222222
HS009529,11,6.402727272727273,3.39,10.3,1.7643870942006514,1,90.9090909090909,0.36363636363636365
HS009530,7,9.79142857142857,8.54,12.79,1.4854340395030283,0,100.0,0.14285714285714285
HS009531,9,21.35888888888889,16.29,27.97,4.086234343636096,0,100.0,0.1111111111111111
HS009532,6,9.223333333333334,8.23,10.98,1.0811598710027421,0,100.0,0.3333333333333333
HS009533,10,21.666,16.43,29.5,4.9279254142984845,0,100.0,0.3
HS009534,8,3.96,2.26,5.49,1.274609183800498,0,100.0,0.25
HS009535,5,5.836,5.11,6.31,0.46193073073784546,0,100.0,0.2
HS009536,10,10.578999999999999,8.4,13.52,1.6717884634925158,1,90.0,0.0
HS009537,6,11.339999999999998,8.91,14.12,1.831731421360675,1,83.33333333333334,0.3333333333333333
HS009538,11,1.9072727272727272,-0.83,3.96,1.9846414835384798,0,100.0,0.36363636363636365
HS009539,7,4.659999999999999,2.43,7.97,2.195176530486785,0,100.0,0.0
HS009540,3,19.57,15.6,24.84,4.75519715679592,0,100.0,1.0
HS009541,7,-17.79,-19.74,-16.03,1.4818119538816878,0,100.0,0.42857142857142855
HS009542,7,6.602857142857142,4.38,11.34,2.2038656514233823,1,85.71428571428571,0.42857142857142855
HS009543,6,10.235,8.77,11.42,1.0714242857057146,0,100.0,0.3333333333333333
HS009544,9,6.746666666666666,2.78,10.95,2.72530273547729,2,77.77777777777779,0.0
HS009545,8,14.49375,12.46,21.25,3.2284181774626766,2,75.0,0.25
HS009546,11,-16.33727272727273,-19.78,-8.26,3.4093667767170226,2,81.81818181818183,0.45454545454545453
HS009547,12,1.6608333333333334,-0.87,5.08,1.7630214680966587,1,91.66666666666666,0.3333333333333333
HS009548,12,23.870833333333334,16.87,34.08,4.907342288177311,1,91.66666666666666,0.3333333333333333
HS009549,7,5.221428571428571,3.49,7.36,1.582965872146634,0,100.0,0.2857142857142857
HS009550,9,11.256666666666668,9.35,12.85,1.228199902296039,0,100.0,0.3333333333333333
HS009551,7,24.448571428571427,19.54,30.08,3.3069796318868203,1,85.71428571428571,0.2857142857142857
HS009552,8,5.8025,2.18,7.53,1.74333629244946,0,100.0,0.5
HS009553,4,5.0225,3.15,6.44,1.3689746771458804,0,100.0,0.0
HS009554,4,4.6925,2.12,6.61,1.9122303731506831,0,100.0,0.25
HS009555,7,22.68285714285714,16.43,29.28,4.649869941857566,0,100.0,0.42857142857142855
HS009556,10,10.327,8.23,12.18,1.313595997422512,0,100.0,0.4
HS009557,4,5.2375,3.32,6.49,1.5292127604315453,0,100.0,0.25
HS009558,8,21.0725,15.17,29.46,5.802599786795078,0,100.0,0.0
HS009559,11,13.017272727272728,12.04,14.71,0.9558775121226664,0,100.0,0.18181818181818182
HS009560,7,22.327142857142857,17.29,29.61,4.912822387337426,0,100.0,0.14285714285714285
HS009561,9,5.81,2.04,8.92,2.1257528078306756,1,88.88888888888889,0.4444444444444444
HS009562,14,12.955714285714285,8.59,14.58,1.4342069064641443,1,92.85714285714286,0.14285714285714285
HS009563,9,9.80111111111111,8.05,11.36,1.3342174152330313,0,100.0,0.2222222222222222
HS009564,5,25.246000000000002,21.44,30.3,4.073779571847254,1,80.0,0.6
HS009565,5,19.476,15.92,23.36,3.5223046432698006,0,100.0,0.0
HS009566,12,10.040000000000001,8.01,11.91,1.0940998791036136,0,100.0,0.0
HS009567,8,11.04875,9.15,11.94,0.9439648525539193,0,100.0,0.375
HS009568,9,9.586666666666666,8.03,12.87,1.6863347828945479,0,100.0,0.2222222222222222
HS009569,14,10.145714285714286,8.14,17.59,2.4621026482560495,1,92.85714285714286,0.21428571428571427
HS009570,9,6.148888888888888,2.28,9.36,2.1030480524969253,1,88.88888888888889,0.3333333333333333
HS009571,15,11.246,8.92,12.61,1.270600532931462,0,100.0,0.3333333333333333
HS009572,7,10.525714285714287,8.53,12.56,1.4424730747672807,0,100.0,0.14285714285714285
HS009573,8,9.9675,8.57,11.28,1.0488326844640188,0,100.0,0.125
HS009574,5,-0.618,-5.76,2.9,3.1569320550179727,1,80.0,0.2
HS009575,7,5.144285714285714,2.35,7.59,2.0673804450951705,0,100.0,0.42857142857142855
HS009576,7,-18.00142857142857,-23.15,-15.57,2.610290076929054,1,85.71428571428571,0.14285714285714285
HS009577,6,1.6716666666666666,-0.42,2.86,1.2766897299918514,0,100.0,0.3333333333333333
HS009578,18,20.6,15.34,29.05,4.1654460957345965,0,100.0,0.16666666666666666
HS009579,10,4.894,2.85,6.79,1.1617343356665784,0,100.0,0.1
HS009580,5,24.816,18.0,29.32,4.576754308459215,0,100.0,0.2
HS009581,10,-18.248,-22.2,-15.78,1.841676772219635,1,90.0,0.2
HS009582,4,11.5175,8.88,13.7,1.985419770896488,1,75.0,0.5
HS009583,8,22.68375,19.06,27.36,2.6098710285595126,0,100.0,0.375
HS009584,6,1.5933333333333335,-1.08,3.39,1.8799432615551637,0,100.0,0.3333333333333333
HS009585,8,-17.68625,-19.58,-15.54,1.7164742726214761,0,100.0,0.25
HS009586,6,13.29,12.61,14.48,0.6681017886519987,0,100.0,0.16666666666666666
HS009587,9,5.448888888888889,2.1,14.24,3.66686325230586,1,88.88888888888889,0.1111111111111111
HS009588,7,20.15857142857143,16.32,26.3,3.5102346957215866,0,100.0,0.14285714285714285
HS009589,6,10.716666666666667,8.43,12.46,1.7322432469681235,0,100.0,0.3333333333333333
HS009590,11,9.193636363636363,4.76,12.69,2.007567048580309,2,81.81818181818183,0.45454545454545453
HS009591,7,10.032857142857143,8.94,11.74,1.1876968508520216,0,100.0,0.2857142857142857
HS009592,7,6.345714285714286,4.29,10.47,2.186792606710089,1,85.71428571428571,0.14285714285714285
HS009593,5,22.003999999999998,15.14,29.09,5.490048269368857,0,100.0,0.0
HS009594,9,-18.304444444444446,-21.63,-16.68,1.623785015874262,1,88.88888888888889,0.2222222222222222
HS009595,6,23.358333333333334,17.54,29.47,4.606688253687963,0,100.0,0.16666666666666666
HS009596,11,5.0609090909090915,1.15,8.64,2.355149483771485,2,81.81818181818183,0.18181818181818182
HS009597,13,6.066923076923077,2.25,9.85,2.20586107380385,1,92.3076923076923,0.38461538461538464
HS009598,12,11.5225,8.5,12.95,1.4237410706879376,0,100.0,0.3333333333333333
HS009599,9,10.88888888888889,8.15,14.82,2.3517251351106294,1,88.88888888888889,0.2222222222222222
HS009600,8,4.7075000000000005,2.16,7.17,1.6231869006019346,0,100.0,0.375
HS009601,8,9.93,5.19,15.2,2.810327891393254,2,75.0,0.0
HS009602,4,9.34,8.31,11.37,1.4072431678048156,0,100.0,0.5
HS009603,10,24.112000000000002,15.28,29.2,4.215984925125906,0,100.0,0.3
HS009604,6,0.06333333333333331,-1.44,3.11,1.7523431931749747,0,100.0,0.0
HS009605,7,9.934285714285716,8.38,11.88,1.1438510559051114,0,100.0,0.14285714285714285
HS009606,7,6.214285714285714,2.16,11.4,3.2236255838359864,1,85.71428571428571,0.42857142857142855
HS009607,7,3.757142857142857,-0.54,7.69,2.630517783540687,1,85.71428571428571,0.42857142857142855
HS009608,9,21.706666666666663,16.33,27.39,4.272054540850339,0,100.0,0.3333333333333333
HS009609,8,3.93375,-0.22,7.11,2.3690681561684603,1,87.5,0.375
HS009610,8,9.70125,3.63,14.53,3.0885939357578227,2,75.0,0.375
HS009611,8,10.15375,8.07,12.47,1.6192850053562,0,100.0,0.375
HS009612,8,9.57,8.08,12.98,1.6138153549895355,0,100.0,0.375
HS009613,8,5.48625,3.2,7.29,1.1597282625068435,0,100.0,0.125
HS009614,6,4.421666666666667,2.01,10.51,3.052575415393806,1,83.33333333333334,0.16666666666666666
HS009615,9,5.252222222222222,2.5,7.85,1.9318758874328457,0,100.0,0.4444444444444444
HS009616,10,5.15,3.64,6.9,1.045955172185798,0,100.0,0.2
HS009617,9,4.993333333333333,2.37,7.63,2.0268325041798594,0,100.0,0.2222222222222222
HS009618,5,9.734,8.55,11.21,1.0151009801985218,0,100.0,0.4
HS009619,11,10.569090909090908,8.19,12.59,1.3803148520932063,0,100.0,0.2727272727272727
HS009620,7,5.847142857142857,2.16,11.02,2.9036282721548816,1,85.71428571428571,0.42857142857142855
HS009621,7,1.784285714285714,-1.29,3.09,1.6470970133627745,0,100.0,0.42857142857142855
HS009622,13,21.625384615384615,15.39,29.85,4.847992050640856,0,100.0,0.38461538461538464
HS009623,7,11.668571428571429,8.55,13.12,1.7209825543511335,1,85.71428571428571,0.14285714285714285
HS009624,8,-17.14,-20.0,-15.29,1.5146711099867765,0,100.0,0.625
HS009625,8,13.4075,12.55,14.67,0.6736202830336137,0,100.0,0.25
HS009626,15,5.064666666666667,2.33,7.44,1.6906586487717343,0,100.0,0.4666666666666667
HS009627,7,10.317142857142857,8.31,18.67,3.7602247906462294,1,85.71428571428571,0.0
HS009628,11,-18.38090909090909,-22.94,-13.47,2.378421554499769,2,81.81818181818183,0.36363636363636365
HS009629,6,14.478333333333333,12.52,18.28,2.03915096711025,1,83.33333333333334,0.0
HS009630,5,13.244,12.16,14.34,0.909521852403778,0,100.0,0.0
HS009631,8,1.2875,-1.66,3.99,1.7480744508499304,0,100.0,0.25
HS009632,13,4.683076923076923,2.18,8.0,1.8608617386190758,0,100.0,0.15384615384615385
HS009633,3,5.156666666666666,-0.24,8.02,4.676562127603282,2,33.33333333333333,0.3333333333333333
HS009634,7,4.0442857142857145,1.87,6.62,1.8643216562855345,1,85.71428571428571,0.42857142857142855
HS009635,9,23.094444444444445,17.07,29.99,4.173041789603571,0,100.0,0.0
HS009636,9,10.132222222222222,8.06,12.11,1.3011127716091508,0,100.0,0.2222222222222222
HS009637,8,-0.69875,-3.87,1.48,1.6637946087182758,1,87.5,0.25
HS009638,7,20.837142857142858,15.26,28.62,4.7401712848296755,0,100.0,0.42857142857142855
HS009639,6,-17.331666666666667,-19.67,-15.07,2.236348959055064,0,100.0,0.0
HS009640,9,4.777777777777778,2.14,7.06,1.9779520834551185,0,100.0,0.2222222222222222
HS009641,8,0.47750000000000004,-1.65,3.55,1.8798385189007212,0,100.0,0.125
HS009642,16,10.61875,6.26,17.94,3.2747964313322844,4,75.0,0.3125
HS009643,12,1.3275,-1.28,5.99,1.924682382297732,1,91.66666666666666,0.25
HS009644,9,4.334444444444444,0.43,7.65,2.3952406513287507,1,88.88888888888889,0.3333333333333333
HS009645,5,4.824,3.45,8.13,1.9304092830278248,1,80.0,0.4
HS009646,6,22.62,19.03,26.14,2.9529307475794275,0,100.0,0.5
HS009647,10,13.337,12.03,14.64,0.8161161409723223,0,100.0,0.4
HS009648,8,11.33625,8.09,18.79,3.3552003878840293,2,75.0,0.0
HS009649,12,3.9291666666666667,2.38,6.54,1.3888939898896224,0,100.0,0.3333333333333333
HS009650,7,5.942857142857143,2.29,7.53,1.7975883314941188,0,100.0,0.42857142857142855
HS009651,12,4.600833333333333,2.0,7.13,1.693261824426632,0,100.0,0.16666666666666666
HS009652,4,-18.4625,-19.5,-17.64,0.8087181214737293,0,100.0,0.25
HS009653,11,4.330909090909091,2.43,7.25,1.3922532423769358,0,100.0,0.0
HS009654,8,21.08625,13.74,25.45,4.725492982596783,1,87.5,0.25
HS009655,6,4.943333333333333,2.77,7.29,1.5127943239801855,0,100.0,0.3333333333333333
HS009656,10,9.690000000000001,8.44,11.92,1.1643119093362495,0,100.0,0.3
HS009657,9,5.294444444444444,2.27,6.83,1.393808730700801,0,100.0,0.2222222222222222
HS009658,15,0.4326666666666667,-1.85,3.98,1.899949122125818,0,100.0,0.26666666666666666
HS009659,14,11.315,9.18,17.26,2.069633003513128,1,92.85714285714286,0.07142857142857142
HS009660,7,10.40857142857143,8.36,11.31,1.0029195476445854,0,100.0,0.2857142857142857
HS009661,5,6.276,2.2,9.74,3.569724078973051,2,60.0,0.0
HS009662,7,4.908571428571428,3.41,7.6,1.4416244144647912,0,100.0,0.14285714285714285
HS009663,7,25.082857142857144,17.93,33.45,6.100256044587294,2,71.42857142857143,0.5714285714285714
HS009664,11,5.482727272727273,2.71,8.14,1.9495183554359825,1,90.9090909090909,0.2727272727272727
HS009665,11,13.43909090909091,8.22,14.88,1.9670559450379366,1,90.9090909090909,0.45454545454545453
HS009666,10,6.136,2.94,7.71,1.7419031737345985,0,100.0,0.0
HS009667,4,4.5725,3.66,5.51,0.7582161081556272,0,100.0,0.5
HS009668,10,21.927,16.67,29.6,4.4166504402217655,0,100.0,0.4
HS009669,6,3.4316666666666666,2.25,7.33,1.9310661994521747,0,100.0,0.3333333333333333
HS009670,6,3.643333333333333,2.04,5.29,1.245899942477993,0,100.0,0.16666666666666666
HS009671,13,24.125384615384615,14.47,29.39,4.8610451814820905,1,92.3076923076923,0.07692307692307693
HS009672,9,-17.675555555555555,-19.68,-15.42,1.4898666979893795,0,100.0,0.0
HS009673,12,11.001666666666667,8.78,12.9,1.3644368357633414,0,100.0,0.3333333333333333
HS009674,9,1.4322222222222223,-1.75,3.98,2.221203377551107,0,100.0,0.2222222222222222
HS009675,9,4.805555555555555,-1.5,6.92,2.766433223083069,1,88.88888888888889,0.2222222222222222
HS009676,11,3.9663636363636368,-0.35,7.01,2.313141901082909,2,81.81818181818183,0.36363636363636365
HS009677,10,23.604,13.41,31.74,5.49522459352967,2,80.0,0.4
HS009678,8,9.3025,8.14,11.8,1.2045953677480252,0,100.0,0.25
HS009679,8,5.6,3.42,7.74,1.9191739294364571,0,100.0,0.125
HS009680,11,12.708181818181817,10.99,14.52,0.9284591340691108,1,90.9090909090909,0.09090909090909091
HS009681,10,13.709999999999999,12.25,14.9,0.8922754930824641,0,100.0,0.2
HS009682,12,0.9800000000000001,-1.69,5.57,2.2678183348760546,1,91.66666666666666,0.3333333333333333
HS009683,11,5.607272727272727,3.94,9.22,1.697369087199899,1,90.9090909090909,0.18181818181818182
HS009684,15,-17.735333333333333,-19.92,-15.5,1.4453267878959157,0,100.0,0.26666666666666666
HS009685,7,4.528571428571429,2.16,5.95,1.374826395967003,0,100.0,0.0
HS009686,6,9.661666666666667,8.79,11.68,1.0942287999621771,0,100.0,0.3333333333333333
HS009687,15,4.700666666666667,2.0,9.47,2.244897282622038,1,93.33333333333333,0.06666666666666667
HS009688,17,4.642352941176471,2.0,7.8,1.942535486843692,0,100.0,0.23529411764705882
HS009689,10,23.782,17.47,31.27,4.957447371828011,1,90.0,0.2
HS009690,3,-15.540000000000001,-16.53,-14.48,1.0267911179982037,1,66.66666666666666,0.0
HS009691,12,21.337500000000002,15.87,29.17,4.098055248307643,0,100.0,0.25
HS009692,7,24.672857142857143,20.24,28.86,3.010186673534352,0,100.0,0.0
HS009693,9,5.943333333333333,0.46,7.87,2.2315801576461465,1,88.88888888888889,0.2222222222222222
HS009694,10,-18.713,-19.84,-16.4,1.062429605511192,0,100.0,0.2
HS009695,5,5.054,2.27,7.87,2.6340235382395507,0,100.0,0.2
HS009696,9,21.628888888888888,16.66,25.67,3.0524680360506826,0,100.0,0.2222222222222222
HS009697,9,4.623333333333333,2.09,7.0,1.6759698684642275,0,100.0,0.2222222222222222
HS009698,6,-17.921666666666667,-19.72,-15.54,1.3440448901233422,0,100.0,0.3333333333333333
HS009699,4,4.970000000000001,3.22,7.23,1.9161245610171935,0,100.0,0.5
HS009700,13,4.586923076923077,2.5,6.41,1.433064226377547,0,100.0,0.46153846153846156
HS009701,16,22.919375,18.09,29.71,3.4018004424128123,0,100.0,0.375
HS009702,14,22.282142857142855,15.29,29.56,4.217400180883275,0,100.0,0.42857142857142855
HS009703,6,12.668333333333335,12.01,14.83,1.0769292765389318,0,100.0,0.5
HS009704,6,9.798333333333334,3.58,12.64,3.1958812034659028,1,83.33333333333334,0.5
HS009705,8,5.2175,2.04,7.55,2.010968139265975,0,100.0,0.5
HS009706,6,-17.763333333333332,-19.5,-15.5,1.4100023640642119,0,100.0,0.5
HS009707,3,20.73333333333333,16.9,25.49,4.3688022767496975,0,100.0,0.0
HS009708,9,4.257777777777778,2.04,6.1,1.2840052353648892,0,100.0,0.1111111111111111
HS009709,4,26.0675,21.61,29.34,3.679305867506351,0,100.0,0.0
HS009710,9,4.064444444444444,2.06,6.97,1.5935111476791672,0,100.0,0.3333333333333333
HS009711,10,13.637,12.07,16.91,1.4160120055988226,1,90.0,0.4
HS009712,4,13.002500000000001,12.41,14.05,0.7534531615612656,0,100.0,0.0
HS009713,5,6.0280000000000005,3.49,7.69,1.7272289946616803,0,100.0,0.2
HS009714,6,13.395000000000001,12.1,14.55,0.8236200580364712,0,100.0,0.16666666666666666
HS009715,12,22.40416666666667,15.72,28.64,4.627403470499182,0,100.0,0.25
HS009716,13,1.853076923076923,-1.97,8.2,2.426311963369456,1,92.3076923076923,0.23076923076923078
HS009717,10,5.625,2.19,7.67,1.8746095889840935,0,100.0,0.4
HS009718,9,10.426666666666668,8.61,12.58,1.2858654673020808,0,100.0,0.3333333333333333
HS009719,12,21.510833333333334,15.22,29.74,4.35511915781737,0,100.0,0.25
HS009720,9,5.301111111111111,2.27,7.9,2.1692535838649922,0,100.0,0.2222222222222222
HS009721,10,21.081,15.08,27.29,4.514926971231711,0,100.0,0.3
HS009722,8,5.74625,3.07,11.16,2.5206344864509242,1,87.5,0.0
HS009723,16,1.48625,-1.87,6.21,2.2800230261995162,2,87.5,0.1875
HS009724,12,22.891666666666666,18.4,27.45,3.204845290077719,0,100.0,0.08333333333333333
HS009725,12,0.4416666666666667,-1.6,2.2,1.2705820665658665,0,100.0,0.25
HS009726,8,3.7875,2.63,6.8,1.3854937232419555,0,100.0,0.125
HS009727,11,10.911818181818182,8.59,12.94,1.5507405855385232,0,100.0,0.18181818181818182
HS009728,5,10.734,8.25,12.48,1.6393992802243142,0,100.0,0.2
HS009729,13,6.4692307692307685,2.16,11.09,2.400199510938141,2,84.61538461538461,0.15384615384615385
HS009730,8,6.42,4.53,7.9,1.4277254638059798,0,100.0,0.5
HS009731,10,4.162000000000001,2.41,7.9,1.6760853863160499,0,100.0,0.0
HS009732,7,21.98,17.95,28.92,4.818654722361142,0,100.0,0.0
HS009733,6,5.285,3.43,7.68,1.447408028166211,0,100.0,0.3333333333333333
HS009734,9,10.386666666666667,8.5,15.56,2.2703634070342136,1,88.88888888888889,0.2222222222222222
HS009735,7,-17.405714285714286,-21.88,-15.13,2.3991169010204367,1,85.71428571428571,0.0
HS009736,7,10.125714285714285,8.06,11.92,1.5849906113587036,0,100.0,0.5714285714285714
HS009737,13,24.74769230769231,16.39,29.76,3.54960597307681,0,100.0,0.15384615384615385
HS009738,10,5.819,2.83,7.86,1.778447825117922,0,100.0,0.4
HS009739,9,5.81,3.81,8.67,1.4782252872955461,1,88.88888888888889,0.5555555555555556
HS009740,5,-0.732,-1.59,-0.28,0.5055393159784904,0,100.0,0.2
HS009741,5,5.481999999999999,3.6,6.85,1.3734882598697375,0,100.0,0.0
HS009742,8,4.01,2.23,7.84,1.9415089860356411,0,100.0,0.25
HS009743,8,9.901250000000001,8.43,12.74,1.302102009389872,0,100.0,0.125
HS009744,11,5.058181818181819,2.54,7.22,1.7594306930471468,0,100.0,0.18181818181818182
HS009745,6,24.78833333333333,18.21,29.78,5.049560046842366,0,100.0,0.3333333333333333
HS009746,11,13.311818181818182,12.22,16.06,1.1577462431968257,1,90.9090909090909,0.5454545454545454
HS009747,11,5.339090909090909,2.87,7.67,1.6614057574563448,0,100.0,0.09090909090909091
HS009748,7,14.0,12.59,18.67,2.171389723963282,1,85.71428571428571,0.2857142857142857
HS009749,11,4.881818181818182,2.15,7.31,2.0649736956281943,0,100.0,0.0
HS009750,8,13.5425,11.3,17.84,1.9786124286623552,2,75.0,0.375
HS009751,9,5.777777777777778,3.09,9.08,1.8776300073348968,1,88.88888888888889,0.2222222222222222
HS009752,8,10.682500000000001,8.19,12.38,1.258318038380713,1,87.5,0.25
HS009753,8,-17.19125,-19.41,-15.06,1.5289626502025109,0,100.0,0.25
HS009754,8,10.89625,8.93,12.75,1.1635160690154402,0,100.0,0.25
HS009755,8,5.715,3.53,7.57,1.5142466302233788,0,100.0,0.25
HS009756,7,13.712857142857143,12.14,14.45,0.8504452615290075,0,100.0,0.14285714285714285
HS009757,9,4.363333333333333,-0.1,8.88,2.9080835613854017,2,77.77777777777779,0.2222222222222222
HS009758,12,19.81416666666667,17.1,23.24,1.8867213424993168,0,100.0,0.25
HS009759,4,10.6925,9.56,12.97,1.5437265517787362,0,100.0,0.25
HS009760,9,23.584444444444443,18.56,27.53,3.4854487197171307,0,100.0,0.2222222222222222
HS009761,11,5.732727272727273,2.22,7.89,2.017042839947089,0,100.0,0.36363636363636365
HS009762,9,1.1288888888888888,-0.79,3.95,1.6395841274881602,0,100.0,0.1111111111111111
HS009763,15,4.62,1.59,7.74,2.1017781587435502,1,93.33333333333333,0.3333333333333333
HS009764,6,13.515,12.06,14.79,1.1453689361947956,0,100.0,0.3333333333333333
HS009765,6,5.953333333333333,3.93,7.46,1.210052340465761,0,100.0,0.16666666666666666
HS009766,9,10.44111111111111,8.69,11.5,0.9699026297062562,0,100.0,0.1111111111111111
HS009767,8,4.33125,2.08,7.89,2.356046552414204,0,100.0,0.125
HS009768,5,6.508,4.07,7.77,1.4301818066245977,0,100.0,0.0
HS009769,9,24.29111111111111,16.45,29.73,5.088709179262568,0,100.0,0.3333333333333333
HS009770,6,10.758333333333333,9.62,11.68,0.8033035955768323,0,100.0,0.3333333333333333
HS009771,9,24.035555555555554,17.85,29.8,4.621120294666411,0,100.0,0.1111111111111111
HS009772,7,13.711428571428572,12.71,14.59,0.6768167790332565,0,100.0,0.14285714285714285
HS009773,8,1.26875,-1.04,3.99,1.651072703253425,0,100.0,0.125
HS009774,12,4.8374999999999995,2.24,7.79,1.724603379963584,0,100.0,0.16666666666666666
HS009775,9,13.508888888888889,12.22,14.74,0.8878688591853591,0,100.0,0.4444444444444444
HS009776,11,10.638181818181819,8.37,11.96,1.2170934079339863,0,100.0,0.45454545454545453
HS009777,6,-17.28,-18.15,-15.46,1.020862380539121,0,100.0,0.16666666666666666
HS009778,7,11.69,9.65,12.64,1.047902667235846,0,100.0,0.0
HS009779,10,1.7730000000000001,-1.0,3.73,1.4260594502178217,0,100.0,0.1
HS009780,6,23.849999999999998,17.87,28.93,3.8369571277250407,0,100.0,0.3333333333333333
HS009781,14,5.2128571428571435,2.18,7.91,2.06322909191255,0,100.0,0.2857142857142857
HS009782,4,10.782499999999999,9.95,11.22,0.5673549741270162,0,100.0,0.25
HS009783,6,13.043333333333335,12.21,14.53,0.8575935323139199,0,100.0,0.16666666666666666
HS009784,4,9.39,5.4,11.71,2.8101601377857452,1,75.0,0.25
HS009785,7,5.425714285714286,4.03,7.41,1.2399308736492416,0,100.0,0.5714285714285714
HS009786,8,5.89375,2.57,7.89,2.0326754888218495,0,100.0,0.375
HS009787,9,10.374444444444444,8.6,13.35,1.3487411826506142,1,88.88888888888889,0.3333333333333333
HS009788,13,13.755384615384616,12.09,18.95,1.8107945557342837,1,92.3076923076923,0.07692307692307693
HS009789,6,-16.925,-19.39,-15.09,1.6586470390049843,0,100.0,0.16666666666666666
HS009790,6,4.2749999999999995,2.17,6.22,1.632418451255682,0,100.0,0.16666666666666666
HS009791,5,1.58,-0.95,3.1,1.6393443811475368,0,100.0,0.0
HS009792,11,22.061818181818182,16.66,29.3,4.709585583003706,0,100.0,0.36363636363636365
HS009793,8,12.3125,9.04,18.97,2.9214465594975376,1,87.5,0.0
HS009794,10,5.661,2.18,12.97,3.474096045496344,2,80.0,0.2
HS009795,5,22.248,16.44,29.56,4.736693994760479,0,100.0,0.4
HS009796,7,3.8885714285714283,2.87,5.56,0.8396115882046999,0,100.0,0.42857142857142855
HS009797,4,4.625,3.43,6.34,1.2691860908997281,0,100.0,0.25
HS009798,14,22.974285714285713,16.85,29.1,3.907394792689122,0,100.0,0.07142857142857142
HS009799,8,3.7424999999999997,2.26,5.11,0.9097370106637571,0,100.0,0.25
HS009800,5,5.101999999999999,3.2,7.85,2.1164758444168457,0,100.0,0.2
HS009801,15,5.558000000000001,2.34,7.92,1.8227538036090962,0,100.0,0.06666666666666667
HS009802,9,5.004444444444444,2.36,6.88,1.7164651985338295,0,100.0,0.2222222222222222
HS009803,11,5.723636363636364,3.21,7.91,1.624292293445196,0,100.0,0.18181818181818182
HS009804,7,6.275714285714286,2.12,11.73,2.872727259027892,1,85.71428571428571,0.42857142857142855
HS009805,11,22.583636363636362,16.35,29.36,4.8308100205395625,0,100.0,0.18181818181818182
HS009806,8,11.11,8.9,12.87,1.5028924493408415,0,100.0,0.625
HS009807,4,12.965,12.11,13.45,0.6191122676865646,0,100.0,0.25
HS009808,5,5.718,2.8,8.95,2.2550321505468607,1,80.0,0.0
HS009809,7,10.598571428571429,8.96,11.97,1.0724027317419602,0,100.0,0.2857142857142857
HS009810,8,-16.715,-19.87,-15.41,1.540936635389566,0,100.0,0.125
HS009811,12,10.500833333333334,8.19,12.43,1.4245602723988091,0,100.0,0.16666666666666666
HS009812,11,-16.644545454545455,-19.34,-11.43,2.3036551983157705,1,90.9090909090909,0.2727272727272727
HS009813,10,4.648000000000001,2.35,7.45,1.7459209604102932,0,100.0,0.2
HS009814,10,13.354,11.18,14.86,1.1260076968357422,1,90.0,0.1
HS009815,8,11.05875,9.05,15.92,2.1194907575709245,1,87.5,0.0
HS009816,7,5.278571428571429,2.79,7.91,2.0393988376596712,0,100.0,0.14285714285714285
HS009817,7,5.058571428571428,2.29,7.46,1.6912266610503803,0,100.0,0.5714285714285714
HS009818,7,5.7628571428571425,2.35,7.68,2.3162305173543953,0,100.0,0.42857142857142855
HS009819,8,10.12125,8.16,12.45,1.5568873479753484,0,100.0,0.0
HS009820,13,10.966923076923077,8.07,12.94,1.7481055680144366,0,100.0,0.3076923076923077
HS009821,4,10.26,8.4,11.83,1.8076688487293975,0,100.0,0.0
HS009822,10,10.823,8.9,13.54,1.4457220418262364,1,90.0,0.2
HS009823,11,24.136363636363637,15.35,28.97,4.627548536163122,0,100.0,0.36363636363636365
HS009824,5,9.852,8.7,10.91,0.86021508938172,0,100.0,0.4
HS009825,12,14.061666666666667,12.28,21.63,2.501384465136105,1,91.66666666666666,0.4166666666666667
HS009826,12,24.331666666666667,18.49,29.48,3.9562857543025083,0,100.0,0.16666666666666666
HS009828,11,5.112727272727273,2.13,9.91,2.3801768459889314,1,90.9090909090909,0.45454545454545453
HS009829,9,-16.58,-18.33,-14.01,1.3698722568181312,1,88.88888888888889,0.0
HS009830,6,21.768333333333334,16.91,25.33,3.691571029611468,0,100.0,0.16666666666666666
HS009831,8,9.97875,8.09,11.09,0.8661645752560949,0,100.0,0.375
HS009832,16,10.046875,8.06,12.56,1.4977882304696262,0,100.0,0.25
HS009833,11,22.85181818181818,15.83,31.06,5.671681969542753,1,90.9090909090909,0.36363636363636365
HS009834,13,22.24769230769231,16.72,27.35,3.7252855681279744,0,100.0,0.38461538461538464
HS009835,5,23.657999999999998,15.87,28.29,5.6201886089347575,0,100.0,0.2
HS009836,9,5.742222222222222,4.08,7.59,1.3232042338371064,0,100.0,0.3333333333333333
HS009837,5,20.732,15.21,25.06,3.855796934487085,0,100.0,0.0
HS009838,8,4.56625,-0.55,9.03,3.5458262688083617,2,75.0,0.5
HS009839,5,6.9319999999999995,4.2,12.08,3.074007156790628,1,80.0,0.4
HS009840,9,21.333333333333332,15.49,29.99,5.9324994732406,0,100.0,0.0
HS009841,13,13.69,12.03,20.15,2.1203183723205346,1,92.3076923076923,0.23076923076923078
HS009842,10,10.284,8.07,12.65,1.4950154216967502,0,100.0,0.4
HS009843,14,0.6178571428571429,-1.92,3.04,1.8480183922304394,0,100.0,0.2857142857142857
HS009844,14,24.407857142857146,15.99,31.62,4.900422554106044,1,92.85714285714286,0.14285714285714285
HS009845,5,9.794,8.6,12.22,1.5569136135315924,1,80.0,0.4
HS009846,8,19.5275,15.23,29.69,4.972687545841929,0,100.0,0.125
HS009847,9,5.254444444444444,3.34,7.94,1.2861970213687242,0,100.0,0.2222222222222222
HS009848,9,4.917777777777777,2.43,8.98,2.1727159143441748,1,88.88888888888889,0.1111111111111111
HS009849,6,5.276666666666666,2.27,7.8,2.481940101345451,0,100.0,0.3333333333333333
HS009850,6,24.981666666666666,16.57,31.68,5.397463910640503,1,83.33333333333334,0.16666666666666666
HS009851,9,13.696666666666665,12.05,14.72,0.9898232165391956,0,100.0,0.2222222222222222
HS009852,6,1.2216666666666667,-1.31,3.11,1.5573877701672973,0,100.0,0.0
HS009853,6,14.293333333333335,12.96,16.34,1.1604596790352804,1,83.33333333333334,0.3333333333333333
HS009854,2,22.56,19.13,25.99,4.850752518939715,0,100.0,0.0
HS009855,5,22.72,16.54,28.22,4.916487567359445,0,100.0,0.4
HS009856,10,10.013,8.23,12.56,1.3615844528424312,0,100.0,0.4
HS009857,7,11.718571428571428,10.57,12.8,0.691723176119575,0,100.0,0.2857142857142857
HS009858,6,4.221666666666667,2.1,6.46,1.7261102707146683,0,100.0,0.5
HS009859,12,5.340833333333333,3.82,7.81,1.303034628252159,0,100.0,0.4166666666666667
HS009860,9,21.19,15.86,28.09,5.062032694481537,0,100.0,0.2222222222222222
HS009861,13,0.46692307692307694,-6.63,5.28,2.874216950218455,2,84.61538461538461,0.23076923076923078
HS009862,7,5.171428571428572,2.42,7.73,2.090776797998203,0,100.0,0.14285714285714285
HS009863,7,5.145714285714285,2.05,10.65,3.1275701811622456,1,85.71428571428571,0.14285714285714285
HS009864,10,4.781000000000001,2.05,8.59,2.092703992446137,1,90.0,0.5
HS009865,8,15.38625,13.54,19.74,2.009626386741006,3,62.5,0.25
HS009866,6,9.635,8.92,10.58,0.5646149130159424,0,100.0,0.0
HS009867,11,4.536363636363636,2.05,7.25,1.7751522341887904,0,100.0,0.2727272727272727
HS009868,9,1.1077777777777778,-1.7,4.45,2.1169186201751935,1,88.88888888888889,0.3333333333333333
HS009869,9,13.504444444444443,12.45,14.57,0.808998008512863,0,100.0,0.3333333333333333
HS009870,11,2.1263636363636365,-1.31,4.5,1.6446900785696539,1,90.9090909090909,0.36363636363636365
HS009871,11,10.88,8.12,12.47,1.4609448997138803,0,100.0,0.18181818181818182
HS009872,12,3.763333333333333,2.13,8.0,1.8645756686824013,0,100.0,0.3333333333333333
HS009873,7,11.324285714285713,8.69,17.33,2.8508996073921247,1,85.71428571428571,0.14285714285714285
HS009874,7,5.971428571428571,3.3,7.61,1.5898577354743473,0,100.0,0.14285714285714285
HS009875,10,9.518,8.36,11.68,1.0820536031084598,0,100.0,0.3
HS009876,5,3.4519999999999995,-1.22,7.87,3.306965376292893,1,80.0,0.2
HS009877,3,11.186666666666667,10.21,11.89,0.8727160668472497,0,100.0,0.0
HS009878,6,4.496666666666667,2.18,7.57,2.1014534652631895,0,100.0,0.16666666666666666
HS009879,10,5.109,2.14,10.61,2.776546415963544,1,90.0,0.2
HS009880,7,10.291428571428572,8.1,11.8,1.3800897141300708,0,100.0,0.2857142857142857
HS009881,5,4.164,2.12,5.72,1.5242965590724136,0,100.0,0.4
HS009882,4,1.2325,0.1,3.44,1.5538634646154297,0,100.0,0.25
HS009883,4,4.0,2.47,6.41,1.8566277673962184,0,100.0,0.25
HS009884,6,1.42,-0.82,3.21,1.3884379712468253,0,100.0,0.16666666666666666
HS009885,5,6.2219999999999995,2.38,7.62,2.2128985516737996,0,100.0,0.0
HS009886,6,4.508333333333334,2.56,7.76,2.0177157051147385,0,100.0,0.0
HS009887,7,25.524285714285714,17.97,28.82,3.7006884816335504,0,100.0,0.14285714285714285
HS009888,12,21.485,17.0,28.9,4.382273175170413,0,100.0,0.3333333333333333
HS009889,12,10.780000000000001,8.22,14.49,1.9448860681751559,1,91.66666666666666,0.16666666666666666
HS009890,11,-18.0,-19.9,-15.21,1.6015117857824221,0,100.0,0.36363636363636365
HS009891,11,14.693636363636363,12.59,18.9,2.2728188345192524,3,72.72727272727273,0.36363636363636365
HS009892,6,5.776666666666666,3.8,7.95,1.8658367202589479,0,100.0,0.16666666666666666
HS009893,8,11.34625,8.94,13.96,1.4514223319607171,1,87.5,0.375
HS009894,12,13.804166666666667,12.07,19.41,1.9556233990182976,1,91.66666666666666,0.4166666666666667
HS009895,6,-16.166666666666668,-18.06,-13.62,1.7081881239098533,1,83.33333333333334,0.0
HS009896,8,23.875,17.4,29.92,4.8320359506704245,0,100.0,0.0
HS009897,6,9.628333333333332,8.68,10.98,0.8446636411416485,0,100.0,0.16666666666666666
HS009898,8,1.335,-1.3,3.37,1.7233605045292844,0,100.0,0.125
HS009899,14,-16.927857142857142,-19.93,-12.03,2.0797047814586507,2,85.71428571428571,0.21428571428571427
HS009900,6,21.69666666666667,16.4,28.28,5.2047234956976025,0,100.0,0.16666666666666666
HS009901,6,-17.955,-19.18,-15.43,1.3531851314583685,0,100.0,0.16666666666666666
HS009902,8,10.57625,9.54,11.91,0.6752340863941718,0,100.0,0.5
HS009903,7,13.695714285714287,12.13,15.5,1.0497278558886445,1,85.71428571428571,0.2857142857142857
HS009904,11,-16.57181818181818,-19.98,-15.19,1.4444017320802294,0,100.0,0.0
HS009905,12,10.919166666666667,8.21,12.59,1.181843385512136,0,100.0,0.25
HS009906,8,22.4675,16.16,29.84,5.356621403192768,0,100.0,0.25
HS009907,5,27.312,21.98,29.87,3.264034313545126,0,100.0,0.2
HS009908,8,22.505,15.63,29.58,4.615919657632083,0,100.0,0.125
HS009909,11,11.062727272727273,8.29,19.08,2.9747137371824226,1,90.9090909090909,0.09090909090909091
HS009910,4,5.8425,3.56,7.28,1.6475512131645562,0,100.0,0.25
HS009911,14,-16.897142857142857,-19.97,-15.01,1.6123295548387728,0,100.0,0.42857142857142855
HS009912,13,9.149230769230769,8.12,12.84,1.2833255078016486,1,92.3076923076923,0.5384615384615384
HS009913,7,10.285714285714286,8.06,13.59,1.889998740236416,1,85.71428571428571,0.2857142857142857
HS009914,12,10.4625,8.05,14.25,1.8764043225856684,1,91.66666666666666,0.3333333333333333
HS009915,8,6.30125,2.93,14.2,3.579750340456719,1,87.5,0.0
HS009916,6,24.726666666666663,20.9,28.36,2.593296486456314,0,100.0,0.16666666666666666
HS009917,9,19.748888888888885,16.24,24.74,3.032051469073556,0,100.0,0.4444444444444444
HS009918,8,10.4775,9.2,12.35,0.9447864460138227,0,100.0,0.25
HS009919,9,5.793333333333333,2.56,7.67,1.8788959524146087,0,100.0,0.2222222222222222
HS009920,10,13.440000000000001,12.63,14.61,0.6780527675303416,0,100.0,0.2
HS009921,8,10.59125,8.51,12.49,1.335680003379766,0,100.0,0.25
HS009922,9,9.875555555555556,8.23,11.65,1.1566450526318686,0,100.0,0.1111111111111111
HS009923,7,-18.10142857142857,-19.99,-15.33,1.995849264276809,0,100.0,0.42857142857142855
HS009924,6,-18.201666666666668,-19.67,-15.79,1.3176861032380471,0,100.0,0.16666666666666666
HS009925,8,21.79125,15.09,27.66,5.595435480307651,0,100.0,0.375
HS009926,12,22.221666666666668,15.03,31.85,4.89239453053658,1,91.66666666666666,0.08333333333333333
HS009927,9,14.22,13.21,17.18,1.2668070097690491,1,88.88888888888889,0.5555555555555556
HS009928,5,5.776,2.93,7.49,1.7243491525790244,0,100.0,0.6
HS009929,6,14.268333333333333,12.12,19.98,2.890442296027836,1,83.33333333333334,0.16666666666666666
HS009930,5,4.854,2.62,6.68,1.91603235880817,0,100.0,0.2
HS009931,3,4.783333333333333,0.43,7.41,3.796858350443605,1,66.66666666666666,0.6666666666666666
HS009932,11,10.684545454545455,8.07,15.16,2.1217651313770034,2,81.81818181818183,0.18181818181818182
HS009933,12,13.605833333333335,12.38,15.57,1.0558878929243587,1,91.66666666666666,0.25
HS009934,11,10.354545454545455,8.19,12.79,1.7499792206558549,0,100.0,0.18181818181818182
HS009935,14,14.008571428571429,12.32,17.66,1.526619478772308,2,85.71428571428571,0.21428571428571427
HS009936,1,27.09,27.09,27.09,,0,100.0,0.0
HS009937,8,10.963750000000001,7.02,12.01,1.6367471006324013,1,87.5,0.5
HS009938,9,5.256666666666667,2.91,6.61,1.1874131547191142,0,100.0,0.0
HS009939,9,23.88222222222222,17.85,28.7,3.2081606014107904,0,100.0,0.0
HS009940,7,1.375714285714286,-1.63,6.59,2.8686167232242625,1,85.71428571428571,0.2857142857142857
HS009941,6,6.006666666666667,4.21,6.77,0.9533240092784125,0,100.0,0.0
HS009942,6,23.24,16.22,28.83,5.307142357238968,0,100.0,0.3333333333333333
HS009943,10,9.974,8.3,11.66,1.3490671674242993,0,100.0,0.1
HS009944,11,13.77,12.45,14.82,0.7967057173134889,0,100.0,0.2727272727272727
HS009945,10,4.934,2.36,7.85,1.7353206556074234,0,100.0,0.4
HS009946,10,6.063,2.07,10.1,2.327044143209244,1,90.0,0.2
HS009947,9,24.034444444444446,17.74,29.08,4.2815129075804235,0,100.0,0.3333333333333333
HS009948,8,10.6375,8.16,16.0,2.381396649027625,1,87.5,0.0
HS009949,7,1.9942857142857144,0.35,3.84,1.4654107176585585,0,100.0,0.42857142857142855
HS009950,15,4.414666666666666,2.49,7.64,1.5318796421701144,0,100.0,0.4
HS009951,9,24.253333333333334,15.31,29.76,4.919400369963803,0,100.0,0.1111111111111111
HS009952,9,13.683333333333334,12.65,14.96,0.8071400126372129,0,100.0,0.1111111111111111
HS009953,11,11.26909090909091,8.99,14.46,1.5161494289512145,1,90.9090909090909,0.18181818181818182
HS009954,10,24.128999999999998,15.59,29.57,5.039824622169132,0,100.0,0.2
HS009955,8,-18.3575,-19.42,-16.78,0.8891689538953942,0,100.0,0.125
HS009956,7,9.692857142857145,8.38,10.91,0.877870800777166,0,100.0,0.2857142857142857
HS009957,8,9.55,8.26,10.9,1.0756260635422648,0,100.0,0.5
HS009958,8,19.99,15.85,26.29,3.909998173181889,0,100.0,0.375
HS009959,8,1.8275,-1.54,6.02,2.5323154283326215,1,87.5,0.375
HS009960,9,-0.42000000000000004,-1.96,3.19,1.7946378464748813,0,100.0,0.1111111111111111
HS009961,9,24.35666666666667,16.1,28.95,4.7461326361575695,0,100.0,0.1111111111111111
HS009962,15,10.476666666666667,9.07,11.93,0.8866040078110782,0,100.0,0.26666666666666666
HS009963,8,14.0625,12.74,15.03,0.8172558613170924,1,87.5,0.375
HS009964,6,0.995,-1.1,3.37,1.477981731957469,0,100.0,0.0
HS009965,9,23.105555555555554,16.45,28.99,4.27481318630157,0,100.0,0.0
HS009966,7,9.885714285714286,8.2,11.61,1.3883186130815113,0,100.0,0.0
HS009967,8,4.43,2.55,7.28,1.613620596228069,0,100.0,0.125
HS009968,10,13.154,12.03,14.18,0.8045316097650301,0,100.0,0.3
HS009969,11,13.592727272727274,12.23,16.93,1.3605299769508274,1,90.9090909090909,0.09090909090909091
HS009970,4,24.705,20.26,28.45,3.3743196845191363,0,100.0,0.25
HS009971,7,10.48857142857143,8.16,11.47,1.1733204815313474,0,100.0,0.14285714285714285
HS009972,6,12.049999999999999,9.22,16.12,2.9505253769456043,3,50.0,0.16666666666666666
HS009973,2,30.57,24.7,36.44,8.301433611130065,1,50.0,1.0
HS009974,7,3.77,-2.48,7.96,3.5138345626015655,1,85.71428571428571,0.2857142857142857
HS009975,12,5.048333333333333,2.98,7.85,1.4908620650381095,0,100.0,0.16666666666666666
HS009976,5,21.04,16.81,26.6,3.6144501656545223,0,100.0,0.4
HS009977,4,14.5475,13.25,16.8,1.5813575391626868,1,75.0,0.25
HS009978,9,-17.55333333333333,-19.08,-15.93,1.3285424343994432,0,100.0,0.2222222222222222
HS009979,11,5.918181818181818,2.82,11.95,2.7207235000338352,1,90.9090909090909,0.18181818181818182
HS009980,8,10.04,8.64,12.16,1.447638471047638,1,87.5,0.125
HS009981,5,4.826,2.27,7.13,2.1800298163098595,0,100.0,0.4
HS009982,8,6.53,4.54,7.83,1.0235651978675875,0,100.0,0.125
HS009983,3,18.666666666666668,17.33,19.62,1.1921549116341124,0,100.0,0.3333333333333333
HS009984,7,23.155714285714286,15.4,27.92,4.824254198467218,0,100.0,0.2857142857142857
HS009985,5,20.548,15.1,24.44,4.763981528091813,0,100.0,0.6
HS009986,4,6.8475,4.33,11.09,3.1159201423228633,1,75.0,0.5
HS009987,3,9.74,8.05,10.64,1.4646159906268943,0,100.0,0.0
HS009988,6,22.171666666666667,15.17,29.74,5.377484232116972,0,100.0,0.0
HS009989,6,5.031666666666666,2.36,6.88,1.6738866946919277,0,100.0,0.3333333333333333
HS009990,9,4.066666666666666,2.01,7.48,1.7733161026731812,0,100.0,0.2222222222222222
HS009991,4,26.8575,21.26,29.68,3.9221624562648243,0,100.0,0.25
HS009992,7,10.08,8.4,12.61,1.4078352176302456,0,100.0,0.42857142857142855
HS009993,11,10.036363636363637,8.01,13.36,1.5297795444264035,1,90.9090909090909,0.2727272727272727
HS009994,11,-16.986363636363635,-19.95,-13.28,2.192246668271035,1,90.9090909090909,0.2727272727272727
HS009995,9,1.1933333333333331,-1.4,4.58,2.2062524787521487,1,88.88888888888889,0.4444444444444444
HS009996,9,10.76,8.1,17.99,2.945411685995694,1,88.88888888888889,0.3333333333333333
HS009997,9,1.4566666666666666,-1.57,8.11,2.8997801640814083,1,88.88888888888889,0.5555555555555556
HS009998,10,21.729,13.94,24.21,3.1588128923519494,1,90.0,0.3
HS009999,5,5.684,2.93,7.52,2.075507166935349,0,100.0,0.4
HS010000,10,11.795,9.31,17.66,2.8404978045718994,2,80.0,0.4
HS010001,9,4.454444444444444,2.39,7.66,1.947004822227664,0,100.0,0.4444444444444444
HS010002,9,24.287777777777777,18.75,30.33,4.050644324603734,1,88.88888888888889,0.2222222222222222
HS010003,14,22.587857142857143,15.39,29.63,5.357242658411031,0,100.0,0.21428571428571427
HS010004,4,14.3275,12.31,18.87,3.0496379566543084,1,75.0,0.75
HS010005,8,24.00875,16.67,29.54,4.557343955482341,0,100.0,0.125
HS010006,8,5.9,3.28,7.67,1.7172153538297317,0,100.0,0.5
HS010007,11,4.459090909090909,2.03,7.51,1.8672945913564607,0,100.0,0.09090909090909091
HS010008,5,3.946,2.14,5.36,1.4110209070031527,0,100.0,0.2
HS010009,11,10.795454545454545,8.68,13.29,1.1867802124771343,1,90.9090909090909,0.36363636363636365
HS010010,8,5.2325,2.81,7.27,1.4188501380645222,0,100.0,0.25
HS010011,6,8.603333333333333,8.02,9.43,0.5291754592445371,0,100.0,0.16666666666666666
HS010012,15,10.382,8.61,15.34,1.7891386594831438,1,93.33333333333333,0.26666666666666666
HS010013,10,20.946,15.14,28.69,5.380403124095609,0,100.0,0.1
HS010014,10,13.535999999999998,12.02,15.0,1.0574938928113646,0,100.0,0.3
HS010015,8,23.00625,15.19,28.99,5.574946348236392,0,100.0,0.375
HS010016,7,5.1814285714285715,2.7,6.75,1.469358460592338,0,100.0,0.2857142857142857
HS010017,9,23.103333333333335,14.72,28.17,4.298444486090289,1,88.88888888888889,0.1111111111111111
HS010018,7,11.502857142857142,9.12,13.81,1.5539274359475341,1,85.71428571428571,0.14285714285714285
HS010019,7,-17.428571428571427,-19.59,-15.75,1.670812462760044,0,100.0,0.2857142857142857
HS010020,5,2.05,0.14,3.32,1.2920526305069773,0,100.0,0.2
HS010021,12,22.150833333333335,13.54,29.71,5.367466743485631,1,91.66666666666666,0.3333333333333333
HS010022,8,13.39375,12.52,14.44,0.6831635968053332,0,100.0,0.125
HS010023,9,10.657777777777778,8.74,12.25,1.1105266518388668,0,100.0,0.2222222222222222
HS010024,9,21.86888888888889,15.72,29.03,5.176971712411718,0,100.0,0.0
HS010025,5,10.186,8.4,11.57,1.2874898057848847,0,100.0,0.0
HS010026,7,-17.247142857142858,-19.89,-15.96,1.466670995664607,0,100.0,0.42857142857142855
HS010027,8,9.46625,8.22,14.79,2.19153525769363,1,87.5,0.5
HS010028,10,9.918000000000001,8.15,11.26,1.041545859661387,0,100.0,0.2
HS010029,11,0.5763636363636363,-2.16,1.97,1.18683842815501,1,90.9090909090909,0.0
HS010030,7,1.7357142857142858,-0.92,3.98,1.632573195325477,0,100.0,0.14285714285714285
HS010031,6,0.6616666666666667,-0.58,3.87,1.7363457796955843,0,100.0,0.3333333333333333
HS010032,10,5.386,2.67,7.62,1.4437312769348736,0,100.0,0.0
HS010033,10,5.795,2.04,7.93,2.171672422606851,0,100.0,0.3
HS010034,6,22.748333333333335,15.03,32.31,6.7137483320918925,1,83.33333333333334,0.3333333333333333
HS010035,9,10.622222222222222,8.49,12.74,1.2902594485003565,0,100.0,0.3333333333333333
HS010036,12,4.9575000000000005,2.03,9.29,2.1835464272600205,1,91.66666666666666,0.16666666666666666
HS010037,12,5.1225,2.29,10.39,2.6111548298510656,1,91.66666666666666,0.16666666666666666
HS010038,6,5.111666666666667,2.64,7.84,2.044127360676596,0,100.0,0.3333333333333333
HS010039,13,7.037692307692307,3.94,10.74,1.9482006820232602,3,76.92307692307693,0.3076923076923077
HS010040,11,5.1445454545454545,2.86,7.57,1.751076032823039,0,100.0,0.09090909090909091
HS010041,5,5.215999999999999,2.13,7.39,2.690117097823067,0,100.0,0.4
HS010042,8,0.96375,-1.5,3.51,1.6819711013314962,0,100.0,0.375
HS010043,8,24.245,17.9,28.02,3.711795868771419,0,100.0,0.125
HS010044,12,5.136666666666667,-1.43,7.95,2.6000221444278413,1,91.66666666666666,0.3333333333333333
HS010045,8,4.5575,3.34,6.03,0.9346924627919069,0,100.0,0.25
HS010046,11,10.685454545454546,8.24,12.75,1.6001897614743297,0,100.0,0.09090909090909091
HS010047,9,4.828888888888889,2.04,7.7,1.7912805785557748,0,100.0,0.3333333333333333
HS010048,9,10.261111111111111,8.16,12.37,1.4318994766082958,0,100.0,0.1111111111111111
HS010049,7,20.44142857142857,15.99,26.92,4.346874082109384,0,100.0,0.14285714285714285
HS010050,8,5.5575,3.67,9.25,1.8518851399124545,1,87.5,0.125
HS010051,10,12.306000000000001,8.45,13.85,1.7777713888774098,2,80.0,0.4
HS010052,4,11.6225,9.69,12.8,1.4346747598904313,0,100.0,0.25
HS010053,6,4.028333333333333,0.68,6.37,1.951280775969124,1,83.33333333333334,0.16666666666666666
HS010054,9,23.39333333333333,16.9,28.84,4.368154644698377,0,100.0,0.0
HS010055,2,3.16,2.46,3.86,0.9899494936611662,0,100.0,1.0
HS010056,7,10.547142857142857,8.37,12.58,1.7910770901491493,0,100.0,0.42857142857142855
HS010057,7,4.418571428571428,1.82,7.05,2.1020262333553985,1,85.71428571428571,0.5714285714285714
HS010058,4,23.7975,16.95,29.11,5.7505209908900135,0,100.0,0.25
HS010059,11,21.42909090909091,15.25,29.88,5.037734519693261,0,100.0,0.18181818181818182
HS010060,12,13.5925,12.04,14.7,0.8562192263879407,0,100.0,0.16666666666666666
HS010061,4,0.86,-0.62,3.32,1.751418472743355,0,100.0,0.0
HS010062,7,23.164285714285715,15.12,26.92,4.875725098700218,0,100.0,0.42857142857142855
HS010063,8,4.685,-0.07,7.72,2.749509047084588,1,87.5,0.25
HS010064,9,6.515555555555555,3.28,8.78,1.794541105067749,2,77.77777777777779,0.1111111111111111
HS010065,10,4.848000000000001,2.14,7.02,1.7335051196924685,0,100.0,0.2
HS010066,11,1.7845454545454544,-1.69,6.25,2.5146783636734287,1,90.9090909090909,0.18181818181818182
HS010067,6,10.398333333333333,8.11,12.05,1.4917696426280664,0,100.0,0.16666666666666666
HS010068,9,9.705555555555556,8.34,11.47,1.1512396699982923,0,100.0,0.1111111111111111
HS010069,10,4.986,2.24,9.29,2.440032786664966,1,90.0,0.6
HS010070,12,10.417499999999999,8.27,11.9,1.3175053907083092,0,100.0,0.16666666666666666
HS010071,9,5.158888888888889,2.32,7.95,2.15204812007332,0,100.0,0.2222222222222222
HS010072,11,23.44090909090909,17.63,29.94,4.516727697228282,0,100.0,0.2727272727272727
HS010073,5,23.112000000000002,14.9,28.75,6.30995007904183,1,80.0,0.2
HS010074,5,10.664,8.29,11.76,1.3939799137720748,0,100.0,0.2
HS010075,12,9.791666666666666,8.05,11.34,1.156167912729047,0,100.0,0.5
HS010076,3,-14.823333333333332,-18.96,-9.27,4.997922901899682,1,66.66666666666666,0.3333333333333333
HS010077,5,6.180000000000001,4.37,7.86,1.3820455853552733,0,100.0,0.4
HS010078,12,13.695,12.43,15.9,0.9243621879682521,1,91.66666666666666,0.5
HS010079,11,21.924545454545456,15.5,29.72,5.527598689551121,0,100.0,0.09090909090909091
HS010080,7,10.905714285714286,8.67,12.59,1.632297533568938,0,100.0,0.42857142857142855
HS010081,6,9.700000000000001,8.05,11.81,1.765015580667774,0,100.0,0.16666666666666666
HS010082,7,4.595714285714286,2.21,7.9,2.06295788568144,0,100.0,0.2857142857142857
HS010083,9,1.6644444444444444,-1.72,3.62,1.7714761578349785,0,100.0,0.4444444444444444
HS010084,6,5.683333333333334,3.38,7.79,1.7487443114036616,0,100.0,0.5
HS010085,9,5.0055555555555555,2.81,7.59,1.9941170421461671,0,100.0,0.3333333333333333
HS010086,10,21.017000000000003,15.66,28.96,3.8108530686856863,0,100.0,0.2
HS010087,6,9.48,8.75,10.19,0.5855254050850393,0,100.0,0.5
HS010088,8,-18.13,-19.55,-15.71,1.3179637974650786,0,100.0,0.25
HS010089,14,9.821428571428571,8.05,12.43,1.3985369120997466,0,100.0,0.2857142857142857
HS010090,9,5.081111111111111,3.38,7.62,1.3641063415698613,0,100.0,0.2222222222222222
HS010091,7,5.105714285714286,3.49,6.88,1.2319071548194036,0,100.0,0.14285714285714285
HS010092,3,5.913333333333334,4.95,7.41,1.3138619917378436,0,100.0,0.0
HS010093,10,14.322999999999999,12.17,18.78,2.051411709043312,2,80.0,0.1
HS010094,11,23.21181818181818,16.52,28.13,4.909518954402393,0,100.0,0.36363636363636365
HS010095,4,5.45,2.37,6.75,2.073306537876153,0,100.0,0.5
HS010096,8,21.107499999999998,15.62,29.88,6.061262834002262,0,100.0,0.375
HS010097,5,4.412,2.96,6.64,1.4495758000187497,0,100.0,0.2
HS010098,10,22.716,15.22,30.82,5.56948870583687,1,90.0,0.1
HS010099,6,0.6916666666666668,-1.53,5.62,2.6347251596071017,1,83.33333333333334,0.16666666666666666
HS010100,9,6.0377777777777775,3.26,7.7,1.6220340454023907,0,100.0,0.1111111111111111
HS010101,6,5.265,3.48,8.08,1.9031526475824265,1,83.33333333333334,0.16666666666666666
HS010102,9,23.33111111111111,19.01,28.69,3.6466335312327596,0,100.0,0.1111111111111111
HS010103,9,5.756666666666667,3.0,9.31,1.8690706246688487,1,88.88888888888889,0.1111111111111111
HS010104,10,5.971,2.04,8.93,2.1141136834774676,1,90.0,0.0
HS010105,7,2.4171428571428573,-5.76,5.74,3.7352764926027198,2,71.42857142857143,0.0
HS010106,6,1.2266666666666666,-1.18,3.53,1.916002783574874,0,100.0,0.5
HS010107,5,4.048,2.05,5.77,1.5297123912683717,0,100.0,0.0
HS010108,11,4.6899999999999995,-3.74,9.13,3.5610082841801987,2,81.81818181818183,0.18181818181818182
HS010109,4,5.255,2.23,7.93,2.5656383221334997,0,100.0,0.25
HS010110,7,5.385714285714286,4.3,6.96,0.901385177432621,0,100.0,0.2857142857142857
HS010111,13,1.5176923076923077,-1.38,3.44,1.6857992854338355,0,100.0,0.23076923076923078
HS010112,11,20.274545454545457,15.74,27.51,3.880521520714358,0,100.0,0.6363636363636364
HS010113,7,9.767142857142858,8.09,11.99,1.5578373287532765,0,100.0,0.14285714285714285
HS010114,11,10.284545454545453,8.55,12.95,1.5544604442465788,0,100.0,0.09090909090909091
HS010115,9,13.522222222222222,12.07,14.88,0.9136434996454822,0,100.0,0.1111111111111111
HS010116,10,4.664,2.37,7.23,1.5530843863458004,0,100.0,0.2
HS010117,7,5.3,-1.57,13.02,4.645165946084883,2,71.42857142857143,0.0
HS010118,10,4.764,3.05,9.87,1.9953846746930777,1,90.0,0.4
HS010119,7,11.045714285714284,8.53,12.95,1.69576784125321,0,100.0,0.2857142857142857
HS010120,10,21.217,15.78,26.72,4.200399584166566,0,100.0,0.1
HS010121,7,5.561428571428571,2.5,7.79,2.2885470541475916,0,100.0,0.2857142857142857
HS010122,6,1.7149999999999999,-0.49,2.57,1.1285521698175942,0,100.0,0.16666666666666666
HS010123,14,10.635714285714286,8.77,14.15,1.5444178105766504,2,85.71428571428571,0.2857142857142857
HS010124,16,9.878125,8.11,11.67,1.098515475539603,0,100.0,0.3125
HS010125,3,9.32,8.04,10.88,1.4405554484295302,0,100.0,0.3333333333333333
HS010126,10,5.078,-0.23,10.33,2.807406078373574,2,80.0,0.4
HS010127,11,4.459090909090909,2.15,7.59,1.884719897201993,0,100.0,0.18181818181818182
HS010128,5,11.064,8.84,15.84,2.7526042214601065,1,80.0,0.4
HS010129,10,3.9299999999999997,2.24,6.3,1.538736855707015,0,100.0,0.5
HS010130,7,10.254285714285714,8.81,11.96,1.238828171335814,0,100.0,0.0
HS010131,10,5.651999999999999,3.57,7.85,1.3426242959219827,0,100.0,0.3
HS010132,7,11.478571428571428,9.89,12.68,0.8649745385737966,1,85.71428571428571,0.0
HS010133,6,13.881666666666666,13.33,14.41,0.41782372678758495,0,100.0,0.3333333333333333
HS010134,5,10.347999999999999,8.86,11.65,1.0507949371785155,0,100.0,0.2
HS010135,9,4.325555555555556,-3.59,7.97,3.451105297984658,1,88.88888888888889,0.4444444444444444
HS010136,7,20.865714285714287,15.95,26.9,3.6126299614124937,0,100.0,0.14285714285714285
HS010137,8,-17.75125,-19.6,-15.32,1.5356937706270923,0,100.0,0.0
HS010138,4,11.09,8.13,14.53,2.6360070814270076,1,75.0,0.25
HS010139,4,25.335,21.59,32.55,4.9081530810139435,1,75.0,0.25
HS010140,5,22.072,18.16,26.59,3.572984746678889,0,100.0,0.4
HS010141,12,5.2975,1.2,8.69,2.2604147849454534,3,75.0,0.16666666666666666
HS010142,6,10.51,4.92,15.35,3.381017598297885,2,66.66666666666666,0.16666666666666666
HS010143,13,6.0600000000000005,2.34,7.96,1.9892083852628415,0,100.0,0.23076923076923078
HS010144,5,22.04,16.7,24.61,3.2037087882640027,0,100.0,0.2
HS010145,11,20.986363636363635,15.27,26.08,3.59589007820671,0,100.0,0.2727272727272727
HS010146,5,-17.194,-19.38,-12.38,2.8469685632265063,1,80.0,0.2
HS010147,5,2.668,0.69,5.46,1.9403659448671016,1,80.0,0.4
HS010148,11,23.719090909090912,14.89,28.95,4.777054436670057,1,90.9090909090909,0.5454545454545454
HS010149,8,9.71625,8.18,10.58,0.8770231712202039,0,100.0,0.5
HS010150,8,13.78875,11.11,17.74,1.986766486386503,2,75.0,0.0
HS010151,6,23.308333333333334,15.14,33.9,7.973758001511374,1,83.33333333333334,0.16666666666666666
HS010152,12,13.578333333333333,9.87,14.7,1.401874286500582,1,91.66666666666666,0.4166666666666667
HS010153,12,5.640833333333333,2.16,7.69,2.1702427946842233,0,100.0,0.3333333333333333
HS010154,12,9.949166666666667,8.86,14.21,1.6754074583560716,1,91.66666666666666,0.08333333333333333
HS010155,11,10.76,8.43,12.6,1.1798728745080973,0,100.0,0.2727272727272727
HS010156,13,9.56,4.3,13.48,2.1576569081606403,2,84.61538461538461,0.07692307692307693
HS010157,9,1.0922222222222222,-1.83,2.9,1.9097302020035303,0,100.0,0.2222222222222222
HS010158,11,4.804545454545455,2.25,7.56,1.7304586885352893,0,100.0,0.2727272727272727
HS010159,5,2.316,0.6,6.74,2.5309938759309554,1,80.0,0.2
HS010160,7,5.478571428571429,4.19,7.48,1.3021063521774834,0,100.0,0.2857142857142857
HS010161,10,24.644,16.22,31.35,5.247533177069435,2,80.0,0.2
HS010162,11,0.9945454545454546,-1.96,3.93,2.0971378764228334,0,100.0,0.2727272727272727
HS010163,8,20.29875,12.6,25.86,4.549710940582615,1,87.5,0.375
HS010164,10,5.189,2.04,8.02,2.251001999110618,1,90.0,0.3
HS010165,11,10.422727272727274,8.3,13.53,1.6253312949001557,2,81.81818181818183,0.18181818181818182
HS010166,7,23.695714285714285,15.58,29.92,6.099909445073365,0,100.0,0.2857142857142857
HS010167,10,22.046,15.26,29.89,4.515098620800608,0,100.0,0.2
HS010168,15,10.407333333333334,8.27,16.65,2.0494161770286348,1,93.33333333333333,0.26666666666666666
HS010169,5,-18.822,-20.0,-16.6,1.5457748865860113,0,100.0,0.4
HS010170,12,-17.483333333333334,-19.7,-15.41,1.1319840452885708,0,100.0,0.16666666666666666
HS010171,8,13.76125,12.4,16.03,1.3466618782328825,1,87.5,0.125
HS010172,8,0.20875,-1.76,2.54,1.3883231149226651,0,100.0,0.375
HS010173,2,11.635,11.44,11.83,0.27577164466275395,0,100.0,0.0
HS010174,11,10.316363636363636,8.14,11.88,1.2055146015480087,0,100.0,0.2727272727272727
HS010175,10,25.802999999999997,18.59,32.61,4.45406194139437,1,90.0,0.3
HS010176,4,5.0975,3.61,7.88,1.9031268130806909,0,100.0,0.0
HS010177,10,21.956,16.18,28.61,4.124388708914598,0,100.0,0.1
HS010178,5,5.523999999999999,3.96,7.93,1.570519022489062,0,100.0,0.4
HS010179,6,23.456666666666667,20.57,27.8,2.59006306229533,0,100.0,0.3333333333333333
HS010180,9,4.7844444444444445,2.07,7.98,2.1196055712744717,0,100.0,0.5555555555555556
HS010181,7,5.464285714285714,2.04,9.22,2.4131435731762636,1,85.71428571428571,0.42857142857142855
HS010182,14,10.883571428571429,8.23,12.95,1.441167300077679,0,100.0,0.5714285714285714
HS010183,9,-17.82,-20.04,-15.11,1.5562133529821676,1,88.88888888888889,0.1111111111111111
HS010184,8,6.82375,4.97,7.99,1.3335552642680928,0,100.0,0.375
HS010185,7,4.912857142857143,3.65,5.74,0.8922950611711782,0,100.0,0.14285714285714285
HS010186,9,5.863333333333333,2.55,12.38,3.1389369219530363,1,88.88888888888889,0.2222222222222222
HS010187,10,13.921000000000001,12.37,14.94,0.8724098170521059,0,100.0,0.2
HS010188,9,22.174444444444443,16.26,25.72,3.541934891803881,0,100.0,0.1111111111111111
HS010189,12,20.43583333333333,15.42,28.22,4.793593183204076,0,100.0,0.25
HS010190,10,5.237,2.99,9.93,2.2274352465959084,1,90.0,0.2
HS010191,5,5.715999999999999,4.39,7.78,1.2668583188344311,0,100.0,0.0
HS010192,3,5.176666666666667,3.1,7.18,2.0409883226842167,0,100.0,0.0
HS010193,7,4.825714285714286,2.62,7.72,1.6421719067833827,0,100.0,0.42857142857142855
HS010194,9,6.247777777777777,3.25,8.79,1.700358622304261,1,88.88888888888889,0.3333333333333333
HS010195,8,5.6925,3.3,7.77,1.6697027109210618,0,100.0,0.25
HS010196,8,10.01,8.37,11.59,1.0170967084233997,0,100.0,0.375
HS010197,4,13.557500000000001,12.22,14.7,1.121676572516932,0,100.0,0.25
HS010198,6,23.526666666666667,17.75,26.4,3.057539315637114,0,100.0,0.5
HS010199,5,3.844,1.91,6.53,1.779151483151449,1,80.0,0.2
HS010200,12,10.706666666666665,8.37,12.6,1.15370811917158,1,91.66666666666666,0.25
HS010201,3,14.353333333333333,13.75,14.79,0.539660387033672,0,100.0,0.6666666666666666
HS010202,10,5.647,2.79,7.2,1.6270563057934482,0,100.0,0.3
HS010203,4,4.5649999999999995,2.54,6.5,2.190973908257847,0,100.0,0.0
HS010204,8,6.2787500000000005,3.67,9.03,1.8116640929582628,1,87.5,0.25
HS010205,8,4.0200000000000005,3.06,6.24,1.1792249270480286,0,100.0,0.0
HS010206,11,22.845454545454547,15.07,28.34,4.061431677712586,0,100.0,0.09090909090909091
HS010207,11,5.39,2.04,7.98,1.9206561378862175,0,100.0,0.2727272727272727
HS010208,5,25.084,15.48,29.77,5.531810734289451,0,100.0,0.6
HS010209,10,13.288,12.36,14.77,0.8511534657288439,0,100.0,0.1
HS010210,9,4.905555555555555,3.3,6.84,1.2553297486229578,0,100.0,0.1111111111111111
HS010211,6,9.07,8.2,9.91,0.7891007540232116,0,100.0,0.16666666666666666
HS010212,12,9.580833333333333,8.07,11.44,1.1409442527480418,0,100.0,0.16666666666666666
HS010213,11,10.055454545454545,5.95,16.07,2.728073912621737,3,72.72727272727273,0.09090909090909091
HS010214,11,10.485454545454546,8.47,13.28,1.560495841944884,1,90.9090909090909,0.2727272727272727
HS010215,8,20.7375,15.25,28.76,4.192717325485774,0,100.0,0.0
HS010216,10,0.42400000000000004,-0.71,2.22,1.0809892588632775,0,100.0,0.1
HS010217,8,23.18125,16.31,29.6,5.208088318046405,0,100.0,0.125
HS010218,6,3.9450000000000003,0.49,7.08,2.411097260584898,1,83.33333333333334,0.16666666666666666
HS010219,8,-16.88125,-22.07,-14.18,2.349440282888064,2,75.0,0.125
HS010220,9,13.413333333333334,12.14,16.28,1.36112086164308,1,88.88888888888889,0.2222222222222222
HS010221,9,0.7077777777777778,-6.06,7.94,3.850242777338131,2,77.77777777777779,0.1111111111111111
HS010222,13,5.449999999999999,2.06,7.26,1.6764943582766192,0,100.0,0.38461538461538464
HS010223,8,23.06875,15.96,30.08,4.7609736024112905,1,87.5,0.375
HS010224,7,20.964285714285715,16.4,28.73,4.66865025870382,0,100.0,0.0
HS010225,10,13.035,12.28,14.1,0.584375259952408,0,100.0,0.5
HS010226,9,-16.301111111111112,-17.72,-15.1,0.8285747468461193,0,100.0,0.0
HS010227,5,-17.202,-19.03,-15.01,1.6801993929293033,0,100.0,0.0
HS010228,13,1.7792307692307694,-4.54,4.83,2.4999748716685857,2,84.61538461538461,0.3076923076923077
HS010229,10,13.949000000000002,12.2,17.38,1.647236406159656,2,80.0,0.3
HS010230,11,-18.012727272727275,-22.85,-15.01,2.2328147747141553,1,90.9090909090909,0.36363636363636365
HS010231,15,21.216,16.14,29.47,3.8252503186066136,0,100.0,0.2
HS010232,10,4.821,2.69,6.99,1.6301291700693878,0,100.0,0.3
HS010233,7,5.274285714285715,2.08,7.93,2.1787217746716925,0,100.0,0.14285714285714285
HS010234,10,10.924,8.32,11.98,1.184419220077456,0,100.0,0.3
HS010235,9,24.12666666666667,16.92,31.84,4.6142605041328135,1,88.88888888888889,0.3333333333333333
HS010236,11,10.684545454545455,8.17,15.39,1.972725848344689,1,90.9090909090909,0.09090909090909091
HS010237,11,10.283636363636363,8.42,12.6,1.5921574842161357,0,100.0,0.36363636363636365
HS010238,17,10.72235294117647,8.0,13.54,1.8002483488805257,1,94.11764705882352,0.17647058823529413
HS010239,7,22.3,16.37,29.65,5.494755074917655,0,100.0,0.14285714285714285
HS010240,9,4.903333333333332,-2.37,7.56,3.0144029259539944,1,88.88888888888889,0.3333333333333333
HS010241,9,11.024444444444445,8.21,14.72,1.675493293862371,1,88.88888888888889,0.5555555555555556
HS010242,7,13.887142857142859,12.89,14.89,0.7174425478906375,0,100.0,0.14285714285714285
HS010243,6,4.826666666666667,2.48,7.42,2.0958498673966766,0,100.0,0.5
HS010244,10,4.304,1.12,7.62,2.2497466524033323,1,90.0,0.3
HS010245,7,10.114285714285714,3.21,12.8,3.2082490403274346,2,71.42857142857143,0.2857142857142857
HS010246,7,21.99285714285714,17.29,29.34,4.447784895449699,0,100.0,0.2857142857142857
HS010247,8,13.45375,12.25,14.52,0.8793981302166678,0,100.0,0.0
HS010248,10,4.771,2.12,7.75,2.0899678360098166,0,100.0,0.0
HS010249,10,9.754999999999999,8.01,13.0,1.61948723023335,0,100.0,0.2
HS010250,8,5.50125,2.59,7.63,1.9961995140766868,0,100.0,0.25
HS010251,6,21.044999999999998,17.33,27.25,3.90916231435841,0,100.0,0.16666666666666666
HS010252,12,4.9775,2.42,7.56,1.938767767048301,0,100.0,0.25
HS010253,10,-16.887,-19.74,-10.05,2.838861469752344,1,90.0,0.2
HS010254,5,22.976,16.74,29.47,4.897349283030565,0,100.0,0.4
HS010255,12,22.9025,15.48,28.98,4.110846241126249,0,100.0,0.16666666666666666
HS010256,14,6.133571428571429,2.21,11.59,2.6343138272915283,2,85.71428571428571,0.35714285714285715
HS010257,8,4.595,2.25,7.63,1.8805242430161406,0,100.0,0.125
HS010258,7,21.37857142857143,15.6,28.54,4.581467845466955,0,100.0,0.14285714285714285
HS010259,11,10.30090909090909,8.25,11.98,1.2634908353087058,0,100.0,0.36363636363636365
HS010260,6,10.436666666666666,9.75,10.85,0.386764355475872,0,100.0,0.16666666666666666
HS010261,2,11.405000000000001,8.98,13.83,3.429467888754756,1,50.0,0.0
HS010262,4,26.87,22.93,34.81,5.589018995613932,1,75.0,0.75
HS010263,6,13.413333333333334,12.3,14.83,1.0196993020820726,0,100.0,0.3333333333333333
HS010264,5,11.102,10.16,12.57,1.0212100665387123,0,100.0,0.2
HS010265,8,-17.45375,-19.23,-15.5,1.2362262564526196,0,100.0,0.0
HS010266,9,13.455555555555556,12.36,14.7,0.831972221758502,0,100.0,0.2222222222222222
HS010267,11,5.1454545454545455,2.09,7.54,1.8862468748091468,0,100.0,0.2727272727272727
HS010268,10,4.419,-0.58,7.04,2.417640953032062,1,90.0,0.0
HS010269,9,10.215555555555556,8.68,12.0,1.278828674130268,0,100.0,0.2222222222222222
HS010270,12,21.1775,15.21,32.75,5.5008365066349,1,91.66666666666666,0.08333333333333333
HS010271,4,12.8175,12.06,14.56,1.1827193242692873,0,100.0,0.25
HS010272,7,19.342857142857145,16.64,24.09,2.309305193384035,0,100.0,0.14285714285714285
HS010273,12,5.855,2.62,10.41,2.2548473038404095,2,83.33333333333334,0.25
HS010274,9,13.772222222222222,12.05,16.88,1.456732454654747,1,88.88888888888889,0.2222222222222222
HS010275,8,10.032499999999999,7.29,15.07,2.551026404074586,2,75.0,0.25
HS010276,5,5.004,3.75,7.93,1.7178271158646898,0,100.0,0.0
HS010277,11,5.179090909090909,2.2,7.92,1.9817439519042543,0,100.0,0.36363636363636365
HS010278,11,9.69818181818182,8.3,11.95,1.4287954239975584,0,100.0,0.09090909090909091
HS010279,16,23.445625,16.21,28.75,3.354769676644484,0,100.0,0.375
HS010280,5,5.3340000000000005,2.25,7.37,2.2378404768883775,0,100.0,0.2
HS010281,11,22.518181818181816,15.19,33.18,5.39928109692729,1,90.9090909090909,0.45454545454545453
HS010282,8,14.379999999999999,12.58,23.17,3.574476984718984,1,87.5,0.25
HS010283,9,13.06,12.08,14.88,0.9631977990008082,0,100.0,0.5555555555555556
HS010284,5,0.36,-1.2,1.69,1.1880656547514536,0,100.0,0.4
HS010285,8,10.09125,8.58,12.14,1.2089244038754927,0,100.0,0.25
HS010286,8,13.88625,12.01,15.51,1.1459361425738968,1,87.5,0.125
HS010287,4,10.585,8.46,11.59,1.4351887216204935,0,100.0,0.0
HS010288,10,10.707,8.13,11.98,1.2557074146118241,0,100.0,0.5
HS010289,12,4.226666666666667,2.14,7.41,1.7260534771728848,0,100.0,0.0
HS010290,9,10.58222222222222,8.97,12.69,1.3515341077621548,0,100.0,0.5555555555555556
HS010291,19,23.617368421052632,15.27,29.73,4.316460538328524,0,100.0,0.21052631578947367
HS010292,4,13.6325,12.22,14.52,0.9981775059243388,0,100.0,0.75
HS010293,4,4.88,2.56,7.22,2.3124590086457024,0,100.0,0.0
HS010294,5,5.072,3.06,7.54,1.8678650914881405,0,100.0,0.2
HS010295,6,4.635000000000001,2.95,6.57,1.3490403996915734,0,100.0,0.16666666666666666
HS010296,12,23.459166666666665,15.63,29.42,4.579502669173771,0,100.0,0.16666666666666666
HS010297,9,22.72666666666667,16.08,29.66,4.650911201044372,0,100.0,0.2222222222222222
HS010298,9,10.163333333333334,8.79,11.93,1.138419957660616,0,100.0,0.1111111111111111
HS010299,4,6.2725,4.89,7.57,1.2900742872666933,0,100.0,0.25
HS010300,7,24.301428571428573,19.01,28.6,3.8499239324581835,0,100.0,0.42857142857142855
HS010301,6,11.193333333333333,9.37,14.65,1.8717977098678875,1,83.33333333333334,0.0
HS010302,8,5.25625,3.45,7.03,1.4298944766260602,0,100.0,0.0
HS010303,6,10.168333333333335,8.44,12.24,1.6957171540875164,0,100.0,0.0
HS010304,5,4.576,2.92,5.9,1.2770003915426182,0,100.0,0.2
HS010305,12,4.660833333333334,2.0,7.94,1.7714834991833224,0,100.0,0.16666666666666666
HS010306,8,4.07125,2.18,6.73,1.766808563483888,0,100.0,0.375
HS010307,11,22.12727272727273,15.86,29.0,4.940115567290083,0,100.0,0.2727272727272727
HS010308,7,5.335714285714286,2.05,7.68,2.2220400322140703,0,100.0,0.2857142857142857
HS010309,10,24.285,17.18,27.49,3.176539871551364,0,100.0,0.1
HS010310,9,5.953333333333333,2.16,7.69,1.7752042136047335,0,100.0,0.6666666666666666
HS010311,11,4.996363636363636,2.15,8.86,1.7601435891839774,1,90.9090909090909,0.2727272727272727
HS010312,2,5.9350000000000005,5.05,6.82,1.2515790027001892,0,100.0,0.5
HS010313,8,5.39875,3.88,7.69,1.5157029250954348,0,100.0,0.0
HS010314,5,22.556,18.0,29.09,4.255452972363812,0,100.0,0.4
HS010315,8,13.89375,12.08,18.16,2.005064569676356,1,87.5,0.375
HS010316,10,23.48,15.42,35.85,7.013658104013911,1,90.0,0.0
HS010317,3,0.8233333333333333,-1.24,3.05,2.14965888766877,0,100.0,0.0
HS010318,12,1.0925,-1.86,3.25,1.7730821905781624,0,100.0,0.25
HS010319,13,5.093846153846154,2.1,7.98,1.9205144209366511,0,100.0,0.23076923076923078
HS010320,7,0.6114285714285714,-3.76,5.66,3.129091607114481,2,71.42857142857143,0.2857142857142857
HS010321,8,-17.68125,-19.59,-15.54,1.4958842344436765,0,100.0,0.25
HS010322,9,-17.543333333333333,-19.41,-15.74,1.0923255009382504,0,100.0,0.1111111111111111
HS010323,7,11.165714285714285,8.79,16.46,2.5236934384803105,1,85.71428571428571,0.42857142857142855
HS010324,10,1.6849999999999998,-1.47,6.0,2.53701158408427,1,90.0,0.5
HS010325,8,5.640000000000001,2.99,8.22,1.9022993605484015,1,87.5,0.125
HS010326,4,-16.71,-19.72,-12.99,3.1679120358158097,1,75.0,0.75
HS010327,9,0.6644444444444445,-1.04,3.42,1.706122146206941,0,100.0,0.4444444444444444
HS010328,6,13.008333333333333,12.09,14.65,0.9298476577733941,0,100.0,0.3333333333333333
HS010329,8,5.21125,3.2,7.8,1.6020115703166975,0,100.0,0.375
HS010330,5,5.562,3.27,7.58,1.8260257391395116,0,100.0,0.0
HS010331,8,0.96,-3.78,5.83,3.0996958376128267,2,75.0,0.5
HS010332,5,4.726,3.27,6.12,1.1280203898866368,0,100.0,0.4
HS010333,9,-17.178888888888892,-19.77,-15.26,1.5551723734400351,0,100.0,0.3333333333333333
HS010334,4,6.205,3.27,7.72,2.0165068807222055,0,100.0,0.5
HS010335,9,10.338888888888889,8.62,12.11,1.1485473917566966,0,100.0,0.3333333333333333
HS010336,4,9.8,9.0,11.11,1.00971943297796,0,100.0,0.25
HS010337,10,-17.041,-19.1,-15.77,1.1617175981183125,0,100.0,0.1
HS010338,7,10.787142857142857,8.49,12.53,1.538870952849461,0,100.0,0.0
HS010339,8,10.06,8.41,11.71,1.2788946119878013,0,100.0,0.25
HS010340,9,13.606666666666666,12.09,14.6,0.8686483753510387,0,100.0,0.5555555555555556
HS010341,9,6.091111111111111,2.01,9.55,2.3894060163796174,1,88.88888888888889,0.5555555555555556
HS010342,9,21.23111111111111,14.75,28.38,5.4683462866858665,1,88.88888888888889,0.2222222222222222
HS010343,6,13.513333333333334,12.26,14.73,1.0340728536552282,0,100.0,0.0
HS010344,12,11.025833333333333,8.44,12.64,1.2080747894769173,0,100.0,0.25
HS010345,14,21.832142857142856,14.92,29.07,4.512558848661961,1,92.85714285714286,0.07142857142857142
HS010346,7,24.41714285714286,19.17,28.59,3.633518562338322,0,100.0,0.42857142857142855
HS010347,10,10.943999999999999,8.37,12.8,1.6469918707213536,0,100.0,0.4
HS010348,7,20.93857142857143,17.3,28.79,3.8643732936119086,0,100.0,0.42857142857142855
HS010349,13,13.712307692307691,12.04,17.79,1.6647079515946825,2,84.61538461538461,0.15384615384615385
HS010350,8,4.32,2.14,7.25,1.5497096502248413,0,100.0,0.125
HS010351,9,10.456666666666667,8.27,16.29,2.2892466009584895,1,88.88888888888889,0.5555555555555556
HS010352,7,6.6499999999999995,5.68,7.65,0.7496665925596524,0,100.0,0.14285714285714285
HS010353,7,11.95142857142857,8.94,17.37,2.8134523784337078,1,85.71428571428571,0.14285714285714285
HS010354,12,5.800833333333333,2.73,7.99,1.5804456122667847,0,100.0,0.4166666666666667
HS010355,13,9.93,8.21,11.86,1.0853340499588138,0,100.0,0.15384615384615385
HS010356,11,5.333636363636364,2.41,7.96,2.011190059279693,0,100.0,0.09090909090909091
HS010357,12,5.285833333333334,3.03,7.11,1.214783619590025,0,100.0,0.16666666666666666
HS010358,4,11.42,9.84,13.44,1.4922913031085228,1,75.0,0.25
HS010359,7,19.177142857142858,15.57,25.27,3.533137011616892,0,100.0,0.42857142857142855
HS010360,5,5.486,3.33,7.69,1.6619356184882734,0,100.0,0.4
HS010361,6,14.549999999999999,13.41,16.8,1.2318441459860099,1,83.33333333333334,0.16666666666666666
HS010362,8,10.59125,9.02,12.74,1.5819828200259138,0,100.0,0.0
HS010363,10,4.831,2.08,8.82,2.469027923877915,1,90.0,0.5
HS010364,11,13.553636363636365,12.52,14.61,0.8048512002509872,0,100.0,0.09090909090909091
HS010365,10,5.287,2.64,7.81,2.008338450892512,0,100.0,0.0
HS010366,10,-18.137999999999998,-25.08,-14.78,3.030184446164586,2,80.0,0.3
HS010367,5,6.3580000000000005,2.71,12.71,3.826417384447233,1,80.0,0.4
HS010368,9,4.954444444444444,2.44,7.81,2.05964870251647,0,100.0,0.1111111111111111
HS010369,10,23.463,17.31,27.9,3.585641272259863,0,100.0,0.0
HS010370,3,4.4799999999999995,2.7,6.52,1.9232264557248575,0,100.0,0.0
HS010371,9,-16.29888888888889,-18.77,-11.71,2.444117654923983,2,77.77777777777779,0.3333333333333333
HS010372,7,23.054285714285715,16.29,32.46,6.1921532526869765,1,85.71428571428571,0.0
HS010373,8,9.55125,7.7,11.48,1.4358515392815319,1,87.5,0.375
HS010374,6,0.8233333333333333,-1.5,2.35,1.3092389646915747,0,100.0,0.8333333333333334
HS010375,9,22.67,18.33,29.16,3.3542137677852324,0,100.0,0.3333333333333333
HS010376,11,5.308181818181819,2.66,8.54,1.9440823963084393,1,90.9090909090909,0.09090909090909091
HS010377,6,22.638333333333332,18.62,28.79,4.202206166606615,0,100.0,0.3333333333333333
HS010378,3,5.376666666666666,2.59,7.31,2.4730008761287032,0,100.0,0.3333333333333333
HS010379,9,1.16,-1.41,3.52,1.8582182326088612,0,100.0,0.1111111111111111
HS010380,8,5.0275,2.28,7.25,1.6862108832696885,0,100.0,0.375
HS010381,8,10.102500000000001,8.17,11.99,1.5530040014666506,0,100.0,0.375
HS010382,12,22.935000000000002,16.37,29.75,4.420295136176892,0,100.0,0.16666666666666666
HS010383,8,10.696250000000001,8.41,12.46,1.409852449219928,0,100.0,0.25
HS010384,8,20.33625,16.83,26.22,2.8679207874097807,0,100.0,0.375
HS010385,9,-17.058888888888887,-19.52,-15.05,1.7988985827753357,0,100.0,0.3333333333333333
HS010386,11,22.047272727272727,16.41,28.68,4.2143234116737895,0,100.0,0.18181818181818182
HS010387,7,24.198571428571427,16.44,32.51,4.944318047251909,1,85.71428571428571,0.2857142857142857
HS010388,5,2.084,0.23,3.22,1.1396402941279322,0,100.0,0.0
HS010389,6,21.965,15.05,28.23,4.779898534487945,0,100.0,0.16666666666666666
HS010390,8,5.51875,2.39,7.27,2.06016252826255,0,100.0,0.25
HS010391,6,4.326666666666667,2.08,6.96,1.916764635177378,0,100.0,0.3333333333333333
HS010392,8,-17.93,-20.48,-11.86,2.8248438642061013,2,75.0,0.375
HS010393,14,13.474285714285713,12.14,14.93,0.9218185561971781,0,100.0,0.2857142857142857
HS010394,15,9.868666666666666,8.13,13.03,1.3257820692851805,1,93.33333333333333,0.2
HS010395,3,11.603333333333333,10.29,12.83,1.272215914588925,0,100.0,0.6666666666666666
HS010396,7,4.614285714285714,2.09,6.93,1.8430396735000683,0,100.0,0.5714285714285714
HS010397,11,10.950909090909091,8.46,15.58,2.593690245752004,2,81.81818181818183,0.2727272727272727
HS010398,14,5.582857142857143,-0.2,11.3,3.111864216365956,3,78.57142857142857,0.21428571428571427
HS010399,12,-17.698333333333334,-22.33,-15.03,2.1007740276268447,1,91.66666666666666,0.08333333333333333
HS010400,6,-18.936666666666667,-21.57,-15.66,1.9748181350865375,1,83.33333333333334,0.0
HS010401,10,24.571,20.03,29.26,3.2621003799529067,0,100.0,0.4
HS010402,12,24.865,18.02,32.5,4.555455271130726,1,91.66666666666666,0.5
HS010403,7,24.694285714285712,18.22,29.83,4.554070915649196,0,100.0,0.14285714285714285
HS010404,8,-17.705,-20.88,-15.07,2.1408676478741713,1,87.5,0.125
HS010405,10,10.109,5.07,14.58,2.563575844618433,2,80.0,0.1
HS010406,5,24.618000000000002,19.25,28.4,3.5853340151232773,0,100.0,0.6
HS010407,9,15.287777777777778,12.08,20.64,2.4779567075403968,2,77.77777777777779,0.5555555555555556
HS010408,1,12.04,12.04,12.04,,0,100.0,0.0
HS010409,11,5.471818181818182,3.79,7.42,1.3165395412354175,0,100.0,0.09090909090909091
HS010410,14,1.1235714285714287,-1.7,3.5,1.8726517896487658,0,100.0,0.35714285714285715
HS010411,7,5.26,3.21,7.57,1.586516099298502,0,100.0,0.42857142857142855
HS010412,17,10.275294117647059,5.52,15.33,2.216619378826288,2,88.23529411764706,0.11764705882352941
HS010413,8,22.67875,15.77,29.87,4.908253799177754,0,100.0,0.375
HS010414,14,13.705714285714285,12.51,15.0,0.8027042207027857,0,100.0,0.21428571428571427
HS010415,6,11.755,9.39,12.82,1.2367821150065197,0,100.0,0.6666666666666666
HS010416,8,4.0737499999999995,0.65,7.9,2.1228076926561203,1,87.5,0.25
HS010417,8,5.0275,3.29,6.39,1.185685455759663,0,100.0,0.125
HS010418,15,4.847333333333334,2.2,8.73,1.9675237034936897,1,93.33333333333333,0.06666666666666667
HS010419,11,10.151818181818182,8.19,11.75,1.1088896985888017,0,100.0,0.0
HS010420,9,13.782222222222222,12.5,18.11,1.7410038611227847,1,88.88888888888889,0.3333333333333333
HS010421,6,9.528333333333334,8.65,11.19,0.9653272329457336,0,100.0,0.16666666666666666
HS010422,10,23.244999999999997,15.79,29.48,4.198119287914,0,100.0,0.0
HS010423,10,20.026,14.63,29.28,5.1600693363127945,1,90.0,0.2
HS010424,10,-17.544,-19.85,-15.09,1.6656677006200502,0,100.0,0.1
HS010425,7,0.8285714285714286,-1.89,3.64,2.0547702918771606,0,100.0,0.0
HS010426,6,20.623333333333335,15.38,27.41,4.328924423764715,0,100.0,0.5
HS010427,1,8.06,8.06,8.06,,0,100.0,0.0
HS010428,8,10.60625,9.69,11.6,0.7332693424461634,0,100.0,0.125
HS010429,9,4.278888888888889,-0.14,7.99,2.6978252558516664,1,88.88888888888889,0.3333333333333333
HS010430,9,10.161111111111111,8.19,12.96,1.5014363493372314,0,100.0,0.1111111111111111
HS010431,10,4.0009999999999994,2.7,5.01,0.7060130625168665,0,100.0,0.1
HS010432,11,5.868181818181818,2.47,12.33,2.8151405584155764,1,90.9090909090909,0.09090909090909091
HS010433,6,3.7449999999999997,2.33,6.58,1.6011589552570975,0,100.0,0.16666666666666666
HS010434,6,5.918333333333333,2.58,8.12,2.238422807841866,1,83.33333333333334,0.5
HS010435,10,3.8939999999999997,-1.15,6.67,2.147790596041533,1,90.0,0.4
HS010436,7,10.088571428571429,8.1,12.72,1.7575971151113159,1,85.71428571428571,0.42857142857142855
HS010437,10,25.833,21.48,29.92,3.095329994972713,0,100.0,0.5
HS010438,7,2.801428571428571,-2.18,6.29,2.5327286245696135,1,85.71428571428571,0.14285714285714285
HS010439,12,9.91,8.27,11.61,1.2758170287737542,0,100.0,0.16666666666666666
HS010440,7,9.742857142857144,8.15,11.76,1.4089087300190206,0,100.0,0.0
HS010441,9,10.08222222222222,8.11,15.74,2.336673799323399,1,88.88888888888889,0.1111111111111111
HS010442,9,10.61,8.29,12.82,1.2581236028308194,1,88.88888888888889,0.3333333333333333
HS010443,9,10.374444444444444,8.36,11.93,1.1808377440519835,0,100.0,0.2222222222222222
HS010444,3,14.096666666666666,13.68,14.36,0.3650114153466072,0,100.0,0.3333333333333333
HS010445,9,23.56222222222222,15.61,28.07,4.518361920480081,0,100.0,0.3333333333333333
HS010446,3,21.570000000000004,19.44,23.87,2.219887384531026,0,100.0,0.0
HS010447,8,21.57,15.14,28.48,4.530055187301806,0,100.0,0.375
HS010448,8,1.54875,-1.22,3.46,1.4715534794417573,0,100.0,0.25
HS010449,7,5.590000000000001,2.19,7.66,1.92001736103262,0,100.0,0.42857142857142855
HS010450,8,6.28125,2.31,12.21,3.221829282965103,2,75.0,0.375
HS010451,10,22.012999999999998,15.57,29.24,4.825870215135642,0,100.0,0.1
HS010452,8,4.21,2.26,6.15,1.4206034934893994,0,100.0,0.125
HS010453,7,4.998571428571429,2.64,7.02,1.4295736960300272,0,100.0,0.2857142857142857
HS010454,8,23.77875,19.33,28.2,3.2436374533186387,0,100.0,0.125
HS010455,6,-0.25333333333333335,-1.84,3.5,1.9647866720503442,0,100.0,0.3333333333333333
HS010456,9,10.842222222222222,8.27,12.93,1.3728144246198914,0,100.0,0.3333333333333333
HS010457,5,9.77,8.26,11.73,1.4433121630472043,0,100.0,0.2
HS010458,7,4.377142857142857,2.25,7.2,1.960898724953385,0,100.0,0.5714285714285714
HS010459,6,11.221666666666666,9.05,13.33,1.4915282989828473,1,83.33333333333334,0.5
HS010460,7,13.98857142857143,12.58,15.0,0.9905457851007963,0,100.0,0.14285714285714285
HS010461,10,9.253,3.69,11.65,2.332209491257403,1,90.0,0.2
HS010462,8,7.095000000000001,4.17,9.91,2.084678803625564,2,75.0,0.25
HS010463,9,23.278888888888886,17.41,29.19,4.042141896459241,0,100.0,0.2222222222222222
HS010464,11,4.9763636363636365,2.94,8.86,2.0327580905128517,1,90.9090909090909,0.36363636363636365
HS010465,10,10.68,8.53,12.77,1.4236104336041744,0,100.0,0.2
HS010466,10,5.572,2.38,7.48,2.0184911856797068,0,100.0,0.1
HS010467,12,5.8525,3.03,10.61,2.0424723209429745,1,91.66666666666666,0.16666666666666666
HS010468,5,4.3100000000000005,2.65,6.23,1.7422399375516568,0,100.0,0.0
HS010469,5,-16.509999999999998,-19.95,-11.45,3.567576208015745,1,80.0,0.0
HS010470,6,9.711666666666668,8.35,11.26,1.2603399012435756,0,100.0,0.16666666666666666
HS010471,12,5.671666666666667,2.45,7.37,1.7005872426009108,0,100.0,0.16666666666666666
HS010472,9,9.815555555555555,8.01,14.27,2.3606519815037914,2,77.77777777777779,0.1111111111111111
HS010473,8,4.53,2.27,6.77,1.7213366899011942,0,100.0,0.25
HS010474,3,16.756666666666668,11.83,19.42,4.271303470058448,1,66.66666666666666,0.3333333333333333
HS010475,7,17.17142857142857,12.92,22.67,3.051957997589027,1,85.71428571428571,0.14285714285714285
HS010476,9,11.652222222222223,8.85,15.96,2.1186126225538366,1,88.88888888888889,0.5555555555555556
HS010477,8,6.56125,3.21,13.01,3.168670011670061,2,75.0,0.5
HS010478,11,21.565454545454546,16.12,29.13,4.119236248714957,0,100.0,0.18181818181818182
HS010479,10,21.166,15.88,27.62,4.246060134603214,0,100.0,0.2
HS010480,6,10.016666666666667,8.59,12.14,1.6146289563446663,0,100.0,0.3333333333333333
HS010481,6,5.6933333333333325,3.82,7.32,1.2514098715715278,0,100.0,0.3333333333333333
HS010482,2,11.11,8.61,13.61,3.5355339059327378,1,50.0,0.0
HS010483,10,10.706,9.7,11.6,0.5526944102405154,0,100.0,0.4
HS010484,8,-17.07875,-18.46,-15.43,1.1436212847167289,0,100.0,0.125
HS010485,5,5.040000000000001,3.48,7.02,1.2793943879820637,0,100.0,0.2
HS010486,4,11.522499999999999,9.19,15.87,3.0386331905425283,1,75.0,0.25
HS010487,6,20.288333333333334,16.25,24.28,3.40400009792401,0,100.0,0.16666666666666666
HS010488,10,6.069,2.99,10.83,2.4467186642975975,2,80.0,0.4
HS010489,10,21.911,16.76,26.37,3.2317915568097315,0,100.0,0.3
HS010490,8,21.4775,16.16,27.76,4.359687898396921,0,100.0,0.25
HS010491,13,21.838461538461537,15.93,29.85,5.421881355756268,0,100.0,0.15384615384615385
HS010492,8,24.43875,19.74,30.61,3.526315104225048,1,87.5,0.0
HS010493,7,9.928571428571429,8.25,11.7,1.3060299712159307,0,100.0,0.5714285714285714
HS010494,12,10.477500000000001,8.46,13.75,1.588333174345758,1,91.66666666666666,0.16666666666666666
HS010495,12,22.785833333333333,15.11,28.68,4.878105925894027,0,100.0,0.25
HS010496,5,13.491999999999999,12.44,14.1,0.6957513923809281,0,100.0,0.0
HS010497,8,3.79,2.62,6.77,1.4340551892149358,0,100.0,0.25
HS010498,8,2.1862500000000002,-1.33,4.41,2.0168854171009034,1,87.5,0.125
HS010499,4,9.835,8.02,10.88,1.2515190769620737,0,100.0,0.25
HS010500,8,10.26,5.66,12.23,2.0077065807248116,1,87.5,0.25
HS010501,7,5.497142857142857,2.98,7.23,1.6912196219071636,0,100.0,0.42857142857142855
HS010502,10,4.272,2.0,6.47,1.6550918067856202,0,100.0,0.5
HS010503,6,3.731666666666667,2.13,5.42,1.342049427803115,0,100.0,0.16666666666666666
HS010504,5,9.876,9.1,11.08,0.8177285613209314,0,100.0,0.4
HS010505,8,4.4375,2.42,6.43,1.3438723366238539,0,100.0,0.25
HS010506,10,13.626,12.29,16.84,1.3307491624394638,1,90.0,0.3
HS010507,6,1.7633333333333334,-1.64,7.05,3.1513404555310536,1,83.33333333333334,0.16666666666666666
HS010508,10,9.788,8.27,11.63,1.3837212307558355,0,100.0,0.3
HS010509,13,13.926153846153845,12.35,16.91,1.236517545781556,1,92.3076923076923,0.38461538461538464
HS010510,8,22.58,15.66,29.76,5.750155277406489,0,100.0,0.5
HS010511,3,11.843333333333334,10.23,13.59,1.6839635783868165,1,66.66666666666666,0.3333333333333333
HS010512,5,6.784000000000001,4.89,9.4,1.8382546069573715,1,80.0,0.4
HS010513,9,11.244444444444445,8.52,12.77,1.5049760057149677,0,100.0,0.3333333333333333
HS010514,7,11.288571428571428,9.89,12.42,0.9502530991167312,0,100.0,0.42857142857142855
HS010515,15,10.561333333333334,8.71,16.04,1.9966252480003304,2,86.66666666666667,0.26666666666666666
HS010516,14,22.745,15.7,29.15,5.063031548542677,0,100.0,0.14285714285714285
HS010517,8,5.80875,3.39,7.99,1.7630528514888193,0,100.0,0.375
HS010518,10,10.732,8.22,16.43,2.407205849112202,1,90.0,0.3
HS010519,16,5.095625,2.01,8.6,2.0989012006285575,1,93.75,0.25
HS010520,10,5.468,3.06,7.52,1.7128585593809096,0,100.0,0.5
HS010521,3,22.253333333333334,21.99,22.51,0.260064094663862,0,100.0,0.3333333333333333
HS010522,8,23.728749999999998,15.97,27.65,4.140436269283709,0,100.0,0.25
HS010523,7,5.855714285714285,2.03,7.85,2.1597056677771094,0,100.0,0.2857142857142857
HS010524,8,5.91,4.46,7.14,1.270612900476436,0,100.0,0.0
HS010525,8,4.2475000000000005,2.23,7.16,1.8217240656665246,0,100.0,0.375
HS010526,8,24.125,15.36,31.29,6.271340708789013,2,75.0,0.375
HS010527,3,4.533333333333334,2.47,6.88,2.2186106763768474,0,100.0,0.6666666666666666
HS010528,11,13.92909090909091,12.09,16.34,1.3869351430074484,2,81.81818181818183,0.45454545454545453
HS010529,11,24.430000000000003,17.79,32.54,5.002421413675582,2,81.81818181818183,0.45454545454545453
HS010530,7,23.10571428571429,16.23,29.84,4.419686478861206,0,100.0,0.2857142857142857
HS010531,9,6.428888888888888,3.77,11.53,2.9833137801966303,2,77.77777777777779,0.3333333333333333
HS010532,11,6.327272727272727,3.69,11.6,2.2760276400302826,2,81.81818181818183,0.36363636363636365
HS010533,13,4.881538461538462,2.13,7.9,1.637395524167604,0,100.0,0.3076923076923077
HS010534,5,19.898,16.17,26.4,4.076299792704163,0,100.0,0.4
HS010535,2,8.42,7.89,8.95,0.7495331880577397,1,50.0,0.5
HS010536,7,4.997142857142856,2.58,8.1,2.0941483096612674,1,85.71428571428571,0.0
HS010537,12,5.098333333333334,2.41,7.78,1.847680773949938,0,100.0,0.3333333333333333
HS010538,7,5.815714285714286,2.39,7.67,1.7382544610696589,0,100.0,0.14285714285714285
HS010539,3,9.706666666666665,9.1,10.42,0.6664332924857025,0,100.0,0.0
HS010540,9,23.19,17.23,28.51,3.390269163355618,0,100.0,0.2222222222222222
HS010541,9,9.694444444444445,6.14,11.69,1.7373191352707131,1,88.88888888888889,0.2222222222222222
HS010542,5,4.3420000000000005,2.1,5.88,1.4379221119379169,0,100.0,0.2
HS010543,6,23.209999999999997,16.73,29.31,5.106188402321245,0,100.0,0.0
HS010544,9,5.476666666666667,2.65,7.34,1.7516206781149852,0,100.0,0.4444444444444444
HS010545,7,11.51,9.02,16.82,2.625484082348752,1,85.71428571428571,0.14285714285714285
HS010546,11,22.865454545454547,16.7,29.45,4.605143567004971,0,100.0,0.18181818181818182
HS010547,5,13.912,12.26,14.76,1.019445927943214,0,100.0,0.2
HS010548,10,24.684,15.93,28.1,3.6283794974861405,0,100.0,0.2
HS010549,7,9.472857142857142,7.07,11.92,1.630876188696475,1,85.71428571428571,0.42857142857142855
HS010550,8,4.83625,2.19,7.3,1.9946638635548166,0,100.0,0.25
HS010551,8,-17.2175,-19.8,-15.02,1.7778136653123782,0,100.0,0.375
HS010552,9,5.156666666666667,2.18,7.19,2.063552761622537,0,100.0,0.3333333333333333
HS010553,2,6.845000000000001,5.86,7.83,1.3930003589374982,0,100.0,0.5
HS010554,12,11.415,9.48,14.6,1.5634257257701756,1,91.66666666666666,0.3333333333333333
HS010555,12,1.8816666666666668,-1.23,7.33,2.5538592305953296,1,91.66666666666666,0.3333333333333333
HS010556,6,13.488333333333332,13.04,14.11,0.3880936313142318,0,100.0,0.5
HS010557,9,20.91444444444444,15.99,26.64,4.272727791209941,0,100.0,0.1111111111111111
HS010558,12,1.38,-1.04,3.97,1.6975329692875427,0,100.0,0.3333333333333333
HS010559,4,5.6125,3.24,7.4,1.8299612928511177,0,100.0,0.25
HS010560,6,10.475,8.27,11.83,1.4631575444906808,0,100.0,0.16666666666666666
HS010561,4,4.915,3.27,6.85,1.8580007176173712,0,100.0,0.25
HS010562,7,1.662857142857143,-1.84,3.66,2.0350242773794642,0,100.0,0.5714285714285714
HS010563,10,10.578,4.49,16.07,2.9118485919124,2,80.0,0.2
HS010564,13,4.292307692307693,2.07,7.63,1.7351232129455723,0,100.0,0.3076923076923077
HS010565,12,10.042499999999999,8.15,15.18,2.024091827776775,1,91.66666666666666,0.08333333333333333
HS010566,5,10.378,9.07,11.65,1.2094089465519922,0,100.0,0.4
HS010567,6,4.618333333333333,1.47,7.17,2.197857289877272,1,83.33333333333334,0.0
HS010568,6,13.951666666666668,12.24,16.0,1.5170420780804557,1,83.33333333333334,0.3333333333333333
HS010569,11,11.090909090909092,8.18,12.7,1.3236499125180685,0,100.0,0.36363636363636365
HS010570,7,-17.19,-19.27,-12.16,2.3589616359746075,1,85.71428571428571,0.14285714285714285
HS010571,9,4.952222222222222,2.12,7.46,1.7909967739905186,0,100.0,0.2222222222222222
HS010572,8,10.615,8.63,11.91,1.11886422002723,0,100.0,0.25
HS010573,7,13.638571428571428,12.7,14.74,0.8373455792249814,0,100.0,0.7142857142857143
HS010574,8,5.75,2.72,7.41,1.744190356583822,0,100.0,0.25
HS010575,10,1.718,-0.98,6.52,2.0697063667207587,1,90.0,0.3
HS010576,8,5.67125,2.77,12.52,3.352881223664208,1,87.5,0.125
HS010577,4,-18.025,-18.5,-17.43,0.44650494584793426,0,100.0,0.5
HS010578,12,4.850833333333333,-0.69,7.38,2.2301669661641244,1,91.66666666666666,0.4166666666666667
HS010579,6,23.606666666666666,19.58,27.59,3.214496331723941,0,100.0,0.16666666666666666
HS010580,14,6.078571428571428,2.31,9.52,1.795052418959732,1,92.85714285714286,0.42857142857142855
HS010581,13,13.711538461538462,12.27,18.98,1.6918867483465814,1,92.3076923076923,0.15384615384615385
HS010582,12,11.419166666666667,8.96,15.86,1.8674165836710606,1,91.66666666666666,0.08333333333333333
HS010583,6,13.01,12.15,14.27,0.8196340646898466,0,100.0,0.16666666666666666
HS010584,8,5.5975,2.46,10.96,2.8478600988912968,1,87.5,0.125
HS010585,6,21.123333333333335,17.78,29.46,4.375539585773013,0,100.0,0.0
HS010586,5,6.516,3.53,7.84,1.7504370882725264,0,100.0,0.0
HS010587,12,13.711666666666666,12.09,16.54,1.2486999299877912,1,91.66666666666666,0.16666666666666666
HS010588,11,5.746363636363636,2.84,9.02,2.3195140556904272,3,72.72727272727273,0.36363636363636365
HS010589,9,20.72222222222222,15.32,28.32,5.609203993834101,0,100.0,0.4444444444444444
HS010590,8,13.315,12.44,14.7,0.7625333716350673,0,100.0,0.5
HS010591,6,22.238333333333333,15.57,27.74,5.1838688898029295,0,100.0,0.0
HS010592,12,22.769166666666667,16.85,29.38,4.220291800194374,0,100.0,0.4166666666666667
HS010593,4,4.92,2.55,6.1,1.6520492325190153,0,100.0,0.0
HS010594,9,1.9344444444444444,-1.46,4.78,2.016867069932418,1,88.88888888888889,0.4444444444444444
HS010595,8,5.27875,2.62,8.52,2.1560906255800765,1,87.5,0.125
HS010596,9,10.602222222222222,8.11,15.84,2.2879837072069473,1,88.88888888888889,0.4444444444444444
HS010597,9,4.384444444444444,1.34,9.97,2.755200133888241,2,77.77777777777779,0.2222222222222222
HS010598,2,11.015,10.7,11.33,0.44547727214752486,0,100.0,0.0
HS010599,10,4.393,2.49,6.46,1.3603925087186337,0,100.0,0.2
HS010600,11,21.623636363636365,13.73,29.78,4.779322698306263,1,90.9090909090909,0.18181818181818182
HS010601,14,5.142142857142857,2.31,7.87,1.615545530970069,0,100.0,0.21428571428571427
HS010602,7,0.5671428571428571,-1.91,4.13,1.8782235781513898,1,85.71428571428571,0.2857142857142857
HS010603,8,11.0175,8.48,12.48,1.4030349756357263,0,100.0,0.0
HS010604,5,14.39,12.09,19.6,2.9709005368743,1,80.0,0.4
HS010605,5,-16.524,-18.51,-15.04,1.3281867338593634,0,100.0,0.0
HS010606,1,14.68,14.68,14.68,,0,100.0,1.0
HS010607,8,22.2125,19.14,26.75,3.1267954841978383,0,100.0,0.125
HS010608,10,9.975999999999999,8.24,13.01,1.6722719077151698,1,90.0,0.2
HS010609,8,23.2825,16.94,30.73,4.849712068036322,1,87.5,0.375
HS010610,8,4.94625,2.38,7.27,1.5602466609024175,0,100.0,0.375
HS010611,8,4.7787500000000005,2.97,7.48,1.9700358046057367,0,100.0,0.375
HS010612,3,4.9366666666666665,2.22,6.47,2.359201842431743,0,100.0,0.3333333333333333
HS010613,8,5.465,2.19,14.04,3.913219354225586,1,87.5,0.125
HS010614,8,11.01875,8.11,20.66,4.093881977152876,1,87.5,0.125
HS010615,14,22.56714285714286,15.83,28.84,4.179325356987708,0,100.0,0.0
HS010616,12,5.676666666666667,2.43,11.3,2.4722618768809244,1,91.66666666666666,0.3333333333333333
HS010617,6,10.106666666666667,8.98,11.81,1.1101111055505513,0,100.0,0.0
HS010618,11,4.756363636363637,2.35,8.02,1.8759545449038615,1,90.9090909090909,0.18181818181818182
HS010619,5,2.66,1.31,3.88,1.0295630140987,0,100.0,0.2
HS010620,2,0.9349999999999999,-1.68,3.55,3.6981684656056433,0,100.0,0.0
HS010621,9,20.735555555555557,15.69,27.16,4.812336000091617,0,100.0,0.2222222222222222
HS010622,13,1.393076923076923,-1.24,6.88,2.289666586410143,1,92.3076923076923,0.3076923076923077
HS010623,8,10.9575,8.52,12.42,1.4802099271966218,0,100.0,0.375
HS010624,6,13.556666666666667,8.16,19.89,4.822060417152263,2,66.66666666666666,0.3333333333333333
HS010625,7,9.448571428571428,8.48,11.14,0.9859585618646889,0,100.0,0.2857142857142857
HS010626,16,5.57125,2.09,8.85,1.722261594532027,1,93.75,0.125
HS010627,10,10.193000000000001,8.06,12.12,1.2794100202827865,1,90.0,0.2
HS010628,12,1.7016666666666669,-1.4,7.38,2.925883963812812,2,83.33333333333334,0.16666666666666666
HS010629,9,1.8455555555555554,-1.08,5.66,2.2119511246358448,1,88.88888888888889,0.1111111111111111
HS010630,12,21.865,15.23,31.62,4.734675759273759,1,91.66666666666666,0.3333333333333333
HS010631,5,9.886,8.4,11.94,1.3963452295188314,0,100.0,0.4
HS010632,6,11.214999999999998,8.85,12.98,1.5267449033810463,0,100.0,0.3333333333333333
HS010633,9,22.66888888888889,15.48,28.88,4.853396863137313,0,100.0,0.5555555555555556
HS010634,8,0.69375,-1.1,3.83,1.8484428775130086,0,100.0,0.125
HS010635,10,5.523,2.2,7.99,1.862400183753332,0,100.0,0.2
HS010636,10,5.959,2.31,7.89,1.996248982466866,0,100.0,0.2
HS010637,12,23.334999999999997,16.0,28.58,4.618259215528961,0,100.0,0.3333333333333333
HS010638,9,11.14111111111111,8.12,12.98,1.71765424667222,0,100.0,0.3333333333333333
HS010639,7,21.005714285714287,15.9,28.26,5.509700104188544,0,100.0,0.2857142857142857
HS010640,3,10.353333333333333,8.65,11.8,1.5906078502677308,0,100.0,0.3333333333333333
HS010641,17,23.368823529411763,17.99,28.88,3.9475686858383807,0,100.0,0.29411764705882354
HS010642,5,13.656,12.14,14.91,1.0765825560541098,0,100.0,0.4
HS010643,8,9.432500000000001,6.88,12.2,1.6037790193343788,1,87.5,0.375
HS010644,7,10.629999999999999,9.22,11.77,1.0593708824895403,0,100.0,0.5714285714285714
HS010645,5,22.896,19.52,28.74,3.814954783480401,0,100.0,0.2
HS010646,8,23.74,16.55,29.24,5.113260072735258,0,100.0,0.25
HS010647,6,10.621666666666666,8.11,12.93,1.9301027606494603,0,100.0,0.16666666666666666
HS010648,6,4.453333333333333,2.13,7.2,1.8320443953863859,0,100.0,0.3333333333333333
HS010649,12,10.171666666666667,7.64,12.7,1.5849510077506175,1,91.66666666666666,0.08333333333333333
HS010650,8,14.54,12.74,20.02,2.2764634225670557,1,87.5,0.25
HS010651,18,22.227222222222224,11.48,29.53,4.881642449681864,2,88.88888888888889,0.1111111111111111
HS010652,7,10.155714285714286,8.97,11.61,0.8764294446380557,0,100.0,0.14285714285714285
HS010653,9,23.163333333333334,19.75,26.44,2.579050212772135,0,100.0,0.1111111111111111
HS010654,2,25.72,25.43,26.01,0.4101219330881976,0,100.0,0.5
HS010655,8,9.815,8.16,11.72,1.3284792594757142,0,100.0,0.125
HS010656,11,5.047272727272728,2.01,10.24,2.935254983503447,2,81.81818181818183,0.18181818181818182
HS010657,9,23.215555555555554,18.41,26.52,2.9502758816384924,0,100.0,0.2222222222222222
HS010658,12,20.986666666666668,15.1,34.66,5.789486291127348,1,91.66666666666666,0.25
HS010659,10,4.879,2.07,7.06,1.9135217677245158,0,100.0,0.3
HS010660,7,9.481428571428571,8.03,11.32,1.1620876124662973,0,100.0,0.0
HS010661,4,11.5075,9.66,14.42,2.1440984896532456,1,75.0,0.5
HS010662,6,21.158333333333335,18.34,24.36,2.5550531631781492,0,100.0,0.3333333333333333
HS010663,13,5.547692307692308,2.21,8.45,2.032478592942428,1,92.3076923076923,0.07692307692307693
HS010664,9,-17.832222222222224,-21.45,-15.33,1.9804025965556704,1,88.88888888888889,0.1111111111111111
HS010665,13,4.341538461538462,0.13,6.98,1.8232198905317945,1,92.3076923076923,0.0
HS010666,7,4.08,2.07,5.73,1.4613236009408277,0,100.0,0.2857142857142857
HS010667,10,13.294999999999998,12.15,14.59,0.8338298520814795,0,100.0,0.2
HS010668,7,4.859999999999999,2.4,6.63,1.5682368018467963,0,100.0,0.2857142857142857
HS010669,6,22.76,18.48,28.74,4.12630100695526,0,100.0,0.5
HS010670,6,6.528333333333333,3.73,11.58,2.7171265459427296,1,83.33333333333334,0.16666666666666666
HS010671,10,10.531,8.84,15.08,1.8372409870358446,1,90.0,0.4
HS010672,14,22.696428571428573,15.5,33.33,5.181827131194402,1,92.85714285714286,0.07142857142857142
HS010673,9,5.70888888888889,3.7,7.83,1.4773155083160505,0,100.0,0.2222222222222222
HS010674,9,-0.7288888888888889,-5.4,2.19,2.0723141921801127,1,88.88888888888889,0.0
HS010675,5,24.244,15.26,29.49,5.725100872473777,0,100.0,0.2
HS010676,5,4.2299999999999995,2.68,7.36,1.8512698344649816,0,100.0,0.0
HS010677,8,22.53,17.03,29.23,4.371269838387925,0,100.0,0.25
HS010678,8,25.84875,18.8,30.65,4.169722284345975,1,87.5,0.125
HS010679,12,11.208333333333334,8.56,13.03,1.5112657749132814,1,91.66666666666666,0.16666666666666666
HS010680,9,5.062222222222222,2.17,7.93,2.056950277581946,0,100.0,0.3333333333333333
HS010681,13,9.922307692307694,8.16,12.3,1.4986168836972862,0,100.0,0.15384615384615385
HS010682,5,-18.554,-19.81,-17.0,1.2126541139170732,0,100.0,0.2
HS010683,2,-18.035,-19.95,-16.12,2.7082189719444756,0,100.0,0.5
HS010684,10,6.205,3.0,13.09,2.8309921700115437,1,90.0,0.3
HS010685,6,25.018333333333334,20.51,29.07,3.744892076771595,0,100.0,0.3333333333333333
HS010686,7,4.804285714285713,2.37,10.33,2.7449642204277587,1,85.71428571428571,0.42857142857142855
HS010687,14,23.37714285714286,15.42,30.0,4.302189833403143,0,100.0,0.42857142857142855
HS010688,17,-17.356470588235293,-19.97,-12.85,1.9331901781009242,1,94.11764705882352,0.29411764705882354
HS010689,8,5.625,2.41,7.97,2.052837757140797,0,100.0,0.25
HS010690,7,9.632857142857144,8.41,11.98,1.2566054045949122,0,100.0,0.14285714285714285
HS010691,11,-17.744545454545456,-19.67,-15.3,1.4408494969035703,0,100.0,0.18181818181818182
HS010692,5,-17.418,-19.26,-15.31,1.5616881891081837,0,100.0,0.2
HS010693,10,13.872,12.08,14.98,0.9486223929701666,0,100.0,0.3
HS010694,5,22.342,16.91,29.93,5.623181483822125,0,100.0,0.2
HS010695,7,4.2128571428571435,0.86,7.27,2.299744292203768,1,85.71428571428571,0.7142857142857143
HS010696,7,4.761428571428572,2.33,6.84,1.6171521117016023,0,100.0,0.0
HS010697,7,21.592857142857145,15.54,28.44,5.044699245365424,0,100.0,0.14285714285714285
HS010698,5,6.518000000000001,2.11,12.09,4.404255896289406,2,60.0,0.2
HS010699,5,-17.844,-19.79,-15.65,1.6668473235422612,0,100.0,0.4
HS010700,9,0.5,-3.43,3.24,2.1133622500650473,1,88.88888888888889,0.2222222222222222
HS010701,9,10.16777777777778,8.31,12.0,1.2804957807210628,0,100.0,0.1111111111111111
HS010702,10,5.241,2.15,11.6,2.7724816400554295,1,90.0,0.4
HS010703,10,10.555,8.27,12.0,1.1666309518342883,0,100.0,0.2
HS010704,7,13.741428571428571,12.12,14.93,1.019745533150772,0,100.0,0.14285714285714285
HS010705,5,-16.25,-18.64,-11.17,3.024640474502713,1,80.0,0.2
HS010706,5,9.966,8.27,11.38,1.1726167319290652,0,100.0,0.4
HS010707,7,24.368571428571432,16.91,29.28,4.415983954422195,0,100.0,0.42857142857142855
HS010708,11,5.680909090909091,2.89,7.75,1.6600991208084808,0,100.0,0.2727272727272727
HS010709,12,9.575000000000001,8.17,11.56,1.0948349813390312,0,100.0,0.16666666666666666
HS010710,10,23.543,16.22,29.23,3.787954739844593,0,100.0,0.3
HS010711,7,5.688571428571429,2.99,7.51,1.8191887255168493,0,100.0,0.5714285714285714
HS010712,9,1.4433333333333334,-1.24,4.4,1.931502006211746,2,77.77777777777779,0.1111111111111111
HS010713,12,4.491666666666666,2.28,7.53,1.8320918661629955,0,100.0,0.25
HS010714,11,21.65818181818182,15.27,28.76,5.268910358284375,0,100.0,0.45454545454545453
HS010715,7,14.209999999999999,12.49,14.88,0.8814760348415602,0,100.0,0.2857142857142857
HS010716,11,9.978181818181818,6.5,13.96,1.9431974587355667,2,81.81818181818183,0.0
HS010717,7,21.25,16.2,29.97,5.281193047030187,0,100.0,0.2857142857142857
HS010718,5,10.758,9.22,14.14,2.1035731506177773,1,80.0,0.2
HS010719,5,5.162000000000001,2.2,7.79,2.382807168026822,0,100.0,0.2
HS010720,8,1.6225,-0.81,3.93,1.9460050653288945,0,100.0,0.0
HS010721,7,1.1057142857142856,0.08,3.17,1.2146447648435754,0,100.0,0.0
HS010722,8,21.84375,15.19,28.85,5.101159357020156,0,100.0,0.25
HS010723,6,20.573333333333334,16.47,25.46,3.658380333790716,0,100.0,0.0
HS010724,7,9.214285714285714,8.1,11.28,1.1076680781843318,0,100.0,0.7142857142857143
HS010725,9,0.5022222222222221,-1.93,2.61,1.4585933101603217,0,100.0,0.5555555555555556
HS010726,3,3.75,2.26,4.66,1.3008843146106421,0,100.0,0.3333333333333333
HS010727,7,3.6271428571428572,2.22,6.62,1.5011075276354489,0,100.0,0.2857142857142857
HS010728,9,22.276666666666667,17.24,28.09,3.886209592906692,0,100.0,0.2222222222222222
HS010729,5,7.031999999999999,5.12,8.93,1.6675640917218144,2,60.0,0.2
HS010730,6,13.49,12.11,14.45,0.9226266850682354,0,100.0,0.3333333333333333
HS010731,6,21.491666666666664,15.86,27.55,5.113466208616878,0,100.0,0.0
HS010732,8,21.525,15.68,28.99,4.933961028278541,0,100.0,0.375
HS010733,7,11.495714285714286,9.33,18.48,3.2318924133437013,1,85.71428571428571,0.14285714285714285
HS010734,7,4.468571428571429,-2.47,6.97,3.2876659834976576,1,85.71428571428571,0.5714285714285714
HS010735,9,10.882222222222222,8.25,12.87,1.578098363361563,0,100.0,0.1111111111111111
HS010736,8,10.2625,8.22,11.23,1.1026947511826255,0,100.0,0.125
HS010737,10,10.498000000000001,8.42,15.14,2.244290533776766,1,90.0,0.3
HS010738,6,21.885,15.18,28.81,6.73354215847796,0,100.0,0.5
HS010739,7,14.057142857142859,12.45,17.96,1.934543135434603,1,85.71428571428571,0.42857142857142855
HS010740,14,14.33,9.13,21.01,2.4392968722091264,2,85.71428571428571,0.35714285714285715
HS010741,8,6.05,4.8,7.71,0.9643650760992953,0,100.0,0.125
HS010742,8,5.045,2.68,7.62,1.651458230084638,0,100.0,0.25
HS010743,9,15.365555555555554,12.05,20.87,2.862800687749285,3,66.66666666666666,0.2222222222222222
HS010744,13,10.073076923076922,8.09,12.27,1.2014531799407515,0,100.0,0.15384615384615385
HS010745,8,24.04375,16.18,28.9,4.322442885683972,0,100.0,0.375
HS010746,7,-17.372857142857143,-19.6,-15.05,1.6415410877761003,0,100.0,0.42857142857142855
HS010747,7,5.234285714285714,-1.09,7.25,2.883405724387148,1,85.71428571428571,0.42857142857142855
HS010748,10,9.635,8.33,11.59,1.0580616449169888,0,100.0,0.2
HS010749,8,5.735,3.8,7.1,1.369452445322582,0,100.0,0.125
HS010750,9,22.447777777777777,16.33,28.5,3.8226096379887458,0,100.0,0.4444444444444444
HS010751,7,10.751428571428573,8.33,12.47,1.735909258106815,0,100.0,0.2857142857142857
HS010752,9,13.952222222222222,12.46,17.77,1.6470107602697823,1,88.88888888888889,0.1111111111111111
HS010753,5,5.636,3.79,9.33,2.227269628940331,1,80.0,0.2
HS010754,10,5.865,2.78,9.33,2.0553358741469863,1,90.0,0.2
HS010755,7,14.167142857142858,12.49,18.17,1.9098404321278986,1,85.71428571428571,0.42857142857142855
HS010756,9,23.58555555555556,18.67,29.32,3.89954840690275,0,100.0,0.2222222222222222
HS010757,8,4.77625,2.62,7.67,1.9798552436262316,0,100.0,0.5
HS010758,8,2.51125,1.45,3.39,0.6878628912384046,0,100.0,0.25
HS010759,13,13.218461538461538,10.3,14.93,1.1711735293701933,1,92.3076923076923,0.15384615384615385
HS010760,9,1.2977777777777777,-1.09,3.5,1.645400998068387,0,100.0,0.2222222222222222
HS010761,10,1.2630000000000001,-1.91,5.82,2.4377906664300224,1,90.0,0.5
HS010762,8,22.76375,18.18,29.09,3.974216679332635,0,100.0,0.625
HS010763,10,5.576,2.9,13.15,2.9284398576716577,1,90.0,0.4
HS010764,13,21.923076923076923,15.1,29.23,4.929359973017768,0,100.0,0.23076923076923078
HS010765,6,4.878333333333333,2.04,7.89,2.892040225630803,0,100.0,0.3333333333333333
HS010766,9,1.1755555555555555,-1.51,3.76,1.9211787469618171,0,100.0,0.2222222222222222
HS010767,3,19.103333333333335,14.15,22.22,4.337191871860561,1,66.66666666666666,0.0
HS010768,9,-17.203333333333333,-19.53,-14.17,1.951038185172192,2,77.77777777777779,0.2222222222222222
HS010769,7,6.135714285714286,3.07,7.94,2.099260640819819,0,100.0,0.14285714285714285
HS010770,5,25.342000000000002,20.41,29.21,4.499013225141709,0,100.0,0.4
HS010771,10,22.791,17.77,28.99,4.4558537029644745,0,100.0,0.3
HS010772,4,11.1775,10.12,12.09,1.0094016379353994,0,100.0,0.5
HS010773,7,14.005714285714287,12.57,15.46,0.9037672477442618,1,85.71428571428571,0.42857142857142855
HS010774,7,0.1685714285714286,-1.78,3.2,1.7538569741328072,0,100.0,0.2857142857142857
HS010775,7,22.634285714285713,16.41,27.36,3.4188490126691136,0,100.0,0.0
HS010776,7,5.585714285714286,3.6,6.33,0.9399620053111568,0,100.0,0.2857142857142857
HS010777,7,5.414285714285714,2.41,10.97,2.860109887998811,1,85.71428571428571,0.2857142857142857
HS010778,7,4.8428571428571425,2.42,6.95,1.7659436975331753,0,100.0,0.14285714285714285
HS010779,5,9.126000000000001,8.12,11.99,1.6320324751670845,0,100.0,0.4
HS010780,9,13.86111111111111,12.08,17.56,1.674017954237979,1,88.88888888888889,0.2222222222222222
HS010781,8,14.38875,13.82,14.98,0.4364937407504094,0,100.0,0.375
HS010782,6,10.426666666666668,8.83,11.75,1.3439295616462446,0,100.0,0.0
HS010783,10,4.43,2.04,7.91,2.056772012428969,0,100.0,0.2
HS010784,7,5.041428571428571,2.81,8.96,2.2899885630822747,1,85.71428571428571,0.8571428571428571
HS010785,10,13.553999999999998,12.28,14.99,1.085113409331537,0,100.0,0.3
HS010786,11,5.458181818181818,2.5,9.75,2.5208523089694017,1,90.9090909090909,0.36363636363636365
HS010787,7,4.978571428571429,3.04,6.67,1.2052168348673273,0,100.0,0.14285714285714285
HS010788,9,5.318888888888889,2.16,7.77,2.4243939678012545,0,100.0,0.1111111111111111
HS010789,5,6.533999999999999,2.07,12.02,3.9108285567127585,1,80.0,0.2
HS010790,9,10.101111111111111,5.24,13.26,2.3307479724567206,2,77.77777777777779,0.2222222222222222
HS010791,10,5.447,3.78,7.83,1.3738837893601725,0,100.0,0.5
HS010792,10,10.669,8.23,15.02,1.9034614667903196,1,90.0,0.4
HS010793,12,10.0775,6.07,12.97,2.2322109911679298,1,91.66666666666666,0.16666666666666666
HS010794,10,13.224,12.26,14.94,0.9078570616812123,0,100.0,0.3
HS010795,15,4.375333333333333,2.04,7.53,1.7964682282851805,0,100.0,0.3333333333333333
HS010796,9,13.137777777777778,12.13,14.64,0.8603164792356618,0,100.0,0.2222222222222222
HS010797,12,5.2475,2.64,7.61,1.7129778696230091,0,100.0,0.08333333333333333
HS010798,9,11.127777777777778,8.42,16.54,2.438066743230062,1,88.88888888888889,0.2222222222222222
HS010799,8,10.4075,8.69,11.85,1.2495913617773495,0,100.0,0.25
HS010800,16,23.44,16.73,32.35,4.581699830121277,1,93.75,0.3125
HS010801,8,5.26875,2.01,7.67,2.31144010459775,0,100.0,0.125
HS010802,7,10.771428571428572,9.25,12.43,1.0993396286169335,1,85.71428571428571,0.42857142857142855
HS010803,4,4.2075,2.54,6.92,1.970640758738132,0,100.0,0.25
HS010804,7,13.698571428571428,12.7,14.7,0.8490667145250044,0,100.0,0.42857142857142855
HS010805,5,24.363999999999997,18.15,29.31,4.780353543410779,0,100.0,0.2
HS010806,8,10.28625,9.13,11.49,0.8133517513527413,0,100.0,0.125
HS010807,7,5.8428571428571425,-0.28,7.78,2.758246509926879,1,85.71428571428571,0.14285714285714285
HS010808,9,23.665555555555557,15.1,28.74,4.350540515588583,0,100.0,0.1111111111111111
HS010809,6,13.758333333333333,12.54,15.91,1.2142720727525063,1,83.33333333333334,0.0
HS010810,13,11.089230769230769,8.45,15.72,1.9750082765162513,1,92.3076923076923,0.23076923076923078
HS010811,8,1.18625,-1.57,3.95,1.9457788561763274,0,100.0,0.5
HS010812,11,22.746363636363636,15.74,29.7,5.349234099807696,0,100.0,0.0
HS010813,6,6.22,2.04,9.6,2.514748496370959,1,83.33333333333334,0.3333333333333333
HS010814,8,-17.2425,-19.94,-15.2,1.4084616734985325,0,100.0,0.375
HS010815,14,12.900714285714287,12.16,14.27,0.6937463988620524,0,100.0,0.21428571428571427
HS010816,14,-17.94,-25.48,-15.27,2.5049888683922785,1,92.85714285714286,0.2857142857142857
HS010817,9,10.012222222222222,6.02,11.98,1.918096568070661,1,88.88888888888889,0.0
HS010818,8,1.645,-0.5,3.16,1.1906300852909775,0,100.0,0.0
HS010819,7,10.530000000000001,9.46,11.46,0.8328465244769492,0,100.0,0.5714285714285714
HS010820,7,4.232857142857143,3.08,6.61,1.5198872138606676,0,100.0,0.2857142857142857
HS010821,9,10.245555555555557,8.05,12.01,1.2570909982088718,0,100.0,0.2222222222222222
HS010822,11,4.661818181818182,2.4,7.26,1.898440508321597,0,100.0,0.09090909090909091
HS010823,17,5.398235294117647,2.6,9.35,2.107297544528648,1,94.11764705882352,0.0
HS010824,13,21.950769230769232,15.13,31.54,5.388890518988211,1,92.3076923076923,0.3076923076923077
HS010825,6,21.151666666666667,17.33,29.75,4.948411529639252,0,100.0,0.0
HS010826,3,6.073333333333333,4.41,7.2,1.4703854369971618,0,100.0,0.6666666666666666
HS010827,11,5.5181818181818185,2.23,7.92,1.7475458115987588,0,100.0,0.18181818181818182
HS010828,6,10.096666666666666,8.01,11.79,1.5585591636722254,0,100.0,0.0
HS010829,9,21.594444444444445,15.55,25.69,3.1868366412130036,0,100.0,0.1111111111111111
HS010830,8,0.23375000000000004,-1.66,2.78,1.5834315132467387,0,100.0,0.25
HS010831,6,4.3999999999999995,-0.24,7.58,2.9415030171665646,1,83.33333333333334,0.0
HS010832,6,5.206666666666666,2.59,7.45,1.6527875443222177,0,100.0,0.0
HS010833,9,5.62,2.34,8.66,2.2480602749926435,2,77.77777777777779,0.2222222222222222
HS010834,7,21.197142857142858,15.42,29.36,5.050322479095483,0,100.0,0.2857142857142857
HS010835,10,22.512999999999998,16.6,29.59,4.405163762878489,0,100.0,0.3
HS010836,5,4.6739999999999995,2.87,7.22,1.627246139955477,0,100.0,0.2
HS010837,5,5.01,3.12,6.53,1.3719876092734948,0,100.0,0.0
HS010838,9,24.384444444444444,17.99,29.29,3.9267356388962296,0,100.0,0.2222222222222222
HS010839,11,-17.474545454545453,-19.02,-15.33,1.4564914255591324,0,100.0,0.18181818181818182
HS010840,6,1.7366666666666666,-1.0,3.53,2.0658331652548,0,100.0,0.3333333333333333
HS010841,14,0.9821428571428571,-5.0,3.32,2.172942629323119,1,92.85714285714286,0.2857142857142857
HS010842,7,-18.064285714285713,-19.78,-15.42,1.6551621989285232,0,100.0,0.42857142857142855
HS010843,12,4.878333333333333,2.01,7.99,2.063958391640743,0,100.0,0.3333333333333333
HS010844,9,0.6866666666666666,-1.84,3.86,2.115644109958005,0,100.0,0.3333333333333333
HS010845,16,24.543125,15.31,29.94,4.033629827256504,0,100.0,0.4375
HS010846,7,19.697142857142858,15.22,26.7,4.4070500877787255,0,100.0,0.0
HS010847,7,6.585714285714286,2.92,12.51,3.1178724430977884,1,85.71428571428571,0.42857142857142855
HS010848,3,13.903333333333334,13.07,14.77,0.8504900548115378,0,100.0,0.3333333333333333
HS010849,11,0.5963636363636364,-1.88,3.0,1.7782253666353585,0,100.0,0.18181818181818182
HS010850,14,-17.43642857142857,-19.88,-15.54,1.6728906679198094,0,100.0,0.42857142857142855
HS010851,9,4.576666666666666,2.5,7.99,2.0494633443904284,0,100.0,0.3333333333333333
HS010852,5,22.722,15.07,29.33,6.024331498183013,0,100.0,0.6
HS010853,12,10.596666666666666,8.39,13.99,1.6984181588832128,2,83.33333333333334,0.3333333333333333
HS010854,5,10.680000000000001,8.97,11.56,0.994912056415038,0,100.0,0.2
HS010855,11,23.480000000000004,16.92,28.58,4.08009068526669,0,100.0,0.18181818181818182
HS010856,10,22.659,15.51,29.94,4.925156399095926,0,100.0,0.4
HS010857,3,7.153333333333333,6.82,7.74,0.509640396096437,0,100.0,0.3333333333333333
HS010858,7,13.954285714285716,12.23,14.93,0.9271615670575285,0,100.0,0.2857142857142857
HS010859,4,3.9975,2.18,6.26,1.8780907858780416,0,100.0,0.0
HS010860,8,3.52625,2.04,5.78,1.202211503854459,0,100.0,0.125
HS010861,14,4.057142857142857,2.28,7.17,1.4575185897821132,0,100.0,0.21428571428571427
HS010862,18,10.020555555555555,3.14,14.23,2.39743606238052,3,83.33333333333334,0.2777777777777778
HS010863,12,4.690833333333333,2.47,6.44,1.466433263108661,0,100.0,0.3333333333333333
HS010864,8,-17.46625,-19.7,-15.33,1.5000089285448548,0,100.0,0.25
HS010865,7,-18.79714285714286,-22.32,-16.53,1.9134150472015075,1,85.71428571428571,0.14285714285714285
HS010866,11,-17.08636363636364,-19.08,-11.74,2.1352717519195203,1,90.9090909090909,0.45454545454545453
HS010867,8,6.21625,2.6,10.72,3.0000139880626278,2,75.0,0.375
HS010868,8,5.56875,3.29,7.31,1.6036693415859944,0,100.0,0.25
HS010869,8,7.3,2.7,12.16,3.362732732253848,2,75.0,0.375
HS010870,8,22.485,14.59,29.8,5.682610064297668,1,87.5,0.25
HS010871,13,4.785384615384616,1.93,7.98,2.5149573070750644,1,92.3076923076923,0.3076923076923077
HS010872,7,2.5771428571428574,0.73,5.36,1.4980622404261033,1,85.71428571428571,0.5714285714285714
HS010873,7,5.027142857142857,2.89,6.77,1.3825545713848486,0,100.0,0.0
HS010874,9,20.85,16.01,26.3,4.092056329035562,0,100.0,0.3333333333333333
HS010875,13,4.5807692307692305,2.16,7.83,1.8685576502499708,0,100.0,0.23076923076923078
HS010876,13,5.204615384615384,2.06,9.82,2.2134460891884378,1,92.3076923076923,0.07692307692307693
HS010877,9,21.237777777777776,15.54,29.72,5.315681465667827,0,100.0,0.2222222222222222
HS010878,5,13.175999999999998,12.14,14.86,1.1332387215410522,0,100.0,0.0
HS010879,7,1.3571428571428572,-1.79,5.34,2.5437551918748937,1,85.71428571428571,0.2857142857142857
HS010880,7,5.427142857142857,2.53,10.57,2.771249503296989,1,85.71428571428571,0.42857142857142855
HS010881,7,23.330000000000002,17.11,29.37,4.76099779458046,0,100.0,0.2857142857142857
HS010882,6,4.528333333333333,2.89,8.36,2.151793825315675,1,83.33333333333334,0.5
HS010883,8,9.13,8.03,11.74,1.2809594618320845,0,100.0,0.25
HS010884,8,24.166249999999998,18.86,27.73,3.260069839304498,0,100.0,0.375
HS010885,7,5.185714285714285,2.65,7.5,1.8906423700500767,0,100.0,0.14285714285714285
HS010886,4,1.1225,-0.62,2.68,1.7517300971706038,0,100.0,0.0
HS010887,16,10.45375,8.52,12.96,1.4378821231241457,0,100.0,0.0625
HS010888,10,14.009,12.54,18.45,1.8753396729363163,2,80.0,0.3
HS010889,10,-17.761000000000003,-21.36,-15.52,2.088696829232152,1,90.0,0.4
HS010890,6,5.495,2.32,7.87,2.028356477545306,0,100.0,0.5
HS010891,9,23.355555555555558,19.46,27.35,2.7855794330404184,0,100.0,0.4444444444444444
HS010892,7,9.321428571428571,8.12,10.73,1.0639772643471381,0,100.0,0.14285714285714285
HS010893,10,-16.028,-18.73,-10.91,2.6436246161494097,2,80.0,0.2
HS010894,10,9.866,8.2,12.0,1.0747216693947632,0,100.0,0.2
HS010895,12,-16.745833333333334,-19.86,-15.03,1.3836543074136118,0,100.0,0.4166666666666667
HS010896,1,9.13,9.13,9.13,,0,100.0,0.0
HS010897,9,4.934444444444444,2.32,8.62,2.067341959564933,1,88.88888888888889,0.1111111111111111
HS010898,14,13.848571428571429,12.11,16.99,1.41633251823073,2,85.71428571428571,0.35714285714285715
HS010899,8,0.49750000000000005,-1.94,3.58,2.099181813401185,0,100.0,0.375
HS010900,8,4.0925,0.69,7.97,2.274050822399786,1,87.5,0.0
HS010901,5,23.234,17.57,27.22,3.898304759764172,0,100.0,0.2
HS010902,11,10.406363636363636,8.32,13.3,1.3689651034797983,1,90.9090909090909,0.36363636363636365
HS010903,13,1.8615384615384616,-3.56,7.86,3.2954484928808654,3,76.92307692307693,0.15384615384615385
HS010904,13,1.7915384615384615,-0.28,5.36,1.7501516417815826,1,92.3076923076923,0.07692307692307693
HS010905,9,9.883333333333333,8.17,12.04,1.5279643320444356,1,88.88888888888889,0.3333333333333333
HS010906,10,9.78,5.73,11.73,1.8499669666720486,1,90.0,0.1
HS010907,10,6.247999999999999,2.15,10.02,2.7263805880894747,2,80.0,0.2
HS010908,12,-0.7250000000000001,-3.58,3.21,1.6524169625678073,2,83.33333333333334,0.25
HS010909,6,22.42833333333333,15.55,29.92,6.508546432704208,0,100.0,0.3333333333333333
HS010910,10,9.973,9.03,11.77,0.8377224414380271,0,100.0,0.2
HS010911,12,5.6875,2.42,11.01,2.404356368231329,1,91.66666666666666,0.4166666666666667
HS010912,5,4.33,-1.31,7.17,3.274484692283658,1,80.0,0.4
HS010913,13,-16.90153846153846,-19.38,-11.02,2.377967781369371,1,92.3076923076923,0.38461538461538464
HS010914,8,5.87625,2.66,10.88,2.4071674966945817,1,87.5,0.25
HS010915,7,22.422857142857143,16.81,28.01,4.347611276266984,0,100.0,0.2857142857142857
HS010916,5,4.808,3.46,7.93,1.7799073009569908,0,100.0,0.2
HS010917,10,20.939,17.06,29.53,3.613300891613282,0,100.0,0.3
HS010918,12,10.523333333333333,8.46,14.98,2.1395255775451014,2,83.33333333333334,0.0
HS010919,6,22.875,18.56,26.39,3.0551382947421546,0,100.0,0.16666666666666666
HS010920,5,24.076,18.18,27.99,4.205737747411266,0,100.0,0.2
HS010921,7,22.42142857142857,17.48,32.6,5.386079058001992,1,85.71428571428571,0.14285714285714285
HS010922,13,5.310769230769231,-0.25,9.59,2.5607077847685704,2,84.61538461538461,0.23076923076923078
HS010923,8,22.5575,19.39,29.21,3.585959724098576,0,100.0,0.125
HS010924,9,10.51,8.21,11.94,1.2348279232346502,0,100.0,0.2222222222222222
HS010925,5,3.94,2.79,6.39,1.4357402271998925,0,100.0,0.4
HS010926,10,4.687,0.2,7.21,2.4566510628179254,1,90.0,0.3
HS010927,9,-18.142222222222223,-19.86,-15.05,2.0425521889157303,0,100.0,0.4444444444444444
HS010928,8,4.46375,2.13,7.54,2.036761697962163,0,100.0,0.375
HS010929,7,10.314285714285715,8.95,11.9,1.1253126549668637,0,100.0,0.14285714285714285
HS010930,9,11.758888888888889,8.92,17.73,2.5855775198417685,1,88.88888888888889,0.0
HS010931,8,10.12875,6.68,11.95,1.8437418280690572,1,87.5,0.25
HS010932,7,3.7542857142857144,2.11,7.14,1.739519638126736,0,100.0,0.14285714285714285
HS010933,4,20.41,16.58,27.69,4.979953145696587,0,100.0,0.25
HS010934,2,6.574999999999999,6.56,6.59,0.021213203435596916,0,100.0,0.0
HS010935,8,19.830000000000002,16.65,32.09,5.382989079365798,1,87.5,0.125
HS010936,6,19.99,11.73,29.63,6.674836327581373,1,83.33333333333334,0.3333333333333333
HS010937,6,5.9750000000000005,2.36,12.22,3.306634240432407,1,83.33333333333334,0.16666666666666666
HS010938,13,4.618461538461538,2.02,7.89,1.8382321496202365,0,100.0,0.38461538461538464
HS010939,6,5.22,3.21,6.77,1.2651640209870023,0,100.0,0.3333333333333333
HS010940,4,10.205,8.86,11.57,1.2509862775692897,0,100.0,0.25
HS010941,7,1.0242857142857142,-1.84,3.88,2.1400378278810646,0,100.0,0.14285714285714285
HS010942,15,5.137333333333333,2.0,8.7,2.1750778858523225,2,86.66666666666667,0.3333333333333333
HS010943,7,-0.3157142857142857,-1.87,1.47,1.4031138839839663,0,100.0,0.14285714285714285
HS010944,8,6.27125,2.39,13.21,3.4810812667494977,2,75.0,0.125
HS010945,9,10.956666666666667,8.77,14.54,1.9313466804279338,2,77.77777777777779,0.2222222222222222
HS010946,9,4.282222222222222,2.03,7.61,2.0687361949858287,0,100.0,0.0
HS010947,9,10.63,8.21,12.57,1.6875277775491575,0,100.0,0.4444444444444444
HS010948,9,22.404444444444444,17.14,29.26,4.268340166596118,0,100.0,0.5555555555555556
HS010949,9,10.787777777777778,8.63,12.6,1.169612946424775,0,100.0,0.1111111111111111
HS010950,5,6.5920000000000005,3.9,11.28,2.914939107425745,1,80.0,0.4
HS010951,16,4.7325,2.14,7.92,1.7479912280481653,0,100.0,0.4375
HS010952,9,10.807777777777778,8.92,12.74,1.3043655332936568,0,100.0,0.0
HS010953,11,4.44,2.13,7.19,1.6816598942711334,0,100.0,0.45454545454545453
HS010954,5,13.574000000000002,12.99,14.32,0.6099016314128042,0,100.0,0.4
HS010955,9,0.06666666666666667,-1.93,3.54,1.8055677777364105,0,100.0,0.3333333333333333
HS010956,12,24.136666666666667,15.76,29.25,4.305631266848173,0,100.0,0.3333333333333333
HS010957,14,5.840714285714285,1.61,10.64,2.1457595545480084,2,85.71428571428571,0.35714285714285715
HS010958,9,5.217777777777778,2.32,7.5,1.6906565128506872,0,100.0,0.4444444444444444
HS010959,5,21.904,18.77,27.65,3.5560905500282183,0,100.0,0.4
HS010960,10,4.6129999999999995,-1.79,7.85,3.0451383840111075,1,90.0,0.1
HS010961,5,24.958,19.61,29.89,4.88501484132853,0,100.0,0.2
HS010962,6,4.701666666666667,2.16,7.95,2.4406344803486384,0,100.0,0.16666666666666666
HS010963,8,6.35,4.37,7.84,1.3737019847321847,0,100.0,0.375
HS010964,12,12.826666666666666,8.37,14.38,1.5661320815849786,1,91.66666666666666,0.16666666666666666
HS010965,12,13.498333333333333,12.19,14.55,0.7844608262232018,0,100.0,0.16666666666666666
HS010966,9,0.9933333333333333,-0.26,5.05,1.6389935936421471,1,88.88888888888889,0.2222222222222222
HS010967,3,24.136666666666667,22.37,27.19,2.6551333927570067,0,100.0,0.0
HS010968,7,15.232857142857142,13.52,18.9,2.04339353597322,2,71.42857142857143,0.42857142857142855
HS010969,11,18.89,15.2,22.61,2.526289769602846,0,100.0,0.18181818181818182
HS010970,14,5.491428571428571,2.87,7.49,1.649773211187419,0,100.0,0.21428571428571427
HS010971,12,5.640000000000001,2.96,7.78,1.5609787139658715,0,100.0,0.08333333333333333
HS010972,10,25.541999999999998,16.35,32.87,4.928925508330051,1,90.0,0.3
HS010973,15,24.216666666666665,15.31,29.82,4.380705531347769,0,100.0,0.3333333333333333
HS010974,9,4.483333333333333,1.02,7.22,1.7308162814117505,1,88.88888888888889,0.4444444444444444
HS010975,6,11.438333333333333,8.32,13.51,1.7275580067443945,1,83.33333333333334,0.3333333333333333
HS010976,9,13.38888888888889,12.31,17.98,1.7865150744147424,1,88.88888888888889,0.2222222222222222
HS010977,11,9.832727272727272,5.57,12.53,1.869936313937407,1,90.9090909090909,0.18181818181818182
HS010978,13,20.68846153846154,15.35,26.25,4.198161990986544,0,100.0,0.38461538461538464
HS010979,15,5.225333333333333,2.19,7.92,2.150368296251554,0,100.0,0.06666666666666667
HS010980,7,5.472857142857143,3.65,7.92,1.532880885628042,0,100.0,0.42857142857142855
HS010981,14,13.435,12.2,14.59,0.8422017847011763,0,100.0,0.14285714285714285
HS010982,9,5.937777777777778,2.54,7.94,1.689584103986672,0,100.0,0.2222222222222222
HS010983,8,5.62625,1.27,9.75,2.5976964383303693,2,75.0,0.25
HS010984,8,5.67625,3.55,7.45,1.2450351400663358,0,100.0,0.125
HS010985,12,2.1558333333333333,-0.79,3.96,1.512676486072006,0,100.0,0.4166666666666667
HS010986,7,21.551428571428573,17.38,30.77,4.8011853695083415,1,85.71428571428571,0.14285714285714285
HS010987,10,25.685000000000002,20.87,31.49,3.4878240590182674,1,90.0,0.5
HS010988,8,5.56875,3.05,7.54,1.468346373111117,0,100.0,0.125
HS010989,8,13.758750000000001,12.01,15.15,1.158292308283437,1,87.5,0.125
HS010990,12,22.738333333333333,15.71,29.48,4.242501049088281,0,100.0,0.08333333333333333
HS010991,11,22.673636363636362,18.42,26.77,2.4891455269922353,0,100.0,0.2727272727272727
HS010992,12,20.221666666666668,15.87,29.56,4.332928535871518,0,100.0,0.16666666666666666
HS010993,11,4.218181818181818,2.02,7.55,1.737560463303756,0,100.0,0.18181818181818182
HS010994,9,14.41888888888889,13.57,15.69,0.6357366680561307,1,88.88888888888889,0.1111111111111111
HS010995,5,3.6399999999999997,2.32,5.07,1.1478458084603527,0,100.0,0.2
HS010996,11,5.409090909090909,3.45,7.89,1.6355455025492538,0,100.0,0.18181818181818182
HS010997,9,4.99,1.96,7.67,1.8236638944717856,1,88.88888888888889,0.5555555555555556
HS010998,11,5.2318181818181815,2.59,7.96,1.7576451187985487,0,100.0,0.2727272727272727
HS010999,10,1.736,-1.41,3.98,1.9349659773064056,0,100.0,0.4
HS011000,7,4.115714285714286,-0.11,8.11,2.7090887591147514,2,71.42857142857143,0.14285714285714285
HS011001,8,4.955,2.96,7.84,2.10234562878161,0,100.0,0.375
HS011002,5,-17.2,-19.99,-15.45,1.841358194377183,0,100.0,0.0
HS011003,8,3.7649999999999997,2.02,6.82,1.8042172818150257,0,100.0,0.25
HS011004,12,10.454166666666667,9.23,13.33,1.148837027237334,1,91.66666666666666,0.16666666666666666
HS011005,7,25.425714285714285,22.33,28.24,1.9379788194822734,0,100.0,0.42857142857142855
HS011006,11,4.499090909090909,2.22,7.97,1.9893790716977724,0,100.0,0.2727272727272727
HS011007,10,5.706,2.97,7.58,1.3570900240342691,0,100.0,0.0
HS011008,6,5.0,2.91,7.24,1.7470432164087983,0,100.0,0.0
HS011009,5,5.144,2.81,7.9,2.1473774703111697,0,100.0,0.4
HS011010,6,4.168333333333333,0.5,7.76,2.8180306362186105,1,83.33333333333334,0.16666666666666666
HS011011,8,9.875,8.7,11.57,1.116435654853683,0,100.0,0.125
HS011012,12,22.298333333333332,16.91,28.52,4.4914379825970165,0,100.0,0.16666666666666666
HS011013,7,9.711428571428572,8.19,11.15,1.00779344066511,0,100.0,0.2857142857142857
HS011014,9,21.232222222222223,15.91,28.06,4.451367143299286,0,100.0,0.1111111111111111
HS011015,8,-16.85,-19.61,-15.62,1.3320982374756423,0,100.0,0.25
HS011016,6,10.221666666666666,8.7,11.92,1.1896960396112386,0,100.0,0.16666666666666666
HS011017,9,1.3633333333333333,-1.74,3.4,1.8349386910739007,0,100.0,0.1111111111111111
HS011018,8,4.82125,0.19,7.39,2.362785508069418,1,87.5,0.25
HS011019,12,21.685833333333335,13.58,28.81,3.8189728707963853,1,91.66666666666666,0.08333333333333333
HS011020,15,6.16,2.2,9.8,1.8273360782453627,1,93.33333333333333,0.13333333333333333
HS011021,16,5.025625,2.5,7.41,1.8461526435626425,0,100.0,0.3125
HS011022,6,5.878333333333333,4.27,7.99,1.6525666905352618,0,100.0,0.3333333333333333
HS011023,4,26.295,21.51,30.47,4.3716091621583315,1,75.0,0.5
HS011024,9,-16.984444444444442,-19.2,-15.46,1.2949335032262386,0,100.0,0.2222222222222222
HS011025,6,5.158333333333333,3.66,6.52,1.217840985788648,0,100.0,0.16666666666666666
HS011026,8,5.575,3.52,7.41,1.3945711066233129,0,100.0,0.375
HS011027,10,5.3149999999999995,2.33,10.34,2.5399354759958412,1,90.0,0.4
HS011028,8,4.50875,2.05,7.07,1.9603894474604495,0,100.0,0.0
HS011029,6,0.8716666666666667,-1.71,4.57,2.2051250909339966,1,83.33333333333334,0.5
HS011030,11,22.755454545454544,13.03,29.97,4.501333943702386,1,90.9090909090909,0.18181818181818182
HS011031,7,2.7485714285714287,-0.72,9.63,3.3040199180767087,1,85.71428571428571,0.2857142857142857
HS011032,10,2.2809999999999997,-1.78,4.54,2.3451531577560845,2,80.0,0.2
HS011033,13,4.873846153846154,2.58,13.74,3.136262474298398,1,92.3076923076923,0.38461538461538464
HS011034,9,6.085555555555555,2.12,10.37,2.669696195782917,1,88.88888888888889,0.1111111111111111
HS011035,3,6.353333333333334,3.46,10.44,3.63979852922292,1,66.66666666666666,0.3333333333333333
HS011036,7,20.00857142857143,16.17,22.46,2.58909526393184,0,100.0,0.42857142857142855
HS011037,13,5.421538461538462,2.95,7.52,1.4214654770918997,0,100.0,0.3076923076923077
HS011038,6,4.368333333333333,2.14,7.41,1.994205773401197,0,100.0,0.0
HS011039,10,22.759999999999998,15.41,28.22,4.851375520864619,0,100.0,0.3
HS011040,5,5.766,3.73,7.64,1.7879960850068999,0,100.0,0.4
HS011041,8,4.66625,2.42,7.68,1.9947283202051782,0,100.0,0.125
HS011042,11,6.3518181818181825,3.76,10.47,2.0901952931810857,1,90.9090909090909,0.36363636363636365
HS011043,10,10.547,8.05,12.81,1.5637636223760512,0,100.0,0.2
HS011044,10,9.669,3.88,11.59,2.242614793296234,1,90.0,0.5
HS011045,9,23.174444444444443,16.23,29.57,4.478362175815817,0,100.0,0.2222222222222222
HS011046,5,26.21,21.37,29.65,3.519609353323178,0,100.0,0.4
HS011047,4,10.12,9.26,11.54,1.001598722043913,0,100.0,0.25
HS011048,5,24.118000000000002,21.62,27.01,1.943031137166876,0,100.0,0.0
HS011049,11,5.453636363636364,2.69,7.72,1.6565764258087985,0,100.0,0.36363636363636365
HS011050,8,25.2025,21.61,28.53,2.555016074872552,0,100.0,0.375
HS011051,11,22.599999999999998,15.13,28.39,4.549584596421964,0,100.0,0.18181818181818182
HS011052,4,20.529999999999998,14.53,26.93,6.336960364927862,1,75.0,0.75
HS011053,11,23.06090909090909,16.65,29.87,4.735049006178192,0,100.0,0.18181818181818182
HS011054,5,20.718,15.68,24.74,3.327276664180482,0,100.0,0.8
HS011055,12,-17.874166666666667,-19.71,-15.7,1.3912418150267007,0,100.0,0.4166666666666667
HS011056,8,10.89625,8.01,12.62,1.6004993640378977,0,100.0,0.125
HS011057,8,5.50625,2.09,7.89,2.128332261251921,0,100.0,0.375
HS011058,7,3.394285714285714,2.27,4.55,1.031032769328197,0,100.0,0.2857142857142857
HS011059,6,14.321666666666667,12.77,15.55,0.9450379181105208,1,83.33333333333334,0.0
HS011060,11,20.10090909090909,15.07,27.74,3.939589964819827,0,100.0,0.36363636363636365
HS011061,5,10.586,9.2,12.34,1.4159555077755797,0,100.0,0.2
HS011062,6,24.061666666666667,21.02,28.17,2.4954792458897885,0,100.0,0.16666666666666666
HS011063,12,5.175,2.14,9.5,2.4832365244502257,1,91.66666666666666,0.25
HS011064,4,22.94,15.36,27.44,5.427289071596118,0,100.0,0.5
HS011065,8,21.535,15.11,29.05,5.198290927932812,0,100.0,0.125
HS011066,10,4.154999999999999,2.35,7.44,1.7570445513860928,0,100.0,0.7
HS011067,4,4.815,2.25,7.86,2.562088991428674,0,100.0,0.25
HS011068,9,10.82888888888889,8.46,14.52,2.3709726086800558,2,77.77777777777779,0.1111111111111111
HS011069,8,24.7625,17.23,29.19,4.119277849332331,0,100.0,0.375
HS011070,10,20.851,15.02,25.25,3.2482284060357856,0,100.0,0.2
HS011071,9,9.833333333333334,8.38,12.37,1.2868274942664228,0,100.0,0.1111111111111111
HS011072,7,10.054285714285713,8.89,10.58,0.598382741029439,0,100.0,0.5714285714285714
HS011073,4,4.955,2.68,6.35,1.5909012121017025,0,100.0,0.0
HS011074,4,12.93,12.18,13.8,0.6674328930062312,0,100.0,0.25
HS011075,7,23.851428571428574,18.47,29.36,4.679688125546504,0,100.0,0.14285714285714285
HS011076,12,10.102500000000001,8.01,12.49,1.323714642415598,0,100.0,0.3333333333333333
HS011077,8,24.55875,18.01,29.75,4.5683802615681754,0,100.0,0.375
HS011078,12,23.858333333333334,16.89,28.85,4.771631764603141,0,100.0,0.08333333333333333
HS011079,5,22.808,16.1,28.03,4.869072807013672,0,100.0,0.4
HS011080,7,0.6271428571428571,-1.51,1.9,1.0718164377310495,0,100.0,0.5714285714285714
HS011081,11,10.485454545454546,8.28,12.31,1.2197078636818217,0,100.0,0.2727272727272727
HS011082,11,22.086363636363636,17.49,29.52,4.682736961921463,0,100.0,0.18181818181818182
HS011083,15,5.128,2.8,7.13,1.5724739380079678,0,100.0,0.3333333333333333
HS011084,10,22.903,17.26,29.7,4.434225599432969,0,100.0,0.1
HS011085,12,4.933333333333333,2.16,7.77,1.829830262040386,0,100.0,0.3333333333333333
HS011086,11,10.154545454545454,8.09,11.57,1.2282374659353426,0,100.0,0.18181818181818182
HS011087,6,26.073333333333334,21.67,29.72,3.3821038817083457,0,100.0,0.8333333333333334
HS011088,7,23.884285714285713,20.59,28.98,3.268836985549331,0,100.0,0.2857142857142857
HS011089,8,11.195,9.45,12.81,1.0349189064159303,0,100.0,0.25
HS011090,7,4.861428571428571,2.18,7.8,1.878824353786418,0,100.0,0.2857142857142857
HS011091,8,11.14375,9.0,15.12,2.0092567033607223,2,75.0,0.25
HS011092,10,1.293,-1.55,3.76,1.8518942254411352,0,100.0,0.0
HS011093,6,3.465,-1.91,6.41,3.1171958552519605,1,83.33333333333334,0.3333333333333333
HS011094,9,4.34,1.75,8.35,2.120294790825087,2,77.77777777777779,0.1111111111111111
HS011095,10,9.937999999999999,8.12,12.54,1.6816777336933497,0,100.0,0.1
HS011096,6,11.020000000000001,9.81,12.57,1.0015188465525748,0,100.0,0.5
HS011097,7,5.54,0.46,9.98,2.920348152760786,2,71.42857142857143,0.0
HS011098,7,8.807142857142857,3.04,12.23,3.0276377716283163,1,85.71428571428571,0.0
HS011099,9,5.435555555555556,3.34,7.71,1.4807186693554508,0,100.0,0.2222222222222222
HS011100,7,1.987142857142857,-0.59,3.91,1.4580090795980922,0,100.0,0.0
HS011101,9,5.542222222222223,2.4,7.63,1.8624230036284573,0,100.0,0.2222222222222222
HS011102,5,3.436,-2.69,6.6,3.837170832788136,1,80.0,0.2
HS011103,15,10.152,3.15,12.97,2.4890164437268902,1,93.33333333333333,0.06666666666666667
HS011104,12,10.1225,4.82,13.57,2.2050113378393315,2,83.33333333333334,0.25
HS011105,6,25.353333333333335,17.94,29.01,3.9847743558031823,0,100.0,0.3333333333333333
HS011106,4,18.2175,17.23,19.41,0.9055891268487417,0,100.0,0.0
HS011107,14,24.599999999999998,15.88,29.45,3.929807198245814,0,100.0,0.0
HS011108,18,22.78,15.56,29.7,3.9473073473087514,0,100.0,0.05555555555555555
HS011109,12,-16.771666666666665,-19.96,-15.33,1.4497450141526977,0,100.0,0.3333333333333333
HS011110,8,21.4,17.96,25.87,2.824535360019414,0,100.0,0.375
HS011111,10,3.7969999999999997,-0.27,7.47,2.2362321982398083,1,90.0,0.3
HS011112,6,20.12,16.63,23.14,2.116043477814196,0,100.0,0.5
HS011113,9,23.20111111111111,17.36,35.72,5.893404034266707,1,88.88888888888889,0.1111111111111111
HS011114,4,23.1675,18.54,29.65,4.6942970719799995,0,100.0,0.25
HS011115,10,4.737,2.3,6.76,1.5032043551471415,0,100.0,0.1
HS011116,13,4.453846153846154,-2.16,7.35,2.6955968370088854,1,92.3076923076923,0.3076923076923077
HS011117,10,10.763,9.23,13.05,1.2017491881050353,1,90.0,0.0
HS011118,10,4.733,2.18,7.32,2.181131459688857,0,100.0,0.2
HS011119,10,24.203,16.24,29.54,4.437148859346506,0,100.0,0.4
HS011120,7,5.352857142857142,3.01,7.18,1.6531153850201978,0,100.0,0.0
HS011121,6,10.338333333333333,8.44,12.16,1.452589641525323,0,100.0,0.0
HS011122,19,4.795263157894737,-1.87,7.89,2.3433579145724783,1,94.73684210526315,0.2631578947368421
HS011123,13,5.321538461538462,2.57,7.02,1.317218320007774,0,100.0,0.3076923076923077
HS011124,5,0.9099999999999999,-1.84,3.62,2.349382897698883,0,100.0,0.0
HS011125,12,4.714166666666666,1.99,7.94,2.228723476192893,1,91.66666666666666,0.16666666666666666
HS011126,10,5.581,2.41,9.4,2.4953755005787985,1,90.0,0.1
HS011127,12,5.154166666666667,2.32,9.14,2.0533097819389217,1,91.66666666666666,0.25
HS011128,6,4.898333333333333,2.83,7.33,1.8998359578307458,0,100.0,0.3333333333333333
HS011129,9,4.096666666666667,2.34,6.8,1.748663775572651,0,100.0,0.2222222222222222
HS011130,2,2.49,2.08,2.9,0.5798275605729687,0,100.0,0.5
HS011131,8,5.16875,2.14,7.82,1.8850952041134232,0,100.0,0.375
HS011132,9,10.843333333333334,6.6,12.47,2.335363997324614,2,77.77777777777779,0.2222222222222222
HS011133,8,4.74875,2.95,7.12,1.5832014356089643,0,100.0,0.125
HS011134,11,0.7463636363636365,-1.82,3.62,1.8226369508339981,0,100.0,0.45454545454545453
HS011135,8,5.22625,2.28,7.8,1.9902687363411864,0,100.0,0.25
HS011136,7,24.08142857142857,17.5,30.93,5.192146083497743,1,85.71428571428571,0.42857142857142855
HS011137,9,5.156666666666666,-2.3,9.36,3.397936874045779,2,77.77777777777779,0.1111111111111111
HS011138,8,23.345,15.59,28.8,3.899688632259175,0,100.0,0.0
HS011139,7,5.880000000000001,2.14,9.22,2.1437428328354438,1,85.71428571428571,0.0
HS011140,10,0.355,-1.84,3.57,1.99954578175478,0,100.0,0.5
HS011141,7,20.00714285714286,15.66,23.72,2.602913203097088,0,100.0,0.2857142857142857
HS011142,10,5.861,3.49,10.73,2.0189571015199355,1,90.0,0.3
HS011143,9,24.004444444444445,18.44,29.44,3.933341807900474,0,100.0,0.2222222222222222
HS011144,5,22.834,17.41,26.6,3.8165141163108514,0,100.0,0.0
HS011145,9,10.816666666666666,8.06,13.0,1.7695409009118717,0,100.0,0.4444444444444444
HS011146,7,23.389999999999997,21.24,27.73,2.5132316513471924,0,100.0,0.2857142857142857
HS011147,10,23.512999999999998,14.53,27.93,4.85960000640199,1,90.0,0.3
HS011148,6,5.885000000000001,2.06,11.89,4.357488955809297,2,66.66666666666666,0.3333333333333333
HS011149,7,11.168571428571429,9.31,14.21,1.5454926784192866,1,85.71428571428571,0.14285714285714285
HS011150,11,5.340909090909091,2.23,7.89,2.0929140189957853,0,100.0,0.18181818181818182
HS011151,5,23.163999999999998,18.31,29.87,4.367720229135563,0,100.0,0.2
HS011152,3,18.036666666666665,15.88,22.24,3.6406089234265915,0,100.0,0.0
HS011153,5,20.863999999999997,15.18,29.5,5.914890531531415,0,100.0,0.2
HS011154,9,4.958888888888889,2.01,7.06,2.060730722610577,0,100.0,0.0
HS011155,5,11.126000000000001,10.68,11.94,0.5068333059300656,0,100.0,0.6
HS011156,8,5.82,2.26,9.02,2.0627028038820465,1,87.5,0.25
HS011157,7,6.0,2.34,7.71,1.8906259986223255,0,100.0,0.2857142857142857
HS011158,3,12.883333333333333,12.07,13.68,0.8051293891874355,0,100.0,0.0
HS011159,11,10.564545454545454,8.69,13.5,1.456621870193934,1,90.9090909090909,0.36363636363636365
HS011160,5,13.036000000000001,12.43,14.49,0.835661414688988,0,100.0,0.4
HS011161,8,11.56375,9.86,14.1,1.4502899956314161,1,87.5,0.375
HS011162,8,5.41375,3.76,7.71,1.6219647477233103,0,100.0,0.125
HS011163,10,5.43,2.43,7.87,1.8749696293836633,0,100.0,0.1
HS011164,7,5.3999999999999995,2.43,10.13,2.6396843245610513,1,85.71428571428571,0.14285714285714285
HS011165,10,0.735,-1.06,3.92,1.7573164516133999,0,100.0,0.1
HS011166,11,21.547272727272727,15.88,29.45,4.970477021190403,0,100.0,0.18181818181818182
HS011167,3,4.883333333333333,2.51,6.26,2.0641301638543372,0,100.0,0.0
HS011168,4,-13.61,-15.36,-10.81,2.13870677435376,2,50.0,0.25
HS011169,6,5.013333333333334,2.17,7.74,2.219149987420108,0,100.0,0.3333333333333333
HS011170,7,4.255714285714285,2.18,7.45,2.104794979270405,0,100.0,0.42857142857142855
HS011171,4,5.7,2.61,10.38,3.734121940519172,1,75.0,0.25
HS011172,10,5.237,2.03,7.61,1.5999309012857053,0,100.0,0.3
HS011173,4,1.655,-0.63,3.37,1.8587719960590467,0,100.0,0.0
HS011174,11,5.038181818181818,2.21,7.77,1.949127077344205,0,100.0,0.2727272727272727
HS011175,6,4.9799999999999995,2.23,7.06,2.059592192643971,0,100.0,0.3333333333333333
HS011176,5,11.052000000000001,9.21,12.7,1.244174425070697,0,100.0,0.4
HS011177,8,5.66,3.44,7.84,1.5341726481350508,0,100.0,0.125
HS011178,7,4.408571428571428,2.08,6.65,1.8854657123323542,0,100.0,0.42857142857142855
HS011179,7,2.617142857142857,-1.84,8.5,3.1865117515642623,1,85.71428571428571,0.2857142857142857
HS011180,13,4.621538461538462,1.67,7.73,1.9468857446096068,1,92.3076923076923,0.23076923076923078
HS011181,9,10.325555555555555,8.17,12.79,1.4158046396935486,1,88.88888888888889,0.1111111111111111
HS011182,5,4.512,2.41,7.51,2.1502837022123384,0,100.0,0.0
HS011183,12,6.5808333333333335,4.39,11.6,2.0630888507431293,1,91.66666666666666,0.4166666666666667
HS011184,10,5.878,2.55,7.91,1.744781425343078,0,100.0,0.3
HS011185,8,4.16875,-2.42,7.47,3.225742162665826,1,87.5,0.375
HS011186,8,9.4975,5.54,11.49,1.8461291550546666,1,87.5,0.25
HS011187,10,10.164,8.48,16.01,2.207463098974326,1,90.0,0.1
HS011188,11,5.122727272727273,2.74,8.01,1.8959329677448562,1,90.9090909090909,0.2727272727272727
HS011189,8,13.536249999999999,9.62,14.94,1.811794197552723,1,87.5,0.375
HS011190,12,4.494166666666667,0.03,11.43,2.950680840796311,2,83.33333333333334,0.3333333333333333
HS011191,6,-0.4283333333333334,-1.18,0.45,0.6417294341594958,0,100.0,0.16666666666666666
HS011192,8,21.6475,15.07,26.98,3.971094667360985,0,100.0,0.125
HS011193,7,-18.71142857142857,-21.89,-16.2,1.899652850491624,1,85.71428571428571,0.14285714285714285
HS011194,7,10.65857142857143,8.81,12.32,1.176143820165836,1,85.71428571428571,0.42857142857142855
HS011195,9,4.577777777777778,2.65,6.67,1.498522420400991,0,100.0,0.3333333333333333
HS011196,9,21.385555555555555,16.59,25.87,3.438637488566915,0,100.0,0.0
HS011197,5,10.922,5.97,15.89,4.3134290303655165,3,40.0,0.0
HS011198,11,21.19363636363636,16.87,28.27,3.6933704735032284,0,100.0,0.2727272727272727
HS011199,10,5.036,3.33,7.83,1.3452979843390334,0,100.0,0.2
HS011200,9,9.851111111111111,8.98,10.92,0.824840051834967,0,100.0,0.4444444444444444
HS011201,7,10.245714285714286,8.83,11.98,1.1259197298632073,0,100.0,0.2857142857142857
HS011202,10,22.709,15.09,29.9,5.186590509295206,0,100.0,0.3
HS011203,9,23.53,16.04,33.02,5.7649241105152464,2,77.77777777777779,0.2222222222222222
HS011204,4,25.42,20.09,28.64,3.908938474829195,0,100.0,0.25
HS011205,10,3.883,-1.05,7.43,2.3123631491038195,1,90.0,0.3
HS011206,6,5.473333333333334,3.27,7.69,1.6894338302125558,0,100.0,0.16666666666666666
HS011207,8,11.0325,8.11,18.71,3.470223335752326,2,75.0,0.375
HS011208,6,5.88,2.65,9.05,2.2284882768370133,1,83.33333333333334,0.16666666666666666
HS011209,10,5.866,3.5,7.59,1.4796486069334165,0,100.0,0.5
HS011210,6,25.661666666666665,24.41,26.78,0.8998314657015882,0,100.0,0.3333333333333333
HS011211,10,4.448,-2.31,7.99,2.8798796271140685,1,90.0,0.4
HS011212,14,5.6207142857142856,2.31,8.0,1.9117992503467445,0,100.0,0.21428571428571427
HS011213,8,10.32,8.4,12.97,1.5970597985047397,0,100.0,0.25
HS011214,12,5.6875,0.56,7.83,2.2339452463380485,1,91.66666666666666,0.4166666666666667
HS011215,9,9.734444444444444,8.88,11.79,1.0735118899098315,0,100.0,0.4444444444444444
HS011216,11,23.64181818181818,15.51,29.15,4.180100042299987,0,100.0,0.09090909090909091
HS011217,11,10.693636363636363,9.11,11.95,1.0610020992182123,0,100.0,0.18181818181818182
HS011218,13,5.356153846153846,1.85,7.34,1.7368052014236677,1,92.3076923076923,0.46153846153846156
HS011219,10,10.106,8.01,12.18,1.239625391443363,0,100.0,0.4
HS011220,3,4.473333333333334,3.0,7.26,2.4146497330530847,0,100.0,0.0
HS011221,10,10.133,8.31,12.76,1.5046154916714702,0,100.0,0.3
HS011222,5,4.868,2.17,9.94,3.103235408408456,1,80.0,0.2
HS011223,6,1.4366666666666668,-1.85,3.97,2.243734981379634,0,100.0,0.16666666666666666
HS011224,5,-16.818,-18.41,-15.19,1.1891677762199917,0,100.0,0.4
HS011225,7,22.287142857142857,17.28,26.53,3.753756848304173,0,100.0,0.7142857142857143
HS011226,15,5.197333333333333,2.41,7.92,1.6919915005978126,0,100.0,0.4
HS011227,4,2.47,0.11,3.82,1.75409995914334,0,100.0,0.0
HS011228,8,20.66,16.99,29.55,4.711172131979775,0,100.0,0.375
HS011229,6,10.835,8.56,15.13,2.4573217127596454,1,83.33333333333334,0.16666666666666666
HS011230,5,25.348000000000003,21.17,29.63,3.8982072802764085,0,100.0,0.4
HS011231,7,22.76571428571429,17.73,28.51,4.61258010641498,0,100.0,0.2857142857142857
HS011232,7,24.37142857142857,17.33,32.76,5.6499216176611045,1,85.71428571428571,0.2857142857142857
HS011233,7,0.7700000000000001,-4.51,3.41,2.8117432315202606,1,85.71428571428571,0.14285714285714285
HS011234,9,5.016666666666667,2.67,7.98,1.5438021246260805,0,100.0,0.3333333333333333
HS011235,9,5.3133333333333335,2.56,7.54,1.7576404638036753,0,100.0,0.2222222222222222
HS011236,13,0.5007692307692307,-4.3,5.64,2.7085834598502516,2,84.61538461538461,0.07692307692307693
HS011237,8,24.028750000000002,16.62,32.02,4.493250295085476,1,87.5,0.25
HS011238,9,11.734444444444444,8.51,17.02,2.5102445653317877,1,88.88888888888889,0.1111111111111111
HS011239,7,22.252857142857145,18.35,28.15,4.157706556447174,0,100.0,0.0
HS011240,6,3.86,2.33,6.83,1.5865055940651454,0,100.0,0.16666666666666666
HS011241,5,14.307999999999998,12.95,17.71,1.9359803718013264,1,80.0,0.8
HS011242,4,-19.625,-19.91,-19.15,0.32949456242351927,0,100.0,0.25
HS011243,5,26.796,19.64,29.54,4.091879763629425,0,100.0,0.0
HS011244,13,0.6707692307692308,-1.97,2.91,1.893952927690573,0,100.0,0.07692307692307693
HS011245,4,23.2775,15.97,29.88,6.749525291949551,0,100.0,0.0
HS011246,4,6.99,6.12,7.83,0.8068457101577725,0,100.0,0.75
HS011247,14,21.292142857142856,15.77,29.93,4.627982079899201,0,100.0,0.42857142857142855
HS011248,3,-17.900000000000002,-19.43,-15.75,1.9167420275039622,0,100.0,0.0
HS011249,8,22.1975,16.16,33.63,6.336118122095173,1,87.5,0.5
HS011250,14,10.892142857142858,8.05,12.89,1.574392085714496,0,100.0,0.35714285714285715
HS011251,6,5.198333333333333,2.62,7.2,2.0962291541400404,0,100.0,0.3333333333333333
HS011252,7,23.448571428571427,16.33,29.27,5.2484709791564645,0,100.0,0.14285714285714285
HS011253,13,9.668461538461539,8.27,11.57,1.1399769453359287,0,100.0,0.38461538461538464
HS011254,12,4.744166666666667,2.3,9.26,2.229457570936496,1,91.66666666666666,0.08333333333333333
HS011255,5,22.448,15.22,28.18,5.071850747015334,0,100.0,0.2
HS011256,8,5.64625,2.97,7.9,1.7024682711538897,0,100.0,0.25
HS011257,8,23.5775,15.7,33.79,5.716626752602571,1,87.5,0.25
HS011258,10,6.411,4.58,7.74,1.2134473389663207,0,100.0,0.1
HS011259,6,21.221666666666668,16.13,26.8,3.5858690253084626,0,100.0,0.16666666666666666
HS011260,9,4.728888888888889,2.24,7.53,1.7722122082615026,0,100.0,0.5555555555555556
HS011261,10,-16.913,-19.38,-12.54,2.048256982574859,1,90.0,0.1
HS011262,11,22.215454545454545,16.85,28.21,4.33138168171858,0,100.0,0.2727272727272727
HS011263,9,5.957777777777777,3.12,13.35,3.2090955804469963,1,88.88888888888889,0.1111111111111111
HS011264,5,10.065999999999999,8.2,11.73,1.4888015314339247,0,100.0,0.4
HS011265,11,5.09,-2.09,7.95,2.895582842883277,1,90.9090909090909,0.36363636363636365
HS011266,7,1.0,-1.98,3.25,2.394904312632692,0,100.0,0.14285714285714285
HS011267,6,6.133333333333333,2.75,7.89,1.9157313659975048,0,100.0,0.6666666666666666
HS011268,6,2.6350000000000002,0.93,3.88,1.2988109947178612,0,100.0,0.16666666666666666
HS011269,13,22.43307692307692,15.69,29.06,4.9557363808946775,0,100.0,0.6153846153846154
HS011270,12,21.766666666666666,15.28,28.08,4.778364751352674,0,100.0,0.08333333333333333
HS011271,9,10.302222222222222,8.22,12.61,1.9867673352570614,0,100.0,0.2222222222222222
HS011272,6,1.4316666666666666,-0.49,3.22,1.2565097161051588,0,100.0,0.5
HS011273,7,2.6942857142857144,-1.86,7.69,3.3617696586909758,2,71.42857142857143,0.42857142857142855
HS011274,10,10.047,8.28,12.34,1.5807456046646684,0,100.0,0.2
HS011275,11,4.962727272727272,2.12,7.35,1.8815955511697562,0,100.0,0.2727272727272727
HS011276,7,0.29714285714285715,-1.41,2.85,1.611559434064971,0,100.0,0.14285714285714285
HS011277,10,24.452,15.53,31.96,5.442213193586268,1,90.0,0.3
HS011278,9,5.492222222222222,2.86,7.97,1.7530956746408464,0,100.0,0.0
HS011279,18,9.813333333333334,7.89,11.92,1.263026244429484,1,94.44444444444444,0.2777777777777778
HS011280,8,4.765,2.56,7.06,1.7408454432093785,0,100.0,0.125
HS011281,10,24.357,16.45,29.81,4.6251055243217,0,100.0,0.2
HS011282,11,2.1963636363636363,-1.37,6.16,2.114394819929678,2,81.81818181818183,0.2727272727272727
HS011283,9,4.444444444444445,2.04,6.27,1.594977359644261,0,100.0,0.3333333333333333
HS011284,10,24.863999999999997,19.79,29.59,3.5881601599334076,0,100.0,0.4
HS011285,7,13.497142857142858,12.28,14.93,1.053117820026393,0,100.0,0.2857142857142857
HS011286,7,4.92,2.35,7.81,1.9864625174750552,0,100.0,0.42857142857142855
HS011287,6,5.093333333333334,2.3,7.5,2.1737494489169324,0,100.0,0.5
HS011288,8,6.235,2.81,11.96,3.2959022176896315,2,75.0,0.25
HS011289,9,20.08888888888889,15.32,26.44,3.492894374456679,0,100.0,0.2222222222222222
HS011290,8,10.06625,8.45,11.27,0.8559362042315338,0,100.0,0.25
HS011291,8,21.95,17.18,27.68,3.89886063943228,0,100.0,0.125
HS011292,3,4.03,2.15,5.42,1.6891713945008657,0,100.0,0.0
HS011293,9,24.25,17.01,29.35,3.4339336044833484,0,100.0,0.1111111111111111
HS011294,4,20.427500000000002,15.58,24.7,3.8026251896989964,0,100.0,0.0
HS011295,9,23.855555555555554,15.62,29.39,5.130490013417606,0,100.0,0.2222222222222222
HS011296,12,13.693333333333333,12.07,14.97,0.847738524582082,0,100.0,0.08333333333333333
HS011297,11,6.241818181818181,2.62,12.46,2.5091385700348168,1,90.9090909090909,0.09090909090909091
HS011298,3,23.866666666666664,20.14,29.76,5.1630352829835795,0,100.0,0.3333333333333333
HS011299,10,2.528,-2.74,7.53,3.033446151748133,4,60.0,0.2
HS011300,8,6.3462499999999995,2.8,8.73,1.8256422548947373,1,87.5,0.375
HS011301,5,20.816,11.87,28.02,6.49835594592971,1,80.0,0.4
HS011302,13,23.125384615384615,16.1,28.27,4.251120666727413,0,100.0,0.23076923076923078
HS011303,13,4.1,-1.01,9.56,2.465775740005567,3,76.92307692307693,0.23076923076923078
HS011304,9,22.093333333333334,18.41,27.65,2.902132836380857,0,100.0,0.4444444444444444
HS011305,11,9.937272727272727,8.12,13.2,1.4479785282185016,1,90.9090909090909,0.2727272727272727
HS011306,5,4.606,2.89,6.52,1.4666560605677117,0,100.0,0.0
HS011307,8,23.44375,16.02,29.83,4.667917668205263,0,100.0,0.25
HS011308,7,10.657142857142857,8.98,14.15,1.6795705233353984,1,85.71428571428571,0.0
HS011309,8,10.3725,8.51,12.05,1.2673453695478147,0,100.0,0.25
HS011310,6,22.116666666666664,15.65,29.9,4.658427488613153,0,100.0,0.5
HS011311,7,4.482857142857143,2.98,6.66,1.4086247937345873,0,100.0,0.0
HS011312,9,9.86888888888889,5.85,11.71,1.7898564498615837,1,88.88888888888889,0.2222222222222222
HS011313,5,9.416,8.12,10.76,1.0356302428956008,0,100.0,0.0
HS011314,14,4.9871428571428575,2.01,8.0,2.371489076416006,0,100.0,0.21428571428571427
HS011315,16,4.965,2.03,7.89,2.034522056896902,0,100.0,0.375
HS011316,7,24.98857142857143,17.56,28.05,4.004499255302002,0,100.0,0.2857142857142857
HS011317,13,-18.01615384615385,-19.88,-16.08,1.060923642096345,0,100.0,0.0
HS011318,7,3.7342857142857144,1.04,7.66,2.2094030652558403,1,85.71428571428571,0.14285714285714285
HS011319,6,9.661666666666667,8.57,10.97,0.8548079706382403,0,100.0,0.16666666666666666
HS011320,6,5.261666666666667,1.19,7.42,2.24404471137869,1,83.33333333333334,0.5
HS011321,6,4.43,2.11,7.05,1.6965494393031992,0,100.0,0.16666666666666666
HS011322,8,21.805,15.8,29.94,4.923509201488594,0,100.0,0.0
HS011323,6,26.508333333333336,24.43,27.7,1.2751065314971401,0,100.0,0.3333333333333333
HS011324,10,5.264,2.19,7.26,1.7347571075577761,0,100.0,0.2
HS011325,11,23.438181818181818,15.85,29.78,4.264138408123776,0,100.0,0.18181818181818182
HS011326,3,9.41,8.81,9.79,0.5257375771237962,0,100.0,0.0
HS011327,11,5.615454545454546,2.08,7.6,1.6641836655631714,0,100.0,0.18181818181818182
HS011328,11,24.112727272727273,16.2,29.82,4.851459761575048,0,100.0,0.09090909090909091
HS011329,11,5.948181818181819,2.17,7.9,1.6631224740338166,0,100.0,0.45454545454545453
HS011330,5,25.222,16.66,29.38,5.17474830305784,0,100.0,0.2
HS011331,13,10.693076923076923,8.05,16.88,2.3473402842912248,1,92.3076923076923,0.15384615384615385
HS011332,12,24.878333333333334,15.14,31.78,5.975817682099829,1,91.66666666666666,0.25
HS011333,5,10.006,8.12,12.03,1.6273844044969832,0,100.0,0.4
HS011334,7,13.895714285714286,12.2,16.5,1.4527658350293664,1,85.71428571428571,0.42857142857142855
HS011335,10,4.58,2.31,6.72,1.257925982630845,0,100.0,0.4
HS011336,8,25.21625,16.16,29.86,4.556260802456331,0,100.0,0.25
HS011337,12,0.7174999999999999,-1.44,3.04,1.6031113214904662,0,100.0,0.3333333333333333
HS011338,6,-17.863333333333333,-19.95,-13.63,2.360251399039235,1,83.33333333333334,0.3333333333333333
HS011339,10,10.611,8.66,11.68,1.0698125484816898,0,100.0,0.1
HS011340,14,10.112142857142857,4.4,11.44,1.968526112335077,1,92.85714285714286,0.5
HS011341,11,9.899090909090908,8.14,11.88,1.4624325936292217,0,100.0,0.45454545454545453
HS011342,10,20.608,16.07,27.31,4.730865084151571,0,100.0,0.3
HS011343,10,10.226,7.51,12.9,2.004091370726949,1,90.0,0.1
HS011344,5,5.718,1.43,7.77,2.543279379069472,1,80.0,0.4
HS011345,11,1.0163636363636364,-2.82,3.59,2.14428203708035,1,90.9090909090909,0.2727272727272727
HS011346,11,1.2372727272727273,-1.55,7.47,2.5961205322907905,1,90.9090909090909,0.36363636363636365
HS011347,2,3.005,2.38,3.63,0.8838834764831844,0,100.0,0.5
HS011348,5,8.992,8.64,9.52,0.4729376280229775,0,100.0,0.4
HS011349,5,5.61,3.77,7.66,1.4631814651641812,0,100.0,0.4
HS011350,7,5.598571428571428,3.82,7.73,1.6455133805941187,0,100.0,0.14285714285714285
HS011351,7,11.357142857142858,9.13,13.66,1.5974637636548998,1,85.71428571428571,0.14285714285714285
HS011352,6,5.951666666666667,3.65,7.72,1.7489244313768009,0,100.0,0.16666666666666666
HS011353,7,10.41,8.74,11.9,1.3037509987212537,0,100.0,0.14285714285714285
HS011354,6,21.561666666666667,17.39,28.31,4.608276973736134,0,100.0,0.8333333333333334
HS011355,4,24.665,21.19,28.7,3.162809932112055,0,100.0,0.0
HS011356,7,11.549999999999999,10.15,14.08,1.3498394966316056,2,71.42857142857143,0.2857142857142857
HS011357,7,5.215714285714285,2.53,7.55,1.952083136402897,0,100.0,0.2857142857142857
HS011358,7,5.215714285714285,2.97,7.95,1.7571080135918142,0,100.0,0.2857142857142857
HS011359,6,22.680000000000003,16.39,28.91,5.072214506505024,0,100.0,0.0
HS011360,7,0.74,-1.96,2.58,1.6755993952413963,0,100.0,0.14285714285714285
HS011361,6,0.45,-1.91,3.91,2.4412210059722166,0,100.0,0.6666666666666666
HS011362,7,10.515714285714285,8.67,12.25,1.1928377529077057,0,100.0,0.2857142857142857
HS011363,14,10.597857142857142,8.5,13.63,1.406551585487487,1,92.85714285714286,0.42857142857142855
HS011364,12,4.6275,2.8,6.91,1.4359800264501024,0,100.0,0.16666666666666666
HS011365,6,-17.663333333333334,-19.91,-15.94,1.6248281960461748,0,100.0,0.0
HS011366,4,25.54,17.3,30.15,5.8507720288294705,1,75.0,0.75
HS011367,4,27.7425,21.19,32.5,4.752658028233604,1,75.0,0.75
HS011368,4,-16.8275,-19.38,-15.11,2.072749783902211,0,100.0,0.5
HS011369,9,5.8066666666666675,2.43,10.88,2.7428452380694037,1,88.88888888888889,0.3333333333333333
HS011370,7,22.454285714285714,15.0,28.93,5.4082401855651625,0,100.0,0.0
HS011371,6,22.311666666666667,15.4,28.48,5.501964800565946,0,100.0,0.16666666666666666
HS011372,7,20.18,10.73,29.92,7.415573702238643,1,85.71428571428571,0.0
HS011373,11,23.762727272727272,17.83,28.39,3.629002868307191,0,100.0,0.5454545454545454
HS011374,12,3.3441666666666667,2.1,5.93,1.3085693668578628,0,100.0,0.25
HS011375,11,5.221818181818182,2.8,7.79,1.5311095204577507,0,100.0,0.36363636363636365
HS011376,7,4.654285714285714,2.35,7.4,1.6986254947540884,0,100.0,0.42857142857142855
HS011377,9,13.601111111111111,12.52,14.92,0.8560438721882841,0,100.0,0.2222222222222222
HS011378,8,-17.405,-19.91,-15.32,1.72854191238082,0,100.0,0.0
HS011379,8,5.045,2.08,7.28,1.8227608572868634,0,100.0,0.375
HS011380,5,3.336,2.23,4.38,0.8504880951547765,0,100.0,0.2
HS011381,5,13.878,12.77,14.5,0.8035981582855954,0,100.0,0.2
HS011382,3,4.946666666666666,3.4,7.77,2.448802428399101,0,100.0,0.0
HS011383,6,5.93,4.21,7.1,1.1602585918664856,0,100.0,0.3333333333333333
HS011384,10,5.57,3.41,8.69,1.7665911933564156,1,90.0,0.5
HS011385,2,14.145,13.95,14.34,0.27577164466275395,0,100.0,0.0
HS011386,12,1.1391666666666669,-6.87,4.2,3.0696652418414776,2,83.33333333333334,0.25
HS011387,6,10.341666666666667,8.72,14.43,2.2033466968833264,1,83.33333333333334,0.6666666666666666
HS011388,5,5.529999999999999,3.21,9.62,2.552900311410533,1,80.0,0.4
HS011389,5,5.184,2.85,7.95,2.268475258846788,0,100.0,0.0
HS011390,9,22.21777777777778,15.24,32.37,5.884942178513263,1,88.88888888888889,0.1111111111111111
HS011391,13,4.747692307692308,2.22,7.04,1.6576094928448109,0,100.0,0.23076923076923078
HS011392,9,1.1800000000000002,-0.91,3.77,1.5140508577983767,0,100.0,0.1111111111111111
HS011393,11,21.17909090909091,15.08,28.83,4.280655217476536,0,100.0,0.09090909090909091
HS011394,10,5.224,2.37,11.22,2.8172295295595324,1,90.0,0.1
HS011395,6,23.948333333333334,15.35,29.26,4.820603350895681,0,100.0,0.16666666666666666
HS011396,10,13.553,9.04,14.78,1.7556831528875982,1,90.0,0.2
HS011397,9,4.602222222222222,2.64,7.46,1.841377051134407,0,100.0,0.2222222222222222
HS011398,8,10.58125,8.41,11.54,1.1412829560254925,0,100.0,0.125
HS011399,8,2.3425000000000002,0.92,3.79,1.108161282743369,0,100.0,0.5
HS011400,3,24.42,19.66,27.69,4.217262145041496,0,100.0,0.0
HS011401,7,-16.908571428571427,-19.37,-15.27,1.5159532597393253,0,100.0,0.0
HS011402,6,-16.348333333333333,-19.96,-10.82,3.057289104201084,1,83.33333333333334,0.16666666666666666
HS011403,11,10.645454545454545,8.75,12.74,1.0653953598206036,0,100.0,0.09090909090909091
HS011404,12,22.64333333333333,15.1,29.52,4.6954936488148515,0,100.0,0.16666666666666666
HS011405,10,5.079,2.21,7.91,1.9485518839498333,0,100.0,0.5
HS011406,11,10.198181818181817,8.37,12.12,1.220285361559485,0,100.0,0.45454545454545453
HS011407,11,23.372727272727275,15.98,29.33,4.399411530896128,0,100.0,0.09090909090909091
HS011408,7,4.751428571428571,-0.66,7.3,2.663008502749153,1,85.71428571428571,0.14285714285714285
HS011409,7,6.054285714285714,4.76,7.91,1.22113140356061,0,100.0,0.2857142857142857
HS011410,11,9.535454545454545,5.17,13.03,2.0503334540330926,2,81.81818181818183,0.18181818181818182
HS011411,11,13.696363636363635,12.22,17.77,1.559700437438374,1,90.9090909090909,0.18181818181818182
HS011412,4,21.9275,19.33,25.65,2.6675378785189396,0,100.0,0.5
HS011413,10,4.649,3.26,7.0,1.2060905622897664,0,100.0,0.4
HS011414,8,22.1925,16.99,27.42,3.6649605337964726,0,100.0,0.375
HS011415,8,9.97625,8.18,10.85,0.9867108058016364,0,100.0,0.25
HS011416,12,0.4383333333333333,-1.8,4.0,1.9235234400033767,0,100.0,0.25
HS011417,10,4.558,2.04,7.45,2.3244105584953028,0,100.0,0.0
HS011418,7,-17.02,-22.75,-15.1,2.7131470042492487,1,85.71428571428571,0.14285714285714285
HS011419,7,4.322857142857143,2.1,7.1,1.9220883979473495,0,100.0,0.42857142857142855
HS011420,8,1.57,-1.0,4.56,1.9355250302843263,1,87.5,0.25
HS011421,9,4.454444444444444,2.17,9.95,2.506601838700709,1,88.88888888888889,0.3333333333333333
HS011422,10,23.932,17.65,29.03,3.6766343304712814,0,100.0,0.2
HS011423,8,4.82,2.57,6.6,1.3355041851568377,0,100.0,0.25
HS011424,9,5.527777777777778,2.13,10.49,2.594343740610416,1,88.88888888888889,0.3333333333333333
HS011425,12,-17.281666666666666,-19.92,-14.44,1.6600538508972504,1,91.66666666666666,0.3333333333333333
HS011426,7,4.924285714285714,3.28,7.84,2.015397869262685,0,100.0,0.42857142857142855
HS011427,5,13.516,12.52,14.14,0.6290707432395822,0,100.0,0.4
HS011428,5,23.948,19.56,29.18,4.052921168737433,0,100.0,0.2
HS011429,4,14.9675,13.2,16.34,1.4773709757538895,2,50.0,0.5
HS011430,10,11.262,8.08,13.06,1.5550548400476283,1,90.0,0.0
HS011431,7,2.025714285714286,0.43,6.73,2.197497494445725,1,85.71428571428571,0.14285714285714285
HS011432,9,9.652222222222223,8.0,11.83,1.4529777852549721,0,100.0,0.1111111111111111
HS011433,7,10.702857142857143,9.33,12.78,1.1918992447030952,1,85.71428571428571,0.14285714285714285
HS011434,7,10.299999999999999,8.09,15.55,2.667208278331485,1,85.71428571428571,0.42857142857142855
HS011435,11,13.884545454545453,12.39,15.55,0.9271824376719358,1,90.9090909090909,0.09090909090909091
HS011436,8,4.3975,2.27,7.96,2.2699638134308913,0,100.0,0.125
HS011437,11,23.548181818181817,17.0,29.08,4.379643405990533,0,100.0,0.18181818181818182
HS011438,12,6.151666666666667,2.32,12.96,2.810547773633956,1,91.66666666666666,0.4166666666666667
HS011439,5,4.7700000000000005,3.14,6.97,1.5418008950574649,0,100.0,0.6
HS011440,10,1.222,-1.87,4.66,1.993694504626468,1,90.0,0.4
HS011441,8,5.20625,2.97,9.29,2.245763869408994,1,87.5,0.25
HS011442,12,5.1466666666666665,2.58,7.89,1.9249761903289433,0,100.0,0.25
HS011443,10,5.147,2.14,8.23,2.447656702508204,1,90.0,0.3
HS011444,6,5.093333333333334,3.82,7.36,1.34175506955132,0,100.0,0.3333333333333333
HS011445,9,4.545555555555556,2.04,7.23,2.1567400811821944,0,100.0,0.2222222222222222
HS011446,11,9.32909090909091,5.22,12.53,1.847173270407812,2,81.81818181818183,0.2727272727272727
HS011447,5,24.332,20.64,29.33,4.4249259880816085,0,100.0,0.0
HS011448,5,19.944,15.13,23.02,2.9438800926668187,0,100.0,0.0
HS011449,10,22.523000000000003,16.48,29.69,4.454249032602965,0,100.0,0.2
HS011450,7,10.817142857142857,8.04,14.08,2.020839052520135,1,85.71428571428571,0.5714285714285714
HS011451,7,6.011428571428572,3.7,7.75,1.5472710231396498,0,100.0,0.2857142857142857
HS011452,12,1.2425,-1.86,3.79,2.101445930781946,0,100.0,0.3333333333333333
HS011453,10,10.39,9.42,11.6,0.7575838787443494,0,100.0,0.2
HS011454,11,22.33,18.12,28.18,2.9603445745385786,0,100.0,0.09090909090909091
HS011455,9,22.734444444444446,15.35,31.87,5.11486586117151,1,88.88888888888889,0.2222222222222222
HS011456,7,13.555714285714286,12.22,17.29,1.8034860422975012,1,85.71428571428571,0.2857142857142857
HS011457,4,23.365000000000002,18.17,28.62,4.9093821742998704,0,100.0,0.5
HS011458,6,13.096666666666666,12.17,13.79,0.6922042087900555,0,100.0,0.3333333333333333
HS011459,12,4.9591666666666665,2.2,7.34,2.008108374173128,0,100.0,0.25
HS011460,5,14.012,12.17,14.68,1.0436091222291992,0,100.0,0.4
HS011461,5,13.706,13.15,14.28,0.5018266633011833,0,100.0,0.4
HS011462,7,21.240000000000002,15.73,31.02,5.952682868533593,1,85.71428571428571,0.42857142857142855
HS011463,14,1.557857142857143,-1.92,5.94,2.124125805963583,1,92.85714285714286,0.2857142857142857
HS011464,11,10.114545454545455,8.18,14.04,1.6433524493325433,1,90.9090909090909,0.18181818181818182
HS011465,9,23.61111111111111,18.27,29.87,4.217503540142096,0,100.0,0.2222222222222222
HS011466,12,22.515,14.29,34.52,6.192164403502219,2,83.33333333333334,0.0
HS011467,9,22.525555555555556,17.8,29.82,4.660260483897631,0,100.0,0.2222222222222222
HS011468,7,26.759999999999998,20.44,29.36,3.06490891653678,0,100.0,0.14285714285714285
HS011469,12,22.879166666666666,18.49,28.9,3.610984399486286,0,100.0,0.4166666666666667
HS011470,16,-18.180625,-19.96,-12.71,1.9703078228202482,1,93.75,0.125
HS011471,8,5.54375,3.1,7.56,1.6780510591584679,0,100.0,0.25
HS011472,8,23.61,18.86,28.86,3.3455343369931207,0,100.0,0.25
HS011473,7,13.387142857142857,12.79,14.87,0.7163498746123591,0,100.0,0.14285714285714285
HS011474,13,13.732307692307693,12.03,14.87,0.9091493629225972,0,100.0,0.38461538461538464
HS011475,12,5.2725,2.6,7.6,1.8863101306760004,0,100.0,0.3333333333333333
HS011476,6,9.625,8.57,10.94,1.0040866496473302,0,100.0,0.5
HS011477,11,2.327272727272727,-1.48,6.13,2.4334916926469705,2,81.81818181818183,0.36363636363636365
HS011478,6,24.235,17.52,27.22,3.4710963685844285,0,100.0,0.3333333333333333
HS011479,11,5.075454545454545,2.62,7.41,1.7062143103160492,0,100.0,0.36363636363636365
HS011480,8,1.09,-1.76,4.23,1.827910594875237,1,87.5,0.0
HS011481,9,4.7988888888888885,0.47,7.94,2.2683168013112964,1,88.88888888888889,0.4444444444444444
HS011482,6,5.8500000000000005,2.97,10.46,3.0431562562576375,1,83.33333333333334,0.16666666666666666
HS011483,12,9.4475,8.07,11.77,1.220410698382832,0,100.0,0.25
HS011484,5,11.072,9.22,14.56,2.2110902288237804,1,80.0,0.4
HS011485,11,-18.171818181818182,-19.86,-15.34,1.3398866980593416,0,100.0,0.5454545454545454
HS011486,5,6.524000000000001,2.64,7.94,2.265188733858616,0,100.0,0.2
HS011487,7,4.288571428571428,2.35,7.54,1.8959116415015105,0,100.0,0.42857142857142855
HS011488,5,4.9879999999999995,2.37,7.34,1.9167602875685836,0,100.0,0.0
HS011489,6,9.726666666666667,8.86,11.19,0.8499568616504405,0,100.0,0.3333333333333333
HS011490,8,3.9825,2.01,6.56,1.893747230078125,0,100.0,0.125
HS011491,7,5.687142857142858,2.09,13.44,3.857839266937363,1,85.71428571428571,0.2857142857142857
HS011492,12,4.138333333333334,1.08,7.93,2.569895057402268,1,91.66666666666666,0.08333333333333333
HS011493,8,27.0625,17.27,29.91,4.331679812728546,0,100.0,0.125
HS011494,7,6.1414285714285715,2.38,7.72,1.8473984281634952,0,100.0,0.7142857142857143
HS011495,8,11.10125,8.4,17.96,3.0614302796475474,1,87.5,0.0
HS011496,6,-17.433333333333334,-19.68,-16.31,1.603953449033564,0,100.0,0.16666666666666666
HS011497,6,12.969999999999999,12.02,14.8,1.1715289155629067,0,100.0,0.16666666666666666
HS011498,14,14.022142857142857,12.0,16.81,1.3536968105691372,2,85.71428571428571,0.2857142857142857
HS011499,3,4.51,3.44,6.01,1.337871443749361,0,100.0,0.6666666666666666
HS011500,9,13.69,12.74,14.68,0.7893826701923472,0,100.0,0.3333333333333333
HS011501,10,10.538,8.01,13.69,1.7857883413215576,1,90.0,0.3
HS011502,9,21.668888888888887,16.96,28.41,4.1612451395118635,0,100.0,0.4444444444444444
HS011503,7,4.718571428571429,-1.73,7.59,3.399962884951484,1,85.71428571428571,0.14285714285714285
HS011504,10,24.325,15.76,29.85,4.7472758270167725,0,100.0,0.5
HS011505,5,22.622,18.65,26.47,2.8471687691459393,0,100.0,0.2
HS011506,9,4.825555555555556,2.26,7.74,2.0022244573917725,0,100.0,0.0
HS011507,8,-17.58875,-19.86,-14.0,2.0520264374515254,1,87.5,0.375
HS011508,15,5.823333333333333,2.11,7.7,1.5948160067036243,0,100.0,0.26666666666666666
HS011509,16,4.88125,2.61,7.67,1.752719315806156,0,100.0,0.375
HS011510,8,5.4125,3.59,7.61,1.4412073311736142,0,100.0,0.25
HS011511,9,9.724444444444444,8.09,11.05,1.0814817510146797,0,100.0,0.3333333333333333
HS011512,6,11.306666666666667,9.69,14.88,1.9240755355927872,1,83.33333333333334,0.0
HS011513,5,22.942,16.67,28.0,4.6747374257812595,0,100.0,0.6
HS011514,5,10.09,8.26,12.16,1.6248692255070871,1,80.0,0.0
HS011515,11,1.3318181818181818,-1.52,5.02,2.015871117813925,1,90.9090909090909,0.09090909090909091
HS011516,8,21.40625,17.26,27.16,3.402204904805958,0,100.0,0.125
HS011517,9,5.346666666666667,2.86,6.97,1.2015822901491182,0,100.0,0.2222222222222222
HS011518,8,6.91875,5.08,12.47,2.4990251670830137,1,87.5,0.125
HS011519,10,10.51,8.01,12.75,1.734710990978677,0,100.0,0.3
HS011520,9,22.64888888888889,16.44,28.61,4.036255828253594,0,100.0,0.2222222222222222
HS011521,5,2.412,1.55,3.01,0.604292975302543,0,100.0,0.4
HS011522,5,4.502000000000001,2.59,7.21,2.394424774345605,0,100.0,0.2
HS011523,5,20.606,15.14,28.98,6.875883943174142,0,100.0,0.4
HS011524,8,10.68625,8.76,12.71,1.5795653787400783,0,100.0,0.125
HS011525,13,4.283076923076923,2.04,7.75,1.7604657746147023,0,100.0,0.46153846153846156
HS011526,19,10.998947368421053,8.86,17.26,2.007748586343647,2,89.47368421052632,0.42105263157894735
HS011527,5,13.030000000000001,12.28,14.05,0.6856748500564976,0,100.0,0.6
HS011528,7,5.134285714285714,2.38,7.92,1.9934714874882387,0,100.0,0.0
HS011529,9,4.502222222222222,2.42,6.45,1.4160930211128242,0,100.0,0.2222222222222222
HS011530,7,5.359999999999999,2.26,6.96,1.4904138127826558,0,100.0,0.14285714285714285
HS011531,5,5.038,2.21,9.56,2.743987973734579,1,80.0,0.2
HS011532,6,21.578333333333333,15.57,28.35,5.000729613433091,0,100.0,0.3333333333333333
HS011533,8,19.466250000000002,15.81,23.98,2.695233557332542,0,100.0,0.5
HS011534,7,10.384285714285713,8.75,11.76,1.2539385570122263,0,100.0,0.14285714285714285
HS011535,8,21.17625,15.16,25.52,3.632916724695383,0,100.0,0.25
HS011536,10,13.265,12.23,14.62,0.8528807393507924,0,100.0,0.3
HS011537,13,5.037692307692307,3.29,7.7,1.6858240015204922,0,100.0,0.15384615384615385
HS011538,7,4.131428571428572,2.07,6.17,1.6332730795494528,0,100.0,0.14285714285714285
HS011539,5,5.706,3.04,7.95,1.8056383912622154,0,100.0,0.0
HS011540,9,11.156666666666666,8.99,14.74,1.759076462238069,1,88.88888888888889,0.2222222222222222
HS011541,8,-16.82625,-19.45,-13.69,1.8156615284006783,1,87.5,0.125
HS011542,17,13.385882352941177,9.94,14.83,1.2373664514985514,1,94.11764705882352,0.23529411764705882
HS011543,10,13.568999999999999,8.51,15.11,1.9840276095749168,2,80.0,0.1
HS011544,4,1.7975,0.41,2.94,1.1000416658775551,0,100.0,0.25
HS011545,8,3.9050000000000002,1.24,6.45,1.683593096411872,1,87.5,0.5
HS011546,10,4.742,2.4,7.92,1.807157374933843,0,100.0,0.2
HS011547,9,4.497777777777777,2.03,7.58,2.125098690518736,0,100.0,0.1111111111111111
HS011548,9,-16.685555555555556,-18.98,-15.36,1.4232015942155833,0,100.0,0.2222222222222222
HS011549,7,5.722857142857143,2.61,8.86,2.2731088424278787,1,85.71428571428571,0.2857142857142857
HS011550,3,21.953333333333333,18.07,25.41,3.688554369035832,0,100.0,0.0
HS011551,13,24.08230769230769,16.24,29.89,5.146761366539404,0,100.0,0.23076923076923078
HS011552,7,10.129999999999999,8.5,14.32,2.143462930244732,1,85.71428571428571,0.0
HS011553,4,2.3025,1.01,3.46,1.010688709082409,0,100.0,0.25
HS011554,7,5.409999999999999,3.28,7.88,1.4249093538420843,0,100.0,0.14285714285714285
HS011555,4,9.2575,8.07,10.47,1.0538619454179,0,100.0,0.25
HS011556,7,11.209999999999999,8.46,14.95,2.3934981373156177,1,85.71428571428571,0.2857142857142857
HS011557,9,10.666666666666666,8.52,12.94,1.7988607505863254,0,100.0,0.2222222222222222
HS011558,5,0.25600000000000006,-1.76,3.64,2.040203421230344,0,100.0,0.4
HS011559,9,4.442222222222222,2.13,7.03,1.8841097219759906,0,100.0,0.4444444444444444
HS011560,11,-16.77090909090909,-19.32,-15.09,1.6207186957979751,0,100.0,0.0
HS011561,7,2.2357142857142858,0.06,9.1,3.2367774979798303,1,85.71428571428571,0.2857142857142857
HS011562,10,-17.329,-19.9,-13.79,1.654988754577438,1,90.0,0.4
HS011563,10,10.286,8.08,16.97,2.7302185504705165,1,90.0,0.1
HS011564,7,7.271428571428571,3.23,11.95,3.135412937033061,3,57.14285714285714,0.42857142857142855
HS011565,3,-15.763333333333334,-18.93,-11.2,4.049843618380016,1,66.66666666666666,0.3333333333333333
HS011566,14,12.927142857142856,8.4,14.72,1.5811409151010523,1,92.85714285714286,0.2857142857142857
HS011567,9,11.270000000000001,8.39,14.71,1.7720821087071554,1,88.88888888888889,0.1111111111111111
HS011568,10,6.511,2.61,13.08,3.121795957457822,2,80.0,0.2
HS011569,11,21.55272727272727,17.23,27.49,3.869914962655099,0,100.0,0.09090909090909091
HS011570,6,5.288333333333333,2.92,6.76,1.507838408672052,0,100.0,0.3333333333333333
HS011571,9,9.88,8.22,11.74,1.4050622761998843,0,100.0,0.5555555555555556
HS011572,5,13.930000000000001,12.98,14.8,0.7733692520394126,0,100.0,0.4
HS011573,8,10.383750000000001,8.67,11.55,1.13051110438724,0,100.0,0.125
HS011574,4,4.8525,3.4,5.92,1.0548104095049493,0,100.0,0.5
HS011575,4,21.752499999999998,19.15,23.25,1.8437710450776328,0,100.0,0.0
HS011576,13,6.2869230769230775,2.31,9.6,1.9584576610834377,1,92.3076923076923,0.3076923076923077
HS011577,8,22.95375,17.36,29.02,4.688996046977587,0,100.0,0.5
HS011578,4,11.040000000000001,10.32,11.49,0.5537147279962853,0,100.0,0.25
HS011579,9,5.172222222222222,2.06,10.24,2.368204899168238,1,88.88888888888889,0.2222222222222222
HS011580,4,27.64,20.17,33.64,5.564225013422804,1,75.0,0.5
HS011581,8,5.33375,2.76,7.74,2.1006321327502486,0,100.0,0.125
HS011582,17,22.379411764705882,15.31,28.78,4.2161749112617395,0,100.0,0.23529411764705882
HS011583,7,10.521428571428572,8.63,12.96,1.6026897035029228,0,100.0,0.14285714285714285
HS011584,8,4.98875,2.51,7.1,1.8400810347062744,0,100.0,0.375
HS011585,10,5.95,2.24,7.93,1.9983604390711012,0,100.0,0.2
HS011586,10,14.238,12.32,17.43,1.534606717624349,2,80.0,0.3
HS011587,6,22.855,15.22,29.21,5.5209301752512685,0,100.0,0.16666666666666666
HS011588,8,4.3475,2.02,7.66,1.75582906750222,0,100.0,0.625
HS011589,9,10.262222222222222,8.73,11.68,1.0904216819398103,0,100.0,0.2222222222222222
HS011590,11,5.422727272727273,2.75,7.99,1.9411908247727265,0,100.0,0.36363636363636365
HS011591,6,4.968333333333333,3.0,7.43,1.531527559878263,0,100.0,0.0
HS011592,15,23.560666666666666,15.93,32.3,5.454887018165671,2,86.66666666666667,0.26666666666666666
HS011593,4,22.487499999999997,15.63,28.33,5.444669411451901,0,100.0,0.25
HS011594,8,11.9975,9.47,15.56,1.9246354014647629,1,87.5,0.0
HS011595,10,-17.334,-20.29,-15.05,1.6638255784653493,1,90.0,0.3
HS011596,9,23.78,20.34,26.85,2.691556241284956,0,100.0,0.1111111111111111
HS011597,8,11.008750000000001,8.41,14.92,2.114686315812753,1,87.5,0.25
HS011598,5,5.0,2.1,6.84,1.912995033971599,0,100.0,0.0
HS011599,10,21.44,15.99,30.28,5.0483924834214955,1,90.0,0.5
HS011600,9,10.58,8.42,17.03,2.573276121989244,1,88.88888888888889,0.1111111111111111
HS011601,7,23.40142857142857,17.72,29.5,5.5295461796047025,0,100.0,0.5714285714285714
HS011602,9,5.461111111111111,2.69,7.51,1.7527652755320977,0,100.0,0.1111111111111111
HS011603,7,22.41857142857143,15.62,28.18,5.154449303179499,0,100.0,0.14285714285714285
HS011604,13,-17.943076923076923,-19.66,-15.02,1.463878322672258,0,100.0,0.3076923076923077
HS011605,4,7.699999999999999,5.18,10.87,2.404343292183266,1,75.0,0.0
HS011606,5,19.951999999999998,15.54,29.46,5.5653858806016325,0,100.0,0.2
HS011607,12,9.965833333333334,8.42,11.91,1.1372411460382643,0,100.0,0.3333333333333333
HS011608,7,-18.267142857142858,-19.95,-15.0,1.6667604735505566,0,100.0,0.0
HS011609,6,20.88,15.33,28.23,5.440922715863551,0,100.0,0.0
HS011610,5,22.592,17.87,27.9,3.5579446313848107,0,100.0,0.2
HS011611,12,20.54,15.36,27.62,4.285625020715394,0,100.0,0.08333333333333333
HS011612,6,-18.419999999999998,-20.71,-16.46,1.3782017268890645,1,83.33333333333334,0.6666666666666666
HS011613,10,-16.575,-19.66,-12.48,1.8091941115682788,1,90.0,0.5
HS011614,8,1.4137499999999998,-0.81,3.78,1.8577016329709293,0,100.0,0.125
HS011615,6,1.8466666666666667,-0.99,3.94,1.931990338140092,0,100.0,0.16666666666666666
HS011616,10,1.1960000000000002,-1.51,3.64,1.717583573900651,0,100.0,0.2
HS011617,11,9.341818181818182,3.24,11.11,2.1582299144522037,1,90.9090909090909,0.2727272727272727
HS011618,10,10.016,8.67,11.85,1.0147818594270503,0,100.0,0.6
HS011619,14,0.18357142857142855,-1.84,3.6,1.8208603509282137,0,100.0,0.2857142857142857
HS011620,6,4.7716666666666665,2.12,7.6,2.0977074788126835,0,100.0,0.3333333333333333
HS011621,7,5.1085714285714285,2.03,7.23,1.9963335440370726,0,100.0,0.0
HS011622,7,13.862857142857141,12.91,14.79,0.6911033276752536,0,100.0,0.2857142857142857
HS011623,5,23.118000000000002,17.84,28.64,4.012607630955212,0,100.0,0.4
HS011624,8,22.05125,18.11,26.69,3.4222108038100583,0,100.0,0.25
HS011625,8,-17.94125,-21.57,-12.09,2.8363932706368984,2,75.0,0.25
HS011626,7,21.228571428571428,18.17,28.35,3.6252881658861664,0,100.0,0.2857142857142857
HS011627,9,22.774444444444445,15.08,29.11,4.7093898519636035,0,100.0,0.1111111111111111
HS011628,5,10.469999999999999,8.52,12.29,1.664496920994449,0,100.0,0.6
HS011629,10,13.611,12.17,16.52,1.2842503217398424,1,90.0,0.2
HS011630,17,9.887058823529413,8.05,12.51,1.3537067846559416,0,100.0,0.29411764705882354
HS011631,8,10.11875,8.78,11.65,1.064027893028589,0,100.0,0.125
HS011632,7,2.391428571428572,-0.04,5.7,2.0493285776194163,1,85.71428571428571,0.14285714285714285
HS011633,7,10.569999999999999,8.32,12.99,1.6996077978953463,0,100.0,0.2857142857142857
HS011634,8,23.10125,17.88,27.42,4.405027768681731,0,100.0,0.375
HS011635,6,1.05,-1.19,3.61,1.7281319394074053,0,100.0,0.3333333333333333
HS011636,6,5.463333333333334,2.34,7.82,2.1650003849114365,0,100.0,0.0
HS011637,13,20.807692307692307,10.37,27.32,4.753371003554835,1,92.3076923076923,0.46153846153846156
HS011638,8,23.3875,15.73,29.58,5.375268099626022,0,100.0,0.25
HS011639,5,22.65,18.93,25.95,3.334733872440199,0,100.0,0.4
HS011640,6,26.406666666666666,18.36,30.13,4.688704156445218,2,66.66666666666666,0.0
HS011641,10,23.128999999999998,17.23,29.49,3.8297996756430424,0,100.0,0.1
HS011642,10,0.9800000000000001,-1.53,3.16,1.6513563448807098,0,100.0,0.4
HS011643,11,23.88272727272727,16.26,27.72,4.119857014288458,0,100.0,0.2727272727272727
HS011644,7,10.975714285714286,9.38,13.7,1.5089605378411668,1,85.71428571428571,0.2857142857142857
HS011645,10,0.573,-1.71,3.09,1.55813314222145,0,100.0,0.2
HS011646,10,5.512,2.36,7.86,2.1265297761585398,0,100.0,0.1
HS011647,8,9.45375,8.01,10.61,1.0107696855084534,0,100.0,0.25
HS011648,6,9.98,8.31,11.55,1.2567099904114716,0,100.0,0.3333333333333333
HS011649,7,10.752857142857142,8.99,14.7,1.8524012729941843,1,85.71428571428571,0.2857142857142857
HS011650,8,10.19875,8.24,16.6,2.6822987875541173,1,87.5,0.25
HS011651,5,9.754000000000001,8.75,10.56,0.663385257599233,0,100.0,0.4
HS011652,15,4.819333333333334,2.08,8.91,1.7825241599912134,1,93.33333333333333,0.26666666666666666
HS011653,7,19.907142857142855,15.12,27.46,5.313155729839263,0,100.0,0.14285714285714285
HS011654,7,0.7157142857142856,-1.85,3.72,1.9095274907932691,0,100.0,0.42857142857142855
HS011655,7,5.468571428571429,2.65,8.87,2.3560236881338055,1,85.71428571428571,0.14285714285714285
HS011656,10,9.796,8.12,13.78,1.8026967453111895,1,90.0,0.2
HS011657,10,23.232,17.53,27.95,3.9998133289775737,0,100.0,0.3
HS011658,10,13.794999999999998,11.95,18.2,1.8821102223007256,3,70.0,0.4
HS011659,13,5.898461538461538,2.34,8.71,2.0384546685902625,1,92.3076923076923,0.23076923076923078
HS011660,10,5.674,2.67,7.93,2.016086417900891,0,100.0,0.1
HS011661,11,21.187272727272727,15.64,28.47,4.167507866601071,0,100.0,0.2727272727272727
HS011662,13,24.310769230769232,18.04,29.62,4.3065327537329114,0,100.0,0.23076923076923078
HS011663,5,20.086000000000002,15.71,24.97,3.9946814641470465,0,100.0,0.2
HS011664,11,5.444545454545454,2.6,7.91,1.825899031361612,0,100.0,0.18181818181818182
HS011665,8,3.675,2.08,6.83,1.565420983998508,0,100.0,0.25
HS011666,7,-17.96857142857143,-22.74,-15.62,2.379323633384275,1,85.71428571428571,0.14285714285714285
HS011667,10,13.248000000000001,12.16,16.7,1.3113758678070389,1,90.0,0.4
HS011668,7,10.26142857142857,8.28,12.59,1.5294272192711948,0,100.0,0.5714285714285714
HS011669,9,21.453333333333333,16.45,28.42,4.055305167308621,0,100.0,0.1111111111111111
HS011670,8,23.90625,19.45,28.31,3.122896720766063,0,100.0,0.25
HS011671,8,5.4775,3.72,7.61,1.3966260364586813,0,100.0,0.0
HS011672,8,10.53125,8.73,13.6,1.602484120714729,1,87.5,0.125
HS011673,6,11.658333333333331,8.75,17.91,3.279898880555111,1,83.33333333333334,0.16666666666666666
HS011674,8,4.975,3.2,7.38,1.5760710643876439,0,100.0,0.375
HS011675,5,10.094,8.72,12.83,1.6596776795510628,0,100.0,0.4
HS011676,7,-17.642857142857142,-19.07,-13.95,1.899576393881141,1,85.71428571428571,0.2857142857142857
HS011677,10,10.0,6.51,12.21,1.7527312020577108,2,80.0,0.1
HS011678,15,10.349333333333334,4.77,14.69,2.18053881502016,2,86.66666666666667,0.26666666666666666
HS011679,9,11.485555555555557,8.72,13.08,1.3905314731345628,1,88.88888888888889,0.0
HS011680,7,20.462857142857143,16.58,27.63,3.7906275394526894,0,100.0,0.0
HS011681,5,5.1,2.59,7.35,2.0400735280866713,0,100.0,0.2
HS011682,9,4.246666666666666,2.16,7.76,1.652558622258224,0,100.0,0.2222222222222222
HS011683,13,-17.78846153846154,-19.83,-15.53,1.339215231356571,0,100.0,0.5384615384615384
HS011684,10,22.472,19.0,28.68,2.9743787399873756,0,100.0,0.1
HS011685,10,5.339,3.02,11.75,2.5748158510205474,1,90.0,0.3
HS011686,9,5.656666666666666,3.2,7.47,1.4155917490576155,0,100.0,0.3333333333333333
HS011687,10,10.741,8.25,13.54,1.4487577053768823,1,90.0,0.3
HS011688,5,-18.284,-19.9,-15.61,1.6689457750328491,0,100.0,0.0
HS011689,15,5.75,2.66,8.46,1.792372729094035,1,93.33333333333333,0.26666666666666666
HS011690,5,20.206,15.8,27.75,4.4817217673568255,0,100.0,0.6
HS011691,6,20.613333333333333,16.14,23.33,3.356668983779405,0,100.0,0.16666666666666666
HS011692,10,24.044,16.59,29.99,4.9933693812673,0,100.0,0.3
HS011693,8,23.16,15.44,29.63,4.894691001483137,0,100.0,0.25
HS011694,4,14.0625,13.1,14.99,0.9852706903858115,0,100.0,0.25
HS011695,4,-16.19,-18.64,-15.07,1.6542672093709652,0,100.0,0.0
HS011696,7,13.842857142857143,13.3,14.49,0.5257602205604847,0,100.0,0.14285714285714285
HS011697,8,10.21125,8.41,12.38,1.4727470687702724,0,100.0,0.0
HS011698,6,4.511666666666667,2.37,7.17,1.8258413585705267,0,100.0,0.3333333333333333
HS011699,7,4.682857142857143,2.08,7.7,2.0109592593727856,0,100.0,0.2857142857142857
HS011700,9,5.317777777777778,2.43,7.34,1.7342994102646878,0,100.0,0.2222222222222222
HS011701,10,23.048,17.27,28.55,4.036851908769176,0,100.0,0.1
HS011702,9,0.9888888888888889,-1.25,2.65,1.493447726273374,0,100.0,0.2222222222222222
HS011703,10,22.38,15.48,29.59,5.17453164815694,0,100.0,0.2
HS011704,11,24.29090909090909,15.15,29.14,4.64298708709265,0,100.0,0.2727272727272727
HS011705,2,25.955,24.41,27.5,2.1849599538664304,0,100.0,0.0
HS011706,5,10.028,8.43,12.69,1.753288339093145,0,100.0,0.2
HS011707,6,5.516666666666667,4.42,7.53,1.270097109148221,0,100.0,0.16666666666666666
HS011708,8,4.28875,0.69,6.97,2.140837202725006,1,87.5,0.125
HS011709,10,23.076999999999998,15.6,28.88,4.7044212065767335,0,100.0,0.3
HS011710,4,11.5775,8.39,14.77,2.61894858037852,1,75.0,0.25
HS011711,13,5.56923076923077,2.5,9.83,2.096164996441763,1,92.3076923076923,0.23076923076923078
HS011712,8,4.86625,0.37,7.43,2.215696842981909,1,87.5,0.25
HS011713,9,10.787777777777778,9.59,12.78,1.0858151060122732,0,100.0,0.2222222222222222
HS011714,10,24.166999999999998,17.25,29.58,4.275002404157869,0,100.0,0.3
HS011715,5,9.556000000000001,8.81,10.53,0.6535900856041191,0,100.0,0.2
HS011716,7,4.658571428571428,2.52,7.01,1.5222289421703137,0,100.0,0.14285714285714285
HS011717,7,4.022857142857143,2.17,7.95,2.029882708316865,0,100.0,0.2857142857142857
HS011718,6,3.983333333333334,-0.47,6.53,2.5149605696047534,1,83.33333333333334,0.16666666666666666
HS011719,4,13.725,12.78,14.86,0.8618004409374601,0,100.0,0.0
HS011720,9,1.4533333333333334,-1.39,3.76,1.8123465452280365,0,100.0,0.2222222222222222
HS011721,6,5.873333333333334,2.33,7.88,2.2959152133009324,0,100.0,0.3333333333333333
HS011722,6,24.495,16.63,29.92,4.851468849740253,0,100.0,0.16666666666666666
HS011723,11,4.258181818181819,2.14,6.99,1.4910118589858243,0,100.0,0.09090909090909091
HS011724,7,22.3,15.04,28.35,5.205586742465574,0,100.0,0.14285714285714285
HS011725,13,13.593076923076923,12.03,19.7,1.9726943698715917,1,92.3076923076923,0.15384615384615385
HS011726,15,5.740666666666667,2.31,7.72,1.9673312839866042,0,100.0,0.2
HS011727,8,2.2625,-0.33,5.7,1.9218127603162296,1,87.5,0.125
HS011728,8,6.0275,3.3,8.23,1.6482003172291544,1,87.5,0.25
HS011729,5,4.816,3.31,7.23,1.8460308773148948,0,100.0,0.0
HS011730,8,10.85875,8.51,12.59,1.3932740218636106,0,100.0,0.125
HS011731,8,10.4725,9.21,11.95,1.0172898168312563,0,100.0,0.375
HS011732,5,27.406,26.43,28.84,0.956310618993641,0,100.0,0.2
HS011733,5,23.18,16.88,28.1,4.990786511162344,0,100.0,0.4
HS011734,12,13.68,12.06,14.9,1.1145402639653714,0,100.0,0.25
HS011735,5,-18.36,-20.33,-15.09,2.4393851684389642,2,60.0,0.4
HS011736,14,4.755000000000001,2.11,7.8,2.1047227115008984,0,100.0,0.14285714285714285
HS011737,6,0.2749999999999999,-3.42,3.98,2.991606591783084,1,83.33333333333334,0.0
HS011738,10,5.307,2.36,10.65,2.4891634025199,1,90.0,0.1
HS011739,9,22.121111111111112,16.75,29.5,4.665842486744609,0,100.0,0.3333333333333333
HS011740,7,-17.714285714285715,-19.89,-15.6,1.4881740169623656,0,100.0,0.14285714285714285
HS011741,8,6.61625,2.68,7.97,1.7080560169803731,0,100.0,0.375
HS011742,10,-17.613,-19.88,-15.21,1.7148828920172177,0,100.0,0.2
HS011743,7,5.255714285714285,2.05,7.95,2.7424858379631734,0,100.0,0.5714285714285714
HS011744,5,13.104,12.02,14.57,0.9568071906084321,0,100.0,0.2
HS011745,7,25.014285714285712,15.4,29.13,4.5451250703101564,0,100.0,0.2857142857142857
HS011746,5,12.068000000000001,10.64,15.01,1.8892114757220801,1,80.0,0.4
HS011747,9,20.27,15.13,28.3,5.069817550957825,0,100.0,0.2222222222222222
HS011748,9,21.512222222222224,16.69,26.64,3.950999170392781,0,100.0,0.2222222222222222
HS011749,4,-17.1875,-19.28,-15.86,1.4780025935926735,0,100.0,0.0
HS011750,7,0.8457142857142858,-1.43,3.81,2.2084750179166406,0,100.0,0.42857142857142855
HS011751,8,10.325,8.81,11.79,1.2854015492666646,0,100.0,0.125
HS011752,7,5.075714285714286,0.76,7.93,2.7979746075977716,1,85.71428571428571,0.2857142857142857
HS011753,7,0.21285714285714286,-1.83,1.94,1.5706231702280284,0,100.0,0.0
HS011754,11,9.431818181818182,8.48,11.21,0.8712498858745199,0,100.0,0.36363636363636365
HS011755,6,11.125,9.79,15.02,2.024497468509161,1,83.33333333333334,0.16666666666666666
HS011756,9,22.16444444444444,17.63,29.9,4.5426894872726855,0,100.0,0.2222222222222222
HS011757,8,4.2325,2.28,7.69,1.7443766795047453,0,100.0,0.5
HS011758,5,4.224,3.07,6.24,1.274256646048982,0,100.0,0.2
HS011759,9,11.874444444444444,8.48,17.91,2.7170025354750367,1,88.88888888888889,0.2222222222222222
HS011760,4,-17.0425,-18.57,-15.27,1.3788249828507364,0,100.0,0.25
HS011761,9,5.274444444444445,2.3,6.76,1.607141181656975,0,100.0,0.4444444444444444
HS011762,10,22.863999999999997,15.66,26.09,4.0721171124831095,0,100.0,0.1
HS011763,8,4.623749999999999,2.2,7.52,1.985209146952244,0,100.0,0.25
HS011764,7,9.5,8.27,10.52,0.7465922581972033,0,100.0,0.14285714285714285
HS011765,7,4.878571428571428,2.34,11.85,3.2859013404312094,1,85.71428571428571,0.0
HS011766,12,10.166666666666666,8.08,11.82,1.2050977578854776,0,100.0,0.16666666666666666
HS011767,9,22.262222222222224,17.14,29.65,5.097704821235184,0,100.0,0.1111111111111111
HS011768,10,10.548,8.87,11.65,0.7900745393807972,0,100.0,0.4
HS011769,6,9.635,8.79,10.76,0.724561936621018,0,100.0,0.16666666666666666
HS011770,6,5.7316666666666665,4.11,7.65,1.3975180380469747,0,100.0,0.3333333333333333
HS011771,4,13.5025,12.28,14.48,0.9568132872544497,0,100.0,0.25
HS011772,10,5.04,2.06,7.82,2.0268859530488306,0,100.0,0.1
HS011773,3,5.023333333333333,3.82,5.75,1.0495872204506558,0,100.0,0.3333333333333333
HS011774,4,19.015,15.87,23.29,3.4401017426814566,0,100.0,0.0
HS011775,7,11.01142857142857,9.32,12.78,1.3785551442413486,1,85.71428571428571,0.14285714285714285
HS011776,6,1.9783333333333333,-1.81,8.92,3.7604543165243567,1,83.33333333333334,0.6666666666666666
HS011777,12,6.245,2.29,11.74,2.455307794073151,2,83.33333333333334,0.4166666666666667
HS011778,12,13.5525,12.36,14.93,0.7999332358504563,0,100.0,0.16666666666666666
HS011779,8,-15.5725,-19.41,-12.2,2.1054605875471255,2,75.0,0.375
HS011780,10,23.256999999999998,15.81,29.7,4.98273474665826,0,100.0,0.5
HS011781,3,24.820000000000004,23.85,25.58,0.8839117603018967,0,100.0,0.3333333333333333
HS011782,8,21.55125,15.49,29.46,4.862114288778376,0,100.0,0.125
HS011783,9,5.455555555555556,2.78,7.6,1.449871641828261,0,100.0,0.3333333333333333
HS011784,7,5.418571428571428,3.24,9.32,1.989492636925544,1,85.71428571428571,0.42857142857142855
HS011785,6,22.40833333333333,16.31,28.59,4.360400975445568,0,100.0,0.16666666666666666
HS011786,6,10.208333333333334,8.42,11.41,1.1124642316347377,0,100.0,0.0
HS011787,4,3.7075,2.22,6.6,1.978237852231121,1,75.0,0.0
HS011788,7,5.351428571428571,3.76,7.29,1.1690370477652194,0,100.0,0.42857142857142855
HS011789,7,23.23428571428571,16.55,29.4,4.715021587588816,0,100.0,0.14285714285714285
HS011790,8,22.68375,21.01,27.04,1.9196646842612903,0,100.0,0.25
HS011791,8,10.26625,8.73,13.89,1.779863056529912,1,87.5,0.125
HS011792,14,4.96,2.06,7.16,1.6956959088777137,0,100.0,0.14285714285714285
HS011793,6,11.298333333333334,8.34,15.19,2.4321794067598437,1,83.33333333333334,0.3333333333333333
HS011794,7,20.982857142857142,15.78,27.96,4.881610780216281,0,100.0,0.2857142857142857
HS011795,4,3.8099999999999996,-0.82,7.01,3.8581256243587156,1,75.0,0.25
HS011796,7,13.607142857142858,12.1,15.0,1.194287992706872,0,100.0,0.14285714285714285
HS011797,10,21.663,17.63,29.63,3.5013586251942574,0,100.0,0.1
HS011798,8,5.7,3.28,10.24,2.2777808749495008,1,87.5,0.25
HS011799,4,1.0375,-1.5,3.82,2.660981961607406,0,100.0,0.25
HS011800,4,21.32,16.89,31.41,6.801852688790017,1,75.0,0.0
HS011801,4,-16.1425,-18.15,-12.32,2.600671387674088,1,75.0,0.75
HS011802,10,2.584,-0.83,6.39,1.9645536671496433,1,90.0,0.4
HS011803,10,10.24,8.5,13.95,1.617542717965879,1,90.0,0.3
HS011804,8,13.57125,12.1,14.94,1.08925187301062,0,100.0,0.25
HS011805,9,10.674444444444443,9.69,11.53,0.5984377810414198,0,100.0,0.5555555555555556
HS011806,11,4.740909090909091,-2.88,7.87,3.122955185542868,1,90.9090909090909,0.36363636363636365
HS011807,7,4.277142857142857,2.32,5.83,1.3694246271788053,0,100.0,0.5714285714285714
HS011808,16,5.255625,2.04,7.54,1.9812217400718513,0,100.0,0.25
HS011809,7,6.114285714285714,3.71,7.72,1.4526511068027441,0,100.0,0.7142857142857143
HS011810,8,13.32125,12.31,14.6,0.7713149717944577,0,100.0,0.375
HS011811,12,0.7558333333333334,-1.95,3.54,1.7398926734576232,0,100.0,0.4166666666666667
HS011812,13,22.193846153846152,18.63,29.11,3.2987005988761164,0,100.0,0.3076923076923077
HS011813,13,13.49076923076923,12.13,15.0,0.7835226176108074,0,100.0,0.07692307692307693
HS011814,8,-17.6375,-19.98,-15.94,1.4735549822501655,0,100.0,0.125
HS011815,6,10.803333333333333,9.85,13.24,1.3565937736355225,1,83.33333333333334,0.16666666666666666
HS011816,11,4.6000000000000005,2.0,7.62,1.7799325829929624,0,100.0,0.36363636363636365
HS011817,7,5.031428571428571,2.0,7.78,2.1707174587482094,0,100.0,0.42857142857142855
HS011818,8,9.74625,4.12,11.24,2.373911404653269,1,87.5,0.125
HS011819,3,4.576666666666666,3.53,6.02,1.2915236479961691,0,100.0,0.0
HS011820,5,22.426,14.24,28.54,5.533003705041231,1,80.0,0.2
HS011821,8,11.17375,8.93,12.82,1.3463701199892995,0,100.0,0.125
HS011822,6,5.8066666666666675,4.99,7.19,0.9146511174577259,0,100.0,0.16666666666666666
HS011823,6,-0.02166666666666663,-1.77,2.83,2.126136558800179,0,100.0,0.16666666666666666
HS011824,5,14.154,12.77,14.93,0.8655807299148937,0,100.0,0.2
HS011825,8,5.2299999999999995,2.09,10.94,3.507217048967946,2,75.0,0.0
HS011826,9,5.720000000000001,2.47,7.9,1.9058331511441393,0,100.0,0.2222222222222222
HS011827,6,10.516666666666667,8.18,12.59,1.5984075408564205,1,83.33333333333334,0.16666666666666666
HS011828,7,19.804285714285715,15.49,29.89,5.396754756773917,0,100.0,0.5714285714285714
HS011829,9,5.680000000000001,2.92,9.05,2.113533770726174,1,88.88888888888889,0.2222222222222222
HS011830,10,4.726,2.6,7.99,1.7574805198857195,0,100.0,0.3
HS011831,9,10.595555555555556,7.26,12.8,2.1176998790616617,1,88.88888888888889,0.1111111111111111
HS011832,14,14.182857142857143,12.08,18.32,1.4699891604594002,2,85.71428571428571,0.07142857142857142
HS011833,9,4.577777777777778,2.43,7.26,1.8721096240456765,0,100.0,0.0
HS011834,9,5.598888888888889,2.06,10.79,2.717408896561412,1,88.88888888888889,0.2222222222222222
HS011835,7,11.327142857142858,8.14,13.66,2.0878913947306925,1,85.71428571428571,0.42857142857142855
HS011836,10,5.798,2.72,11.54,2.6475934565395627,1,90.0,0.3
HS011837,8,5.555,2.44,7.89,1.9390351061435538,0,100.0,0.25
HS011838,13,4.523076923076923,2.13,7.69,1.8684770296303914,0,100.0,0.46153846153846156
HS011839,7,21.631428571428568,15.85,24.45,3.0910161682496837,0,100.0,0.2857142857142857
HS011840,5,1.5879999999999999,-1.27,6.76,3.3680513654040376,1,80.0,0.6
HS011841,12,5.010833333333333,2.9,7.87,1.6107223581832826,0,100.0,0.16666666666666666
HS011842,5,20.976,17.71,27.36,4.104111353265162,0,100.0,0.0
HS011843,11,0.6481818181818182,-1.76,3.77,1.8785836057083973,0,100.0,0.18181818181818182
HS011844,8,23.59875,18.7,29.56,3.5835554471581914,0,100.0,0.375
HS011845,8,22.740000000000002,16.28,25.87,3.304672017440935,0,100.0,0.5
HS011846,5,6.956,3.95,12.32,3.425292688223884,1,80.0,0.2
HS011847,4,4.905,3.01,7.45,2.1543986013115894,0,100.0,0.5
HS011848,12,25.2675,16.46,29.03,4.276581313066868,0,100.0,0.16666666666666666
HS011849,7,23.18142857142857,17.13,32.98,6.038803492335847,1,85.71428571428571,0.0
HS011850,8,14.11,12.11,19.98,2.4752604480567872,1,87.5,0.375
HS011851,3,9.69,8.49,11.84,1.8661457606521514,0,100.0,0.6666666666666666
HS011852,8,5.5975,2.72,7.68,1.9113701144168058,0,100.0,0.25
HS011853,3,19.819999999999997,17.56,22.47,2.4781242906682484,0,100.0,0.0
HS011854,5,23.919999999999998,17.19,29.43,4.813553780732069,0,100.0,0.4
HS011855,9,22.19666666666667,15.12,29.41,4.770673432545975,0,100.0,0.2222222222222222
HS011856,9,11.175555555555555,8.38,12.74,1.41080749139554,0,100.0,0.2222222222222222
HS011857,9,22.79222222222222,17.69,29.15,4.057270565841579,0,100.0,0.1111111111111111
HS011858,6,10.791666666666666,8.62,13.98,1.8977715001197246,1,83.33333333333334,0.3333333333333333
HS011859,2,6.275,5.27,7.28,1.4212846301849613,0,100.0,0.0
HS011860,7,7.057142857142857,3.5,8.99,1.8231814161488362,1,85.71428571428571,0.14285714285714285
HS011861,10,5.034000000000001,2.2,7.48,2.2825482835345823,0,100.0,0.3
HS011862,7,1.45,-2.61,6.78,2.972933455920824,2,71.42857142857143,0.14285714285714285
HS011863,11,10.483636363636363,8.31,12.57,1.4565319957163507,0,100.0,0.18181818181818182
HS011864,10,10.686,8.09,12.9,1.8842457966577033,0,100.0,0.1
HS011865,5,23.024,15.79,29.77,5.6010695407216655,0,100.0,0.0
HS011866,5,10.28,8.6,12.83,1.6897041161102733,1,80.0,0.2
HS011867,11,4.878181818181818,2.18,10.45,2.7278702981696847,2,81.81818181818183,0.45454545454545453
HS011868,7,13.627142857142857,12.21,16.28,1.4991076710909756,1,85.71428571428571,0.42857142857142855
HS011869,9,5.375555555555556,2.31,9.53,2.2792493891142707,1,88.88888888888889,0.2222222222222222
HS011870,2,9.879999999999999,8.86,10.9,1.4424978336205583,0,100.0,0.0
HS011871,9,5.902222222222222,2.36,7.35,1.5423584033694777,0,100.0,0.2222222222222222
HS011872,12,5.138333333333334,2.45,7.83,1.7804842718834228,0,100.0,0.16666666666666666
HS011873,9,10.714444444444444,8.04,12.41,1.3838543195646638,0,100.0,0.3333333333333333
HS011874,6,20.923333333333332,16.09,27.1,4.934011214687972,0,100.0,0.16666666666666666
HS011875,9,9.80111111111111,8.43,10.83,0.7999600684478636,0,100.0,0.2222222222222222
HS011876,12,4.973333333333334,2.16,10.14,2.3420167429466474,1,91.66666666666666,0.25
HS011877,7,9.788571428571428,6.57,12.8,2.484810043520621,1,85.71428571428571,0.14285714285714285
HS011878,9,21.891111111111112,15.74,30.68,5.7589895911619005,1,88.88888888888889,0.4444444444444444
HS011879,11,10.769090909090908,8.04,16.7,2.623285933883131,2,81.81818181818183,0.09090909090909091
HS011880,7,1.0942857142857143,-1.81,3.44,2.091593149912742,0,100.0,0.0
HS011881,8,-17.25625,-19.27,-14.45,1.6984104964011832,1,87.5,0.0
HS011882,9,0.7177777777777777,-1.92,3.54,2.003963433909023,0,100.0,0.3333333333333333
HS011883,7,23.527142857142856,12.64,28.97,5.335624656606803,1,85.71428571428571,0.2857142857142857
HS011884,7,10.268571428571429,8.04,11.72,1.4088343712851013,0,100.0,0.2857142857142857
HS011885,6,4.045,2.23,5.37,1.1044772519160364,0,100.0,0.16666666666666666
HS011886,11,22.479090909090907,16.73,28.65,3.927883538358678,0,100.0,0.6363636363636364
HS011887,9,23.242222222222225,19.37,26.77,2.89191449466343,0,100.0,0.1111111111111111
HS011888,10,5.577,2.48,9.38,2.160303733788891,1,90.0,0.2
HS011889,7,0.8814285714285715,-1.22,3.1,1.7668751000134728,0,100.0,0.14285714285714285
HS011890,11,5.28,3.03,7.99,1.8711386907442213,0,100.0,0.7272727272727273
HS011891,4,24.625,17.79,28.63,5.163057879461228,0,100.0,0.5
HS011892,5,24.238,15.16,29.78,5.667726175460491,0,100.0,0.4
HS011893,8,22.7325,16.32,26.91,3.405137924624241,0,100.0,0.25
HS011894,8,5.03125,2.25,7.48,1.8959011238533965,0,100.0,0.25
HS011895,8,-17.41875,-19.45,-15.43,1.6413099080568894,0,100.0,0.25
HS011896,9,5.428888888888888,2.59,7.87,2.051873804869859,0,100.0,0.2222222222222222
HS011897,12,10.630833333333333,8.61,13.47,1.482181796807625,1,91.66666666666666,0.25
HS011898,3,20.353333333333335,16.68,27.52,6.207167899560423,0,100.0,0.0
HS011899,11,1.7309090909090907,-1.23,3.88,1.542870406388395,0,100.0,0.2727272727272727
HS011900,10,9.776,8.13,13.87,1.9675884845273017,1,90.0,0.2
HS011901,12,4.793333333333333,2.15,7.99,1.8292041654194533,0,100.0,0.3333333333333333
HS011902,11,10.469090909090909,8.13,12.14,1.3337125218386048,0,100.0,0.18181818181818182
HS011903,13,10.061538461538463,5.17,15.97,2.4073943249699328,2,84.61538461538461,0.23076923076923078
HS011904,7,1.2857142857142858,-0.76,3.81,1.64511253052648,0,100.0,0.0
HS011905,7,5.798571428571429,2.53,7.92,1.6948985079882966,0,100.0,0.2857142857142857
HS011906,9,4.461111111111111,2.71,7.5,1.6247187790848947,0,100.0,0.1111111111111111
HS011907,6,10.183333333333334,8.25,11.84,1.1528862331846395,0,100.0,0.3333333333333333
HS011908,10,1.152,-1.62,4.58,2.102901698975859,1,90.0,0.1
HS011909,8,10.305,2.44,13.21,3.316456801209043,2,75.0,0.25
HS011910,5,20.490000000000002,17.62,25.16,3.2703516630478746,0,100.0,0.2
HS011911,5,11.048,9.45,12.73,1.4440290855796498,0,100.0,0.4
HS011912,9,23.157777777777778,18.72,29.61,4.151300331756839,0,100.0,0.4444444444444444
HS011913,12,10.751666666666667,8.22,11.85,1.1575274065738994,0,100.0,0.08333333333333333
HS011914,7,10.008571428571429,8.58,11.93,1.1277031017578543,0,100.0,0.0
HS011915,6,6.058333333333334,3.36,11.02,2.6824050154043975,1,83.33333333333334,0.16666666666666666
HS011916,12,4.4624999999999995,-2.11,7.88,2.655759179252106,1,91.66666666666666,0.25
HS011917,8,23.9425,15.03,29.92,4.774087048102197,0,100.0,0.25
HS011918,5,6.368,2.55,8.24,2.220094592579334,1,80.0,0.2
HS011919,11,4.786363636363637,2.07,8.58,2.3139847567660112,2,81.81818181818183,0.09090909090909091
HS011920,13,9.721538461538461,8.13,11.58,1.1067960227148614,0,100.0,0.15384615384615385
HS011921,10,0.628,-1.97,4.07,2.174957470848568,1,90.0,0.3
HS011922,11,5.0,2.31,7.68,1.6939539545099802,0,100.0,0.36363636363636365
HS011923,10,23.093,15.53,29.48,4.513764258108501,0,100.0,0.4
HS011924,12,5.301666666666667,2.14,8.66,1.9009558998917715,1,91.66666666666666,0.4166666666666667
HS011925,8,3.9775,-2.51,7.36,3.2062962611533132,1,87.5,0.25
HS011926,7,22.177142857142858,15.3,27.07,4.272734153075421,0,100.0,0.42857142857142855
HS011927,10,10.291,8.07,13.59,1.6998395349104114,1,90.0,0.2
HS011928,7,5.324285714285714,2.62,7.72,1.9005688371542624,0,100.0,0.42857142857142855
HS011929,6,24.459999999999997,18.8,29.27,3.9366025961481053,0,100.0,0.16666666666666666
HS011930,11,4.923636363636363,2.27,9.67,2.575271918564223,1,90.9090909090909,0.2727272727272727
HS011931,8,1.835,-1.54,6.72,2.697686839815601,1,87.5,0.375
HS011932,8,21.285,15.3,27.45,4.848127768236194,0,100.0,0.125
HS011933,11,11.056363636363637,8.08,12.94,1.6109331005803607,0,100.0,0.18181818181818182
HS011934,5,23.746000000000002,19.63,28.76,4.326254731288949,0,100.0,0.2
HS011935,7,4.137142857142857,-3.18,7.21,3.492481039250437,1,85.71428571428571,0.5714285714285714
HS011936,10,0.386,-1.88,3.53,1.6061147046348974,0,100.0,0.3
HS011937,7,5.11,3.41,8.77,2.3058765506129477,1,85.71428571428571,0.14285714285714285
HS011938,10,5.409,2.8,6.79,1.1936261279535285,0,100.0,0.3
HS011939,15,9.990666666666668,8.11,15.51,1.7156609166593437,1,93.33333333333333,0.26666666666666666
HS011940,8,9.963750000000001,8.5,14.64,1.987970519327257,1,87.5,0.125
HS011941,4,5.01,3.42,7.6,1.998616187932707,0,100.0,0.25
HS011942,9,5.315555555555556,2.21,9.68,2.3444194969710046,1,88.88888888888889,0.3333333333333333
HS011943,6,1.9866666666666666,-0.57,3.62,1.802971621148449,0,100.0,0.0
HS011944,6,10.213333333333333,8.54,11.5,1.3618761568757518,0,100.0,0.16666666666666666
HS011945,6,14.590000000000002,12.46,18.27,2.1844541652321294,2,66.66666666666666,0.6666666666666666
HS011946,15,11.102666666666666,8.02,15.8,2.6604389183169075,3,80.0,0.3333333333333333
HS011947,7,3.9757142857142855,2.25,7.35,1.7603300556321546,0,100.0,0.0
HS011948,7,11.107142857142858,9.39,12.43,1.2640505565537357,0,100.0,0.5714285714285714
HS011949,7,13.247142857142858,12.11,14.28,1.0036220119433132,0,100.0,0.42857142857142855
HS011950,10,1.0770000000000002,-0.7,4.23,1.6115558390022426,1,90.0,0.5
HS011951,5,5.146,2.27,7.46,2.2667664193736417,0,100.0,0.4
HS011952,7,4.772857142857142,2.52,7.36,1.6989772834042867,0,100.0,0.42857142857142855
HS011953,4,10.365,8.99,11.24,1.0079186475108004,0,100.0,0.25
HS011954,7,22.664285714285715,15.61,29.83,5.441182031945072,0,100.0,0.2857142857142857
HS011955,10,0.8960000000000001,-4.81,4.0,2.6348358582651783,1,90.0,0.3
HS011956,6,2.0766666666666667,-1.05,7.06,2.9425340553112833,1,83.33333333333334,0.16666666666666666
HS011957,11,11.672727272727274,9.61,18.33,2.4034603841506974,1,90.9090909090909,0.2727272727272727
HS011958,5,10.412,8.01,11.61,1.4276974469403518,0,100.0,0.0
HS011959,7,4.897142857142858,2.09,7.66,2.2779794722934787,0,100.0,0.42857142857142855
HS011960,6,10.701666666666666,8.26,14.83,2.674003864370181,1,83.33333333333334,0.16666666666666666
HS011961,4,5.1425,3.25,7.22,1.918304372790373,0,100.0,0.25
HS011962,5,6.104000000000001,2.87,9.91,2.5300553353632407,1,80.0,0.0
HS011963,7,12.902857142857142,7.47,14.83,2.5336121400463956,1,85.71428571428571,0.42857142857142855
HS011964,5,14.168000000000001,13.73,14.91,0.530443210909518,0,100.0,0.8
HS011965,6,13.428333333333335,12.46,14.66,0.9770653338782754,0,100.0,0.0
HS011966,8,5.0075,2.41,7.6,1.8646772987762326,0,100.0,0.25
HS011967,13,10.493076923076924,8.01,16.16,2.1825191278863385,1,92.3076923076923,0.3076923076923077
HS011968,7,0.5128571428571428,-1.53,2.84,1.8372870786907007,0,100.0,0.42857142857142855
HS011969,10,10.236,5.68,12.97,2.1478009425663482,1,90.0,0.3
HS011970,9,0.3722222222222223,-1.87,3.93,2.2107226068515344,0,100.0,0.3333333333333333
HS011971,10,23.309,17.79,29.92,4.507700694983591,0,100.0,0.1
HS011972,12,23.745,16.58,29.01,4.71401681641618,0,100.0,0.16666666666666666
HS011973,12,1.3966666666666667,-1.58,3.93,1.8849467479014475,0,100.0,0.5
HS011974,11,4.2272727272727275,2.01,6.71,1.6102427823722167,0,100.0,0.18181818181818182
HS011975,6,4.510000000000001,2.22,8.83,2.430876385174697,1,83.33333333333334,0.3333333333333333
HS011976,6,23.751666666666665,19.9,27.28,3.2011898829445697,0,100.0,0.16666666666666666
HS011977,13,4.5576923076923075,2.0,7.32,1.8489463388921175,0,100.0,0.3076923076923077
HS011978,8,10.255,8.64,12.15,1.358076370669716,1,87.5,0.25
HS011979,9,3.6133333333333337,2.17,7.15,1.5967388640601194,0,100.0,0.2222222222222222
HS011980,7,9.545714285714284,8.15,11.18,1.2126672687765196,0,100.0,0.14285714285714285
HS011981,9,4.476666666666667,0.9,7.35,2.190348145843487,1,88.88888888888889,0.3333333333333333
HS011982,8,9.37,8.08,10.93,1.0916174107390237,0,100.0,0.375
HS011983,7,11.51,8.64,17.78,2.9794686327151245,1,85.71428571428571,0.14285714285714285
HS011984,6,22.233333333333334,18.97,25.02,2.2861291885339012,0,100.0,0.16666666666666666
HS011985,8,5.4025,2.43,7.55,1.8729712834348071,0,100.0,0.25
HS011986,9,0.1966666666666666,-1.96,3.03,1.8227794710276939,0,100.0,0.2222222222222222
HS011987,9,22.17,15.42,28.16,4.670058886138375,0,100.0,0.3333333333333333
HS011988,7,20.00714285714286,16.13,29.56,4.730228022289955,0,100.0,0.5714285714285714
HS011989,9,4.923333333333334,1.23,9.67,2.324069706355642,2,77.77777777777779,0.1111111111111111
HS011990,12,22.0425,15.63,29.82,4.555737890536804,0,100.0,0.3333333333333333
HS011991,9,5.316666666666666,2.47,7.85,2.058105925359528,0,100.0,0.4444444444444444
HS011992,7,12.61,9.34,14.69,1.6968598449292542,1,85.71428571428571,0.7142857142857143
HS011993,9,25.484444444444446,21.19,29.57,2.8635559672857416,0,100.0,0.4444444444444444
HS011994,7,6.007142857142857,4.34,7.63,1.1632528284329005,0,100.0,0.2857142857142857
HS011995,7,21.55857142857143,15.41,27.09,3.582524382663844,0,100.0,0.14285714285714285
HS011996,10,10.492,8.06,12.39,1.3897145989974582,1,90.0,0.3
HS011997,9,10.321111111111112,8.44,11.72,1.4631596328190275,0,100.0,0.1111111111111111
HS011998,6,10.729999999999999,8.31,14.72,2.4550356412891445,1,83.33333333333334,0.16666666666666666
HS011999,6,1.21,-0.84,3.62,1.435311812812812,0,100.0,0.16666666666666666
HS012000,7,23.975714285714286,18.25,29.94,5.282883862509369,0,100.0,0.42857142857142855
